listing_id,product_family_key,brand,device_type,price_usd,condition_grade,condition_tier,gpu_brand,processor_brand,processor_family,processor_generation,processor_speed_ghz,os,storage_type,hdd_capacity_gb,ssd_capacity_gb,total_storage_gb,storage_tier,ram_gb,ram_tier,screen_size_inch,screen_tier,display_width_px,display_height_px,color,feature_count,has_touchscreen,has_backlit_keyboard,has_bluetooth,has_wifi
1,Other/Unbranded_Other/Unspecified_8GB_2TB_14-16in,Other/Unbranded,Notebook/Laptop,303.8,New,New,Intel,Other,Other/Unspecified,,3.8,Windows,SSD,512.0,1000.0,1512.0,2TB,8.0,8GB,14.0,14-16in,2160.0,1440.0,Gray,3,False,True,False,False
2,Dell_i7_Unk_2TB_14-16in,Dell,Notebook/Laptop,400.0,Refurbished - Very Good,Refurbished,Intel,Intel,i7,8.0,4.2,Windows,SSD,2000.0,,2000.0,2TB,,Unk,14.0,14-16in,1920.0,1080.0,Black,8,False,True,True,True
3,Dell_i5_16GB_1TB_14-16in,Dell,Notebook/Laptop,175.0,Used,Used,Intel,Intel,i5,,2.4,Windows,SSD,500.0,500.0,1000.0,1TB,16.0,16GB,14.0,14-16in,1920.0,1080.0,Black,8,True,True,True,True
4,HP_celeron_4GB_16GB_Sub-12in,HP,Notebook/Laptop,85.0,Refurbished - Good,Refurbished,Intel,Intel,celeron,,2.4,Chrome,EMMC,16.0,,16.0,16GB,4.0,4GB,11.6,Sub-12in,1366.0,768.0,Black,5,False,False,True,True
5,Dell_i5_8GB_256GB_12-14in,Dell,Notebook/Laptop,101.25,Refurbished - Good,Refurbished,Other,Intel,i5,6.0,1.4,Windows,SSD,,256.0,256.0,256GB,8.0,8GB,12.5,12-14in,1366.0,768.0,Other,4,False,False,False,True
6,Acer_celeron_4GB_16GB_Sub-12in,Acer,Notebook/Laptop,50.0,Unknown,Unknown,Other,Intel,celeron,,1.6,Chrome,SSD,,16.0,16.0,16GB,4.0,4GB,11.6,Sub-12in,1366.0,768.0,Black,2,True,False,True,False
7,HP_celeron_4GB_32GB_Sub-12in,HP,Notebook/Laptop,39.6,Unknown,Unknown,Other,Intel,celeron,,1.6,Chrome,SSD,16.0,16.0,32.0,32GB,4.0,4GB,11.6,Sub-12in,,,Black,2,False,False,True,False
8,Acer_celeron_2GB_16GB_Sub-12in,Acer,Notebook/Laptop,35.0,Unknown,Unknown,Other,Intel,celeron,,1.0,Chrome,Unknown,16.0,,16.0,16GB,2.0,2GB,11.6,Sub-12in,,,Gray,0,False,False,False,False
9,Dell_i7_16GB_2TB_14-16in,Dell,Notebook/Laptop,280.0,Refurbished - Excellent,Refurbished,Other,Intel,i7,,2.8,Windows,SSD,512.0,500.0,1012.0,2TB,16.0,16GB,14.0,14-16in,1920.0,1080.0,Black,1,False,False,False,True
10,HP_i3_8GB_64GB_14-16in,HP,Notebook/Laptop,125.0,Unknown,Unknown,Intel,Intel,i3,10.0,2.1,Chrome,EMMC,,64.0,64.0,64GB,8.0,8GB,14.0,14-16in,1920.0,1080.0,Silver,6,True,True,True,True
11,Lenovo_i5_16GB_128GB_14-16in,Lenovo,Notebook/Laptop,138.0,Used,Used,Intel,Intel,i5,,1.7,Windows,SSD,,128.0,128.0,128GB,16.0,16GB,14.0,14-16in,1920.0,1080.0,Black,2,False,False,False,False
12,Samsung_i5_Unk_Unk_12-14in,Samsung,Other,430.5,New,New,Other,Intel,i5,12.0,,Unknown,Unknown,,,,Unk,,Unk,13.3,12-14in,,,Other,0,False,False,False,False
13,Acer_celeron_4GB_32GB_Sub-12in,Acer,Notebook/Laptop,70.0,Unknown,Unknown,Intel,Intel,celeron,,1.1,Chrome,EMMC,,32.0,32.0,32GB,4.0,4GB,11.6,Sub-12in,1366.0,768.0,Silver,1,False,False,True,False
14,Other/Unbranded_celeron_8GB_512GB_14-16in,Other/Unbranded,Notebook/Laptop,152.0,New,New,Intel,Intel,celeron,,2.8,Windows,SSD,256.0,256.0,512.0,512GB,8.0,8GB,14.1,14-16in,1920.0,1080.0,Gray,1,False,False,False,True
15,Other/Unbranded_i5_8GB_2TB_14-16in,Other/Unbranded,Notebook/Laptop,244.0,New,New,Intel,Intel,i5,,3.8,Windows,HDD/SSD,512.0,512.0,1024.0,2TB,8.0,8GB,14.0,14-16in,2160.0,1440.0,Gray,4,False,True,True,True
16,Dell_i5_8GB_256GB_Unk,Dell,Notebook/Laptop,170.0,Used,Used,Other,Intel,i5,7.0,,Windows,SSD,128.0,128.0,256.0,256GB,8.0,8GB,,Unk,1920.0,1080.0,Black,7,True,True,True,True
17,Dell_i5_16GB_512GB_14-16in,Dell,Notebook/Laptop,218.0,Used,Used,Intel,Intel,i5,8.0,1.6,Unknown,SSD,,512.0,512.0,512GB,16.0,16GB,15.6,14-16in,1920.0,1080.0,Black,5,True,True,True,True
18,Dell_celeron_4GB_256GB_Sub-12in,Dell,Notebook/Laptop,130.0,Used,Used,Intel,Intel,celeron,,1.1,Windows,SSD,128.0,128.0,256.0,256GB,4.0,4GB,11.0,Sub-12in,1366.0,768.0,Black,5,True,False,True,False
19,Acer_celeron_4GB_32GB_Sub-12in,Acer,Notebook/Laptop,40.0,Used,Used,Intel,Intel,celeron,,1.6,Chrome,SSD,16.0,16.0,32.0,32GB,4.0,4GB,11.6,Sub-12in,1366.0,768.0,Gray,5,False,False,True,True
20,Dell_i7_Unk_2TB_14-16in,Dell,Notebook/Laptop,393.0,Refurbished - Very Good,Refurbished,Intel,Intel,i7,8.0,4.2,Windows,SSD,2000.0,,2000.0,2TB,,Unk,14.0,14-16in,1920.0,1080.0,Black,7,False,True,True,True
21,Dell_i7_32GB_2TB_16in+,Dell,Other,625.0,Open Box,Like-New,Other,Intel,i7,13.0,4.4,Windows,SSD,1000.0,1000.0,2000.0,2TB,32.0,32GB,16.0,16in+,2560.0,1600.0,Other,6,False,True,True,True
22,Dell_ryzen5_16GB_512GB_14-16in,Dell,Notebook/Laptop,315.0,Unknown,Unknown,Amd,AMD,ryzen 5,,2.3,Windows,SSD,,512.0,512.0,512GB,16.0,16GB,14.0,14-16in,1920.0,1080.0,Silver,0,False,False,False,False
23,Dell_i5_8GB_512GB_12-14in,Dell,Notebook/Laptop,200.0,Used,Used,Intel,Intel,i5,6.0,2.6,Windows,SSD,256.0,256.0,512.0,512GB,8.0,8GB,12.5,12-14in,1920.0,1080.0,Black,3,False,False,True,False
24,Other/Unbranded_Unknown_Unk_Unk_Unk,Other/Unbranded,Other,227.4,Used,Used,Other,Unknown,Unknown,,,Unknown,Unknown,,,,Unk,,Unk,,Unk,,,Other,0,False,False,False,False
25,HP_i5_16GB_512GB_12-14in,HP,Notebook/Laptop,300.0,New,New,Intel,Intel,i5,,1.6,Unknown,SSD,,512.0,512.0,512GB,16.0,16GB,13.0,12-14in,3000.0,2000.0,Silver,5,True,True,True,False
26,Microsoft_i5_4GB_256GB_12-14in,Microsoft,Notebook/Laptop,60.0,Used,Used,Other,Intel,i5,4.0,1.9,Windows,SSD,128.0,128.0,256.0,256GB,4.0,4GB,12.0,12-14in,2160.0,1440.0,Gray,0,False,False,False,False
27,Lenovo_celeron_2GB_16GB_Sub-12in,Lenovo,Notebook/Laptop,45.0,Unknown,Unknown,Intel,Intel,celeron,,1.1,Chrome,EMMC,,16.0,16.0,16GB,0.004,2GB,11.6,Sub-12in,1366.0,768.0,Black,7,True,False,True,True
28,HP_i5_32GB_2TB+_14-16in,HP,Notebook/Laptop,439.0,New,New,Intel,Intel,i5,,,Windows,SSD,2000.0,2000.0,4000.0,2TB+,32.0,32GB,15.6,14-16in,1920.0,1080.0,Silver,8,False,False,True,True
29,Other/Unbranded_Unknown_Unk_Unk_Unk,Other/Unbranded,Other,206.6,Used,Used,Other,Unknown,Unknown,,,Unknown,Unknown,,,,Unk,,Unk,,Unk,,,Other,0,False,False,False,False
30,Dell_i5_16GB_2TB_14-16in,Dell,Notebook/Laptop,345.0,Refurbished - Very Good,Refurbished,Intel,Intel,i5,7.0,3.1,Windows,SSD,512.0,512.0,1024.0,2TB,16.0,16GB,15.6,14-16in,1920.0,1080.0,Black,8,False,True,True,True
31,Other/Unbranded_Other/Unspecified_16GB_2TB_14-16in,Other/Unbranded,Notebook/Laptop,242.0,New,New,Intel,Other,Other/Unspecified,,,Windows,SSD,512.0,512.0,1024.0,2TB,16.0,16GB,15.6,14-16in,1920.0,1080.0,Gray,4,False,False,True,True
32,HP_i7_Unk_2TB_14-16in,HP,Notebook/Laptop,420.0,Refurbished - Very Good,Refurbished,Intel,Intel,i7,8.0,4.2,Windows,SSD,2000.0,,2000.0,2TB,,Unk,14.0,14-16in,1920.0,1080.0,Black,6,False,False,True,True
33,Lenovo_celeron_Unk_128GB_Sub-12in,Lenovo,Notebook/Laptop,73.0,Used,Used,Other,Intel,celeron,,1.6,Windows,SSD,,128.0,128.0,128GB,,Unk,11.6,Sub-12in,1366.0,768.0,Black,8,True,False,True,True
34,HP_i5_16GB_512GB_14-16in,HP,Notebook/Laptop,209.0,Refurbished - Very Good,Refurbished,Intel,Intel,i5,,2.5,Windows,SSD,,512.0,512.0,512GB,16.0,16GB,15.6,14-16in,,,Black,5,False,False,True,True
35,Other/Unbranded_celeron_8GB_512GB_14-16in,Other/Unbranded,Notebook/Laptop,150.0,New,New,Intel,Intel,celeron,,,Windows,SSD,256.0,256.0,512.0,512GB,8.0,8GB,14.1,14-16in,1920.0,1080.0,Gray,5,False,True,True,True
36,Lenovo_i7_16GB_512GB_16in+,Lenovo,Notebook/Laptop,799.0,Unknown,Unknown,Nvidia,Intel,i7,12.0,3.5,Windows,SSD,,512.0,512.0,512GB,16.0,16GB,16.0,16in+,2560.0,1600.0,Gray,2,False,False,True,True
37,Lenovo_i5_8GB_512GB_14-16in,Lenovo,Notebook/Laptop,100.0,Used,Used,Intel,Intel,i5,,1.9,Unknown,SSD,256.0,256.0,512.0,512GB,8.0,8GB,14.0,14-16in,,,Brown,1,True,False,False,False
38,Dell_i7_16GB_2TB_14-16in,Dell,Notebook/Laptop,219.0,Used,Used,Other,Intel,i7,,,Windows,SSD,512.0,512.0,1024.0,2TB,16.0,16GB,15.61,14-16in,1920.0,1080.0,Black,2,False,True,False,False
39,Dell_i5_8GB_256GB_14-16in,Dell,Notebook/Laptop,152.5,Used,Used,Intel,Intel,i5,,1.6,Windows,SSD,,256.0,256.0,256GB,8.0,8GB,14.0,14-16in,1366.0,768.0,Black,7,False,False,True,True
40,Other/Unbranded_celeron_16GB_1TB_12-14in,Other/Unbranded,Notebook/Laptop,269.5,New,New,Intel,Intel,celeron,,2.8,Windows,SSD,12.0,512.0,524.0,1TB,12.0,16GB,13.5,12-14in,2256.0,1504.0,Gray,3,False,False,True,False
41,Lenovo_i5_16GB_256GB_14-16in,Lenovo,Other,130.0,Used,Used,Other,Intel,i5,,,Unknown,Unknown,,256.0,256.0,256GB,16.0,16GB,14.0,14-16in,,,Black,5,True,False,False,False
42,Dell_ryzen5_16GB_2TB_14-16in,Dell,Notebook/Laptop,489.0,New,New,Amd,AMD,ryzen 5,,,Windows,SSD,512.0,512.0,1024.0,2TB,16.0,16GB,15.6,14-16in,1920.0,1080.0,Black,6,False,False,True,True
43,Dell_i5_8GB_16GB_14-16in,Dell,Notebook/Laptop,120.0,Used,Used,Other,Intel,i5,6.0,2.4,Unknown,SSD,8.0,,8.0,16GB,8.0,8GB,14.0,14-16in,1920.0,1080.0,Black,8,True,False,True,True
44,LG_i7_16GB_512GB_16in+,LG,Notebook/Laptop,550.0,Used,Used,Other,Intel,i7,,,Windows,Unknown,,512.0,512.0,512GB,16.0,16GB,17.3,16in+,,,Black,0,False,False,False,False
45,HP_celeron_16GB_32GB_14-16in,HP,Notebook/Laptop,29.98,Used,Used,Other,Intel,celeron,,2.16,Chrome,SSD,16.0,16.0,32.0,32GB,16.0,16GB,14.0,14-16in,1366.0,768.0,Multicolor,1,False,False,False,True
46,HP_i3_8GB_512GB_14-16in,HP,Notebook/Laptop,145.0,Refurbished - Very Good,Refurbished,Intel,Intel,i3,6.0,2.3,Windows,SSD,,512.0,512.0,512GB,8.0,8GB,15.6,14-16in,,,Black,4,False,False,True,True
47,Dell_i5_8GB_512GB_14-16in,Dell,Other,160.0,Used,Used,Other,Intel,i5,,2.3,Windows,SSD,256.0,256.0,512.0,512GB,8.0,8GB,15.6,14-16in,,,Other,0,False,False,False,False
48,HP_celeron_4GB_32GB_Sub-12in,HP,Notebook/Laptop,85.0,Refurbished - Very Good,Refurbished,Intel,Intel,celeron,,,Chrome,EMMC,16.0,16.0,32.0,32GB,4.0,4GB,11.6,Sub-12in,1366.0,768.0,Multicolor,4,False,False,True,True
49,Microsoft_i5_32GB+_512GB_12-14in,Microsoft,Notebook/Laptop,69.6,For Parts / Not Working,End-of-Life,Other,Intel,i5,,,Unknown,SSD,256.0,256.0,512.0,512GB,256.0,32GB+,12.5,12-14in,,,Other,5,False,True,True,False
50,HP_celeron_4GB_32GB_Sub-12in,HP,Other,70.0,Used,Used,Intel,Intel,celeron,,1.6,Chrome,EMMC,16.0,16.0,32.0,32GB,4.0,4GB,11.6,Sub-12in,1366.0,768.0,Black,6,True,False,True,True
51,HP_Other/Unspecified_4GB_32GB_Sub-12in,HP,Notebook/Laptop,49.0,Used,Used,Other,AMD,Other/Unspecified,,1.6,Chrome,EMMC,16.0,16.0,32.0,32GB,4.0,4GB,11.6,Sub-12in,1366.0,768.0,Gray,4,False,False,True,True
52,Dell_i7_8GB_512GB_12-14in,Dell,Notebook/Laptop,130.0,Used,Used,Intel,Intel,i7,6.0,2.6,Windows,SSD,256.0,256.0,512.0,512GB,8.0,8GB,12.5,12-14in,1920.0,1080.0,Black,8,True,True,True,True
53,Lenovo_Unknown_Unk_Unk_14-16in,Lenovo,Other,135.0,For Parts / Not Working,End-of-Life,Other,Unknown,Unknown,,,Unknown,Unknown,,,,Unk,,Unk,14.0,14-16in,,,Other,0,False,False,False,False
54,Lenovo_i5_4GB_512GB_12-14in,Lenovo,Notebook/Laptop,81.0,Unknown,Unknown,Other,Intel,i5,2.0,2.5,Windows,HDD/SSD,320.0,120.0,440.0,512GB,4.0,4GB,12.5,12-14in,1366.0,768.0,Black,4,True,False,True,False
55,Microsoft_Other/Unspecified_2GB_512GB_12-14in,Microsoft,Other,103.75,Unknown,Unknown,Other,Other,Other/Unspecified,,2.6,Unknown,SSD,512.0,,512.0,512GB,1.0,2GB,13.5,12-14in,3000.0,2000.0,Silver,9,True,True,True,True
56,Dell_i5_8GB_256GB_14-16in,Dell,Notebook/Laptop,200.0,Used,Used,Nvidia,Intel,i5,,2.5,Windows,SSD,,256.0,256.0,256GB,8.0,8GB,15.6,14-16in,1920.0,1080.0,Black,5,False,False,True,True
57,Dell_i7_Unk_512GB_12-14in,Dell,Notebook/Laptop,288.0,Used,Used,Intel,Intel,i7,,2.8,Windows,SSD,,512.0,512.0,512GB,,Unk,12.5,12-14in,,,Other,3,True,False,False,True
58,Dell_i5_8GB_512GB_14-16in,Dell,Notebook/Laptop,105.0,Used,Used,Other,Intel,i5,6.0,2.6,Windows,SSD,256.0,256.0,512.0,512GB,8.0,8GB,14.0,14-16in,1920.0,1080.0,Black,3,False,False,False,True
59,Dell_celeron_4GB_32GB_12-14in,Dell,Notebook/Laptop,39.94,Used,Used,Other,Intel,celeron,,1.6,Chrome,EMMC,16.0,16.0,32.0,32GB,4.0,4GB,13.3,12-14in,1366.0,768.0,Black,4,False,False,True,True
60,Lenovo_i3_8GB_256GB_Sub-12in,Lenovo,Other,90.0,Used,Used,Other,Intel,i3,,2.3,Windows,SSD,128.0,128.0,256.0,256GB,8.0,8GB,11.6,Sub-12in,1366.0,768.0,Black,1,True,False,False,False
61,Lenovo_i5_32GB_2TB_14-16in,Lenovo,Notebook/Laptop,599.0,New,New,Intel,Intel,i5,,4.2,Windows,SSD,1000.0,1000.0,2000.0,2TB,20.0,32GB,15.6,14-16in,1920.0,1080.0,Grey,8,True,False,True,True
62,Other/Unbranded_i7_8GB_1TB_16in+,Other/Unbranded,Notebook/Laptop,800.0,Used,Used,Other,Intel,i7,,1.73,Windows,HDD/SSD,500.0,500.0,1000.0,1TB,8.0,8GB,18.4,16in+,,,Other,0,False,False,False,False
63,Dell_i5_16GB_1TB_14-16in,Dell,Notebook/Laptop,170.0,Refurbished - Very Good,Refurbished,Other,Intel,i5,6.0,2.4,Unknown,SSD,500.0,500.0,1000.0,1TB,16.0,16GB,14.0,14-16in,,,Other,0,False,False,False,False
64,Dell_i7_16GB_512GB_14-16in,Dell,Notebook/Laptop,239.0,Used,Used,Other,Intel,i7,6.0,2.7,Windows,SSD,,512.0,512.0,512GB,16.0,16GB,15.6,14-16in,,,Other,0,False,False,False,False
65,Dell_i7_8GB_256GB_12-14in,Dell,Notebook/Laptop,169.0,Used,Used,Intel,Intel,i7,8.0,1.8,Windows,Unknown,,256.0,256.0,256GB,8.0,8GB,13.3,12-14in,1920.0,1080.0,Silver,4,False,False,True,True
66,HP_i5_32GB_1TB_14-16in,HP,Notebook/Laptop,290.0,Refurbished - Very Good,Refurbished,Intel,Intel,i5,8.0,2.6,Windows,SSD,500.0,500.0,1000.0,1TB,32.0,32GB,14.0,14-16in,1920.0,1080.0,Silver,1,False,False,False,True
67,Dell_i7_8GB_Unk_14-16in,Dell,Notebook/Laptop,90.0,Used,Used,Other,Intel,i7,,,Unknown,OTHER,,,,Unk,8.0,8GB,14.0,14-16in,,,Black,0,False,False,False,False
68,Lenovo_i5_8GB_256GB_12-14in,Lenovo,Notebook/Laptop,105.0,Used,Used,Other,Intel,i5,,2.6,Unknown,Unknown,180.0,,180.0,256GB,8.0,8GB,12.5,12-14in,,,Other,0,False,False,False,False
69,Microsoft_i5_8GB_256GB_12-14in,Microsoft,Notebook/Laptop,409.0,Open Box,Like-New,Intel,Intel,i5,11.0,2.4,Windows,SSD,,256.0,256.0,256GB,8.0,8GB,12.3,12-14in,2736.0,1824.0,Silver,4,True,False,True,True
70,Dell_i5_8GB_512GB_14-16in,Dell,Notebook/Laptop,200.0,Used,Used,Intel,Intel,i5,6.0,2.4,Windows,SSD,256.0,256.0,512.0,512GB,8.0,8GB,14.0,14-16in,1920.0,1080.0,Black,7,True,True,True,True
71,Lenovo_Other/Unspecified_Unk_32GB_Sub-12in,Lenovo,Other,55.0,Unknown,Unknown,Mali,Other,Other/Unspecified,,2.0,Chrome,EMMC,,32.0,32.0,32GB,,Unk,10.1,Sub-12in,1920.0,1200.0,Gray,5,True,False,True,True
72,Other/Unbranded_celeron_16GB_1TB_14-16in,Other/Unbranded,Notebook/Laptop,225.0,New,New,Amd,Intel,celeron,,2.8,Windows,SSD,12.0,512.0,524.0,1TB,12.0,16GB,15.6,14-16in,1920.0,1200.0,Silver,4,False,False,True,True
73,HP_i5_8GB_512GB_14-16in,HP,Notebook/Laptop,659.0,Unknown,Unknown,Nvidia,Intel,i5,13.0,2.1,Windows,SSD,,512.0,512.0,512GB,8.0,8GB,15.6,14-16in,1920.0,1080.0,Blue,1,False,True,False,False
74,Dell_i5_16GB_2TB_14-16in,Dell,Notebook/Laptop,229.0,Used,Used,Intel,Intel,i5,10.0,1.7,Unknown,SSD,512.0,512.0,1024.0,2TB,16.0,16GB,14.0,14-16in,1920.0,1080.0,Gray,4,False,True,True,True
75,HP_i7_16GB_2TB_14-16in,HP,Notebook/Laptop,210.0,Used,Used,Other,Intel,i7,6.0,,Unknown,SSD,512.0,512.0,1024.0,2TB,16.0,16GB,15.6,14-16in,,,Other,0,False,False,False,False
76,Lenovo_i7_16GB_2TB_14-16in,Lenovo,Notebook/Laptop,180.0,Used,Used,Intel,Intel,i7,6.0,2.6,Windows,SSD,512.0,512.0,1024.0,2TB,16.0,16GB,14.1,14-16in,2560.0,1440.0,Black,4,False,True,True,False
77,Other/Unbranded_i5_16GB_Unk_12-14in,Other/Unbranded,Other,675.0,Used,Used,Other,Intel,i5,6.0,2.4,Windows,SSD,,,,Unk,16.0,16GB,12.0,12-14in,2160.0,1440.0,Silver,12,True,True,True,True
78,Dell_i5_8GB_256GB_14-16in,Dell,Notebook/Laptop,125.94,Refurbished - Very Good,Refurbished,Intel,Intel,i5,,2.4,Windows,SSD,,240.0,240.0,256GB,8.0,8GB,14.0,14-16in,1366.0,768.0,Black,5,False,True,True,True
79,Lenovo_celeron_4GB_128GB_12-14in,Lenovo,Notebook/Laptop,90.0,Used,Used,Intel,Intel,celeron,,2.2,Windows,SSD,,128.0,128.0,128GB,4.0,4GB,13.0,12-14in,1366.0,768.0,Gray,4,False,False,True,True
80,Other/Unbranded_Unknown_Unk_Unk_Unk,Other/Unbranded,Other,271.8,Refurbished - Very Good,Refurbished,Other,Unknown,Unknown,,,Unknown,Unknown,,,,Unk,,Unk,,Unk,,,Other,0,False,False,False,False
81,HP_i5_8GB_256GB_14-16in,HP,Notebook/Laptop,999.0,Used,Used,Other,Intel,i5,,1.6,Unknown,SSD,,256.0,256.0,256GB,8.0,8GB,15.6,14-16in,,,Other,2,False,False,False,False
82,Lenovo_i5_16GB_256GB_14-16in,Lenovo,Notebook/Laptop,229.0,Used,Used,Other,Intel,i5,8.0,1.7,Windows,SSD,,256.0,256.0,256GB,16.0,16GB,14.0,14-16in,1920.0,1080.0,Other,7,False,True,True,True
83,Asus_i3_8GB_512GB_14-16in,Asus,Notebook/Laptop,293.0,Unknown,Unknown,Intel,Intel,i3,11.0,1.8,Windows,SSD,256.0,256.0,512.0,512GB,8.0,8GB,15.6,14-16in,1920.0,1080.0,Gray,6,False,True,True,True
84,Dell_i5_16GB_512GB_14-16in,Dell,Other,185.0,Used,Used,Other,Intel,i5,,1.7,Unknown,SSD,,512.0,512.0,512GB,16.0,16GB,14.0,14-16in,1920.0,1080.0,Gray,4,False,True,True,True
85,HP_i7_8GB_512GB_Sub-12in,HP,Notebook/Laptop,259.0,Used,Used,Intel,Intel,i7,4.0,2.1,Windows,SSD,256.0,256.0,512.0,512GB,8.0,8GB,11.6,Sub-12in,1366.0,768.0,Silver,8,True,True,True,True
86,Other/Unbranded_Unknown_Unk_Unk_Sub-12in,Other/Unbranded,Notebook/Laptop,115.0,Used,Used,Other,Unknown,Unknown,,,Linux,Unknown,,,,Unk,,Unk,7.2,Sub-12in,,,Multicolor,2,False,False,False,True
87,Acer_celeron_4GB_64GB_Sub-12in,Acer,Notebook/Laptop,41.0,Used,Used,Intel,Intel,celeron,,2.48,Chrome,EMMC,32.0,32.0,64.0,64GB,4.0,4GB,11.6,Sub-12in,1366.0,768.0,Gray,1,True,False,False,False
88,Dell_celeron_4GB_128GB_Sub-12in,Dell,Notebook/Laptop,75.0,Used,Used,Other,Intel,celeron,,1.1,Windows,SSD,,128.0,128.0,128GB,4.0,4GB,11.6,Sub-12in,1366.0,768.0,Black,1,True,False,False,False
89,HP_ryzen3_16GB_256GB_14-16in,HP,Notebook/Laptop,510.0,Used,Used,Other,AMD,ryzen 3,,,Unknown,Unknown,,256.0,256.0,256GB,16.0,16GB,14.0,14-16in,,,Silver,0,False,False,False,False
90,Lenovo_celeron_4GB_256GB_14-16in,Lenovo,Notebook/Laptop,170.0,Unknown,Unknown,Intel,Intel,celeron,,1.1,Windows,EMMC,128.0,128.0,256.0,256GB,4.0,4GB,14.0,14-16in,1366.0,768.0,Gray,5,False,True,True,True
91,Other/Unbranded_Unknown_Unk_Unk_Unk,Other/Unbranded,Other,59.8,For Parts / Not Working,End-of-Life,Other,Unknown,Unknown,,,Unknown,Unknown,,,,Unk,,Unk,,Unk,,,Other,0,False,False,False,False
92,HP_celeron_4GB_64GB_Sub-12in,HP,Notebook/Laptop,44.75,Used,Used,Other,Intel,celeron,,1.1,Chrome,SSD,32.0,32.0,64.0,64GB,4.0,4GB,11.6,Sub-12in,1366.0,768.0,Gray,3,True,False,True,False
93,Dell_i5_Unk_Unk_14-16in,Dell,Other,209.0,Used,Used,Other,Intel,i5,8.0,,Unknown,Unknown,,,,Unk,,Unk,14.1,14-16in,,,Other,0,False,False,False,False
94,Lenovo_celeron_4GB_32GB_Sub-12in,Lenovo,Other,180.0,Used,Used,Other,Other,celeron,,,Chrome,SSD,16.0,16.0,32.0,32GB,4.0,4GB,11.6,Sub-12in,,,Other,0,False,False,False,False
95,Dell_i7_16GB_1TB_12-14in,Dell,Notebook/Laptop,220.0,Refurbished - Excellent,Refurbished,Intel,Intel,i7,7.0,2.6,Windows,SSD,500.0,500.0,1000.0,1TB,16.0,16GB,12.5,12-14in,1920.0,1080.0,Other,1,False,False,False,True
96,Dell_i7_16GB_2TB_12-14in,Dell,Notebook/Laptop,260.0,Refurbished - Excellent,Refurbished,Other,Intel,i7,8.0,1.9,Windows,SSD,512.0,512.0,1024.0,2TB,16.0,16GB,13.3,12-14in,1920.0,1080.0,Other,1,False,False,False,True
97,Other/Unbranded_Unknown_Unk_Unk_Unk,Other/Unbranded,Other,59.4,New,New,Other,Unknown,Unknown,,,Unknown,Unknown,,,,Unk,,Unk,,Unk,,,Other,0,False,False,False,False
98,Other/Unbranded_Unknown_Unk_Unk_Unk,Other/Unbranded,Other,306.8,Refurbished - Good,Refurbished,Intel,Unknown,Unknown,,,Unknown,Unknown,,,,Unk,,Unk,,Unk,,,Other,0,False,False,False,False
99,Lenovo_Unknown_Unk_Unk_Unk,Lenovo,Other,73.0,New,New,Other,Unknown,Unknown,,,Unknown,Unknown,,,,Unk,,Unk,,Unk,,,Other,0,False,False,False,False
100,Dell_i5_Unk_512GB_14-16in,Dell,Notebook/Laptop,389.8,Used,Used,Intel,Intel,i5,4.0,,Windows,Unknown,,480.0,480.0,512GB,,Unk,14.0,14-16in,1280.0,720.0,Other,0,False,False,False,False
101,Other/Unbranded_Unknown_Unk_Unk_Unk,Other/Unbranded,Other,107.44,Used,Used,Other,Unknown,Unknown,,,Unknown,Unknown,,,,Unk,,Unk,,Unk,,,Other,0,False,False,False,False
102,Other/Unbranded_Unknown_Unk_Unk_Unk,Other/Unbranded,Other,1179.0,Used,Used,Other,Unknown,Unknown,,,Unknown,Unknown,,,,Unk,,Unk,,Unk,,,Other,0,False,False,False,False
103,Dell_i5_16GB_256GB_14-16in,Dell,Notebook/Laptop,300.0,Used,Used,Intel,Intel,i5,4.0,2.0,Windows,SSD,,256.0,256.0,256GB,12.0,16GB,14.0,14-16in,1366.0,768.0,Black,6,True,True,True,True
104,HP_core2duo_4GB_256GB_14-16in,HP,Notebook/Laptop,69.0,Used,Used,Intel,Intel,core 2 duo,,2.0,Linux,SSD,,240.0,240.0,256GB,3.0,4GB,14.0,14-16in,1280.0,800.0,Multicolor,3,False,False,False,False
105,Lenovo_Other/Unspecified_16GB_256GB_14-16in,Lenovo,Other,244.8,Used,Used,Intel,Other,Other/Unspecified,,1.6,Windows,Unknown,,256.0,256.0,256GB,16.0,16GB,14.0,14-16in,1366.0,768.0,Black,2,False,False,True,True
106,Other/Unbranded_Unknown_Unk_Unk_Unk,Other/Unbranded,Other,10.52,Used,Used,Other,Unknown,Unknown,,,Unknown,Unknown,,,,Unk,,Unk,,Unk,,,Other,0,False,False,False,False
107,Lenovo_i5_8GB_256GB_12-14in,Lenovo,Notebook/Laptop,370.0,Unknown,Unknown,Intel,Intel,i5,10.0,1.6,Windows,SSD,,256.0,256.0,256GB,8.0,8GB,13.3,12-14in,1920.0,1080.0,Black,2,True,True,False,False
108,Lenovo_i3_8GB_256GB_14-16in,Lenovo,Notebook/Laptop,270.0,Unknown,Unknown,Intel,Intel,i3,12.0,1.2,Windows,SSD,,256.0,256.0,256GB,8.0,8GB,14.0,14-16in,1920.0,1200.0,Gray,5,True,False,True,True
109,Other/Unbranded_Unknown_Unk_Unk_Unk,Other/Unbranded,Other,64.6,New,New,Other,Unknown,Unknown,,,Unknown,Unknown,,,,Unk,,Unk,,Unk,,,Other,0,False,False,False,False
110,Other/Unbranded_Unknown_Unk_Unk_Unk,Other/Unbranded,Other,65.06,New,New,Other,Unknown,Unknown,,,Unknown,Unknown,,,,Unk,,Unk,,Unk,,,Other,0,False,False,False,False
111,Lenovo_Unknown_Unk_Unk_Unk,Lenovo,Other,61.6,New,New,Other,Unknown,Unknown,,,Unknown,Unknown,,,,Unk,,Unk,,Unk,,,Other,0,False,False,False,False
112,Other/Unbranded_Unknown_Unk_Unk_Unk,Other/Unbranded,Other,26.05,Used,Used,Other,Unknown,Unknown,,,Unknown,Unknown,,,,Unk,,Unk,,Unk,,,Other,0,False,False,False,False
113,Dell_i5_Unk_512GB_14-16in,Dell,Notebook/Laptop,384.5,Used,Used,Intel,Intel,i5,4.0,2.6,Windows,Unknown,,480.0,480.0,512GB,,Unk,14.0,14-16in,1280.0,720.0,Other,3,False,False,False,True
114,Other/Unbranded_Unknown_Unk_Unk_Unk,Other/Unbranded,Other,13.02,New,New,Other,Unknown,Unknown,,,Unknown,Unknown,,,,Unk,,Unk,,Unk,,,Other,0,False,False,False,False
115,Dell_Other/Unspecified_Unk_Unk_14-16in,Dell,Other,24.25,Used,Used,Other,Other,Other/Unspecified,,,Unknown,Unknown,,,,Unk,,Unk,15.6,14-16in,,,Other,0,False,False,False,False
116,Dell_i5_Unk_256GB_12-14in,Dell,Notebook/Laptop,470.5,Used,Used,Intel,Intel,i5,6.0,2.8,Windows,Unknown,,240.0,240.0,256GB,,Unk,12.5,12-14in,1920.0,1080.0,Other,7,True,True,True,True
117,Acer_celeron_4GB_256GB_14-16in,Acer,Notebook/Laptop,90.0,Used,Used,Intel,Intel,celeron,,1.1,Windows,SSD,128.0,128.0,256.0,256GB,4.0,4GB,14.0,14-16in,1920.0,1080.0,Silver,6,False,False,True,True
118,Other/Unbranded_celeron_8GB_512GB_14-16in,Other/Unbranded,Notebook/Laptop,420.0,New,New,Other,Intel,celeron,,,Windows,SSD,256.0,256.0,512.0,512GB,8.0,8GB,14.1,14-16in,,,Other,0,False,False,False,False
119,Other/Unbranded_Unknown_Unk_Unk_Unk,Other/Unbranded,Other,7.26,Used,Used,Other,Unknown,Unknown,,,Unknown,Unknown,,,,Unk,,Unk,,Unk,,,Other,0,False,False,False,False
120,Dell_Other/Unspecified_8GB_128GB_Sub-12in,Dell,Notebook/Laptop,199.0,Used,Used,Intel,Intel,Other/Unspecified,,1.2,Windows,SSD,,128.0,128.0,128GB,8.0,8GB,11.6,Sub-12in,,,Other,1,False,False,False,False
121,Microsoft_i7_8GB_512GB_12-14in,Microsoft,Notebook/Laptop,200.0,Unknown,Unknown,Intel,Intel,i7,7.0,2.5,Windows,SSD,256.0,256.0,512.0,512GB,8.0,8GB,13.5,12-14in,2256.0,1504.0,Silver,5,True,True,True,True
122,HP_i5_8GB_512GB_14-16in,HP,Notebook/Laptop,390.0,New,New,Intel,Intel,i5,11.0,2.4,Windows,SSD,256.0,256.0,512.0,512GB,8.0,8GB,15.6,14-16in,1920.0,1080.0,Silver,3,False,False,True,False
123,Other/Unbranded_Unknown_Unk_Unk_Unk,Other/Unbranded,Other,582.5,Used,Used,Other,Unknown,Unknown,,,Unknown,Unknown,,,,Unk,,Unk,,Unk,,,Other,0,False,False,False,False
124,Other/Unbranded_Unknown_Unk_Unk_Unk,Other/Unbranded,Other,42.3,New,New,Other,Unknown,Unknown,,,Unknown,Unknown,,,,Unk,,Unk,,Unk,,,Other,0,False,False,False,False
125,Other/Unbranded_i5_Unk_256GB_12-14in,Other/Unbranded,Notebook/Laptop,405.5,Used,Used,Intel,Intel,i5,6.0,3.0,Windows,SSD,,240.0,240.0,256GB,,Unk,13.3,12-14in,1280.0,720.0,Other,4,False,False,True,True
126,Other/Unbranded_Unknown_Unk_Unk_Unk,Other/Unbranded,Other,298.8,Used,Used,Intel,Unknown,Unknown,,,Unknown,Unknown,,,,Unk,,Unk,,Unk,,,Other,0,False,False,False,False
127,Other/Unbranded_Unknown_Unk_Unk_Unk,Other/Unbranded,Other,81.4,Used,Used,Other,Unknown,Unknown,,,Unknown,Unknown,,,,Unk,,Unk,,Unk,,,Other,0,False,False,False,False
128,Other/Unbranded_i3_Unk_Unk_14-16in,Other/Unbranded,Other,380.0,Used,Used,Other,Intel,i3,,,Unknown,Unknown,,,,Unk,,Unk,15.6,14-16in,,,Other,0,False,False,False,False
129,Dell_core2duo_4GB_256GB_14-16in,Dell,Notebook/Laptop,125.0,Used,Used,Other,Intel,core 2 duo,,2.0,Windows,HDD/SSD,160.0,,160.0,256GB,3.0,4GB,15.4,14-16in,1280.0,800.0,Black,1,False,False,False,True
130,Other/Unbranded_Unknown_Unk_Unk_Unk,Other/Unbranded,Other,111.5,New,New,Other,Unknown,Unknown,,,Unknown,Unknown,,,,Unk,,Unk,,Unk,,,Other,0,False,False,False,False
131,Other/Unbranded_Unknown_Unk_Unk_Unk,Other/Unbranded,Other,78.2,Unknown,Unknown,Other,Unknown,Unknown,,,Unknown,Unknown,,,,Unk,,Unk,,Unk,,,Other,0,False,False,False,False
132,Other/Unbranded_Unknown_Unk_Unk_Unk,Other/Unbranded,Other,32.56,Used,Used,Other,Unknown,Unknown,,,Unknown,Unknown,,,,Unk,,Unk,,Unk,,,Other,0,False,False,False,False
133,Lenovo_ryzen5_8GB_512GB_14-16in,Lenovo,Other,250.0,Unknown,Unknown,Other,AMD,ryzen 5,,2.1,Windows,SSD,256.0,256.0,512.0,512GB,8.0,8GB,15.6,14-16in,1920.0,1080.0,Black,0,False,False,False,False
134,Other/Unbranded_Unknown_Unk_Unk_Unk,Other/Unbranded,Other,344.5,Refurbished - Seller Grade,Refurbished,Intel,Unknown,Unknown,,,Unknown,Unknown,,,,Unk,,Unk,,Unk,,,Black,0,False,False,False,False
135,Other/Unbranded_i5_Unk_256GB_12-14in,Other/Unbranded,Notebook/Laptop,405.5,Used,Used,Intel,Intel,i5,6.0,3.0,Windows,SSD,,240.0,240.0,256GB,,Unk,13.3,12-14in,1280.0,720.0,Other,4,False,False,True,True
136,HP_pentium_4GB_128GB_14-16in,HP,Notebook/Laptop,140.0,Unknown,Unknown,Intel,Intel,pentium,,1.1,Chrome,SSD,64.0,64.0,128.0,128GB,4.0,4GB,14.0,14-16in,1366.0,768.0,Silver,4,False,False,True,True
137,HP_Unknown_8GB_512GB_12-14in,HP,Notebook/Laptop,759.0,Unknown,Unknown,Other,Unknown,Unknown,,,Windows,SSD,256.0,256.0,512.0,512GB,8.0,8GB,13.0,12-14in,1920.0,1080.0,Other,5,False,True,True,True
138,Lenovo_i7_16GB_512GB_14-16in,Lenovo,Notebook/Laptop,1197.0,Unknown,Unknown,Intel,Intel,i7,13.0,1.7,Windows,SSD,,512.0,512.0,512GB,16.0,16GB,14.0,14-16in,1920.0,1200.0,Other,3,False,False,True,True
139,Dell_Other/Unspecified_Unk_Unk_14-16in,Dell,Notebook/Laptop,400.0,Used,Used,Other,Intel,Other/Unspecified,,,Unknown,Unknown,,,,Unk,,Unk,15.6,14-16in,,,Other,1,True,False,False,False
140,Other/Unbranded_Unknown_Unk_Unk_Unk,Other/Unbranded,Other,96.56,New,New,Other,Unknown,Unknown,,,Unknown,Unknown,,,,Unk,,Unk,,Unk,,,Other,0,False,False,False,False
141,Other/Unbranded_Unknown_Unk_Unk_Unk,Other/Unbranded,Other,26.16,New,New,Other,Unknown,Unknown,,,Unknown,Unknown,,,,Unk,,Unk,,Unk,,,Other,0,False,False,False,False
142,Other/Unbranded_Unknown_Unk_Unk_Unk,Other/Unbranded,Other,425.5,Used,Used,Intel,Unknown,Unknown,,,Unknown,Unknown,,,,Unk,,Unk,,Unk,,,Other,0,False,False,False,False
143,Lenovo_i5_Unk_1TB_14-16in,Lenovo,Notebook/Laptop,461.8,Used,Used,Intel,Intel,i5,3.0,3.0,Windows,HDD/SSD,500.0,120.0,620.0,1TB,,Unk,14.0,14-16in,1280.0,720.0,Other,4,False,False,True,True
144,Other/Unbranded_Unknown_Unk_Unk_Unk,Other/Unbranded,Other,216.0,Refurbished - Seller Grade,Refurbished,Intel,Unknown,Unknown,,,Unknown,Unknown,,,,Unk,,Unk,,Unk,,,Black,0,False,False,False,False
145,Dell_i5_Unk_256GB_12-14in,Dell,Notebook/Laptop,487.5,Used,Used,Intel,Intel,i5,6.0,2.8,Windows,Unknown,,240.0,240.0,256GB,,Unk,12.5,12-14in,1920.0,1080.0,Other,5,True,False,True,True
146,Other/Unbranded_Unknown_Unk_Unk_Unk,Other/Unbranded,Other,449.2,Refurbished - Seller Grade,Refurbished,Nvidia,Unknown,Unknown,,,Unknown,Unknown,,,,Unk,,Unk,,Unk,,,Black,0,False,False,False,False
147,Other/Unbranded_Unknown_Unk_Unk_Unk,Other/Unbranded,Other,487.2,Used,Used,Other,Unknown,Unknown,,,Unknown,Unknown,,,,Unk,,Unk,,Unk,,,Other,0,False,False,False,False
148,Other/Unbranded_Unknown_Unk_Unk_Unk,Other/Unbranded,Other,530.0,Refurbished - Seller Grade,Refurbished,Intel,Unknown,Unknown,,,Unknown,Unknown,,,,Unk,,Unk,,Unk,,,Other,0,False,False,False,False
149,Other/Unbranded_Unknown_Unk_Unk_Unk,Other/Unbranded,Other,354.0,Refurbished - Seller Grade,Refurbished,Intel,Unknown,Unknown,,,Unknown,Unknown,,,,Unk,,Unk,,Unk,,,Other,0,False,False,False,False
150,Other/Unbranded_Unknown_Unk_Unk_Unk,Other/Unbranded,Other,859.0,Used,Used,Intel,Unknown,Unknown,,,Unknown,Unknown,,,,Unk,,Unk,,Unk,,,Other,0,False,False,False,False
151,Other/Unbranded_Unknown_Unk_Unk_Unk,Other/Unbranded,Other,1724.0,Refurbished - Seller Grade,Refurbished,Intel,Unknown,Unknown,,,Unknown,Unknown,,,,Unk,,Unk,,Unk,,,Other,0,False,False,False,False
152,Other/Unbranded_Unknown_Unk_Unk_Unk,Other/Unbranded,Other,812.0,Used,Used,Intel,Unknown,Unknown,,,Unknown,Unknown,,,,Unk,,Unk,,Unk,,,Other,0,False,False,False,False
153,AUO_Unknown_Unk_Unk_Unk,AUO,Other,70.3,New,New,Other,Unknown,Unknown,,,Unknown,Unknown,,,,Unk,,Unk,,Unk,,,Other,0,False,False,False,False
154,Other/Unbranded_Unknown_Unk_Unk_Unk,Other/Unbranded,Other,22.34,For Parts / Not Working,End-of-Life,Other,Unknown,Unknown,,,Unknown,Unknown,,,,Unk,,Unk,,Unk,,,Other,0,False,False,False,False
155,Other/Unbranded_i5_4GB_Unk_Unk,Other/Unbranded,Notebook/Laptop,269.5,Used,Used,Other,Intel,i5,,2.5,Unknown,Unknown,,,,Unk,4.0,4GB,,Unk,,,Other,0,False,False,False,False
156,Other/Unbranded_Unknown_Unk_Unk_Unk,Other/Unbranded,Other,92.1,New,New,Other,Unknown,Unknown,,,Unknown,Unknown,,,,Unk,,Unk,,Unk,,,Other,0,False,False,False,False
157,Other/Unbranded_Unknown_Unk_Unk_Unk,Other/Unbranded,Other,240.2,Refurbished - Excellent,Refurbished,Intel,Unknown,Unknown,,,Unknown,Unknown,,,,Unk,,Unk,,Unk,,,Other,0,False,False,False,False
158,Other/Unbranded_Unknown_Unk_Unk_Unk,Other/Unbranded,Other,357.0,Refurbished - Seller Grade,Refurbished,Intel,Unknown,Unknown,,,Unknown,Unknown,,,,Unk,,Unk,,Unk,,,Black,0,False,False,False,False
159,Other/Unbranded_i3_Unk_256GB_12-14in,Other/Unbranded,Notebook/Laptop,436.0,Used,Used,Intel,Intel,i3,4.0,3.0,Windows,SSD,,240.0,240.0,256GB,,Unk,13.3,12-14in,1280.0,720.0,Other,4,False,False,True,True
160,Dell_i5_4GB_256GB_14-16in,Dell,Notebook/Laptop,144.0,Used,Used,Intel,Intel,i5,,2.5,Unknown,HDD/SSD,240.0,,240.0,256GB,4.0,4GB,14.0,14-16in,1600.0,900.0,Other,0,False,False,False,False
161,Dell_i5_Unk_256GB_12-14in,Dell,Notebook/Laptop,430.2,Used,Used,Intel,Intel,i5,6.0,2.8,Windows,Unknown,,240.0,240.0,256GB,,Unk,12.5,12-14in,1920.0,1080.0,Black,7,True,True,True,True
162,Other/Unbranded_Unknown_Unk_Unk_Unk,Other/Unbranded,Other,276.5,Refurbished - Seller Grade,Refurbished,Intel,Unknown,Unknown,,,Unknown,Unknown,,,,Unk,,Unk,,Unk,,,Other,0,False,False,False,False
163,Other/Unbranded_Unknown_Unk_Unk_Unk,Other/Unbranded,Other,165.0,New,New,Other,Unknown,Unknown,,,Unknown,Unknown,,,,Unk,,Unk,,Unk,,,Other,0,False,False,False,False
164,Dell_i5_Unk_128GB_14-16in,Dell,Notebook/Laptop,323.8,Used,Used,Intel,Intel,i5,4.0,2.6,Windows,Unknown,,120.0,120.0,128GB,,Unk,14.0,14-16in,1280.0,720.0,Black,4,False,False,True,True
165,Other/Unbranded_Unknown_Unk_Unk_Unk,Other/Unbranded,Other,88.7,New,New,Other,Unknown,Unknown,,,Unknown,Unknown,,,,Unk,,Unk,,Unk,,,Other,0,False,False,False,False
166,Other/Unbranded_Unknown_Unk_Unk_Unk,Other/Unbranded,Other,110.06,New,New,Other,Unknown,Unknown,,,Unknown,Unknown,,,,Unk,,Unk,,Unk,,,Other,0,False,False,False,False
167,Other/Unbranded_Unknown_Unk_Unk_Unk,Other/Unbranded,Other,475.5,Refurbished - Seller Grade,Refurbished,Intel,Unknown,Unknown,,,Unknown,Unknown,,,,Unk,,Unk,,Unk,,,Other,0,False,False,False,False
168,Other/Unbranded_Unknown_Unk_Unk_Unk,Other/Unbranded,Other,48.84,Used,Used,Other,Unknown,Unknown,,,Unknown,Unknown,,,,Unk,,Unk,,Unk,,,Other,0,False,False,False,False
169,Other/Unbranded_Unknown_Unk_Unk_Unk,Other/Unbranded,Other,627.0,Used,Used,Intel,Unknown,Unknown,,,Unknown,Unknown,,,,Unk,,Unk,,Unk,,,Other,0,False,False,False,False
170,Dell_i5_Unk_256GB_12-14in,Dell,Notebook/Laptop,443.8,Used,Used,Intel,Intel,i5,6.0,2.3,Windows,SSD,,240.0,240.0,256GB,,Unk,12.5,12-14in,1920.0,1080.0,Black,4,True,False,True,True
171,Other/Unbranded_Unknown_Unk_Unk_Unk,Other/Unbranded,Other,650.5,Refurbished - Seller Grade,Refurbished,Intel,Unknown,Unknown,,,Unknown,Unknown,,,,Unk,,Unk,,Unk,,,Other,0,False,False,False,False
172,Other/Unbranded_Unknown_Unk_Unk_Unk,Other/Unbranded,Other,94.1,New,New,Other,Unknown,Unknown,,,Unknown,Unknown,,,,Unk,,Unk,,Unk,,,Other,0,False,False,False,False
173,Other/Unbranded_Unknown_Unk_Unk_Unk,Other/Unbranded,Other,269.2,Used,Used,Intel,Unknown,Unknown,,,Unknown,Unknown,,,,Unk,,Unk,,Unk,,,Black,0,False,False,False,False
174,Other/Unbranded_Unknown_Unk_Unk_Unk,Other/Unbranded,Other,425.2,Refurbished - Excellent,Refurbished,Intel,Unknown,Unknown,,,Unknown,Unknown,,,,Unk,,Unk,,Unk,,,Other,0,False,False,False,False
175,Other/Unbranded_Unknown_Unk_Unk_Unk,Other/Unbranded,Other,546.5,Refurbished - Seller Grade,Refurbished,Intel,Unknown,Unknown,,,Unknown,Unknown,,,,Unk,,Unk,,Unk,,,Other,0,False,False,False,False
176,Other/Unbranded_Unknown_Unk_Unk_Unk,Other/Unbranded,Other,1752.0,Used,Used,Intel,Unknown,Unknown,,,Unknown,Unknown,,,,Unk,,Unk,,Unk,,,Other,0,False,False,False,False
177,Other/Unbranded_Unknown_Unk_Unk_Unk,Other/Unbranded,Other,2108.0,Refurbished - Seller Grade,Refurbished,Intel,Unknown,Unknown,,,Unknown,Unknown,,,,Unk,,Unk,,Unk,,,Black,0,False,False,False,False
178,LG_Unknown_Unk_Unk_Unk,LG,Other,93.75,New,New,Other,Unknown,Unknown,,,Unknown,Unknown,,,,Unk,,Unk,,Unk,,,Other,0,False,False,False,False
179,Other/Unbranded_Unknown_Unk_Unk_Unk,Other/Unbranded,Other,81.9,New,New,Other,Unknown,Unknown,,,Unknown,Unknown,,,,Unk,,Unk,,Unk,,,Other,0,False,False,False,False
180,Other/Unbranded_Unknown_Unk_Unk_Unk,Other/Unbranded,Other,113.75,New,New,Other,Unknown,Unknown,,,Unknown,Unknown,,,,Unk,,Unk,,Unk,,,Other,0,False,False,False,False
181,Other/Unbranded_Unknown_Unk_Unk_Unk,Other/Unbranded,Other,358.8,Used,Used,Intel,Unknown,Unknown,,,Unknown,Unknown,,,,Unk,,Unk,,Unk,,,Other,0,False,False,False,False
182,Other/Unbranded_Unknown_Unk_Unk_Unk,Other/Unbranded,Other,301.5,Used,Used,Intel,Unknown,Unknown,,,Unknown,Unknown,,,,Unk,,Unk,,Unk,,,Other,0,False,False,False,False
183,Other/Unbranded_Unknown_Unk_Unk_Unk,Other/Unbranded,Other,103.2,New,New,Other,Unknown,Unknown,,,Unknown,Unknown,,,,Unk,,Unk,,Unk,,,Other,0,False,False,False,False
184,Other/Unbranded_Unknown_Unk_Unk_Unk,Other/Unbranded,Other,108.06,New,New,Other,Unknown,Unknown,,,Unknown,Unknown,,,,Unk,,Unk,,Unk,,,Other,0,False,False,False,False
185,Other/Unbranded_Unknown_Unk_Unk_Unk,Other/Unbranded,Other,91.2,New,New,Other,Unknown,Unknown,,,Unknown,Unknown,,,,Unk,,Unk,,Unk,,,Other,0,False,False,False,False
186,Other/Unbranded_Unknown_Unk_Unk_Unk,Other/Unbranded,Other,106.56,New,New,Other,Unknown,Unknown,,,Unknown,Unknown,,,,Unk,,Unk,,Unk,,,Other,0,False,False,False,False
187,Other/Unbranded_Unknown_Unk_Unk_Unk,Other/Unbranded,Other,85.75,New,New,Other,Unknown,Unknown,,,Unknown,Unknown,,,,Unk,,Unk,,Unk,,,Other,0,False,False,False,False
188,LG_Unknown_Unk_Unk_Unk,LG,Other,93.25,New,New,Other,Unknown,Unknown,,,Unknown,Unknown,,,,Unk,,Unk,,Unk,,,Other,0,False,False,False,False
189,Other/Unbranded_Unknown_Unk_Unk_Unk,Other/Unbranded,Other,81.6,New,New,Other,Unknown,Unknown,,,Unknown,Unknown,,,,Unk,,Unk,,Unk,,,Other,0,False,False,False,False
190,Other/Unbranded_Unknown_Unk_Unk_Unk,Other/Unbranded,Other,41.5,New,New,Other,Unknown,Unknown,,,Unknown,Unknown,,,,Unk,,Unk,,Unk,,,Other,0,False,False,False,False
191,Other/Unbranded_Unknown_Unk_Unk_Unk,Other/Unbranded,Other,296.8,New,New,Other,Unknown,Unknown,,,Unknown,Unknown,,,,Unk,,Unk,,Unk,,,Other,0,False,False,False,False
192,Other/Unbranded_Unknown_Unk_Unk_Unk,Other/Unbranded,Other,84.2,New,New,Other,Unknown,Unknown,,,Unknown,Unknown,,,,Unk,,Unk,,Unk,,,Other,0,False,False,False,False
193,Dell_i5_4GB_256GB_14-16in,Dell,Notebook/Laptop,75.0,Used,Used,Intel,Intel,i5,4.0,2.7,Windows,HDD/SSD,200.0,,200.0,256GB,4.0,4GB,14.0,14-16in,,,Silver,3,False,False,True,True
194,Other/Unbranded_Unknown_Unk_Unk_Unk,Other/Unbranded,Other,166.2,New,New,Other,Unknown,Unknown,,,Unknown,Unknown,,,,Unk,,Unk,,Unk,,,Other,0,False,False,False,False
195,Lenovo_i3_Unk_128GB_12-14in,Lenovo,Notebook/Laptop,456.8,Refurbished - Seller Grade,Refurbished,Intel,Intel,i3,7.0,3.0,Windows,SSD,,120.0,120.0,128GB,,Unk,13.3,12-14in,1280.0,720.0,Other,3,False,False,True,True
196,Other/Unbranded_Unknown_Unk_Unk_Unk,Other/Unbranded,Other,959.0,Refurbished - Seller Grade,Refurbished,Intel,Unknown,Unknown,,,Unknown,Unknown,,,,Unk,,Unk,,Unk,,,Other,0,False,False,False,False
197,Other/Unbranded_Unknown_Unk_Unk_Unk,Other/Unbranded,Other,27.12,Used,Used,Other,Unknown,Unknown,,,Unknown,Unknown,,,,Unk,,Unk,,Unk,,,Other,0,False,False,False,False
198,Dell_i5_Unk_256GB_14-16in,Dell,Notebook/Laptop,314.5,Used,Used,Intel,Intel,i5,4.0,2.6,Windows,Unknown,,240.0,240.0,256GB,,Unk,14.0,14-16in,1280.0,720.0,Other,3,False,False,False,True
199,Dell_i5_8GB_Unk_Unk,Dell,Other,400.2,Used,Used,Other,Intel,i5,,2.3,Windows,Unknown,,,,Unk,8.0,8GB,,Unk,,,Other,0,False,False,False,False
200,Dell_Other/Unspecified_8GB_256GB_14-16in,Dell,Other,214.8,Used,Used,Intel,Other,Other/Unspecified,,1.6,Windows,Unknown,,240.0,240.0,256GB,8.0,8GB,14.0,14-16in,1366.0,768.0,Black,2,False,False,True,True
201,Lenovo_i5_Unk_512GB_14-16in,Lenovo,Notebook/Laptop,708.0,Refurbished - Seller Grade,Refurbished,Intel,Intel,i5,6.0,3.0,Windows,SSD,,480.0,480.0,512GB,,Unk,14.0,14-16in,,,Other,4,True,False,True,True
202,Other/Unbranded_Unknown_Unk_Unk_Unk,Other/Unbranded,Other,326.2,Refurbished - Seller Grade,Refurbished,Nvidia,Unknown,Unknown,,,Unknown,Unknown,,,,Unk,,Unk,,Unk,,,Black,0,False,False,False,False
203,Other/Unbranded_i3_Unk_256GB_12-14in,Other/Unbranded,Notebook/Laptop,329.8,Used,Used,Intel,Intel,i3,6.0,3.0,Windows,SSD,,256.0,256.0,256GB,,Unk,13.3,12-14in,1280.0,720.0,Other,4,False,False,True,True
204,Other/Unbranded_Unknown_Unk_Unk_Unk,Other/Unbranded,Other,110.0,New,New,Other,Unknown,Unknown,,,Unknown,Unknown,,,,Unk,,Unk,,Unk,,,Other,0,False,False,False,False
205,Other/Unbranded_Unknown_Unk_Unk_Unk,Other/Unbranded,Other,304.5,Used,Used,Intel,Unknown,Unknown,,,Unknown,Unknown,,,,Unk,,Unk,,Unk,,,Other,0,False,False,False,False
206,Other/Unbranded_Unknown_Unk_Unk_Unk,Other/Unbranded,Other,162.8,New,New,Other,Unknown,Unknown,,,Unknown,Unknown,,,,Unk,,Unk,,Unk,,,Other,0,False,False,False,False
207,Acer_Unknown_Unk_Unk_Unk,Acer,Other,67.06,New,New,Other,Unknown,Unknown,,,Unknown,Unknown,,,,Unk,,Unk,,Unk,,,Other,0,False,False,False,False
208,Other/Unbranded_Unknown_Unk_Unk_Unk,Other/Unbranded,Other,382.0,Refurbished - Seller Grade,Refurbished,Intel,Unknown,Unknown,,,Unknown,Unknown,,,,Unk,,Unk,,Unk,,,Black,0,False,False,False,False
209,Other/Unbranded_Unknown_Unk_Unk_Unk,Other/Unbranded,Other,85.7,Unknown,Unknown,Other,Unknown,Unknown,,,Unknown,Unknown,,,,Unk,,Unk,,Unk,,,Other,0,False,False,False,False
210,Other/Unbranded_Unknown_Unk_Unk_Unk,Other/Unbranded,Other,651.5,Refurbished - Seller Grade,Refurbished,Intel,Unknown,Unknown,,,Unknown,Unknown,,,,Unk,,Unk,,Unk,,,Other,0,False,False,False,False
211,Other/Unbranded_Unknown_Unk_Unk_Unk,Other/Unbranded,Other,104.94,New,New,Other,Unknown,Unknown,,,Unknown,Unknown,,,,Unk,,Unk,,Unk,,,Other,0,False,False,False,False
212,Other/Unbranded_Unknown_Unk_Unk_Unk,Other/Unbranded,Other,1703.0,Used,Used,Intel,Unknown,Unknown,,,Unknown,Unknown,,,,Unk,,Unk,,Unk,,,Other,0,False,False,False,False
213,Other/Unbranded_Unknown_Unk_Unk_Unk,Other/Unbranded,Other,127.75,Unknown,Unknown,Other,Unknown,Unknown,,,Unknown,Unknown,,,,Unk,,Unk,,Unk,,,Black,0,False,False,False,False
214,Other/Unbranded_Unknown_Unk_Unk_Unk,Other/Unbranded,Other,1291.0,Refurbished - Seller Grade,Refurbished,Intel,Unknown,Unknown,,,Unknown,Unknown,,,,Unk,,Unk,,Unk,,,Other,0,False,False,False,False
215,Other/Unbranded_Unknown_Unk_Unk_Unk,Other/Unbranded,Other,731.5,Refurbished - Seller Grade,Refurbished,Intel,Unknown,Unknown,,,Unknown,Unknown,,,,Unk,,Unk,,Unk,,,Other,0,False,False,False,False
216,Other/Unbranded_Unknown_Unk_Unk_Unk,Other/Unbranded,Other,827.0,Used,Used,Intel,Unknown,Unknown,,,Unknown,Unknown,,,,Unk,,Unk,,Unk,,,Other,0,False,False,False,False
217,Other/Unbranded_Unknown_Unk_Unk_Unk,Other/Unbranded,Other,310.8,Used,Used,Intel,Unknown,Unknown,,,Unknown,Unknown,,,,Unk,,Unk,,Unk,,,Other,0,False,False,False,False
218,Other/Unbranded_Unknown_Unk_Unk_Unk,Other/Unbranded,Other,335.8,Used,Used,Intel,Unknown,Unknown,,,Unknown,Unknown,,,,Unk,,Unk,,Unk,,,Other,0,False,False,False,False
219,Other/Unbranded_Unknown_Unk_Unk_Unk,Other/Unbranded,Other,203.0,Used,Used,Other,Unknown,Unknown,,,Unknown,Unknown,,,,Unk,,Unk,,Unk,,,Other,0,False,False,False,False
220,Other/Unbranded_Unknown_Unk_Unk_Unk,Other/Unbranded,Other,101.0,New,New,Other,Unknown,Unknown,,,Unknown,Unknown,,,,Unk,,Unk,,Unk,,,Other,0,False,False,False,False
221,Other/Unbranded_Unknown_Unk_Unk_Unk,Other/Unbranded,Other,62.94,New,New,Other,Unknown,Unknown,,,Unknown,Unknown,,,,Unk,,Unk,,Unk,,,Other,0,False,False,False,False
222,Other/Unbranded_Unknown_Unk_Unk_Unk,Other/Unbranded,Other,116.25,Unknown,Unknown,Other,Unknown,Unknown,,,Unknown,Unknown,,,,Unk,,Unk,,Unk,,,Other,0,False,False,False,False
223,Other/Unbranded_Unknown_Unk_Unk_Unk,Other/Unbranded,Other,20.78,New,New,Other,Unknown,Unknown,,,Unknown,Unknown,,,,Unk,,Unk,,Unk,,,Other,0,False,False,False,False
224,Other/Unbranded_Unknown_Unk_Unk_Unk,Other/Unbranded,Other,104.44,New,New,Other,Unknown,Unknown,,,Unknown,Unknown,,,,Unk,,Unk,,Unk,,,Other,0,False,False,False,False
225,Other/Unbranded_i5_Unk_1TB_14-16in,Other/Unbranded,Other,667.5,Refurbished - Seller Grade,Refurbished,Intel,Intel,i5,4.0,,Windows,Unknown,,960.0,960.0,1TB,,Unk,15.6,14-16in,1280.0,720.0,Other,0,False,False,False,False
226,Other/Unbranded_Unknown_Unk_Unk_Unk,Other/Unbranded,Other,332.0,Refurbished - Seller Grade,Refurbished,Intel,Unknown,Unknown,,,Unknown,Unknown,,,,Unk,,Unk,,Unk,,,Black,0,False,False,False,False
227,Other/Unbranded_Unknown_Unk_Unk_Unk,Other/Unbranded,Other,339.2,Used,Used,Intel,Unknown,Unknown,,,Unknown,Unknown,,,,Unk,,Unk,,Unk,,,Other,0,False,False,False,False
228,Other/Unbranded_Unknown_Unk_Unk_Unk,Other/Unbranded,Other,131.2,New,New,Other,Unknown,Unknown,,,Unknown,Unknown,,,,Unk,,Unk,,Unk,,,Other,0,False,False,False,False
229,Other/Unbranded_Unknown_Unk_Unk_Unk,Other/Unbranded,Other,29.86,New,New,Other,Unknown,Unknown,,,Unknown,Unknown,,,,Unk,,Unk,,Unk,,,Other,0,False,False,False,False
230,Lenovo_i5_Unk_2TB_14-16in,Lenovo,Other,1132.0,Used,Used,Intel,Intel,i5,6.0,,Windows,Unknown,,2000.0,2000.0,2TB,,Unk,14.0,14-16in,,,Black,0,False,False,False,False
231,Other/Unbranded_Unknown_Unk_Unk_Unk,Other/Unbranded,Other,60.78,New,New,Other,Unknown,Unknown,,,Unknown,Unknown,,,,Unk,,Unk,,Unk,,,Other,0,False,False,False,False
232,Lenovo_i3_Unk_256GB_12-14in,Lenovo,Notebook/Laptop,453.8,Used,Used,Intel,Intel,i3,7.0,2.4,Windows,SSD,,240.0,240.0,256GB,,Unk,13.3,12-14in,1280.0,720.0,Other,3,False,False,True,True
233,Samsung_Unknown_Unk_Unk_Unk,Samsung,Other,70.0,New,New,Other,Unknown,Unknown,,,Unknown,Unknown,,,,Unk,,Unk,,Unk,,,Other,0,False,False,False,False
234,Other/Unbranded_Unknown_Unk_Unk_Unk,Other/Unbranded,Other,354.0,Refurbished - Seller Grade,Refurbished,Intel,Unknown,Unknown,,,Unknown,Unknown,,,,Unk,,Unk,,Unk,,,Black,0,False,False,False,False
235,Other/Unbranded_Unknown_Unk_Unk_Unk,Other/Unbranded,Other,571.5,Used,Used,Intel,Unknown,Unknown,,,Unknown,Unknown,,,,Unk,,Unk,,Unk,,,Other,0,False,False,False,False
236,Dell_i5_Unk_256GB_14-16in,Dell,Notebook/Laptop,283.2,Used,Used,Nvidia,Intel,i5,4.0,2.6,Windows,Unknown,,240.0,240.0,256GB,,Unk,14.0,14-16in,1280.0,720.0,Other,3,False,False,False,True
237,Other/Unbranded_Unknown_Unk_Unk_Unk,Other/Unbranded,Other,318.2,Refurbished - Good,Refurbished,Intel,Unknown,Unknown,,,Unknown,Unknown,,,,Unk,,Unk,,Unk,,,Other,0,False,False,False,False
238,Other/Unbranded_Unknown_Unk_Unk_Unk,Other/Unbranded,Other,100.1,Used,Used,Amd,Unknown,Unknown,,,Unknown,Unknown,,,,Unk,,Unk,,Unk,,,Other,0,False,False,False,False
239,Other/Unbranded_Unknown_Unk_Unk_Unk,Other/Unbranded,Other,325.8,Used,Used,Intel,Unknown,Unknown,,,Unknown,Unknown,,,,Unk,,Unk,,Unk,,,Black,0,False,False,False,False
240,Other/Unbranded_Unknown_Unk_Unk_Unk,Other/Unbranded,Other,47.0,New,New,Other,Unknown,Unknown,,,Unknown,Unknown,,,,Unk,,Unk,,Unk,,,Other,0,False,False,False,False
241,Other/Unbranded_Unknown_Unk_Unk_Unk,Other/Unbranded,Other,338.8,Refurbished - Seller Grade,Refurbished,Nvidia,Unknown,Unknown,,,Unknown,Unknown,,,,Unk,,Unk,,Unk,,,Other,0,False,False,False,False
242,Other/Unbranded_Unknown_Unk_Unk_Unk,Other/Unbranded,Other,445.8,Refurbished - Seller Grade,Refurbished,Intel,Unknown,Unknown,,,Unknown,Unknown,,,,Unk,,Unk,,Unk,,,Other,0,False,False,False,False
243,Other/Unbranded_Unknown_Unk_Unk_Unk,Other/Unbranded,Other,596.5,Used,Used,Intel,Unknown,Unknown,,,Unknown,Unknown,,,,Unk,,Unk,,Unk,,,Other,0,False,False,False,False
244,Other/Unbranded_Unknown_Unk_Unk_Unk,Other/Unbranded,Other,117.06,Unknown,Unknown,Other,Unknown,Unknown,,,Unknown,Unknown,,,,Unk,,Unk,,Unk,,,Other,0,False,False,False,False
245,Other/Unbranded_Unknown_Unk_Unk_Unk,Other/Unbranded,Other,342.2,Refurbished - Seller Grade,Refurbished,Other,Unknown,Unknown,,,Unknown,Unknown,,,,Unk,,Unk,,Unk,,,Black,0,False,False,False,False
246,Lenovo_celeron_Unk_256GB_14-16in,Lenovo,Notebook/Laptop,639.0,Used,Used,Intel,Intel,celeron,,,Windows,Unknown,,240.0,240.0,256GB,,Unk,15.6,14-16in,1280.0,720.0,Other,1,False,False,False,False
247,Other/Unbranded_Unknown_Unk_Unk_Unk,Other/Unbranded,Other,89.25,New,New,Other,Unknown,Unknown,,,Unknown,Unknown,,,,Unk,,Unk,,Unk,,,Other,0,False,False,False,False
248,Other/Unbranded_Unknown_Unk_Unk_Unk,Other/Unbranded,Other,512.0,Refurbished - Seller Grade,Refurbished,Intel,Unknown,Unknown,,,Unknown,Unknown,,,,Unk,,Unk,,Unk,,,Other,0,False,False,False,False
249,Other/Unbranded_Unknown_Unk_Unk_Unk,Other/Unbranded,Other,335.8,Used,Used,Other,Unknown,Unknown,,,Unknown,Unknown,,,,Unk,,Unk,,Unk,,,Other,0,False,False,False,False
250,Dell_i5_Unk_2TB_14-16in,Dell,Notebook/Laptop,559.5,Used,Used,Intel,Intel,i5,5.0,2.7,Windows,Unknown,,2000.0,2000.0,2TB,,Unk,14.0,14-16in,1280.0,720.0,Other,3,False,False,False,True
251,Dell_i5_Unk_256GB_14-16in,Dell,Notebook/Laptop,352.5,Used,Used,Intel,Intel,i5,4.0,2.6,Windows,Unknown,,240.0,240.0,256GB,,Unk,14.0,14-16in,1280.0,720.0,Other,3,False,False,False,True
252,Other/Unbranded_Unknown_Unk_Unk_Unk,Other/Unbranded,Other,341.8,Used,Used,Other,Unknown,Unknown,,,Unknown,Unknown,,,,Unk,,Unk,,Unk,,,Other,0,False,False,False,False
253,Lenovo_i3_Unk_1TB_14-16in,Lenovo,Notebook/Laptop,691.5,Used,Used,Intel,Intel,i3,7.0,3.0,Windows,HDD/SSD,,960.0,960.0,1TB,,Unk,15.6,14-16in,1920.0,1080.0,Black,6,False,False,True,True
254,Other/Unbranded_Unknown_Unk_Unk_Unk,Other/Unbranded,Other,405.2,Used,Used,Nvidia,Unknown,Unknown,,,Unknown,Unknown,,,,Unk,,Unk,,Unk,,,Other,0,False,False,False,False
255,LG_Unknown_Unk_Unk_Unk,LG,Other,95.0,New,New,Other,Unknown,Unknown,,,Unknown,Unknown,,,,Unk,,Unk,,Unk,,,Other,0,False,False,False,False
256,Other/Unbranded_Unknown_Unk_Unk_Unk,Other/Unbranded,Other,116.56,New,New,Other,Unknown,Unknown,,,Unknown,Unknown,,,,Unk,,Unk,,Unk,,,Other,0,False,False,False,False
257,Other/Unbranded_celeron_Unk_Unk_14-16in,Other/Unbranded,Other,21.8,For Parts / Not Working,End-of-Life,Other,Intel,celeron,,,Unknown,Unknown,,,,Unk,,Unk,14.1,14-16in,,,Other,0,False,False,False,False
258,Lenovo_i5_Unk_256GB_14-16in,Lenovo,Notebook/Laptop,626.0,Used,Used,Intel,Intel,i5,6.0,3.0,Windows,SSD,,240.0,240.0,256GB,,Unk,14.0,14-16in,1920.0,1080.0,Black,5,True,False,True,True
259,Other/Unbranded_i5_Unk_512GB_12-14in,Other/Unbranded,Notebook/Laptop,481.8,Refurbished - Seller Grade,Refurbished,Intel,Intel,i5,6.0,3.0,Windows,SSD,,480.0,480.0,512GB,,Unk,13.3,12-14in,1280.0,720.0,Other,4,False,False,True,True
260,Dell_i5_Unk_256GB_14-16in,Dell,Notebook/Laptop,389.8,Used,Used,Intel,Intel,i5,4.0,,Windows,Unknown,,240.0,240.0,256GB,,Unk,14.0,14-16in,1280.0,720.0,Other,0,False,False,False,False
261,Other/Unbranded_Unknown_Unk_Unk_Unk,Other/Unbranded,Other,516.0,Used,Used,Intel,Unknown,Unknown,,,Unknown,Unknown,,,,Unk,,Unk,,Unk,,,Other,0,False,False,False,False
262,Other/Unbranded_Unknown_Unk_Unk_Unk,Other/Unbranded,Other,85.06,New,New,Other,Unknown,Unknown,,,Unknown,Unknown,,,,Unk,,Unk,,Unk,,,Other,0,False,False,False,False
263,Other/Unbranded_Unknown_Unk_Unk_Unk,Other/Unbranded,Other,500.5,Refurbished - Seller Grade,Refurbished,Intel,Unknown,Unknown,,,Unknown,Unknown,,,,Unk,,Unk,,Unk,,,Other,0,False,False,False,False
264,Other/Unbranded_Unknown_Unk_Unk_Unk,Other/Unbranded,Other,462.2,Refurbished - Seller Grade,Refurbished,Intel,Unknown,Unknown,,,Unknown,Unknown,,,,Unk,,Unk,,Unk,,,Black,0,False,False,False,False
265,Other/Unbranded_Unknown_Unk_Unk_Unk,Other/Unbranded,Other,28.8,New,New,Other,Unknown,Unknown,,,Unknown,Unknown,,,,Unk,,Unk,,Unk,,,Other,0,False,False,False,False
266,Other/Unbranded_Unknown_Unk_Unk_Unk,Other/Unbranded,Other,491.0,Refurbished - Seller Grade,Refurbished,Intel,Unknown,Unknown,,,Unknown,Unknown,,,,Unk,,Unk,,Unk,,,Other,0,False,False,False,False
267,Dell_i5_Unk_512GB_14-16in,Dell,Notebook/Laptop,392.0,Used,Used,Intel,Intel,i5,4.0,2.6,Windows,Unknown,,480.0,480.0,512GB,,Unk,14.0,14-16in,1280.0,720.0,Other,4,False,False,True,True
268,Other/Unbranded_i3_Unk_128GB_12-14in,Other/Unbranded,Notebook/Laptop,383.5,Used,Used,Intel,Intel,i3,4.0,3.0,Windows,SSD,,120.0,120.0,128GB,,Unk,13.3,12-14in,1280.0,720.0,Black,4,False,False,True,True
269,Dell_i5_Unk_1TB_12-14in,Dell,Notebook/Laptop,568.5,Used,Used,Intel,Intel,i5,6.0,2.3,Windows,SSD,,960.0,960.0,1TB,,Unk,12.5,12-14in,1920.0,1080.0,Black,4,True,False,True,True
270,Other/Unbranded_i5_Unk_1TB_14-16in,Other/Unbranded,Notebook/Laptop,573.0,Used,Used,Intel,Intel,i5,4.0,3.0,Windows,SSD,,960.0,960.0,1TB,,Unk,15.6,14-16in,1280.0,720.0,Black,4,False,False,True,True
271,Other/Unbranded_Unknown_Unk_Unk_Unk,Other/Unbranded,Other,142.9,New,New,Other,Unknown,Unknown,,,Unknown,Unknown,,,,Unk,,Unk,,Unk,,,Other,0,False,False,False,False
272,Other/Unbranded_Unknown_Unk_Unk_Unk,Other/Unbranded,Other,10.85,Used,Used,Other,Unknown,Unknown,,,Unknown,Unknown,,,,Unk,,Unk,,Unk,,,Other,0,False,False,False,False
273,Other/Unbranded_Unknown_Unk_Unk_Unk,Other/Unbranded,Other,80.75,New,New,Other,Unknown,Unknown,,,Unknown,Unknown,,,,Unk,,Unk,,Unk,,,Other,0,False,False,False,False
274,Other/Unbranded_Unknown_Unk_Unk_Unk,Other/Unbranded,Other,23.88,Used,Used,Other,Unknown,Unknown,,,Unknown,Unknown,,,,Unk,,Unk,,Unk,,,Other,0,False,False,False,False
275,Other/Unbranded_Unknown_Unk_Unk_Unk,Other/Unbranded,Other,251.6,Used,Used,Other,Unknown,Unknown,,,Unknown,Unknown,,,,Unk,,Unk,,Unk,,,Other,0,False,False,False,False
276,Dell_i5_Unk_1TB_14-16in,Dell,Notebook/Laptop,451.5,Used,Used,Nvidia,Intel,i5,4.0,2.6,Windows,Unknown,,960.0,960.0,1TB,,Unk,14.0,14-16in,1280.0,720.0,Other,3,False,False,False,True
277,Other/Unbranded_Unknown_Unk_Unk_Unk,Other/Unbranded,Other,80.5,New,New,Other,Unknown,Unknown,,,Unknown,Unknown,,,,Unk,,Unk,,Unk,,,Other,0,False,False,False,False
278,Other/Unbranded_Unknown_Unk_Unk_Unk,Other/Unbranded,Other,478.5,Refurbished - Seller Grade,Refurbished,Intel,Unknown,Unknown,,,Unknown,Unknown,,,,Unk,,Unk,,Unk,,,Other,0,False,False,False,False
279,Other/Unbranded_Unknown_Unk_Unk_Unk,Other/Unbranded,Other,766.0,Refurbished - Seller Grade,Refurbished,Intel,Unknown,Unknown,,,Unknown,Unknown,,,,Unk,,Unk,,Unk,,,Other,0,False,False,False,False
280,Dell_Unknown_Unk_Unk_14-16in,Dell,Notebook/Laptop,221.2,Unknown,Unknown,Other,Unknown,Unknown,,,Unknown,HDD/SSD,,,,Unk,,Unk,15.6,14-16in,1366.0,768.0,Gray,0,False,False,False,False
281,Other/Unbranded_Unknown_Unk_Unk_Unk,Other/Unbranded,Other,399.0,Refurbished - Seller Grade,Refurbished,Intel,Unknown,Unknown,,,Unknown,Unknown,,,,Unk,,Unk,,Unk,,,Black,0,False,False,False,False
282,Lenovo_Unknown_Unk_Unk_Unk,Lenovo,Other,45.1,New,New,Other,Unknown,Unknown,,,Unknown,Unknown,,,,Unk,,Unk,,Unk,,,Other,0,False,False,False,False
283,AUO_Unknown_Unk_Unk_Unk,AUO,Other,92.5,New,New,Other,Unknown,Unknown,,,Unknown,Unknown,,,,Unk,,Unk,,Unk,,,Other,0,False,False,False,False
284,Dell_i5_Unk_2TB+_12-14in,Dell,Notebook/Laptop,1463.0,Used,Used,Intel,Intel,i5,6.0,2.8,Windows,Unknown,,4000.0,4000.0,2TB+,,Unk,12.5,12-14in,1920.0,1080.0,Black,7,True,True,True,True
285,Other/Unbranded_Unknown_Unk_Unk_Unk,Other/Unbranded,Other,373.0,Used,Used,Intel,Unknown,Unknown,,,Unknown,Unknown,,,,Unk,,Unk,,Unk,,,Other,0,False,False,False,False
286,Dell_i5_Unk_512GB_14-16in,Dell,Notebook/Laptop,416.2,Used,Used,Intel,Intel,i5,4.0,2.6,Windows,Unknown,,480.0,480.0,512GB,,Unk,14.0,14-16in,1280.0,720.0,Other,3,False,False,False,True
287,Other/Unbranded_Unknown_Unk_Unk_Unk,Other/Unbranded,Other,394.8,Used,Used,Intel,Unknown,Unknown,,,Unknown,Unknown,,,,Unk,,Unk,,Unk,,,Other,0,False,False,False,False
288,Other/Unbranded_Unknown_Unk_Unk_Unk,Other/Unbranded,Other,382.0,New,New,Other,Unknown,Unknown,,,Unknown,Unknown,,,,Unk,,Unk,,Unk,,,Other,0,False,False,False,False
289,Dell_i5_Unk_128GB_14-16in,Dell,Notebook/Laptop,293.2,Used,Used,Intel,Intel,i5,4.0,2.6,Windows,Unknown,,120.0,120.0,128GB,,Unk,14.0,14-16in,1280.0,720.0,Other,3,False,False,False,True
290,Other/Unbranded_Unknown_Unk_Unk_Unk,Other/Unbranded,Other,783.5,Used,Used,Intel,Unknown,Unknown,,,Unknown,Unknown,,,,Unk,,Unk,,Unk,,,Black,0,False,False,False,False
291,Other/Unbranded_Unknown_Unk_Unk_Unk,Other/Unbranded,Other,727.0,Used,Used,Intel,Unknown,Unknown,,,Unknown,Unknown,,,,Unk,,Unk,,Unk,,,Black,0,False,False,False,False
292,HP_i5_32GB+_2TB+_14-16in,HP,Notebook/Laptop,699.0,New,New,Nvidia,Intel,i5,,4.4,Windows,SSD,2000.0,2000.0,4000.0,2TB+,64.0,32GB+,15.6,14-16in,1920.0,1080.0,Silver,6,False,True,True,False
293,Other/Unbranded_Unknown_Unk_Unk_Unk,Other/Unbranded,Other,391.5,Refurbished - Seller Grade,Refurbished,Intel,Unknown,Unknown,,,Unknown,Unknown,,,,Unk,,Unk,,Unk,,,Other,0,False,False,False,False
294,Other/Unbranded_Unknown_Unk_Unk_Unk,Other/Unbranded,Other,411.5,Refurbished - Seller Grade,Refurbished,Intel,Unknown,Unknown,,,Unknown,Unknown,,,,Unk,,Unk,,Unk,,,Other,0,False,False,False,False
295,Other/Unbranded_Unknown_Unk_Unk_Unk,Other/Unbranded,Other,229.6,Refurbished - Seller Grade,Refurbished,Intel,Unknown,Unknown,,,Unknown,Unknown,,,,Unk,,Unk,,Unk,,,Other,0,False,False,False,False
296,Other/Unbranded_Unknown_Unk_Unk_Unk,Other/Unbranded,Other,199.9,Unknown,Unknown,Other,Unknown,Unknown,,,Unknown,Unknown,,,,Unk,,Unk,,Unk,,,Other,0,False,False,False,False
297,Lenovo_Unknown_Unk_Unk_Unk,Lenovo,Notebook/Laptop,542.5,Unknown,Unknown,Other,Unknown,Unknown,,,Unknown,Unknown,,,,Unk,,Unk,,Unk,,,Black,0,False,False,False,False
298,Other/Unbranded_Unknown_Unk_Unk_Unk,Other/Unbranded,Other,548.5,Refurbished - Seller Grade,Refurbished,Intel,Unknown,Unknown,,,Unknown,Unknown,,,,Unk,,Unk,,Unk,,,Other,0,False,False,False,False
299,Other/Unbranded_Unknown_Unk_Unk_Unk,Other/Unbranded,Other,655.5,New,New,Intel,Unknown,Unknown,,,Unknown,Unknown,,,,Unk,,Unk,,Unk,,,Other,0,False,False,False,False
300,Lenovo_i3_Unk_128GB_12-14in,Lenovo,Notebook/Laptop,464.5,Used,Used,Intel,Intel,i3,7.0,2.4,Windows,SSD,,120.0,120.0,128GB,,Unk,13.0,12-14in,1280.0,720.0,Other,3,False,False,True,True
301,Dell_i5_Unk_256GB_14-16in,Dell,Notebook/Laptop,334.2,Used,Used,Intel,Intel,i5,4.0,2.6,Windows,Unknown,,240.0,240.0,256GB,,Unk,14.0,14-16in,1280.0,720.0,Black,4,False,False,True,True
302,Other/Unbranded_Unknown_Unk_Unk_Unk,Other/Unbranded,Other,112.2,New,New,Other,Unknown,Unknown,,,Unknown,Unknown,,,,Unk,,Unk,,Unk,,,Other,0,False,False,False,False
303,Other/Unbranded_Unknown_Unk_Unk_Unk,Other/Unbranded,Other,114.5,New,New,Other,Unknown,Unknown,,,Unknown,Unknown,,,,Unk,,Unk,,Unk,,,Other,0,False,False,False,False
304,Other/Unbranded_Unknown_Unk_Unk_Unk,Other/Unbranded,Other,123.2,New,New,Other,Unknown,Unknown,,,Unknown,Unknown,,,,Unk,,Unk,,Unk,,,Other,0,False,False,False,False
305,Other/Unbranded_Unknown_Unk_Unk_Unk,Other/Unbranded,Other,457.2,Refurbished - Seller Grade,Refurbished,Intel,Unknown,Unknown,,,Unknown,Unknown,,,,Unk,,Unk,,Unk,,,Black,0,False,False,False,False
306,Other/Unbranded_Unknown_Unk_Unk_Unk,Other/Unbranded,Other,89.6,New,New,Other,Unknown,Unknown,,,Unknown,Unknown,,,,Unk,,Unk,,Unk,,,Other,0,False,False,False,False
307,Other/Unbranded_Unknown_Unk_Unk_Unk,Other/Unbranded,Other,58.56,New,New,Other,Unknown,Unknown,,,Unknown,Unknown,,,,Unk,,Unk,,Unk,,,Other,0,False,False,False,False
308,Other/Unbranded_Unknown_Unk_Unk_Unk,Other/Unbranded,Other,130.4,New,New,Other,Unknown,Unknown,,,Unknown,Unknown,,,,Unk,,Unk,,Unk,,,Other,0,False,False,False,False
309,Other/Unbranded_pentium_Unk_Unk_16in+,Other/Unbranded,Other,318.0,Used,Used,Other,Other,pentium,,,Unknown,Unknown,,,,Unk,,Unk,17.3,16in+,,,Other,0,False,False,False,False
310,Other/Unbranded_Unknown_Unk_Unk_Unk,Other/Unbranded,Other,88.25,New,New,Other,Unknown,Unknown,,,Unknown,Unknown,,,,Unk,,Unk,,Unk,,,Other,0,False,False,False,False
311,LG_Unknown_Unk_Unk_Unk,LG,Other,103.25,New,New,Other,Unknown,Unknown,,,Unknown,Unknown,,,,Unk,,Unk,,Unk,,,Other,0,False,False,False,False
312,Other/Unbranded_Unknown_Unk_Unk_Unk,Other/Unbranded,Other,2506.0,New,New,Intel,Unknown,Unknown,,,Unknown,Unknown,,,,Unk,,Unk,,Unk,,,Other,0,False,False,False,False
313,Other/Unbranded_Unknown_Unk_Unk_Unk,Other/Unbranded,Other,309.2,New,New,Other,Unknown,Unknown,,,Unknown,Unknown,,,,Unk,,Unk,,Unk,,,Other,0,False,False,False,False
314,Other/Unbranded_Unknown_Unk_Unk_Unk,Other/Unbranded,Other,526.0,Refurbished - Seller Grade,Refurbished,Intel,Unknown,Unknown,,,Unknown,Unknown,,,,Unk,,Unk,,Unk,,,Other,0,False,False,False,False
315,Other/Unbranded_Unknown_Unk_Unk_Unk,Other/Unbranded,Other,543.5,Refurbished - Seller Grade,Refurbished,Nvidia,Unknown,Unknown,,,Unknown,Unknown,,,,Unk,,Unk,,Unk,,,Black,0,False,False,False,False
316,Other/Unbranded_Unknown_Unk_Unk_Unk,Other/Unbranded,Other,2288.0,Refurbished - Seller Grade,Refurbished,Intel,Unknown,Unknown,,,Unknown,Unknown,,,,Unk,,Unk,,Unk,,,Black,0,False,False,False,False
317,Other/Unbranded_i3_Unk_256GB_14-16in,Other/Unbranded,Other,377.8,Used,Used,Intel,Intel,i3,4.0,,Windows,Unknown,,240.0,240.0,256GB,,Unk,14.0,14-16in,1280.0,720.0,Other,1,False,False,False,False
318,Other/Unbranded_Unknown_Unk_Unk_Unk,Other/Unbranded,Other,382.5,Used,Used,Intel,Unknown,Unknown,,,Unknown,Unknown,,,,Unk,,Unk,,Unk,,,Other,0,False,False,False,False
319,Dell_i5_Unk_128GB_14-16in,Dell,Notebook/Laptop,307.2,Used,Used,Intel,Intel,i5,4.0,,Windows,Unknown,,120.0,120.0,128GB,,Unk,14.0,14-16in,1280.0,720.0,Other,0,False,False,False,False
320,LG_Unknown_Unk_Unk_Unk,LG,Other,86.1,New,New,Other,Unknown,Unknown,,,Unknown,Unknown,,,,Unk,,Unk,,Unk,,,Other,0,False,False,False,False
321,Other/Unbranded_i7_Unk_1TB_12-14in,Other/Unbranded,Other,1077.0,Used,Used,Intel,Intel,i7,11.0,,Windows,SSD,16.0,512.0,528.0,1TB,,Unk,13.5,12-14in,,,Other,1,False,False,False,False
322,Other/Unbranded_Unknown_Unk_Unk_Unk,Other/Unbranded,Other,58.62,New,New,Other,Unknown,Unknown,,,Unknown,Unknown,,,,Unk,,Unk,,Unk,,,Other,0,False,False,False,False
323,Other/Unbranded_Unknown_Unk_Unk_Unk,Other/Unbranded,Other,53.16,New,New,Other,Unknown,Unknown,,,Unknown,Unknown,,,,Unk,,Unk,,Unk,,,Other,0,False,False,False,False
324,Other/Unbranded_Unknown_Unk_Unk_Unk,Other/Unbranded,Other,85.25,Unknown,Unknown,Other,Unknown,Unknown,,,Unknown,Unknown,,,,Unk,,Unk,,Unk,,,Other,0,False,False,False,False
325,Other/Unbranded_Unknown_Unk_Unk_Unk,Other/Unbranded,Other,363.2,Refurbished - Seller Grade,Refurbished,Intel,Unknown,Unknown,,,Unknown,Unknown,,,,Unk,,Unk,,Unk,,,Other,0,False,False,False,False
326,AUO_Unknown_Unk_Unk_Unk,AUO,Other,91.7,New,New,Other,Unknown,Unknown,,,Unknown,Unknown,,,,Unk,,Unk,,Unk,,,Other,0,False,False,False,False
327,Lenovo_i5_Unk_1TB_14-16in,Lenovo,Notebook/Laptop,449.8,Used,Used,Intel,Intel,i5,6.0,2.8,Windows,Unknown,,960.0,960.0,1TB,,Unk,14.0,14-16in,1920.0,1080.0,Other,5,False,True,True,True
328,Other/Unbranded_Unknown_Unk_Unk_Unk,Other/Unbranded,Other,289.0,Used,Used,Intel,Unknown,Unknown,,,Unknown,Unknown,,,,Unk,,Unk,,Unk,,,Other,0,False,False,False,False
329,Other/Unbranded_Unknown_Unk_Unk_Unk,Other/Unbranded,Other,313.2,Refurbished - Seller Grade,Refurbished,Nvidia,Unknown,Unknown,,,Unknown,Unknown,,,,Unk,,Unk,,Unk,,,Black,0,False,False,False,False
330,Other/Unbranded_pentium_Unk_Unk_14-16in,Other/Unbranded,Other,22.06,For Parts / Not Working,End-of-Life,Other,Intel,pentium,,,Unknown,Unknown,,,,Unk,,Unk,15.0,14-16in,,,Other,0,False,False,False,False
331,Other/Unbranded_Unknown_Unk_Unk_Unk,Other/Unbranded,Other,374.5,Refurbished - Seller Grade,Refurbished,Intel,Unknown,Unknown,,,Unknown,Unknown,,,,Unk,,Unk,,Unk,,,Black,0,False,False,False,False
332,Other/Unbranded_Unknown_Unk_Unk_Unk,Other/Unbranded,Other,59.22,Unknown,Unknown,Other,Unknown,Unknown,,,Unknown,Unknown,,,,Unk,,Unk,,Unk,1024.0,576.0,Other,0,False,False,False,False
333,Dell_i5_Unk_128GB_14-16in,Dell,Notebook/Laptop,272.0,Used,Used,Intel,Intel,i5,3.0,3.0,Windows,SSD,,120.0,120.0,128GB,,Unk,14.0,14-16in,1280.0,720.0,Other,2,False,False,False,True
334,Other/Unbranded_Unknown_Unk_Unk_Unk,Other/Unbranded,Other,39.12,Unknown,Unknown,Other,Unknown,Unknown,,,Unknown,Unknown,,,,Unk,,Unk,,Unk,,,Other,0,False,False,False,False
335,Other/Unbranded_Unknown_Unk_Unk_Unk,Other/Unbranded,Other,45.1,New,New,Other,Unknown,Unknown,,,Unknown,Unknown,,,,Unk,,Unk,,Unk,,,Other,0,False,False,False,False
336,Other/Unbranded_Unknown_Unk_Unk_Unk,Other/Unbranded,Other,27.94,For Parts / Not Working,End-of-Life,Other,Unknown,Unknown,,,Unknown,Unknown,,,,Unk,,Unk,,Unk,,,Other,0,False,False,False,False
337,Dell_i5_Unk_1TB_14-16in,Dell,Notebook/Laptop,469.0,Refurbished - Seller Grade,Refurbished,Intel,Intel,i5,3.0,3.1,Windows,Unknown,,960.0,960.0,1TB,,Unk,14.0,14-16in,1280.0,720.0,Other,2,False,False,False,True
338,HP_Other/Unspecified_Unk_Unk_14-16in,HP,Other,200.0,Used,Used,Other,AMD,Other/Unspecified,,,Unknown,Unknown,,,,Unk,,Unk,14.0,14-16in,,,Other,0,False,False,False,False
339,Other/Unbranded_Unknown_Unk_Unk_Unk,Other/Unbranded,Other,107.6,New,New,Other,Unknown,Unknown,,,Unknown,Unknown,,,,Unk,,Unk,,Unk,,,Other,0,False,False,False,False
340,Dell_i5_Unk_1TB_12-14in,Dell,Notebook/Laptop,652.0,Used,Used,Intel,Intel,i5,6.0,2.8,Windows,Unknown,,960.0,960.0,1TB,,Unk,12.5,12-14in,1920.0,1080.0,Other,7,True,True,True,True
341,Dell_i5_Unk_512GB_14-16in,Dell,Notebook/Laptop,422.5,Used,Used,Intel,Intel,i5,4.0,,Windows,Unknown,,480.0,480.0,512GB,,Unk,14.0,14-16in,1280.0,720.0,Other,0,False,False,False,False
342,Other/Unbranded_Unknown_Unk_Unk_Unk,Other/Unbranded,Other,79.4,New,New,Other,Unknown,Unknown,,,Unknown,Unknown,,,,Unk,,Unk,,Unk,,,Other,0,False,False,False,False
343,Other/Unbranded_Unknown_Unk_Unk_Unk,Other/Unbranded,Other,27.58,Unknown,Unknown,Other,Unknown,Unknown,,,Unknown,Unknown,,,,Unk,,Unk,,Unk,,,Other,0,False,False,False,False
344,Dell_i5_Unk_512GB_14-16in,Dell,Other,235.0,Used,Used,Other,Intel,i5,6.0,2.4,Unknown,SSD,256.0,256.0,512.0,512GB,,Unk,14.0,14-16in,,,Other,0,False,False,False,False
345,Other/Unbranded_Unknown_Unk_Unk_Unk,Other/Unbranded,Other,571.5,Refurbished - Seller Grade,Refurbished,Intel,Unknown,Unknown,,,Unknown,Unknown,,,,Unk,,Unk,,Unk,,,Black,0,False,False,False,False
346,Other/Unbranded_Unknown_Unk_Unk_Unk,Other/Unbranded,Other,526.5,Used,Used,Other,Unknown,Unknown,,,Unknown,Unknown,,,,Unk,,Unk,,Unk,,,Other,0,False,False,False,False
347,Dell_Other/Unspecified_8GB_256GB_14-16in,Dell,Other,214.8,Used,Used,Intel,Other,Other/Unspecified,,1.6,Windows,Unknown,,256.0,256.0,256GB,8.0,8GB,14.0,14-16in,1366.0,768.0,Black,2,False,False,True,True
348,Other/Unbranded_Unknown_Unk_Unk_Unk,Other/Unbranded,Other,103.5,New,New,Other,Unknown,Unknown,,,Unknown,Unknown,,,,Unk,,Unk,,Unk,,,Other,0,False,False,False,False
349,Other/Unbranded_Unknown_Unk_Unk_Unk,Other/Unbranded,Other,485.5,New,New,Other,Unknown,Unknown,,,Unknown,Unknown,,,,Unk,,Unk,,Unk,,,Other,0,False,False,False,False
350,AUO_Unknown_Unk_Unk_Unk,AUO,Other,60.06,New,New,Other,Unknown,Unknown,,,Unknown,Unknown,,,,Unk,,Unk,,Unk,,,Other,0,False,False,False,False
351,Acer_Unknown_Unk_Unk_Unk,Acer,Other,93.9,Unknown,Unknown,Other,Unknown,Unknown,,,Unknown,Unknown,,,,Unk,,Unk,,Unk,,,Other,0,False,False,False,False
352,Samsung_Unknown_Unk_Unk_Unk,Samsung,Other,113.25,New,New,Other,Unknown,Unknown,,,Unknown,Unknown,,,,Unk,,Unk,,Unk,,,Other,0,False,False,False,False
353,Other/Unbranded_Unknown_Unk_Unk_Unk,Other/Unbranded,Other,32.44,New,New,Other,Unknown,Unknown,,,Unknown,Unknown,,,,Unk,,Unk,,Unk,,,Other,0,False,False,False,False
354,Other/Unbranded_Unknown_Unk_Unk_Unk,Other/Unbranded,Other,46.06,New,New,Other,Unknown,Unknown,,,Unknown,Unknown,,,,Unk,,Unk,,Unk,,,Other,0,False,False,False,False
355,Other/Unbranded_Unknown_Unk_Unk_Unk,Other/Unbranded,Other,336.2,Used,Used,Intel,Unknown,Unknown,,,Unknown,Unknown,,,,Unk,,Unk,,Unk,,,Other,0,False,False,False,False
356,Other/Unbranded_Unknown_Unk_Unk_Unk,Other/Unbranded,Other,426.0,Refurbished - Seller Grade,Refurbished,Intel,Unknown,Unknown,,,Unknown,Unknown,,,,Unk,,Unk,,Unk,,,Black,0,False,False,False,False
357,Other/Unbranded_Unknown_Unk_Unk_Unk,Other/Unbranded,Other,303.8,Refurbished - Seller Grade,Refurbished,Intel,Unknown,Unknown,,,Unknown,Unknown,,,,Unk,,Unk,,Unk,,,Black,0,False,False,False,False
358,Other/Unbranded_Unknown_Unk_Unk_Unk,Other/Unbranded,Other,63.7,New,New,Other,Unknown,Unknown,,,Unknown,Unknown,,,,Unk,,Unk,,Unk,,,Other,0,False,False,False,False
359,Other/Unbranded_Unknown_Unk_Unk_Unk,Other/Unbranded,Other,460.0,New,New,Intel,Unknown,Unknown,,,Unknown,Unknown,,,,Unk,,Unk,,Unk,,,Other,0,False,False,False,False
360,Other/Unbranded_Unknown_Unk_Unk_14-16in,Other/Unbranded,Notebook/Laptop,380.0,Used,Used,Other,Unknown,Unknown,,,Windows,Unknown,,,,Unk,,Unk,15.6,14-16in,,,Other,0,False,False,False,False
361,Other/Unbranded_i3_Unk_256GB_12-14in,Other/Unbranded,Notebook/Laptop,394.0,Used,Used,Intel,Intel,i3,4.0,3.0,Windows,SSD,,240.0,240.0,256GB,,Unk,13.3,12-14in,1280.0,720.0,Black,4,False,False,True,True
362,Other/Unbranded_Unknown_Unk_Unk_Unk,Other/Unbranded,Other,75.94,Used,Used,Other,Unknown,Unknown,,,Unknown,Unknown,,,,Unk,,Unk,,Unk,,,Other,0,False,False,False,False
363,Other/Unbranded_Unknown_Unk_Unk_Unk,Other/Unbranded,Other,203.8,New,New,Other,Unknown,Unknown,,,Unknown,Unknown,,,,Unk,,Unk,,Unk,,,Other,0,False,False,False,False
364,Other/Unbranded_Unknown_Unk_Unk_Unk,Other/Unbranded,Other,81.6,Unknown,Unknown,Other,Unknown,Unknown,,,Unknown,Unknown,,,,Unk,,Unk,,Unk,,,Other,0,False,False,False,False
365,Other/Unbranded_Unknown_Unk_Unk_Unk,Other/Unbranded,Other,85.25,New,New,Other,Unknown,Unknown,,,Unknown,Unknown,,,,Unk,,Unk,,Unk,,,Other,0,False,False,False,False
366,Lenovo_i5_Unk_256GB_14-16in,Lenovo,Notebook/Laptop,319.5,Used,Used,Other,Intel,i5,7.0,3.1,Windows,Unknown,,240.0,240.0,256GB,,Unk,14.0,14-16in,1920.0,1080.0,Black,5,False,True,True,True
367,Other/Unbranded_Unknown_Unk_Unk_Unk,Other/Unbranded,Other,3156.0,New,New,Intel,Unknown,Unknown,,,Unknown,Unknown,,,,Unk,,Unk,,Unk,,,Black,0,False,False,False,False
368,Other/Unbranded_Unknown_Unk_Unk_Unk,Other/Unbranded,Other,339.5,Used,Used,Intel,Unknown,Unknown,,,Unknown,Unknown,,,,Unk,,Unk,,Unk,,,Other,0,False,False,False,False
369,Other/Unbranded_Unknown_Unk_Unk_Unk,Other/Unbranded,Other,440.2,New,New,Other,Unknown,Unknown,,,Unknown,Unknown,,,,Unk,,Unk,,Unk,,,Other,0,False,False,False,False
370,Dell_i5_Unk_512GB_14-16in,Dell,Notebook/Laptop,381.5,Used,Used,Intel,Intel,i5,3.0,3.0,Windows,Unknown,,480.0,480.0,512GB,,Unk,14.0,14-16in,1280.0,720.0,Black,2,False,False,False,True
371,Dell_i5_Unk_256GB_14-16in,Dell,Notebook/Laptop,314.5,Used,Used,Intel,Intel,i5,4.0,2.6,Windows,Unknown,,240.0,240.0,256GB,,Unk,14.0,14-16in,1280.0,720.0,Other,4,False,False,True,True
372,Dell_i5_Unk_512GB_14-16in,Dell,Notebook/Laptop,408.2,Used,Used,Intel,Intel,i5,4.0,2.6,Windows,Unknown,,480.0,480.0,512GB,,Unk,14.0,14-16in,1280.0,720.0,Black,3,False,False,False,True
373,LG_Unknown_Unk_Unk_Unk,LG,Other,91.3,New,New,Other,Unknown,Unknown,,,Unknown,Unknown,,,,Unk,,Unk,,Unk,,,Other,0,False,False,False,False
374,Other/Unbranded_Unknown_Unk_Unk_Unk,Other/Unbranded,Other,481.0,Used,Used,Intel,Unknown,Unknown,,,Unknown,Unknown,,,,Unk,,Unk,,Unk,,,Other,0,False,False,False,False
375,Other/Unbranded_Unknown_Unk_Unk_Unk,Other/Unbranded,Other,222.9,Used,Used,Other,Unknown,Unknown,,,Unknown,Unknown,,,,Unk,,Unk,,Unk,,,Other,0,False,False,False,False
376,Other/Unbranded_Unknown_Unk_Unk_Unk,Other/Unbranded,Other,128.5,New,New,Other,Unknown,Unknown,,,Unknown,Unknown,,,,Unk,,Unk,,Unk,,,Other,0,False,False,False,False
377,Other/Unbranded_Unknown_Unk_Unk_Unk,Other/Unbranded,Other,408.5,Used,Used,Intel,Unknown,Unknown,,,Unknown,Unknown,,,,Unk,,Unk,,Unk,,,Other,0,False,False,False,False
378,Other/Unbranded_Unknown_Unk_Unk_Unk,Other/Unbranded,Other,488.8,Refurbished - Seller Grade,Refurbished,Intel,Unknown,Unknown,,,Unknown,Unknown,,,,Unk,,Unk,,Unk,,,Black,0,False,False,False,False
379,Other/Unbranded_Unknown_Unk_Unk_Unk,Other/Unbranded,Other,28.98,New,New,Other,Unknown,Unknown,,,Unknown,Unknown,,,,Unk,,Unk,,Unk,,,Other,0,False,False,False,False
380,Other/Unbranded_Unknown_Unk_Unk_Unk,Other/Unbranded,Other,94.4,New,New,Other,Unknown,Unknown,,,Unknown,Unknown,,,,Unk,,Unk,,Unk,,,Other,0,False,False,False,False
381,Other/Unbranded_Unknown_Unk_Unk_Unk,Other/Unbranded,Other,125.94,New,New,Other,Unknown,Unknown,,,Unknown,Unknown,,,,Unk,,Unk,,Unk,,,Other,0,False,False,False,False
382,Other/Unbranded_Unknown_Unk_Unk_Unk,Other/Unbranded,Other,361.8,Used,Used,Intel,Unknown,Unknown,,,Unknown,Unknown,,,,Unk,,Unk,,Unk,,,Other,0,False,False,False,False
383,Other/Unbranded_Unknown_Unk_Unk_Unk,Other/Unbranded,Other,130.0,New,New,Other,Unknown,Unknown,,,Unknown,Unknown,,,,Unk,,Unk,,Unk,,,Other,0,False,False,False,False
384,Other/Unbranded_i7_Unk_128GB_14-16in,Other/Unbranded,Notebook/Laptop,2130.0,Refurbished - Seller Grade,Refurbished,Intel,Intel,i7,,1.8,Windows,SSD,,120.0,120.0,128GB,,Unk,14.0,14-16in,1920.0,1080.0,Other,6,False,False,True,True
385,Dell_i5_Unk_1TB_14-16in,Dell,Notebook/Laptop,462.8,Used,Used,Intel,Intel,i5,4.0,2.6,Windows,Unknown,,960.0,960.0,1TB,,Unk,14.0,14-16in,1280.0,720.0,Black,4,False,False,True,True
386,Other/Unbranded_Unknown_Unk_Unk_Unk,Other/Unbranded,Other,105.0,New,New,Other,Unknown,Unknown,,,Unknown,Unknown,,,,Unk,,Unk,,Unk,,,Other,0,False,False,False,False
387,Other/Unbranded_Unknown_Unk_Unk_Unk,Other/Unbranded,Other,2270.0,Refurbished - Seller Grade,Refurbished,Intel,Unknown,Unknown,,,Unknown,Unknown,,,,Unk,,Unk,,Unk,,,Other,0,False,False,False,False
388,Other/Unbranded_Unknown_Unk_Unk_Unk,Other/Unbranded,Other,26.52,New,New,Other,Unknown,Unknown,,,Unknown,Unknown,,,,Unk,,Unk,,Unk,,,Other,0,False,False,False,False
389,Lenovo_i5_Unk_2TB+_14-16in,Lenovo,Notebook/Laptop,1701.0,Used,Used,Intel,Intel,i5,12.0,4.0,Windows,SSD,,4000.0,4000.0,2TB+,,Unk,15.6,14-16in,1920.0,1080.0,Black,3,False,False,True,True
390,Dell_i5_Unk_1TB_14-16in,Dell,Notebook/Laptop,477.8,Used,Used,Intel,Intel,i5,5.0,2.7,Windows,Unknown,,960.0,960.0,1TB,,Unk,14.0,14-16in,1280.0,720.0,Black,3,False,False,False,True
391,Other/Unbranded_Unknown_Unk_Unk_Unk,Other/Unbranded,Other,117.44,New,New,Other,Unknown,Unknown,,,Unknown,Unknown,,,,Unk,,Unk,,Unk,,,Other,0,False,False,False,False
392,Samsung_Unknown_Unk_Unk_Unk,Samsung,Other,55.12,New,New,Other,Unknown,Unknown,,,Unknown,Unknown,,,,Unk,,Unk,,Unk,,,Other,0,False,False,False,False
393,Other/Unbranded_Unknown_Unk_Unk_Unk,Other/Unbranded,Other,104.7,New,New,Other,Unknown,Unknown,,,Unknown,Unknown,,,,Unk,,Unk,,Unk,,,Other,0,False,False,False,False
394,Other/Unbranded_Unknown_Unk_Unk_Unk,Other/Unbranded,Other,28.8,Unknown,Unknown,Other,Unknown,Unknown,,,Unknown,Unknown,,,,Unk,,Unk,,Unk,,,Other,0,False,False,False,False
395,AUO_Unknown_Unk_Unk_Unk,AUO,Other,50.78,New,New,Other,Unknown,Unknown,,,Unknown,Unknown,,,,Unk,,Unk,,Unk,,,Other,0,False,False,False,False
396,Other/Unbranded_Unknown_Unk_Unk_Unk,Other/Unbranded,Other,84.9,Used,Used,Other,Unknown,Unknown,,,Unknown,Unknown,,,,Unk,,Unk,,Unk,,,Other,0,False,False,False,False
397,Other/Unbranded_Unknown_Unk_Unk_Unk,Other/Unbranded,Other,721.0,Used,Used,Intel,Unknown,Unknown,,,Unknown,Unknown,,,,Unk,,Unk,,Unk,,,Other,0,False,False,False,False
398,Lenovo_i3_Unk_256GB_14-16in,Lenovo,Notebook/Laptop,607.0,Used,Used,Intel,Intel,i3,10.0,3.4,Windows,SSD,,256.0,256.0,256GB,,Unk,15.6,14-16in,1920.0,1080.0,Gray,8,False,False,True,True
399,Other/Unbranded_i5_Unk_512GB_12-14in,Other/Unbranded,Notebook/Laptop,416.2,Used,Used,Intel,Intel,i5,6.0,2.3,Windows,SSD,,480.0,480.0,512GB,,Unk,13.3,12-14in,1280.0,720.0,Other,4,False,False,True,True
400,Other/Unbranded_Unknown_Unk_Unk_Unk,Other/Unbranded,Other,737.0,Refurbished - Seller Grade,Refurbished,Intel,Unknown,Unknown,,,Unknown,Unknown,,,,Unk,,Unk,,Unk,,,Other,0,False,False,False,False
401,Samsung_Unknown_Unk_Unk_14-16in,Samsung,Other,90.06,Unknown,Unknown,Other,Unknown,Unknown,,,Unknown,Unknown,,,,Unk,,Unk,14.0,14-16in,1366.0,768.0,Other,0,False,False,False,False
402,Other/Unbranded_Unknown_Unk_Unk_Unk,Other/Unbranded,Other,64.0,Unknown,Unknown,Other,Unknown,Unknown,,,Unknown,Unknown,,,,Unk,,Unk,,Unk,,,Other,0,False,False,False,False
403,Other/Unbranded_Unknown_Unk_Unk_Unk,Other/Unbranded,Other,48.66,Unknown,Unknown,Other,Unknown,Unknown,,,Unknown,Unknown,,,,Unk,,Unk,,Unk,,,Other,0,False,False,False,False
404,LG_Unknown_Unk_Unk_Unk,LG,Other,92.1,New,New,Other,Unknown,Unknown,,,Unknown,Unknown,,,,Unk,,Unk,,Unk,,,Other,0,False,False,False,False
405,Dell_i5_Unk_2TB_14-16in,Dell,Notebook/Laptop,485.8,Used,Used,Intel,Intel,i5,3.0,3.1,Windows,Unknown,,2000.0,2000.0,2TB,,Unk,14.0,14-16in,1280.0,720.0,Other,2,False,False,False,True
406,Other/Unbranded_i5_Unk_512GB_14-16in,Other/Unbranded,Notebook/Laptop,462.0,Used,Used,Intel,Intel,i5,4.0,3.0,Windows,SSD,,480.0,480.0,512GB,,Unk,15.6,14-16in,1280.0,720.0,Other,4,False,False,True,True
407,Other/Unbranded_i3_Unk_128GB_14-16in,Other/Unbranded,Other,377.8,Used,Used,Intel,Intel,i3,4.0,,Windows,Unknown,,120.0,120.0,128GB,,Unk,14.0,14-16in,1280.0,720.0,Other,1,False,False,False,False
408,LG_Unknown_Unk_Unk_Unk,LG,Other,112.25,New,New,Other,Unknown,Unknown,,,Unknown,Unknown,,,,Unk,,Unk,,Unk,,,Other,0,False,False,False,False
409,Other/Unbranded_Unknown_Unk_Unk_Unk,Other/Unbranded,Other,92.6,New,New,Other,Unknown,Unknown,,,Unknown,Unknown,,,,Unk,,Unk,,Unk,,,Other,0,False,False,False,False
410,Other/Unbranded_Unknown_Unk_Unk_Unk,Other/Unbranded,Other,379.0,Refurbished - Seller Grade,Refurbished,Intel,Unknown,Unknown,,,Unknown,Unknown,,,,Unk,,Unk,,Unk,,,Other,0,False,False,False,False
411,AUO_Unknown_Unk_Unk_Unk,AUO,Other,92.1,New,New,Other,Unknown,Unknown,,,Unknown,Unknown,,,,Unk,,Unk,,Unk,,,Other,0,False,False,False,False
412,Other/Unbranded_Unknown_Unk_Unk_Unk,Other/Unbranded,Other,310.5,New,New,Other,Unknown,Unknown,,,Unknown,Unknown,,,,Unk,,Unk,,Unk,,,Other,0,False,False,False,False
413,Lenovo_Unknown_Unk_Unk_Unk,Lenovo,Other,72.2,New,New,Other,Unknown,Unknown,,,Unknown,Unknown,,,,Unk,,Unk,,Unk,,,Other,0,False,False,False,False
414,Other/Unbranded_Unknown_Unk_Unk_Unk,Other/Unbranded,Other,128.1,New,New,Other,Unknown,Unknown,,,Unknown,Unknown,,,,Unk,,Unk,,Unk,,,Other,0,False,False,False,False
415,Other/Unbranded_Unknown_Unk_Unk_Unk,Other/Unbranded,Other,45.28,New,New,Other,Unknown,Unknown,,,Unknown,Unknown,,,,Unk,,Unk,,Unk,,,Other,0,False,False,False,False
416,Other/Unbranded_Unknown_Unk_Unk_Unk,Other/Unbranded,Other,124.25,New,New,Other,Unknown,Unknown,,,Unknown,Unknown,,,,Unk,,Unk,,Unk,,,Other,0,False,False,False,False
417,Other/Unbranded_Unknown_Unk_Unk_Unk,Other/Unbranded,Other,108.75,New,New,Other,Unknown,Unknown,,,Unknown,Unknown,,,,Unk,,Unk,,Unk,,,Other,0,False,False,False,False
418,Other/Unbranded_Unknown_Unk_Unk_Unk,Other/Unbranded,Other,106.6,New,New,Other,Unknown,Unknown,,,Unknown,Unknown,,,,Unk,,Unk,,Unk,,,Other,0,False,False,False,False
419,LG_Unknown_Unk_Unk_Unk,LG,Other,90.75,New,New,Other,Unknown,Unknown,,,Unknown,Unknown,,,,Unk,,Unk,,Unk,,,Other,0,False,False,False,False
420,Other/Unbranded_Unknown_Unk_Unk_Unk,Other/Unbranded,Other,234.0,New,New,Other,Unknown,Unknown,,,Unknown,Unknown,,,,Unk,,Unk,,Unk,,,Other,0,False,False,False,False
421,Other/Unbranded_Unknown_Unk_Unk_Unk,Other/Unbranded,Other,2080.0,Refurbished - Seller Grade,Refurbished,Intel,Unknown,Unknown,,,Unknown,Unknown,,,,Unk,,Unk,,Unk,,,Other,0,False,False,False,False
422,Other/Unbranded_Unknown_Unk_Unk_Unk,Other/Unbranded,Other,2146.0,Refurbished - Seller Grade,Refurbished,Intel,Unknown,Unknown,,,Unknown,Unknown,,,,Unk,,Unk,,Unk,,,Other,0,False,False,False,False
423,Other/Unbranded_Unknown_Unk_Unk_Unk,Other/Unbranded,Other,82.2,New,New,Other,Unknown,Unknown,,,Unknown,Unknown,,,,Unk,,Unk,,Unk,,,Other,0,False,False,False,False
424,AUO_Unknown_Unk_Unk_Unk,AUO,Other,74.3,New,New,Other,Unknown,Unknown,,,Unknown,Unknown,,,,Unk,,Unk,,Unk,,,Other,0,False,False,False,False
425,Other/Unbranded_Unknown_Unk_Unk_Unk,Other/Unbranded,Other,198.4,New,New,Other,Unknown,Unknown,,,Unknown,Unknown,,,,Unk,,Unk,,Unk,,,Other,0,False,False,False,False
426,Other/Unbranded_i3_Unk_128GB_12-14in,Other/Unbranded,Notebook/Laptop,431.5,Used,Used,Intel,Intel,i3,4.0,3.0,Windows,SSD,,120.0,120.0,128GB,,Unk,13.3,12-14in,1280.0,720.0,Other,4,False,False,True,True
427,Other/Unbranded_Unknown_Unk_Unk_Unk,Other/Unbranded,Other,570.0,Refurbished - Seller Grade,Refurbished,Intel,Unknown,Unknown,,,Unknown,Unknown,,,,Unk,,Unk,,Unk,,,Black,0,False,False,False,False
428,Dell_i5_Unk_1TB_14-16in,Dell,Notebook/Laptop,458.8,Used,Used,Nvidia,Intel,i5,4.0,,Windows,Unknown,,960.0,960.0,1TB,,Unk,14.0,14-16in,1280.0,720.0,Other,0,False,False,False,False
429,Other/Unbranded_Unknown_Unk_Unk_Unk,Other/Unbranded,Other,123.06,Unknown,Unknown,Other,Unknown,Unknown,,,Unknown,Unknown,,,,Unk,,Unk,,Unk,,,Other,0,False,False,False,False
430,AUO_Unknown_Unk_Unk_Unk,AUO,Other,89.9,New,New,Other,Unknown,Unknown,,,Unknown,Unknown,,,,Unk,,Unk,,Unk,,,Other,0,False,False,False,False
431,Other/Unbranded_Unknown_Unk_Unk_Unk,Other/Unbranded,Other,114.9,New,New,Other,Unknown,Unknown,,,Unknown,Unknown,,,,Unk,,Unk,,Unk,,,Other,0,False,False,False,False
432,Other/Unbranded_Unknown_Unk_Unk_Unk,Other/Unbranded,Other,275.8,Unknown,Unknown,Other,Unknown,Unknown,,,Unknown,Unknown,,,,Unk,,Unk,,Unk,,,Other,0,False,False,False,False
433,Other/Unbranded_i3_Unk_256GB_12-14in,Other/Unbranded,Other,377.8,Used,Used,Intel,Intel,i3,6.0,,Windows,Unknown,,256.0,256.0,256GB,,Unk,13.3,12-14in,1280.0,720.0,Other,1,False,False,False,False
434,Other/Unbranded_Unknown_Unk_Unk_Unk,Other/Unbranded,Other,70.0,New,New,Other,Unknown,Unknown,,,Unknown,Unknown,,,,Unk,,Unk,,Unk,,,Other,0,False,False,False,False
435,Other/Unbranded_Unknown_Unk_Unk_Unk,Other/Unbranded,Other,52.84,New,New,Other,Unknown,Unknown,,,Unknown,Unknown,,,,Unk,,Unk,,Unk,,,Other,0,False,False,False,False
436,Other/Unbranded_Unknown_Unk_Unk_Unk,Other/Unbranded,Other,197.2,Refurbished - Seller Grade,Refurbished,Intel,Unknown,Unknown,,,Unknown,Unknown,,,,Unk,,Unk,,Unk,,,Other,0,False,False,False,False
437,Other/Unbranded_Unknown_Unk_Unk_Unk,Other/Unbranded,Other,411.5,Refurbished - Seller Grade,Refurbished,Intel,Unknown,Unknown,,,Unknown,Unknown,,,,Unk,,Unk,,Unk,,,Black,0,False,False,False,False
438,Dell_i5_Unk_256GB_14-16in,Dell,Notebook/Laptop,362.5,Used,Used,Intel,Intel,i5,4.0,2.6,Windows,Unknown,,240.0,240.0,256GB,,Unk,14.0,14-16in,1280.0,720.0,Other,3,False,False,False,True
439,Dell_i5_8GB_256GB_14-16in,Dell,Notebook/Laptop,180.0,Used,Used,Other,Intel,i5,,2.4,Windows,SSD,,256.0,256.0,256GB,8.0,8GB,14.0,14-16in,,,Black,1,False,False,True,False
440,Other/Unbranded_Unknown_Unk_Unk_Unk,Other/Unbranded,Other,58.62,Unknown,Unknown,Other,Unknown,Unknown,,,Unknown,Unknown,,,,Unk,,Unk,,Unk,,,Other,0,False,False,False,False
441,Other/Unbranded_Unknown_Unk_Unk_Unk,Other/Unbranded,Other,310.0,Refurbished - Good,Refurbished,Intel,Unknown,Unknown,,,Unknown,Unknown,,,,Unk,,Unk,,Unk,,,Other,0,False,False,False,False
442,Other/Unbranded_Unknown_Unk_Unk_Unk,Other/Unbranded,Other,119.06,New,New,Other,Unknown,Unknown,,,Unknown,Unknown,,,,Unk,,Unk,,Unk,,,Other,0,False,False,False,False
443,Other/Unbranded_Unknown_Unk_Unk_Unk,Other/Unbranded,Other,126.25,New,New,Other,Unknown,Unknown,,,Unknown,Unknown,,,,Unk,,Unk,,Unk,,,Other,0,False,False,False,False
444,Other/Unbranded_Unknown_Unk_Unk_Unk,Other/Unbranded,Other,21.7,Used,Used,Other,Unknown,Unknown,,,Unknown,Unknown,,,,Unk,,Unk,,Unk,,,Other,0,False,False,False,False
445,Other/Unbranded_Unknown_Unk_Unk_Unk,Other/Unbranded,Other,100.4,New,New,Other,Unknown,Unknown,,,Unknown,Unknown,,,,Unk,,Unk,,Unk,,,Other,0,False,False,False,False
446,Samsung_Unknown_Unk_Unk_Unk,Samsung,Other,142.0,New,New,Other,Unknown,Unknown,,,Unknown,Unknown,,,,Unk,,Unk,,Unk,,,Other,0,False,False,False,False
447,Lenovo_celeron_Unk_256GB_14-16in,Lenovo,Notebook/Laptop,567.5,Used,Used,Intel,Intel,celeron,,1.6,Windows,SSD,,240.0,240.0,256GB,,Unk,15.6,14-16in,1280.0,720.0,Other,4,False,False,True,True
448,Other/Unbranded_Unknown_Unk_Unk_Unk,Other/Unbranded,Other,13.02,Used,Used,Other,Unknown,Unknown,,,Unknown,Unknown,,,,Unk,,Unk,,Unk,,,Other,0,False,False,False,False
449,Dell_i5_Unk_128GB_14-16in,Dell,Notebook/Laptop,483.0,Used,Used,Intel,Intel,i5,2.0,,Windows,Unknown,,120.0,120.0,128GB,,Unk,15.6,14-16in,1280.0,720.0,Other,0,False,False,False,False
450,Other/Unbranded_i3_Unk_128GB_12-14in,Other/Unbranded,Notebook/Laptop,431.8,Used,Used,Intel,Intel,i3,4.0,3.0,Windows,SSD,,120.0,120.0,128GB,,Unk,13.3,12-14in,1280.0,720.0,Black,4,False,False,True,True
451,Other/Unbranded_Unknown_Unk_Unk_Unk,Other/Unbranded,Other,489.8,Used,Used,Intel,Unknown,Unknown,,,Unknown,Unknown,,,,Unk,,Unk,,Unk,,,Other,0,False,False,False,False
452,Other/Unbranded_Unknown_Unk_Unk_Unk,Other/Unbranded,Other,8.68,Used,Used,Other,Unknown,Unknown,,,Unknown,Unknown,,,,Unk,,Unk,,Unk,,,Other,0,False,False,False,False
453,Other/Unbranded_Unknown_Unk_Unk_Unk,Other/Unbranded,Other,1144.0,Refurbished - Seller Grade,Refurbished,Intel,Unknown,Unknown,,,Unknown,Unknown,,,,Unk,,Unk,,Unk,,,Other,0,False,False,False,False
454,Other/Unbranded_Unknown_Unk_Unk_Unk,Other/Unbranded,Other,8.68,Used,Used,Other,Unknown,Unknown,,,Unknown,Unknown,,,,Unk,,Unk,,Unk,,,Other,0,False,False,False,False
455,Other/Unbranded_Unknown_Unk_Unk_Unk,Other/Unbranded,Other,460.0,Used,Used,Intel,Unknown,Unknown,,,Unknown,Unknown,,,,Unk,,Unk,,Unk,,,Other,0,False,False,False,False
456,Other/Unbranded_Unknown_Unk_Unk_Unk,Other/Unbranded,Other,338.8,Used,Used,Intel,Unknown,Unknown,,,Unknown,Unknown,,,,Unk,,Unk,,Unk,,,Other,0,False,False,False,False
457,Other/Unbranded_Unknown_Unk_Unk_Unk,Other/Unbranded,Other,15.19,Used,Used,Other,Unknown,Unknown,,,Unknown,Unknown,,,,Unk,,Unk,,Unk,,,Other,0,False,False,False,False
458,Other/Unbranded_Unknown_Unk_Unk_Unk,Other/Unbranded,Other,93.44,New,New,Other,Unknown,Unknown,,,Unknown,Unknown,,,,Unk,,Unk,,Unk,,,Other,0,False,False,False,False
459,Other/Unbranded_Unknown_Unk_Unk_Unk,Other/Unbranded,Other,16.28,Used,Used,Other,Unknown,Unknown,,,Unknown,Unknown,,,,Unk,,Unk,,Unk,,,Other,0,False,False,False,False
460,Other/Unbranded_i5_Unk_512GB_14-16in,Other/Unbranded,Notebook/Laptop,454.8,Used,Used,Intel,Intel,i5,4.0,3.0,Windows,SSD,,480.0,480.0,512GB,,Unk,14.0,14-16in,1280.0,720.0,Other,5,False,False,True,True
461,Other/Unbranded_Unknown_Unk_Unk_Unk,Other/Unbranded,Other,92.0,New,New,Other,Unknown,Unknown,,,Unknown,Unknown,,,,Unk,,Unk,,Unk,,,Other,0,False,False,False,False
462,Other/Unbranded_Unknown_Unk_Unk_Unk,Other/Unbranded,Other,15.19,Used,Used,Other,Unknown,Unknown,,,Unknown,Unknown,,,,Unk,,Unk,,Unk,,,Other,0,False,False,False,False
463,Other/Unbranded_Unknown_Unk_Unk_Unk,Other/Unbranded,Other,75.75,New,New,Other,Unknown,Unknown,,,Unknown,Unknown,,,,Unk,,Unk,,Unk,,,Other,0,False,False,False,False
464,Other/Unbranded_Unknown_Unk_Unk_Unk,Other/Unbranded,Other,415.2,Refurbished - Seller Grade,Refurbished,Intel,Unknown,Unknown,,,Unknown,Unknown,,,,Unk,,Unk,,Unk,,,Black,0,False,False,False,False
465,Other/Unbranded_Unknown_Unk_Unk_Unk,Other/Unbranded,Other,13.02,Used,Used,Other,Unknown,Unknown,,,Unknown,Unknown,,,,Unk,,Unk,,Unk,,,Other,0,False,False,False,False
466,Other/Unbranded_Unknown_Unk_Unk_Unk,Other/Unbranded,Other,140.0,New,New,Other,Unknown,Unknown,,,Unknown,Unknown,,,,Unk,,Unk,,Unk,,,Other,0,False,False,False,False
467,Other/Unbranded_Unknown_Unk_Unk_Unk,Other/Unbranded,Other,204.1,Used,Used,Other,Unknown,Unknown,,,Unknown,Unknown,,,,Unk,,Unk,,Unk,,,Other,0,False,False,False,False
468,Other/Unbranded_Unknown_Unk_Unk_Unk,Other/Unbranded,Other,215.1,Used,Used,Other,Unknown,Unknown,,,Unknown,Unknown,,,,Unk,,Unk,,Unk,,,Other,0,False,False,False,False
469,Other/Unbranded_Unknown_Unk_Unk_Unk,Other/Unbranded,Other,105.5,Unknown,Unknown,Other,Unknown,Unknown,,,Unknown,Unknown,,,,Unk,,Unk,,Unk,,,Other,0,False,False,False,False
470,Other/Unbranded_i3_Unk_256GB_12-14in,Other/Unbranded,Notebook/Laptop,318.5,Used,Used,Intel,Intel,i3,6.0,3.0,Windows,SSD,,256.0,256.0,256GB,,Unk,13.3,12-14in,1280.0,720.0,Gray,4,False,False,True,True
471,Other/Unbranded_Unknown_Unk_Unk_Unk,Other/Unbranded,Other,176.6,Unknown,Unknown,Other,Unknown,Unknown,,,Unknown,Unknown,,,,Unk,,Unk,,Unk,,,Other,0,False,False,False,False
472,Other/Unbranded_Unknown_Unk_Unk_Unk,Other/Unbranded,Other,10.85,New,New,Other,Unknown,Unknown,,,Unknown,Unknown,,,,Unk,,Unk,,Unk,,,Other,0,False,False,False,False
473,Other/Unbranded_Unknown_Unk_Unk_Unk,Other/Unbranded,Other,326.2,Used,Used,Intel,Unknown,Unknown,,,Unknown,Unknown,,,,Unk,,Unk,,Unk,,,Other,0,False,False,False,False
474,Other/Unbranded_Unknown_Unk_Unk_Unk,Other/Unbranded,Other,195.4,New,New,Other,Unknown,Unknown,,,Unknown,Unknown,,,,Unk,,Unk,,Unk,,,Other,0,False,False,False,False
475,Acer_Unknown_Unk_Unk_Unk,Acer,Other,91.9,New,New,Other,Unknown,Unknown,,,Unknown,Unknown,,,,Unk,,Unk,,Unk,,,Other,0,False,False,False,False
476,LG_Unknown_Unk_Unk_Unk,LG,Other,59.25,New,New,Other,Unknown,Unknown,,,Unknown,Unknown,,,,Unk,,Unk,,Unk,,,Other,0,False,False,False,False
477,Other/Unbranded_Unknown_Unk_Unk_Unk,Other/Unbranded,Other,74.56,New,New,Other,Unknown,Unknown,,,Unknown,Unknown,,,,Unk,,Unk,,Unk,,,Other,0,False,False,False,False
478,AUO_Unknown_Unk_Unk_Unk,AUO,Other,94.0,New,New,Other,Unknown,Unknown,,,Unknown,Unknown,,,,Unk,,Unk,,Unk,,,Other,0,False,False,False,False
479,Other/Unbranded_Unknown_Unk_Unk_Unk,Other/Unbranded,Other,82.44,New,New,Other,Unknown,Unknown,,,Unknown,Unknown,,,,Unk,,Unk,,Unk,,,Other,0,False,False,False,False
480,Samsung_Unknown_Unk_Unk_Unk,Samsung,Other,130.8,New,New,Other,Unknown,Unknown,,,Unknown,Unknown,,,,Unk,,Unk,,Unk,,,Other,0,False,False,False,False
481,Other/Unbranded_Unknown_Unk_Unk_Unk,Other/Unbranded,Other,311.5,New,New,Other,Unknown,Unknown,,,Unknown,Unknown,,,,Unk,,Unk,,Unk,,,Other,0,False,False,False,False
482,Other/Unbranded_Unknown_Unk_Unk_Unk,Other/Unbranded,Other,310.0,Refurbished - Good,Refurbished,Other,Unknown,Unknown,,,Unknown,Unknown,,,,Unk,,Unk,,Unk,,,Other,0,False,False,False,False
483,Other/Unbranded_Unknown_Unk_Unk_Unk,Other/Unbranded,Other,2130.0,Refurbished - Seller Grade,Refurbished,Intel,Unknown,Unknown,,,Unknown,Unknown,,,,Unk,,Unk,,Unk,,,Other,0,False,False,False,False
484,Other/Unbranded_Unknown_Unk_Unk_Unk,Other/Unbranded,Other,2096.0,Refurbished - Seller Grade,Refurbished,Intel,Unknown,Unknown,,,Unknown,Unknown,,,,Unk,,Unk,,Unk,,,Other,0,False,False,False,False
485,Other/Unbranded_Unknown_Unk_Unk_Unk,Other/Unbranded,Other,86.2,New,New,Other,Unknown,Unknown,,,Unknown,Unknown,,,,Unk,,Unk,,Unk,,,Other,0,False,False,False,False
486,Lenovo_i3_8GB_512GB_14-16in,Lenovo,Notebook/Laptop,192.0,Open Box,Like-New,Intel,Intel,i3,12.0,1.2,Windows,SSD,8.0,256.0,264.0,512GB,8.0,8GB,15.6,14-16in,1920.0,1080.0,Gray,1,False,False,False,False
487,Acer_ryzen5_8GB_512GB_14-16in,Acer,Notebook/Laptop,390.0,New,New,Amd,AMD,ryzen 5,,2.8,Windows,SSD,,512.0,512.0,512GB,8.0,8GB,15.6,14-16in,,,Blue,0,False,False,False,False
488,Acer_celeron_4GB_32GB_Sub-12in,Acer,Notebook/Laptop,54.0,Used,Used,Other,Intel,celeron,,1.6,Linux,SSD,16.0,16.0,32.0,32GB,4.0,4GB,11.6,Sub-12in,,,Black,2,False,False,False,False
489,Dell_i7_32GB_2TB_14-16in,Dell,Notebook/Laptop,370.0,Refurbished - Excellent,Refurbished,Intel,Intel,i7,8.0,1.9,Windows,SSD,1000.0,1000.0,2000.0,2TB,32.0,32GB,14.0,14-16in,1920.0,1080.0,Black,6,False,True,True,True
490,Lenovo_i5_16GB_256GB_14-16in,Lenovo,Notebook/Laptop,150.0,Used,Used,Other,Intel,i5,,1.6,Windows,SSD,,256.0,256.0,256GB,16.0,16GB,14.0,14-16in,1920.0,1080.0,Black,0,False,False,False,False
491,Lenovo_i5_16GB_2TB_14-16in,Lenovo,Notebook/Laptop,444.5,Open Box,Like-New,Intel,Intel,i5,12.0,4.4,Windows,SSD,512.0,512.0,1024.0,2TB,12.0,16GB,15.6,14-16in,1920.0,1080.0,Blue,7,True,True,True,True
492,Dell_i5_16GB_256GB_14-16in,Dell,Other,270.0,Used,Used,Other,Intel,i5,9.0,2.4,Unknown,Unknown,,256.0,256.0,256GB,16.0,16GB,15.6,14-16in,,,Other,5,False,True,True,True
493,Acer_Unknown_8GB_256GB_14-16in,Acer,Notebook/Laptop,349.5,Unknown,Unknown,Intel,Unknown,Unknown,,1.8,Windows,SSD,128.0,128.0,256.0,256GB,8.0,8GB,14.0,14-16in,1920.0,1200.0,Silver,1,True,False,False,False
494,Lenovo_i3_4GB_128GB_14-16in,Lenovo,Notebook/Laptop,270.0,Unknown,Unknown,Intel,Intel,i3,11.0,,Windows,SSD,,128.0,128.0,128GB,4.0,4GB,14.0,14-16in,1920.0,1080.0,Gray,3,False,False,True,True
495,Dell_core2duo_4GB_128GB_14-16in,Dell,Notebook/Laptop,136.0,Used,Used,Other,Intel,core 2 duo,,,Windows,Unknown,80.0,,80.0,128GB,4.0,4GB,14.0,14-16in,,,Other,1,False,False,False,True
496,Lenovo_i5_8GB_Unk_14-16in,Lenovo,Notebook/Laptop,99.94,Used,Used,Other,Intel,i5,8.0,1.7,Unknown,Unknown,,,,Unk,8.0,8GB,14.0,14-16in,,,Other,0,False,False,False,False
497,Microsoft_i5_16GB_256GB_12-14in,Microsoft,Other,530.0,Refurbished - Good,Refurbished,Other,Intel,i5,11.0,2.4,Windows,SSD,,256.0,256.0,256GB,16.0,16GB,12.3,12-14in,,,Silver,1,False,False,False,False
498,LG_i7_Unk_2TB_16in+,LG,Notebook/Laptop,655.0,Refurbished - Excellent,Refurbished,Other,Intel,i7,,2.2,Windows,SSD,512.0,512.0,1024.0,2TB,,Unk,17.0,16in+,,,Other,0,False,False,False,False
499,Lenovo_i5_16GB_512GB_14-16in,Lenovo,Other,198.0,Used,Used,Intel,Intel,i5,8.0,1.6,Unknown,SSD,256.0,256.0,512.0,512GB,16.0,16GB,14.0,14-16in,1920.0,1080.0,Black,0,False,False,False,False
500,HP_i5_4GB_256GB_12-14in,HP,Notebook/Laptop,88.0,Used,Used,Other,Intel,i5,,1.6,Windows,SSD,128.0,128.0,256.0,256GB,4.0,4GB,12.0,12-14in,,,Other,1,True,False,False,False
501,Lenovo_i5_Unk_512GB_14-16in,Lenovo,Other,120.0,Used,Used,Other,Intel,i5,,1.6,Unknown,SSD,256.0,256.0,512.0,512GB,,Unk,15.6,14-16in,,,Other,0,False,False,False,False
502,Lenovo_i5_Unk_Unk_14-16in,Lenovo,Notebook/Laptop,60.0,For Parts / Not Working,End-of-Life,Other,Intel,i5,,2.3,Unknown,HDD/SSD,,,,Unk,,Unk,14.0,14-16in,,,Black,1,False,False,False,False
503,Asus_Unknown_Unk_Unk_Unk,Asus,Other,163.0,Unknown,Unknown,Other,Unknown,Unknown,,,Unknown,Unknown,,,,Unk,,Unk,,Unk,,,Other,0,False,False,False,False
504,Microsoft_i7_16GB_256GB_14-16in,Microsoft,Notebook/Laptop,699.0,New,New,Intel,Intel,i7,11.0,,Windows,SSD,,256.0,256.0,256GB,16.0,16GB,15.0,14-16in,2256.0,1504.0,Silver,6,True,True,True,True
505,HP_pentium_16GB_512GB_16in+,HP,Notebook/Laptop,444.2,Open Box,Like-New,Intel,Intel,pentium,,3.5,Windows,SSD,256.0,256.0,512.0,512GB,12.0,16GB,17.3,16in+,1600.0,900.0,Other,1,True,False,False,False
506,Dell_i7_16GB_512GB_14-16in,Dell,Notebook/Laptop,235.0,Used,Used,Nvidia,Intel,i7,6.0,2.7,Windows,SSD,,512.0,512.0,512GB,16.0,16GB,15.6,14-16in,1920.0,1080.0,Black,6,False,True,True,True
507,Lenovo_i3_4GB_512GB_14-16in,Lenovo,Other,29.98,Used,Used,Intel,Intel,i3,3.0,2.5,Windows,HDD/SSD,300.0,,300.0,512GB,4.0,4GB,15.0,14-16in,1366.0,768.0,Black,0,False,False,False,False
508,Other/Unbranded_i5_16GB_1TB_12-14in,Other/Unbranded,Other,685.0,Refurbished - Very Good,Refurbished,Other,Intel,i5,7.0,2.6,Unknown,SSD,,1000.0,1000.0,1TB,16.0,16GB,12.0,12-14in,,,Silver,0,False,False,False,False
509,Other/Unbranded_Other/Unspecified_Unk_Unk_Unk,Other/Unbranded,Other,118.0,Used,Used,Other,Other,Other/Unspecified,,,Unknown,Unknown,,,,Unk,,Unk,,Unk,1920.0,1080.0,Other,0,False,False,False,False
510,Other/Unbranded_atom_8GB_256GB_Sub-12in,Other/Unbranded,Other,300.0,Used,Used,Other,Intel,atom,,1.6,Windows,EMMC,128.0,128.0,256.0,256GB,8.0,8GB,8.1,Sub-12in,1280.0,800.0,Black,4,False,False,True,False
511,Lenovo_Other/Unspecified_16GB_512GB_14-16in,Lenovo,Notebook/Laptop,450.0,Refurbished - Very Good,Refurbished,Nvidia,Intel,Other/Unspecified,,2.8,Windows,SSD,,512.0,512.0,512GB,16.0,16GB,15.6,14-16in,3840.0,2160.0,Black,6,False,True,True,True
512,Microsoft_i5_8GB_512GB_12-14in,Microsoft,Notebook/Laptop,259.8,Used,Used,Intel,Intel,i5,10.0,1.5,Windows,SSD,256.0,256.0,512.0,512GB,8.0,8GB,13.5,12-14in,2256.0,1504.0,Silver,4,True,False,True,False
513,HP_i7_8GB_512GB_14-16in,HP,Notebook/Laptop,172.0,Used,Used,Intel,Intel,i7,8.0,1.9,Windows,SSD,256.0,256.0,512.0,512GB,8.0,8GB,14.0,14-16in,1920.0,1080.0,Silver,6,False,True,True,True
514,Dell_i5_16GB_256GB_Sub-12in,Dell,Notebook/Laptop,422.0,Refurbished - Good,Refurbished,Intel,Intel,i5,7.0,2.6,Windows,SSD,,256.0,256.0,256GB,16.0,16GB,11.6,Sub-12in,1920.0,1080.0,Other,8,True,True,False,False
515,Other/Unbranded_i5_8GB_128GB_12-14in,Other/Unbranded,Other,220.0,Unknown,Unknown,Other,Intel,i5,8.0,1.3,Chrome,SSD,,128.0,128.0,128GB,8.0,8GB,13.3,12-14in,1920.0,1080.0,Black,4,False,True,False,False
516,Lenovo_i7_16GB_512GB_14-16in,Lenovo,Notebook/Laptop,268.0,Refurbished - Very Good,Refurbished,Nvidia,Intel,i7,2.0,2.4,Windows,SSD,,512.0,512.0,512GB,16.0,16GB,15.6,14-16in,,,Black,5,False,False,True,True
517,Dell_i7_32GB_2TB_14-16in,Dell,Notebook/Laptop,400.0,Refurbished - Excellent,Refurbished,Other,Intel,i7,9.0,,Windows,SSD,1000.0,1000.0,2000.0,2TB,32.0,32GB,14.0,14-16in,1920.0,1080.0,Other,1,False,False,False,True
518,Other/Unbranded_Other/Unspecified_8GB_128GB_Sub-12in,Other/Unbranded,Other,300.0,Open Box,Like-New,Other,Other,Other/Unspecified,,,Android,OTHER,,128.0,128.0,128GB,8.0,8GB,10.95,Sub-12in,2560.0,1600.0,Gray,5,True,False,True,True
519,Lenovo_i7_16GB_256GB_14-16in,Lenovo,Other,187.8,Used,Used,Nvidia,Intel,i7,4.0,2.9,Windows,SSD,,256.0,256.0,256GB,16.0,16GB,14.1,14-16in,1600.0,900.0,Purple,0,False,False,False,False
520,Dell_i7_Unk_Unk_14-16in,Dell,Other,100.0,Used,Used,Other,Intel,i7,,,Unknown,Unknown,,,,Unk,,Unk,14.0,14-16in,,,Other,0,False,False,False,False
521,Asus_i3_8GB_512GB_14-16in,Asus,Notebook/Laptop,289.5,Unknown,Unknown,Intel,Intel,i3,11.0,3.0,Windows,SSD,256.0,256.0,512.0,512GB,8.0,8GB,14.0,14-16in,1920.0,1080.0,Black,5,True,False,True,True
522,Other/Unbranded_i5_8GB_512GB_12-14in,Other/Unbranded,Notebook/Laptop,178.0,Used,Used,Other,Intel,i5,,,Windows,SSD,8.0,256.0,264.0,512GB,8.0,8GB,12.0,12-14in,2160.0,1440.0,Silver,1,False,False,False,False
523,Other/Unbranded_Other/Unspecified_Unk_16GB_Sub-12in,Other/Unbranded,Other,208.8,Used,Used,Other,Other,Other/Unspecified,,,Android,EMMC,,16.0,16.0,16GB,,Unk,7.0,Sub-12in,,,Other,2,False,False,False,True
524,Microsoft_i5_8GB_512GB_12-14in,Microsoft,Other,130.0,Used,Used,Other,Intel,i5,6.0,2.4,Windows,SSD,256.0,256.0,512.0,512GB,8.0,8GB,12.3,12-14in,,,Silver,0,False,False,False,False
525,Dell_i5_16GB_2TB_14-16in,Dell,Notebook/Laptop,400.0,Used,Used,Other,Intel,i5,13.0,1.7,Windows,SSD,512.0,512.0,1024.0,2TB,16.0,16GB,15.6,14-16in,1920.0,1080.0,Black,6,True,False,True,False
526,Other/Unbranded_i5_Unk_Unk_12-14in,Other/Unbranded,Notebook/Laptop,226.8,Used,Used,Other,Intel,i5,,,Unknown,Unknown,,,,Unk,,Unk,13.3,12-14in,1366.0,768.0,Other,0,False,False,False,False
527,HP_i5_16GB_256GB_16in+,HP,Notebook/Laptop,725.0,Open Box,Like-New,Other,Intel,i5,12.0,3.3,Windows,SSD,,256.0,256.0,256GB,16.0,16GB,16.0,16in+,,,Other,0,False,False,False,False
528,Lenovo_i7_32GB_2TB_14-16in,Lenovo,Other,400.0,Refurbished - Excellent,Refurbished,Intel,Intel,i7,,1.8,Windows,SSD,1000.0,1000.0,2000.0,2TB,24.0,32GB,14.0,14-16in,1920.0,1080.0,Black,5,False,True,True,False
529,Lenovo_i5_8GB_256GB_12-14in,Lenovo,Notebook/Laptop,139.0,Used,Used,Other,Intel,i5,8.0,1.7,Unknown,Unknown,,256.0,256.0,256GB,8.0,8GB,12.5,12-14in,,,Black,0,False,False,False,False
530,HP_ryzen7_16GB_256GB_14-16in,HP,Notebook/Laptop,450.0,Open Box,Like-New,Amd,AMD,ryzen 7,,2.6,Windows,SSD,,256.0,256.0,256GB,16.0,16GB,14.0,14-16in,1920.0,1080.0,Silver,2,False,False,True,False
531,Dell_i7_16GB_256GB_14-16in,Dell,Notebook/Laptop,155.0,Used,Used,Intel,Intel,i7,8.0,1.9,Windows,SSD,,256.0,256.0,256GB,16.0,16GB,14.0,14-16in,1920.0,1080.0,Black,0,False,False,False,False
532,Other/Unbranded_Unknown_Unk_Unk_Unk,Other/Unbranded,Other,145.1,New,New,Other,Unknown,Unknown,,,Unknown,Unknown,,,,Unk,,Unk,,Unk,,,Other,0,False,False,False,False
533,Other/Unbranded_Unknown_Unk_Unk_Unk,Other/Unbranded,Other,358.5,Refurbished - Excellent,Refurbished,Intel,Unknown,Unknown,,,Unknown,Unknown,,,,Unk,,Unk,,Unk,,,Other,0,False,False,False,False
534,Other/Unbranded_Unknown_Unk_Unk_Unk,Other/Unbranded,Other,111.25,New,New,Other,Unknown,Unknown,,,Unknown,Unknown,,,,Unk,,Unk,,Unk,,,Other,0,False,False,False,False
535,Lenovo_Unknown_Unk_Unk_Unk,Lenovo,Notebook/Laptop,459.0,Unknown,Unknown,Other,Unknown,Unknown,,,Unknown,Unknown,,,,Unk,,Unk,,Unk,,,Black,0,False,False,False,False
536,Other/Unbranded_Unknown_Unk_Unk_Unk,Other/Unbranded,Other,64.0,New,New,Other,Unknown,Unknown,,,Unknown,Unknown,,,,Unk,,Unk,,Unk,,,Other,0,False,False,False,False
537,Dell_i5_Unk_512GB_14-16in,Dell,Notebook/Laptop,392.0,Used,Used,Intel,Intel,i5,4.0,2.6,Windows,Unknown,,480.0,480.0,512GB,,Unk,14.0,14-16in,1280.0,720.0,Other,4,False,False,True,True
538,Other/Unbranded_Unknown_Unk_Unk_Unk,Other/Unbranded,Other,81.4,New,New,Other,Unknown,Unknown,,,Unknown,Unknown,,,,Unk,,Unk,,Unk,,,Other,0,False,False,False,False
539,Lenovo_i3_Unk_1TB_14-16in,Lenovo,Notebook/Laptop,603.5,Used,Used,Intel,Intel,i3,7.0,3.0,Windows,SSD,,960.0,960.0,1TB,,Unk,15.6,14-16in,1920.0,1080.0,Black,5,False,False,True,True
540,Other/Unbranded_Unknown_Unk_Unk_Unk,Other/Unbranded,Other,283.5,Refurbished - Seller Grade,Refurbished,Intel,Unknown,Unknown,,,Unknown,Unknown,,,,Unk,,Unk,,Unk,,,Other,0,False,False,False,False
541,Other/Unbranded_Unknown_Unk_Unk_Unk,Other/Unbranded,Other,545.0,Refurbished - Seller Grade,Refurbished,Intel,Unknown,Unknown,,,Unknown,Unknown,,,,Unk,,Unk,,Unk,,,Other,0,False,False,False,False
542,Other/Unbranded_Other/Unspecified_Unk_Unk_14-16in,Other/Unbranded,Other,43.5,Used,Used,Other,Other,Other/Unspecified,,,Unknown,Unknown,,,,Unk,,Unk,14.0,14-16in,,,Other,0,False,False,False,False
543,Other/Unbranded_Unknown_Unk_Unk_Unk,Other/Unbranded,Other,104.94,Unknown,Unknown,Other,Unknown,Unknown,,,Unknown,Unknown,,,,Unk,,Unk,,Unk,,,Other,0,False,False,False,False
544,Other/Unbranded_Unknown_Unk_Unk_Unk,Other/Unbranded,Other,637.0,Refurbished - Seller Grade,Refurbished,Intel,Unknown,Unknown,,,Unknown,Unknown,,,,Unk,,Unk,,Unk,,,Other,0,False,False,False,False
545,Other/Unbranded_Unknown_Unk_Unk_Unk,Other/Unbranded,Other,476.8,Used,Used,Intel,Unknown,Unknown,,,Unknown,Unknown,,,,Unk,,Unk,,Unk,,,Other,0,False,False,False,False
546,Other/Unbranded_Unknown_Unk_Unk_Unk,Other/Unbranded,Other,591.0,Refurbished - Seller Grade,Refurbished,Intel,Unknown,Unknown,,,Unknown,Unknown,,,,Unk,,Unk,,Unk,,,Other,0,False,False,False,False
547,Other/Unbranded_Unknown_Unk_Unk_Unk,Other/Unbranded,Other,366.8,Refurbished - Seller Grade,Refurbished,Intel,Unknown,Unknown,,,Unknown,Unknown,,,,Unk,,Unk,,Unk,,,Other,0,False,False,False,False
548,Other/Unbranded_Unknown_Unk_Unk_Unk,Other/Unbranded,Other,166.9,Unknown,Unknown,Other,Unknown,Unknown,,,Unknown,Unknown,,,,Unk,,Unk,,Unk,,,Other,0,False,False,False,False
549,Other/Unbranded_Unknown_Unk_Unk_Unk,Other/Unbranded,Other,88.7,Unknown,Unknown,Other,Unknown,Unknown,,,Unknown,Unknown,,,,Unk,,Unk,,Unk,,,Black,0,False,False,False,False
550,Other/Unbranded_Unknown_Unk_Unk_Unk,Other/Unbranded,Other,852.0,Used,Used,Intel,Unknown,Unknown,,,Unknown,Unknown,,,,Unk,,Unk,,Unk,,,Black,0,False,False,False,False
551,Dell_i5_Unk_1TB_Sub-12in,Dell,Other,465.5,Refurbished - Seller Grade,Refurbished,Intel,Intel,i5,4.0,,Windows,SSD,,960.0,960.0,1TB,,Unk,10.8,Sub-12in,1920.0,1080.0,Other,1,False,False,False,False
552,Other/Unbranded_Unknown_Unk_Unk_Unk,Other/Unbranded,Other,485.5,Refurbished - Seller Grade,Refurbished,Intel,Unknown,Unknown,,,Unknown,Unknown,,,,Unk,,Unk,,Unk,,,Other,0,False,False,False,False
553,Lenovo_i5_Unk_128GB_14-16in,Lenovo,Notebook/Laptop,626.0,Used,Used,Intel,Intel,i5,6.0,3.0,Windows,SSD,,120.0,120.0,128GB,,Unk,14.0,14-16in,1920.0,1080.0,Black,5,True,False,True,True
554,Other/Unbranded_Unknown_Unk_Unk_Unk,Other/Unbranded,Other,690.5,Refurbished - Seller Grade,Refurbished,Intel,Unknown,Unknown,,,Unknown,Unknown,,,,Unk,,Unk,,Unk,,,Other,0,False,False,False,False
555,Dell_i5_Unk_512GB_12-14in,Dell,Notebook/Laptop,465.2,Used,Used,Intel,Intel,i5,6.0,2.3,Windows,SSD,,480.0,480.0,512GB,,Unk,12.5,12-14in,1920.0,1080.0,Black,4,True,False,True,True
556,Other/Unbranded_i5_Unk_2TB+_12-14in,Other/Unbranded,Notebook/Laptop,1701.0,Used,Used,Intel,Intel,i5,6.0,2.8,Windows,SSD,,4000.0,4000.0,2TB+,,Unk,12.5,12-14in,1920.0,1080.0,Other,7,True,False,True,True
557,Other/Unbranded_Unknown_Unk_Unk_Unk,Other/Unbranded,Other,59.84,New,New,Other,Unknown,Unknown,,,Unknown,Unknown,,,,Unk,,Unk,,Unk,,,Other,0,False,False,False,False
558,Dell_i5_Unk_128GB_14-16in,Dell,Notebook/Laptop,303.8,Used,Used,Intel,Intel,i5,4.0,2.6,Windows,Unknown,,120.0,120.0,128GB,,Unk,14.0,14-16in,1280.0,720.0,Other,4,False,False,True,True
559,Other/Unbranded_Unknown_Unk_Unk_Unk,Other/Unbranded,Other,317.8,New,New,Other,Unknown,Unknown,,,Unknown,Unknown,,,,Unk,,Unk,,Unk,,,Other,0,False,False,False,False
560,LG_Unknown_Unk_Unk_Unk,LG,Other,92.56,New,New,Other,Unknown,Unknown,,,Unknown,Unknown,,,,Unk,,Unk,,Unk,,,Other,0,False,False,False,False
561,Other/Unbranded_Unknown_Unk_Unk_Unk,Other/Unbranded,Other,5.43,Used,Used,Other,Unknown,Unknown,,,Unknown,Unknown,,,,Unk,,Unk,,Unk,,,Other,0,False,False,False,False
562,Other/Unbranded_Unknown_Unk_Unk_Unk,Other/Unbranded,Other,105.6,New,New,Other,Unknown,Unknown,,,Unknown,Unknown,,,,Unk,,Unk,,Unk,,,Other,0,False,False,False,False
563,Other/Unbranded_Unknown_Unk_Unk_Unk,Other/Unbranded,Other,129.1,New,New,Other,Unknown,Unknown,,,Unknown,Unknown,,,,Unk,,Unk,,Unk,,,Other,0,False,False,False,False
564,Other/Unbranded_Unknown_Unk_Unk_Unk,Other/Unbranded,Other,41.97,New,New,Other,Unknown,Unknown,,,Unknown,Unknown,,,,Unk,,Unk,,Unk,,,Other,0,False,False,False,False
565,Other/Unbranded_Unknown_Unk_Unk_Unk,Other/Unbranded,Other,91.44,New,New,Other,Unknown,Unknown,,,Unknown,Unknown,,,,Unk,,Unk,,Unk,,,Other,0,False,False,False,False
566,AUO_Unknown_Unk_Unk_Unk,AUO,Other,92.06,New,New,Other,Unknown,Unknown,,,Unknown,Unknown,,,,Unk,,Unk,,Unk,,,Other,0,False,False,False,False
567,AUO_Unknown_Unk_Unk_Unk,AUO,Other,54.8,New,New,Other,Unknown,Unknown,,,Unknown,Unknown,,,,Unk,,Unk,,Unk,,,Other,0,False,False,False,False
568,Other/Unbranded_Unknown_Unk_Unk_Unk,Other/Unbranded,Other,70.1,New,New,Other,Unknown,Unknown,,,Unknown,Unknown,,,,Unk,,Unk,,Unk,,,Other,0,False,False,False,False
569,Other/Unbranded_Unknown_Unk_Unk_Unk,Other/Unbranded,Other,93.44,Unknown,Unknown,Other,Unknown,Unknown,,,Unknown,Unknown,,,,Unk,,Unk,,Unk,,,Other,0,False,False,False,False
570,Acer_Unknown_Unk_Unk_Unk,Acer,Other,93.9,New,New,Other,Unknown,Unknown,,,Unknown,Unknown,,,,Unk,,Unk,,Unk,,,Other,0,False,False,False,False
571,Dell_i7_16GB_2TB_14-16in,Dell,Other,279.0,Used,Used,Other,Intel,i7,6.0,2.6,Windows,SSD,1000.0,1000.0,2000.0,2TB,16.0,16GB,14.0,14-16in,2560.0,1440.0,Black,4,False,True,True,True
572,Other/Unbranded_Unknown_Unk_Unk_Unk,Other/Unbranded,Other,127.75,New,New,Other,Unknown,Unknown,,,Unknown,Unknown,,,,Unk,,Unk,,Unk,,,Other,0,False,False,False,False
573,Other/Unbranded_Unknown_Unk_Unk_Unk,Other/Unbranded,Other,58.47,New,New,Other,Unknown,Unknown,,,Unknown,Unknown,,,,Unk,,Unk,,Unk,,,Other,0,False,False,False,False
574,Dell_i5_Unk_256GB_14-16in,Dell,Notebook/Laptop,350.2,Used,Used,Intel,Intel,i5,5.0,,Windows,Unknown,,240.0,240.0,256GB,,Unk,14.0,14-16in,1280.0,720.0,Black,0,False,False,False,False
575,Other/Unbranded_Unknown_Unk_Unk_Unk,Other/Unbranded,Other,449.8,Used,Used,Other,Unknown,Unknown,,,Unknown,Unknown,,,,Unk,,Unk,,Unk,,,Other,0,False,False,False,False
576,Samsung_Unknown_Unk_Unk_Unk,Samsung,Other,95.56,New,New,Other,Unknown,Unknown,,,Unknown,Unknown,,,,Unk,,Unk,,Unk,,,Other,0,False,False,False,False
577,AUO_Unknown_Unk_Unk_16in+,AUO,Notebook/Laptop,94.0,Unknown,Unknown,Other,Unknown,Unknown,,,Unknown,Unknown,,,,Unk,,Unk,17.3,16in+,1600.0,900.0,Other,0,False,False,False,False
578,Microsoft_Unknown_Unk_Unk_Unk,Microsoft,Other,1909.0,Used,Used,Other,Unknown,Unknown,,,Unknown,Unknown,,,,Unk,,Unk,,Unk,,,Other,0,False,False,False,False
579,Other/Unbranded_Unknown_Unk_Unk_Unk,Other/Unbranded,Other,9.77,Used,Used,Other,Unknown,Unknown,,,Unknown,Unknown,,,,Unk,,Unk,,Unk,,,Other,0,False,False,False,False
580,Other/Unbranded_Unknown_Unk_Unk_Unk,Other/Unbranded,Other,745.5,Refurbished - Seller Grade,Refurbished,Intel,Unknown,Unknown,,,Unknown,Unknown,,,,Unk,,Unk,,Unk,,,Other,0,False,False,False,False
581,Dell_i5_Unk_512GB_14-16in,Dell,Notebook/Laptop,429.2,Used,Used,Intel,Intel,i5,5.0,2.7,Windows,Unknown,,480.0,480.0,512GB,,Unk,14.0,14-16in,1280.0,720.0,Other,3,False,False,False,True
582,Other/Unbranded_Unknown_Unk_Unk_Unk,Other/Unbranded,Other,149.8,New,New,Other,Unknown,Unknown,,,Unknown,Unknown,,,,Unk,,Unk,,Unk,,,Other,0,False,False,False,False
583,Other/Unbranded_Unknown_Unk_Unk_Unk,Other/Unbranded,Other,113.75,Unknown,Unknown,Other,Unknown,Unknown,,,Unknown,Unknown,,,,Unk,,Unk,,Unk,,,Other,0,False,False,False,False
584,Other/Unbranded_Unknown_Unk_Unk_Unk,Other/Unbranded,Other,1882.0,Used,Used,Other,Unknown,Unknown,,,Unknown,Unknown,,,,Unk,,Unk,,Unk,,,Other,0,False,False,False,False
585,Other/Unbranded_Unknown_Unk_Unk_Sub-12in,Other/Unbranded,Other,41.75,Used,Used,Other,Unknown,Unknown,,,Unknown,Unknown,,,,Unk,,Unk,11.6,Sub-12in,,,Other,0,False,False,False,False
586,Other/Unbranded_pentium_Unk_Unk_14-16in,Other/Unbranded,Other,21.69,For Parts / Not Working,End-of-Life,Other,Intel,pentium,,,Unknown,Unknown,,,,Unk,,Unk,14.1,14-16in,,,Other,0,False,False,False,False
587,Other/Unbranded_Unknown_Unk_Unk_Unk,Other/Unbranded,Other,419.0,Used,Used,Intel,Unknown,Unknown,,,Unknown,Unknown,,,,Unk,,Unk,,Unk,,,Other,0,False,False,False,False
588,Other/Unbranded_Unknown_Unk_Unk_Unk,Other/Unbranded,Other,303.8,Refurbished - Good,Refurbished,Intel,Unknown,Unknown,,,Unknown,Unknown,,,,Unk,,Unk,,Unk,,,Other,0,False,False,False,False
589,Dell_i5_Unk_256GB_14-16in,Dell,Notebook/Laptop,302.8,Used,Used,Nvidia,Intel,i5,4.0,,Windows,Unknown,,240.0,240.0,256GB,,Unk,14.0,14-16in,1280.0,720.0,Other,0,False,False,False,False
590,Other/Unbranded_Unknown_Unk_Unk_Unk,Other/Unbranded,Other,366.8,Used,Used,Intel,Unknown,Unknown,,,Unknown,Unknown,,,,Unk,,Unk,,Unk,,,Other,0,False,False,False,False
591,Dell_i5_Unk_128GB_12-14in,Dell,Notebook/Laptop,414.8,Used,Used,Intel,Intel,i5,6.0,2.3,Windows,SSD,,120.0,120.0,128GB,,Unk,12.5,12-14in,1920.0,1080.0,Other,4,True,False,True,True
592,Other/Unbranded_i5_Unk_512GB_12-14in,Other/Unbranded,Notebook/Laptop,471.8,Used,Used,Intel,Intel,i5,6.0,,Windows,Unknown,,480.0,480.0,512GB,,Unk,13.3,12-14in,1280.0,720.0,Other,1,False,False,False,False
593,Other/Unbranded_Unknown_Unk_Unk_Unk,Other/Unbranded,Other,348.5,Used,Used,Intel,Unknown,Unknown,,,Unknown,Unknown,,,,Unk,,Unk,,Unk,,,Other,0,False,False,False,False
594,Dell_i5_Unk_1TB_14-16in,Dell,Notebook/Laptop,477.8,Used,Used,Intel,Intel,i5,5.0,2.7,Windows,Unknown,,960.0,960.0,1TB,,Unk,14.0,14-16in,1280.0,720.0,Black,3,False,False,False,True
595,Other/Unbranded_Unknown_Unk_Unk_Unk,Other/Unbranded,Other,300.8,New,New,Other,Unknown,Unknown,,,Unknown,Unknown,,,,Unk,,Unk,,Unk,,,Other,0,False,False,False,False
596,Other/Unbranded_Unknown_Unk_Unk_Unk,Other/Unbranded,Other,58.72,Unknown,Unknown,Other,Unknown,Unknown,,,Unknown,Unknown,,,,Unk,,Unk,,Unk,,,Other,0,False,False,False,False
597,Other/Unbranded_Unknown_Unk_Unk_Unk,Other/Unbranded,Other,105.75,New,New,Other,Unknown,Unknown,,,Unknown,Unknown,,,,Unk,,Unk,,Unk,,,Other,0,False,False,False,False
598,AUO_Unknown_Unk_Unk_Unk,AUO,Other,65.25,New,New,Other,Unknown,Unknown,,,Unknown,Unknown,,,,Unk,,Unk,,Unk,,,Other,0,False,False,False,False
599,Other/Unbranded_Unknown_Unk_Unk_Unk,Other/Unbranded,Other,57.88,Unknown,Unknown,Other,Unknown,Unknown,,,Unknown,Unknown,,,,Unk,,Unk,,Unk,,,Other,0,False,False,False,False
600,Other/Unbranded_Unknown_Unk_Unk_Unk,Other/Unbranded,Other,9.77,Used,Used,Other,Unknown,Unknown,,,Unknown,Unknown,,,,Unk,,Unk,,Unk,,,Other,0,False,False,False,False
601,Other/Unbranded_Unknown_Unk_Unk_Unk,Other/Unbranded,Other,94.4,Unknown,Unknown,Other,Unknown,Unknown,,,Unknown,Unknown,,,,Unk,,Unk,,Unk,,,Other,0,False,False,False,False
602,Other/Unbranded_Unknown_Unk_Unk_Unk,Other/Unbranded,Other,75.94,New,New,Other,Unknown,Unknown,,,Unknown,Unknown,,,,Unk,,Unk,,Unk,,,Other,0,False,False,False,False
603,Other/Unbranded_Unknown_Unk_Unk_Unk,Other/Unbranded,Other,82.25,New,New,Other,Unknown,Unknown,,,Unknown,Unknown,,,,Unk,,Unk,,Unk,,,Other,0,False,False,False,False
604,Dell_i5_Unk_512GB_Sub-12in,Dell,Notebook/Laptop,356.2,Used,Used,Intel,Intel,i5,4.0,1.99,Windows,SSD,,480.0,480.0,512GB,,Unk,10.8,Sub-12in,1920.0,1080.0,Other,7,True,False,True,True
605,Lenovo_i5_Unk_256GB_14-16in,Lenovo,Notebook/Laptop,319.5,Used,Used,Other,Intel,i5,7.0,3.1,Windows,Unknown,,240.0,240.0,256GB,,Unk,14.0,14-16in,1920.0,1080.0,Black,5,False,True,True,True
606,LG_Unknown_Unk_Unk_Unk,LG,Other,97.5,Unknown,Unknown,Other,Unknown,Unknown,,,Unknown,Unknown,,,,Unk,,Unk,,Unk,,,Other,0,False,False,False,False
607,Other/Unbranded_Unknown_Unk_Unk_Unk,Other/Unbranded,Other,75.94,Unknown,Unknown,Other,Unknown,Unknown,,,Unknown,Unknown,,,,Unk,,Unk,,Unk,,,Black,0,False,False,False,False
608,Other/Unbranded_Unknown_Unk_Unk_Unk,Other/Unbranded,Other,10.85,Used,Used,Other,Unknown,Unknown,,,Unknown,Unknown,,,,Unk,,Unk,,Unk,,,Other,0,False,False,False,False
609,Other/Unbranded_Unknown_Unk_Unk_Unk,Other/Unbranded,Other,115.94,New,New,Other,Unknown,Unknown,,,Unknown,Unknown,,,,Unk,,Unk,,Unk,,,Other,0,False,False,False,False
610,Other/Unbranded_Unknown_Unk_Unk_Unk,Other/Unbranded,Other,31.44,New,New,Other,Unknown,Unknown,,,Unknown,Unknown,,,,Unk,,Unk,,Unk,,,Other,0,False,False,False,False
611,Other/Unbranded_Unknown_Unk_Unk_Unk,Other/Unbranded,Other,351.5,Used,Used,Intel,Unknown,Unknown,,,Unknown,Unknown,,,,Unk,,Unk,,Unk,,,Other,0,False,False,False,False
612,Lenovo_i5_Unk_1TB_14-16in,Lenovo,Notebook/Laptop,434.2,Used,Used,Intel,Intel,i5,6.0,2.8,Windows,Unknown,,960.0,960.0,1TB,,Unk,14.0,14-16in,1920.0,1080.0,Other,5,False,True,True,True
613,Lenovo_i5_Unk_256GB_14-16in,Lenovo,Notebook/Laptop,434.5,Used,Used,Intel,Intel,i5,4.0,4.0,Windows,SSD,,240.0,240.0,256GB,,Unk,14.0,14-16in,1280.0,720.0,Other,6,False,False,True,True
614,Other/Unbranded_Unknown_Unk_Unk_Unk,Other/Unbranded,Other,44.97,New,New,Other,Unknown,Unknown,,,Unknown,Unknown,,,,Unk,,Unk,,Unk,,,Other,0,False,False,False,False
615,HP_Unknown_Unk_Unk_Unk,HP,Other,76.9,New,New,Other,Unknown,Unknown,,,Unknown,Unknown,,,,Unk,,Unk,,Unk,,,Other,0,False,False,False,False
616,Samsung_Unknown_Unk_Unk_Unk,Samsung,Other,110.8,New,New,Other,Unknown,Unknown,,,Unknown,Unknown,,,,Unk,,Unk,,Unk,,,Other,0,False,False,False,False
617,Other/Unbranded_i7_Unk_2TB+_14-16in,Other/Unbranded,Notebook/Laptop,2724.0,Refurbished - Seller Grade,Refurbished,Intel,Intel,i7,,1.8,Windows,SSD,,4000.0,4000.0,2TB+,,Unk,14.0,14-16in,1920.0,1080.0,Other,6,False,False,True,True
618,AUO_Unknown_Unk_Unk_Unk,AUO,Other,59.22,New,New,Other,Unknown,Unknown,,,Unknown,Unknown,,,,Unk,,Unk,,Unk,,,Other,0,False,False,False,False
619,Other/Unbranded_Unknown_Unk_Unk_Unk,Other/Unbranded,Other,488.8,Refurbished - Seller Grade,Refurbished,Intel,Unknown,Unknown,,,Unknown,Unknown,,,,Unk,,Unk,,Unk,,,Other,0,False,False,False,False
620,Samsung_Unknown_Unk_Unk_Unk,Samsung,Other,127.56,New,New,Other,Unknown,Unknown,,,Unknown,Unknown,,,,Unk,,Unk,,Unk,,,Other,0,False,False,False,False
621,Other/Unbranded_i5_Unk_128GB_12-14in,Other/Unbranded,Notebook/Laptop,323.2,Used,Used,Intel,Intel,i5,6.0,2.3,Windows,SSD,,120.0,120.0,128GB,,Unk,13.3,12-14in,1280.0,720.0,Gray,4,False,False,True,True
622,Other/Unbranded_celeron_Unk_Unk_Sub-12in,Other/Unbranded,Other,125.0,Used,Used,Other,Intel,celeron,,,Unknown,Unknown,,,,Unk,,Unk,11.6,Sub-12in,,,Other,0,False,False,False,False
623,Other/Unbranded_i5_16GB_2TB_14-16in,Other/Unbranded,Notebook/Laptop,530.0,Used,Used,Intel,Intel,i5,7.0,2.6,Windows,SSD,1000.0,1000.0,2000.0,2TB,16.0,16GB,14.0,14-16in,,,Silver,6,False,True,True,False
624,Dell_i5_Unk_512GB_14-16in,Dell,Other,430.5,Used,Used,Intel,Intel,i5,4.0,,Windows,Unknown,,360.0,360.0,512GB,,Unk,14.0,14-16in,1280.0,720.0,Other,1,False,False,False,False
625,Other/Unbranded_Unknown_Unk_Unk_Unk,Other/Unbranded,Other,70.3,New,New,Other,Unknown,Unknown,,,Unknown,Unknown,,,,Unk,,Unk,,Unk,,,Other,0,False,False,False,False
626,Lenovo_Unknown_Unk_Unk_Unk,Lenovo,Other,60.97,New,New,Other,Unknown,Unknown,,,Unknown,Unknown,,,,Unk,,Unk,,Unk,,,Other,0,False,False,False,False
627,AUO_Unknown_Unk_Unk_Unk,AUO,Other,66.3,New,New,Other,Unknown,Unknown,,,Unknown,Unknown,,,,Unk,,Unk,,Unk,,,Other,0,False,False,False,False
628,Dell_Other/Unspecified_Unk_128GB_Sub-12in,Dell,Notebook/Laptop,942.5,Used,Used,Intel,Intel,Other/Unspecified,,2.9,Windows,Unknown,,120.0,120.0,128GB,,Unk,11.6,Sub-12in,1280.0,720.0,Black,7,True,False,True,True
629,Other/Unbranded_Unknown_Unk_Unk_Unk,Other/Unbranded,Other,267.0,New,New,Other,Unknown,Unknown,,,Unknown,Unknown,,,,Unk,,Unk,,Unk,,,Other,0,False,False,False,False
630,Other/Unbranded_Unknown_Unk_Unk_Unk,Other/Unbranded,Other,32.56,For Parts / Not Working,End-of-Life,Other,Unknown,Unknown,,,Unknown,Unknown,,,,Unk,,Unk,,Unk,,,Other,0,False,False,False,False
631,Other/Unbranded_Unknown_Unk_Unk_Unk,Other/Unbranded,Other,272.2,Used,Used,Intel,Unknown,Unknown,,,Unknown,Unknown,,,,Unk,,Unk,,Unk,,,Other,0,False,False,False,False
632,LG_Unknown_Unk_Unk_Unk,LG,Other,109.2,New,New,Other,Unknown,Unknown,,,Unknown,Unknown,,,,Unk,,Unk,,Unk,,,Other,0,False,False,False,False
633,Other/Unbranded_Unknown_Unk_Unk_Unk,Other/Unbranded,Other,39.38,New,New,Other,Unknown,Unknown,,,Unknown,Unknown,,,,Unk,,Unk,,Unk,,,Other,0,False,False,False,False
634,Dell_i5_Unk_1TB_14-16in,Dell,Notebook/Laptop,464.5,Used,Used,Intel,Intel,i5,4.0,2.6,Windows,Unknown,,960.0,960.0,1TB,,Unk,14.0,14-16in,1280.0,720.0,Other,3,False,False,False,True
635,Other/Unbranded_Unknown_Unk_Unk_Unk,Other/Unbranded,Other,102.8,New,New,Other,Unknown,Unknown,,,Unknown,Unknown,,,,Unk,,Unk,,Unk,,,Other,0,False,False,False,False
636,Other/Unbranded_Unknown_Unk_Unk_Unk,Other/Unbranded,Other,81.06,New,New,Other,Unknown,Unknown,,,Unknown,Unknown,,,,Unk,,Unk,,Unk,,,Other,0,False,False,False,False
637,AUO_Unknown_Unk_Unk_Unk,AUO,Other,70.5,New,New,Other,Unknown,Unknown,,,Unknown,Unknown,,,,Unk,,Unk,,Unk,,,Other,0,False,False,False,False
638,Lenovo_Unknown_Unk_Unk_Unk,Lenovo,Other,91.9,Unknown,Unknown,Other,Unknown,Unknown,,,Unknown,Unknown,,,,Unk,,Unk,,Unk,,,Other,0,False,False,False,False
639,Other/Unbranded_Unknown_Unk_Unk_Unk,Other/Unbranded,Other,21.8,New,New,Other,Unknown,Unknown,,,Unknown,Unknown,,,,Unk,,Unk,,Unk,,,Other,0,False,False,False,False
640,Other/Unbranded_Unknown_Unk_Unk_Unk,Other/Unbranded,Other,63.28,New,New,Other,Unknown,Unknown,,,Unknown,Unknown,,,,Unk,,Unk,,Unk,,,Other,0,False,False,False,False
641,Other/Unbranded_Unknown_Unk_Unk_Unk,Other/Unbranded,Other,715.0,Refurbished - Seller Grade,Refurbished,Intel,Unknown,Unknown,,,Unknown,Unknown,,,,Unk,,Unk,,Unk,,,Other,0,False,False,False,False
642,LG_Unknown_Unk_Unk_Unk,LG,Other,112.44,New,New,Other,Unknown,Unknown,,,Unknown,Unknown,,,,Unk,,Unk,,Unk,,,Other,0,False,False,False,False
643,Acer_celeron_4GB_16GB_Sub-12in,Acer,Notebook/Laptop,50.47,Used,Used,Intel,Intel,celeron,,,Chrome,SSD,,16.0,16.0,16GB,4.0,4GB,11.6,Sub-12in,,,Other,0,False,False,False,False
644,LG_Unknown_Unk_Unk_Unk,LG,Other,137.4,New,New,Other,Unknown,Unknown,,,Unknown,Unknown,,,,Unk,,Unk,,Unk,,,Other,0,False,False,False,False
645,Other/Unbranded_Unknown_Unk_Unk_Unk,Other/Unbranded,Other,375.8,Refurbished - Seller Grade,Refurbished,Other,Unknown,Unknown,,,Unknown,Unknown,,,,Unk,,Unk,,Unk,,,Black,0,False,False,False,False
646,Other/Unbranded_i5_Unk_256GB_14-16in,Other/Unbranded,Notebook/Laptop,430.5,Used,Used,Intel,Intel,i5,4.0,3.0,Windows,SSD,,240.0,240.0,256GB,,Unk,15.6,14-16in,1280.0,720.0,Other,4,False,False,True,True
647,Other/Unbranded_Unknown_Unk_Unk_Unk,Other/Unbranded,Other,91.3,New,New,Other,Unknown,Unknown,,,Unknown,Unknown,,,,Unk,,Unk,,Unk,,,Other,0,False,False,False,False
648,Other/Unbranded_Unknown_Unk_Unk_Unk,Other/Unbranded,Other,510.8,Used,Used,Other,Unknown,Unknown,,,Unknown,Unknown,,,,Unk,,Unk,,Unk,,,Other,0,False,False,False,False
649,Samsung_Unknown_Unk_Unk_Unk,Samsung,Other,90.9,Unknown,Unknown,Other,Unknown,Unknown,,,Unknown,Unknown,,,,Unk,,Unk,,Unk,1366.0,768.0,Other,0,False,False,False,False
650,Other/Unbranded_Unknown_Unk_Unk_Unk,Other/Unbranded,Other,347.2,Refurbished - Seller Grade,Refurbished,Intel,Unknown,Unknown,,,Unknown,Unknown,,,,Unk,,Unk,,Unk,,,Other,0,False,False,False,False
651,Other/Unbranded_pentium_Unk_Unk_14-16in,Other/Unbranded,Notebook/Laptop,22.06,For Parts / Not Working,End-of-Life,Other,Intel,pentium,,,Unknown,Unknown,,,,Unk,,Unk,15.0,14-16in,,,Other,0,False,False,False,False
652,Other/Unbranded_Unknown_Unk_Unk_Unk,Other/Unbranded,Other,16.36,Used,Used,Other,Unknown,Unknown,,,Unknown,Unknown,,,,Unk,,Unk,,Unk,,,Other,0,False,False,False,False
653,Other/Unbranded_Unknown_Unk_Unk_Unk,Other/Unbranded,Other,285.0,Refurbished - Seller Grade,Refurbished,Intel,Unknown,Unknown,,,Unknown,Unknown,,,,Unk,,Unk,,Unk,,,Black,0,False,False,False,False
654,Other/Unbranded_Unknown_Unk_Unk_Unk,Other/Unbranded,Other,423.2,Used,Used,Amd,Unknown,Unknown,,,Unknown,Unknown,,,,Unk,,Unk,,Unk,,,Other,0,False,False,False,False
655,Other/Unbranded_i5_Unk_256GB_12-14in,Other/Unbranded,Notebook/Laptop,384.2,Used,Used,Intel,Intel,i5,6.0,2.3,Windows,SSD,,240.0,240.0,256GB,,Unk,13.3,12-14in,1280.0,720.0,Other,4,False,False,True,True
656,Lenovo_celeron_Unk_256GB_14-16in,Lenovo,Notebook/Laptop,597.5,Used,Used,Intel,Intel,celeron,,1.6,Windows,SSD,,240.0,240.0,256GB,,Unk,15.6,14-16in,1280.0,720.0,Other,4,False,False,True,True
657,Lenovo_i5_Unk_1TB_14-16in,Lenovo,Notebook/Laptop,434.2,Used,Used,Intel,Intel,i5,6.0,2.8,Windows,Unknown,,960.0,960.0,1TB,,Unk,14.0,14-16in,1920.0,1080.0,Other,5,False,True,True,True
658,Other/Unbranded_Unknown_Unk_Unk_Unk,Other/Unbranded,Other,236.5,Used,Used,Other,Unknown,Unknown,,,Unknown,Unknown,,,,Unk,,Unk,,Unk,,,Other,0,False,False,False,False
659,Other/Unbranded_Unknown_Unk_Unk_Unk,Other/Unbranded,Other,48.28,New,New,Other,Unknown,Unknown,,,Unknown,Unknown,,,,Unk,,Unk,,Unk,,,Other,0,False,False,False,False
660,Other/Unbranded_Unknown_Unk_Unk_Unk,Other/Unbranded,Other,242.2,New,New,Other,Unknown,Unknown,,,Unknown,Unknown,,,,Unk,,Unk,,Unk,,,Other,0,False,False,False,False
661,Other/Unbranded_Unknown_Unk_Unk_Unk,Other/Unbranded,Other,954.5,Refurbished - Seller Grade,Refurbished,Intel,Unknown,Unknown,,,Unknown,Unknown,,,,Unk,,Unk,,Unk,,,Other,0,False,False,False,False
662,Other/Unbranded_Unknown_Unk_Unk_Unk,Other/Unbranded,Other,196.9,New,New,Other,Unknown,Unknown,,,Unknown,Unknown,,,,Unk,,Unk,,Unk,,,Other,0,False,False,False,False
663,Other/Unbranded_Unknown_Unk_Unk_Unk,Other/Unbranded,Other,2658.0,Refurbished - Seller Grade,Refurbished,Intel,Unknown,Unknown,,,Unknown,Unknown,,,,Unk,,Unk,,Unk,,,Other,0,False,False,False,False
664,Other/Unbranded_Unknown_Unk_Unk_Unk,Other/Unbranded,Other,105.44,New,New,Other,Unknown,Unknown,,,Unknown,Unknown,,,,Unk,,Unk,,Unk,,,Other,0,False,False,False,False
665,Other/Unbranded_Unknown_Unk_Unk_Unk,Other/Unbranded,Other,352.0,Refurbished - Seller Grade,Refurbished,Nvidia,Unknown,Unknown,,,Unknown,Unknown,,,,Unk,,Unk,,Unk,,,Black,0,False,False,False,False
666,Lenovo_i5_Unk_256GB_12-14in,Lenovo,Notebook/Laptop,470.2,Used,Used,Intel,Intel,i5,4.0,1.99,Windows,SSD,,240.0,240.0,256GB,,Unk,12.5,12-14in,1280.0,720.0,Black,6,True,False,True,True
667,Other/Unbranded_i5_Unk_1TB_12-14in,Other/Unbranded,Notebook/Laptop,636.5,Used,Used,Intel,Intel,i5,6.0,,Windows,Unknown,,960.0,960.0,1TB,,Unk,13.3,12-14in,1280.0,720.0,Other,1,False,False,False,False
668,Other/Unbranded_Unknown_Unk_Unk_Unk,Other/Unbranded,Other,124.3,New,New,Other,Unknown,Unknown,,,Unknown,Unknown,,,,Unk,,Unk,,Unk,,,Other,0,False,False,False,False
669,Other/Unbranded_Unknown_Unk_Unk_Unk,Other/Unbranded,Other,827.5,Refurbished - Seller Grade,Refurbished,Intel,Unknown,Unknown,,,Unknown,Unknown,,,,Unk,,Unk,,Unk,,,Other,0,False,False,False,False
670,Other/Unbranded_Unknown_Unk_Unk_Unk,Other/Unbranded,Other,278.8,Refurbished - Seller Grade,Refurbished,Intel,Unknown,Unknown,,,Unknown,Unknown,,,,Unk,,Unk,,Unk,,,Black,0,False,False,False,False
671,Other/Unbranded_Unknown_Unk_Unk_Unk,Other/Unbranded,Other,92.06,New,New,Other,Unknown,Unknown,,,Unknown,Unknown,,,,Unk,,Unk,,Unk,,,Other,0,False,False,False,False
672,Other/Unbranded_Unknown_Unk_Unk_Unk,Other/Unbranded,Other,95.0,New,New,Other,Unknown,Unknown,,,Unknown,Unknown,,,,Unk,,Unk,,Unk,,,Other,0,False,False,False,False
673,Other/Unbranded_Unknown_Unk_Unk_Unk,Other/Unbranded,Other,1090.0,Refurbished - Seller Grade,Refurbished,Intel,Unknown,Unknown,,,Unknown,Unknown,,,,Unk,,Unk,,Unk,,,Other,0,False,False,False,False
674,Dell_i5_Unk_2TB_14-16in,Dell,Notebook/Laptop,532.0,Used,Used,Intel,Intel,i5,4.0,2.6,Windows,Unknown,,2000.0,2000.0,2TB,,Unk,14.0,14-16in,1280.0,720.0,Black,4,False,False,True,True
675,Dell_i5_Unk_256GB_14-16in,Dell,Notebook/Laptop,283.0,Refurbished - Seller Grade,Refurbished,Intel,Intel,i5,3.0,3.1,Windows,SSD,,240.0,240.0,256GB,,Unk,14.0,14-16in,1280.0,720.0,Other,2,False,False,False,True
676,Other/Unbranded_Unknown_Unk_Unk_Unk,Other/Unbranded,Other,116.25,New,New,Other,Unknown,Unknown,,,Unknown,Unknown,,,,Unk,,Unk,,Unk,,,Other,0,False,False,False,False
677,Dell_i5_Unk_128GB_14-16in,Dell,Notebook/Laptop,293.2,Used,Used,Intel,Intel,i5,4.0,2.6,Windows,Unknown,,120.0,120.0,128GB,,Unk,14.0,14-16in,1280.0,720.0,Other,3,False,False,False,True
678,Acer_Unknown_Unk_Unk_Unk,Acer,Other,91.44,New,New,Other,Unknown,Unknown,,,Unknown,Unknown,,,,Unk,,Unk,,Unk,,,Other,0,False,False,False,False
679,Dell_i5_Unk_128GB_14-16in,Dell,Notebook/Laptop,427.2,Used,Used,Intel,Intel,i5,2.0,3.0,Windows,SSD,,120.0,120.0,128GB,,Unk,15.6,14-16in,1280.0,720.0,Other,2,False,False,False,True
680,Other/Unbranded_Unknown_Unk_Unk_Unk,Other/Unbranded,Other,10.85,Used,Used,Other,Unknown,Unknown,,,Unknown,Unknown,,,,Unk,,Unk,,Unk,,,Other,0,False,False,False,False
681,Other/Unbranded_Unknown_Unk_Unk_Unk,Other/Unbranded,Other,47.1,Unknown,Unknown,Other,Unknown,Unknown,,,Unknown,Unknown,,,,Unk,,Unk,,Unk,,,Other,0,False,False,False,False
682,Other/Unbranded_Unknown_Unk_Unk_Unk,Other/Unbranded,Other,58.97,New,New,Other,Unknown,Unknown,,,Unknown,Unknown,,,,Unk,,Unk,,Unk,,,Other,0,False,False,False,False
683,LG_Unknown_Unk_Unk_Unk,LG,Other,91.9,New,New,Other,Unknown,Unknown,,,Unknown,Unknown,,,,Unk,,Unk,,Unk,,,Other,0,False,False,False,False
684,Other/Unbranded_Unknown_Unk_Unk_Unk,Other/Unbranded,Other,329.2,Refurbished - Seller Grade,Refurbished,Intel,Unknown,Unknown,,,Unknown,Unknown,,,,Unk,,Unk,,Unk,,,Black,0,False,False,False,False
685,Other/Unbranded_Unknown_Unk_Unk_Unk,Other/Unbranded,Other,103.06,New,New,Other,Unknown,Unknown,,,Unknown,Unknown,,,,Unk,,Unk,,Unk,,,Other,0,False,False,False,False
686,Samsung_Unknown_Unk_Unk_Unk,Samsung,Other,70.5,New,New,Other,Unknown,Unknown,,,Unknown,Unknown,,,,Unk,,Unk,,Unk,,,Other,0,False,False,False,False
687,Other/Unbranded_Unknown_Unk_Unk_Unk,Other/Unbranded,Other,106.94,New,New,Other,Unknown,Unknown,,,Unknown,Unknown,,,,Unk,,Unk,,Unk,,,Other,0,False,False,False,False
688,AUO_Unknown_Unk_Unk_Unk,AUO,Other,90.1,New,New,Other,Unknown,Unknown,,,Unknown,Unknown,,,,Unk,,Unk,,Unk,,,Other,0,False,False,False,False
689,Other/Unbranded_Unknown_Unk_Unk_Unk,Other/Unbranded,Other,361.5,Refurbished - Seller Grade,Refurbished,Intel,Unknown,Unknown,,,Unknown,Unknown,,,,Unk,,Unk,,Unk,,,Black,0,False,False,False,False
690,Other/Unbranded_Unknown_Unk_Unk_Unk,Other/Unbranded,Other,120.75,New,New,Other,Unknown,Unknown,,,Unknown,Unknown,,,,Unk,,Unk,,Unk,,,Other,0,False,False,False,False
691,Other/Unbranded_Unknown_Unk_Unk_Unk,Other/Unbranded,Other,105.9,New,New,Other,Unknown,Unknown,,,Unknown,Unknown,,,,Unk,,Unk,,Unk,,,Other,0,False,False,False,False
692,Other/Unbranded_Unknown_Unk_Unk_Unk,Other/Unbranded,Other,319.0,New,New,Other,Unknown,Unknown,,,Unknown,Unknown,,,,Unk,,Unk,,Unk,,,Other,0,False,False,False,False
693,HP_i7_16GB_256GB_14-16in,HP,Notebook/Laptop,329.5,Refurbished - Good,Refurbished,Intel,Intel,i7,,2.8,Windows,SSD,,256.0,256.0,256GB,16.0,16GB,14.0,14-16in,1920.0,1080.0,Other,8,True,False,True,True
694,Lenovo_i5_Unk_256GB_14-16in,Lenovo,Notebook/Laptop,729.5,New,New,Intel,Intel,i5,12.0,4.0,Windows,SSD,,256.0,256.0,256GB,,Unk,15.6,14-16in,1920.0,1080.0,Other,3,False,False,True,True
695,Other/Unbranded_Unknown_Unk_Unk_Unk,Other/Unbranded,Other,78.25,New,New,Other,Unknown,Unknown,,,Unknown,Unknown,,,,Unk,,Unk,,Unk,,,Other,0,False,False,False,False
696,Other/Unbranded_Unknown_Unk_Unk_Unk,Other/Unbranded,Other,130.8,New,New,Other,Unknown,Unknown,,,Unknown,Unknown,,,,Unk,,Unk,,Unk,,,Other,0,False,False,False,False
697,Other/Unbranded_i7_Unk_256GB_14-16in,Other/Unbranded,Notebook/Laptop,2144.0,Refurbished - Seller Grade,Refurbished,Intel,Intel,i7,,1.8,Windows,SSD,,240.0,240.0,256GB,,Unk,14.0,14-16in,1920.0,1080.0,Other,6,False,False,True,True
698,Other/Unbranded_Unknown_Unk_Unk_Unk,Other/Unbranded,Other,31.27,New,New,Other,Unknown,Unknown,,,Unknown,Unknown,,,,Unk,,Unk,,Unk,,,Other,0,False,False,False,False
699,Asus_Unknown_Unk_Unk_Unk,Asus,Other,417.8,Used,Used,Amd,Unknown,Unknown,,,Unknown,Unknown,,,,Unk,,Unk,,Unk,,,Other,0,False,False,False,False
700,Other/Unbranded_Unknown_Unk_Unk_Unk,Other/Unbranded,Other,360.8,Used,Used,Intel,Unknown,Unknown,,,Unknown,Unknown,,,,Unk,,Unk,,Unk,,,Other,0,False,False,False,False
701,Dell_i5_Unk_256GB_12-14in,Dell,Other,377.8,Used,Used,Intel,Intel,i5,3.0,,Windows,Unknown,,240.0,240.0,256GB,,Unk,13.3,12-14in,1280.0,720.0,Other,1,False,False,False,False
702,Other/Unbranded_Unknown_Unk_Unk_Unk,Other/Unbranded,Other,19.81,Used,Used,Other,Unknown,Unknown,,,Unknown,Unknown,,,,Unk,,Unk,,Unk,,,Other,0,False,False,False,False
703,Other/Unbranded_i3_Unk_2TB_14-16in,Other/Unbranded,Notebook/Laptop,684.0,Used,Used,Intel,Intel,i3,6.0,3.0,Windows,SSD,,2000.0,2000.0,2TB,,Unk,14.0,14-16in,1280.0,720.0,Black,5,False,False,True,True
704,Other/Unbranded_Unknown_Unk_Unk_Unk,Other/Unbranded,Other,294.5,Open Box,Like-New,Other,Unknown,Unknown,,,Unknown,Unknown,,,,Unk,,Unk,,Unk,,,Other,0,False,False,False,False
705,Dell_i5_Unk_128GB_14-16in,Dell,Notebook/Laptop,326.2,Used,Used,Intel,Intel,i5,,2.3,Windows,Unknown,,128.0,128.0,128GB,,Unk,14.0,14-16in,1920.0,1080.0,Black,4,False,False,True,False
706,Other/Unbranded_Unknown_Unk_Unk_Unk,Other/Unbranded,Other,87.7,New,New,Other,Unknown,Unknown,,,Unknown,Unknown,,,,Unk,,Unk,,Unk,,,Other,0,False,False,False,False
707,Lenovo_i3_Unk_512GB_12-14in,Lenovo,Notebook/Laptop,462.8,Used,Used,Intel,Intel,i3,7.0,2.4,Windows,SSD,,480.0,480.0,512GB,,Unk,13.3,12-14in,1280.0,720.0,Other,3,False,False,True,True
708,Dell_i5_Unk_2TB_14-16in,Dell,Notebook/Laptop,554.5,Used,Used,Intel,Intel,i5,5.0,,Windows,Unknown,,2000.0,2000.0,2TB,,Unk,14.0,14-16in,1280.0,720.0,Other,0,False,False,False,False
709,Other/Unbranded_Unknown_Unk_Unk_Unk,Other/Unbranded,Other,128.0,New,New,Other,Unknown,Unknown,,,Unknown,Unknown,,,,Unk,,Unk,,Unk,,,Other,0,False,False,False,False
710,Other/Unbranded_Unknown_Unk_Unk_Unk,Other/Unbranded,Other,1028.0,Refurbished - Seller Grade,Refurbished,Intel,Unknown,Unknown,,,Unknown,Unknown,,,,Unk,,Unk,,Unk,,,Other,0,False,False,False,False
711,Samsung_Unknown_Unk_Unk_Unk,Samsung,Other,99.44,New,New,Other,Unknown,Unknown,,,Unknown,Unknown,,,,Unk,,Unk,,Unk,,,Other,0,False,False,False,False
712,Dell_i5_Unk_2TB_14-16in,Dell,Notebook/Laptop,532.0,Used,Used,Intel,Intel,i5,4.0,2.6,Windows,Unknown,,2000.0,2000.0,2TB,,Unk,14.0,14-16in,1280.0,720.0,Black,3,False,False,False,True
713,Lenovo_i3_Unk_128GB_12-14in,Lenovo,Notebook/Laptop,423.0,Used,Used,Intel,Intel,i3,7.0,2.4,Windows,SSD,,120.0,120.0,128GB,,Unk,13.0,12-14in,1280.0,720.0,Black,3,False,False,True,True
714,Lenovo_i3_Unk_1TB_14-16in,Lenovo,Notebook/Laptop,738.0,Used,Used,Intel,Intel,i3,8.0,2.2,Windows,SSD,,960.0,960.0,1TB,,Unk,15.6,14-16in,1920.0,1080.0,Other,4,False,False,True,True
715,Other/Unbranded_Unknown_Unk_Unk_Unk,Other/Unbranded,Other,8.68,Used,Used,Other,Unknown,Unknown,,,Unknown,Unknown,,,,Unk,,Unk,,Unk,,,Other,0,False,False,False,False
716,Dell_i5_Unk_256GB_14-16in,Dell,Notebook/Laptop,303.8,Used,Used,Intel,Intel,i5,4.0,2.6,Windows,Unknown,,240.0,240.0,256GB,,Unk,14.0,14-16in,1280.0,720.0,Other,3,False,False,False,True
717,Other/Unbranded_Unknown_Unk_Unk_Unk,Other/Unbranded,Other,26.52,Unknown,Unknown,Other,Unknown,Unknown,,,Unknown,Unknown,,,,Unk,,Unk,,Unk,,,Other,0,False,False,False,False
718,Other/Unbranded_Unknown_Unk_Unk_Unk,Other/Unbranded,Other,422.8,Refurbished - Seller Grade,Refurbished,Intel,Unknown,Unknown,,,Unknown,Unknown,,,,Unk,,Unk,,Unk,,,Other,0,False,False,False,False
719,Other/Unbranded_Unknown_Unk_256GB_Unk,Other/Unbranded,Other,441.2,Used,Used,Other,Unknown,Unknown,,0.00226,Unknown,Unknown,160.0,,160.0,256GB,,Unk,,Unk,,,Black,0,False,False,False,False
720,Dell_i5_Unk_1TB_14-16in,Dell,Notebook/Laptop,433.0,Used,Used,Intel,Intel,i5,4.0,2.6,Windows,Unknown,,960.0,960.0,1TB,,Unk,14.0,14-16in,1280.0,720.0,Other,3,False,False,False,True
721,Other/Unbranded_Unknown_Unk_Unk_Unk,Other/Unbranded,Other,120.5,New,New,Other,Unknown,Unknown,,,Unknown,Unknown,,,,Unk,,Unk,,Unk,,,Other,0,False,False,False,False
722,Other/Unbranded_Unknown_Unk_Unk_Unk,Other/Unbranded,Other,13.02,Used,Used,Other,Unknown,Unknown,,,Unknown,Unknown,,,,Unk,,Unk,,Unk,,,Other,0,False,False,False,False
723,Other/Unbranded_Unknown_Unk_Unk_Unk,Other/Unbranded,Other,351.2,Used,Used,Intel,Unknown,Unknown,,,Unknown,Unknown,,,,Unk,,Unk,,Unk,,,Other,0,False,False,False,False
724,Other/Unbranded_i3_Unk_128GB_12-14in,Other/Unbranded,Notebook/Laptop,383.5,Used,Used,Intel,Intel,i3,4.0,3.0,Windows,SSD,,120.0,120.0,128GB,,Unk,13.3,12-14in,1280.0,720.0,Black,4,False,False,True,True
725,Other/Unbranded_Unknown_Unk_Unk_Unk,Other/Unbranded,Other,413.8,Unknown,Unknown,Other,Unknown,Unknown,,,Unknown,Unknown,,,,Unk,,Unk,,Unk,,,Black,0,False,False,False,False
726,Dell_i5_Unk_256GB_14-16in,Dell,Notebook/Laptop,283.0,Refurbished - Seller Grade,Refurbished,Intel,Intel,i5,3.0,3.1,Windows,SSD,,240.0,240.0,256GB,,Unk,14.0,14-16in,1280.0,720.0,Other,2,False,False,False,True
727,Dell_i5_Unk_128GB_14-16in,Dell,Notebook/Laptop,270.2,Refurbished - Seller Grade,Refurbished,Intel,Intel,i5,3.0,3.1,Windows,SSD,,120.0,120.0,128GB,,Unk,14.0,14-16in,1280.0,720.0,Other,2,False,False,False,True
728,Samsung_Unknown_Unk_Unk_Unk,Samsung,Other,50.03,New,New,Other,Unknown,Unknown,,,Unknown,Unknown,,,,Unk,,Unk,,Unk,,,Other,0,False,False,False,False
729,Other/Unbranded_Unknown_Unk_Unk_Unk,Other/Unbranded,Other,289.8,Used,Used,Other,Unknown,Unknown,,,Unknown,Unknown,,,,Unk,,Unk,,Unk,,,Other,0,False,False,False,False
730,Other/Unbranded_Unknown_Unk_Unk_Unk,Other/Unbranded,Other,475.5,Used,Used,Intel,Unknown,Unknown,,,Unknown,Unknown,,,,Unk,,Unk,,Unk,,,Other,0,False,False,False,False
731,LG_Unknown_Unk_Unk_Unk,LG,Other,90.5,New,New,Other,Unknown,Unknown,,,Unknown,Unknown,,,,Unk,,Unk,,Unk,,,Other,0,False,False,False,False
732,Other/Unbranded_Unknown_Unk_Unk_Unk,Other/Unbranded,Other,70.6,Unknown,Unknown,Other,Unknown,Unknown,,,Unknown,Unknown,,,,Unk,,Unk,,Unk,,,Other,0,False,False,False,False
733,Samsung_Unknown_Unk_Unk_Unk,Samsung,Other,70.56,New,New,Other,Unknown,Unknown,,,Unknown,Unknown,,,,Unk,,Unk,,Unk,,,Other,0,False,False,False,False
734,Dell_i5_Unk_128GB_Sub-12in,Dell,Notebook/Laptop,387.0,Used,Used,Intel,Intel,i5,4.0,1.99,Windows,SSD,,120.0,120.0,128GB,,Unk,10.8,Sub-12in,1920.0,1080.0,Other,7,True,False,True,True
735,Other/Unbranded_Unknown_Unk_Unk_Unk,Other/Unbranded,Other,368.0,Refurbished - Seller Grade,Refurbished,Intel,Unknown,Unknown,,,Unknown,Unknown,,,,Unk,,Unk,,Unk,,,Black,0,False,False,False,False
736,Other/Unbranded_Unknown_Unk_Unk_Unk,Other/Unbranded,Other,656.5,Used,Used,Other,Unknown,Unknown,,,Unknown,Unknown,,,,Unk,,Unk,,Unk,,,Other,0,False,False,False,False
737,Other/Unbranded_core2duo_Unk_Unk_14-16in,Other/Unbranded,Other,27.48,For Parts / Not Working,End-of-Life,Other,Intel,core 2 duo,,,Unknown,Unknown,,,,Unk,,Unk,15.4,14-16in,,,Other,0,False,False,False,False
738,Other/Unbranded_Unknown_Unk_Unk_Unk,Other/Unbranded,Other,67.2,New,New,Other,Unknown,Unknown,,,Unknown,Unknown,,,,Unk,,Unk,,Unk,,,Other,0,False,False,False,False
739,Other/Unbranded_Unknown_Unk_Unk_Unk,Other/Unbranded,Other,108.06,Unknown,Unknown,Other,Unknown,Unknown,,,Unknown,Unknown,,,,Unk,,Unk,,Unk,,,Other,0,False,False,False,False
740,Other/Unbranded_Unknown_Unk_Unk_Unk,Other/Unbranded,Other,164.0,New,New,Other,Unknown,Unknown,,,Unknown,Unknown,,,,Unk,,Unk,,Unk,,,Other,0,False,False,False,False
741,Lenovo_i5_Unk_256GB_14-16in,Lenovo,Other,488.2,Used,Used,Intel,Intel,i5,3.0,,Windows,Unknown,,240.0,240.0,256GB,,Unk,14.0,14-16in,1280.0,720.0,Black,1,False,False,False,False
742,Other/Unbranded_Unknown_Unk_Unk_Unk,Other/Unbranded,Other,42.3,Used,Used,Other,Unknown,Unknown,,,Unknown,Unknown,,,,Unk,,Unk,,Unk,,,Other,0,False,False,False,False
743,Other/Unbranded_Unknown_Unk_Unk_Unk,Other/Unbranded,Other,27.58,New,New,Other,Unknown,Unknown,,,Unknown,Unknown,,,,Unk,,Unk,,Unk,,,Other,0,False,False,False,False
744,AUO_Unknown_Unk_Unk_Unk,AUO,Other,124.25,New,New,Other,Unknown,Unknown,,,Unknown,Unknown,,,,Unk,,Unk,,Unk,,,Other,0,False,False,False,False
745,Lenovo_i5_Unk_1TB_14-16in,Lenovo,Notebook/Laptop,449.8,Used,Used,Intel,Intel,i5,6.0,2.8,Windows,Unknown,,960.0,960.0,1TB,,Unk,14.0,14-16in,1920.0,1080.0,Other,5,False,True,True,True
746,Other/Unbranded_Unknown_Unk_Unk_Unk,Other/Unbranded,Other,76.5,New,New,Other,Unknown,Unknown,,,Unknown,Unknown,,,,Unk,,Unk,,Unk,,,Other,0,False,False,False,False
747,Samsung_Unknown_Unk_Unk_Unk,Samsung,Other,109.9,Unknown,Unknown,Other,Unknown,Unknown,,,Unknown,Unknown,,,,Unk,,Unk,,Unk,1366.0,768.0,Other,0,False,False,False,False
748,Dell_i5_Unk_256GB_14-16in,Dell,Notebook/Laptop,382.5,Used,Used,Intel,Intel,i5,4.0,2.6,Windows,Unknown,,240.0,240.0,256GB,,Unk,14.0,14-16in,1280.0,720.0,Black,4,False,False,True,True
749,Other/Unbranded_Unknown_Unk_Unk_Unk,Other/Unbranded,Other,74.9,New,New,Other,Unknown,Unknown,,,Unknown,Unknown,,,,Unk,,Unk,,Unk,,,Other,0,False,False,False,False
750,Dell_i5_Unk_512GB_14-16in,Dell,Notebook/Laptop,416.2,Used,Used,Intel,Intel,i5,4.0,2.6,Windows,Unknown,,480.0,480.0,512GB,,Unk,14.0,14-16in,1280.0,720.0,Other,3,False,False,False,True
751,HP_Unknown_Unk_Unk_Unk,HP,Other,116.5,Unknown,Unknown,Other,Unknown,Unknown,,,Unknown,Unknown,,,,Unk,,Unk,,Unk,,,Other,0,False,False,False,False
752,Dell_i5_Unk_256GB_14-16in,Dell,Notebook/Laptop,321.2,Refurbished - Seller Grade,Refurbished,Intel,Intel,i5,4.0,2.6,Windows,Unknown,,240.0,240.0,256GB,,Unk,14.0,14-16in,1280.0,720.0,Other,3,False,False,False,True
753,Other/Unbranded_Unknown_Unk_Unk_Unk,Other/Unbranded,Other,96.56,Unknown,Unknown,Other,Unknown,Unknown,,,Unknown,Unknown,,,,Unk,,Unk,,Unk,,,Other,0,False,False,False,False
754,Lenovo_i5_Unk_1TB_14-16in,Lenovo,Notebook/Laptop,456.0,Used,Used,Intel,Intel,i5,6.0,,Windows,Unknown,,960.0,960.0,1TB,,Unk,14.0,14-16in,1920.0,1080.0,Other,0,False,False,False,False
755,Other/Unbranded_Unknown_Unk_Unk_Unk,Other/Unbranded,Other,274.0,New,New,Other,Unknown,Unknown,,,Unknown,Unknown,,,,Unk,,Unk,,Unk,,,Other,0,False,False,False,False
756,Other/Unbranded_Unknown_Unk_Unk_Unk,Other/Unbranded,Other,683.0,Refurbished - Seller Grade,Refurbished,Intel,Unknown,Unknown,,,Unknown,Unknown,,,,Unk,,Unk,,Unk,,,Other,0,False,False,False,False
757,Other/Unbranded_i5_Unk_1TB_14-16in,Other/Unbranded,Notebook/Laptop,647.5,Refurbished - Seller Grade,Refurbished,Intel,Intel,i5,4.0,3.0,Windows,SSD,,960.0,960.0,1TB,,Unk,15.6,14-16in,1280.0,720.0,Other,4,False,False,True,True
758,LG_Unknown_Unk_Unk_Unk,LG,Other,97.3,Unknown,Unknown,Other,Unknown,Unknown,,,Unknown,Unknown,,,,Unk,,Unk,,Unk,,,Other,0,False,False,False,False
759,Lenovo_i5_Unk_256GB_14-16in,Lenovo,Notebook/Laptop,550.0,Used,Used,Intel,Intel,i5,6.0,3.0,Windows,SSD,,240.0,240.0,256GB,,Unk,14.0,14-16in,,,Black,4,True,False,True,True
760,Other/Unbranded_Unknown_Unk_Unk_Unk,Other/Unbranded,Other,134.9,New,New,Other,Unknown,Unknown,,,Unknown,Unknown,,,,Unk,,Unk,,Unk,,,Other,0,False,False,False,False
761,Samsung_Unknown_Unk_Unk_Unk,Samsung,Other,196.5,New,New,Other,Unknown,Unknown,,,Unknown,Unknown,,,,Unk,,Unk,,Unk,,,Other,0,False,False,False,False
762,Other/Unbranded_i5_Unk_256GB_14-16in,Other/Unbranded,Notebook/Laptop,478.5,Used,Used,Intel,Intel,i5,4.0,,Windows,Unknown,,240.0,240.0,256GB,,Unk,14.0,14-16in,1280.0,720.0,Other,1,False,False,False,False
763,Other/Unbranded_Unknown_Unk_Unk_Unk,Other/Unbranded,Other,74.6,New,New,Other,Unknown,Unknown,,,Unknown,Unknown,,,,Unk,,Unk,,Unk,,,Other,0,False,False,False,False
764,Other/Unbranded_Unknown_Unk_Unk_Unk,Other/Unbranded,Other,10.85,Used,Used,Other,Unknown,Unknown,,,Unknown,Unknown,,,,Unk,,Unk,,Unk,,,Other,0,False,False,False,False
765,Other/Unbranded_Unknown_Unk_Unk_Unk,Other/Unbranded,Other,314.0,Used,Used,Intel,Unknown,Unknown,,,Unknown,Unknown,,,,Unk,,Unk,,Unk,,,Other,0,False,False,False,False
766,Other/Unbranded_Unknown_Unk_Unk_Unk,Other/Unbranded,Other,283.8,Refurbished - Very Good,Refurbished,Other,Unknown,Unknown,,,Unknown,Unknown,,,,Unk,,Unk,,Unk,,,Other,0,False,False,False,False
767,Other/Unbranded_Unknown_Unk_Unk_Unk,Other/Unbranded,Other,47.47,New,New,Other,Unknown,Unknown,,,Unknown,Unknown,,,,Unk,,Unk,,Unk,,,Other,0,False,False,False,False
768,Lenovo_i3_Unk_128GB_12-14in,Lenovo,Notebook/Laptop,510.0,Used,Used,Intel,Intel,i3,6.0,3.0,Windows,SSD,,120.0,120.0,128GB,,Unk,12.5,12-14in,1280.0,720.0,Black,5,False,False,True,True
769,Other/Unbranded_Unknown_Unk_Unk_Unk,Other/Unbranded,Other,406.0,New,New,Other,Unknown,Unknown,,,Unknown,Unknown,,,,Unk,,Unk,,Unk,,,Other,0,False,False,False,False
770,Other/Unbranded_Unknown_Unk_Unk_Unk,Other/Unbranded,Other,238.4,Used,Used,Other,Unknown,Unknown,,,Unknown,Unknown,,,,Unk,,Unk,,Unk,,,Other,0,False,False,False,False
771,Other/Unbranded_i5_Unk_256GB_12-14in,Other/Unbranded,Other,355.2,Refurbished - Seller Grade,Refurbished,Intel,Intel,i5,4.0,,Windows,Unknown,,256.0,256.0,256GB,,Unk,13.3,12-14in,1280.0,720.0,Other,1,False,False,False,False
772,Other/Unbranded_Unknown_Unk_Unk_Unk,Other/Unbranded,Other,163.1,New,New,Other,Unknown,Unknown,,,Unknown,Unknown,,,,Unk,,Unk,,Unk,,,Other,0,False,False,False,False
773,Lenovo_i5_Unk_512GB_14-16in,Lenovo,Notebook/Laptop,576.5,Used,Used,Intel,Intel,i5,6.0,3.0,Windows,SSD,,480.0,480.0,512GB,,Unk,14.0,14-16in,,,Other,4,True,False,True,True
774,Other/Unbranded_Unknown_Unk_Unk_Unk,Other/Unbranded,Other,588.0,Refurbished - Excellent,Refurbished,Intel,Unknown,Unknown,,,Unknown,Unknown,,,,Unk,,Unk,,Unk,,,Other,0,False,False,False,False
775,Other/Unbranded_Unknown_Unk_Unk_Unk,Other/Unbranded,Other,64.6,Unknown,Unknown,Other,Unknown,Unknown,,,Unknown,Unknown,,,,Unk,,Unk,,Unk,,,Other,0,False,False,False,False
776,Asus_Unknown_Unk_Unk_Unk,Asus,Other,141.9,New,New,Other,Unknown,Unknown,,,Unknown,Unknown,,,,Unk,,Unk,,Unk,,,Other,0,False,False,False,False
777,Dell_i5_Unk_256GB_14-16in,Dell,Notebook/Laptop,493.5,Used,Used,Intel,Intel,i5,2.0,,Windows,Unknown,,240.0,240.0,256GB,,Unk,15.6,14-16in,1280.0,720.0,Other,0,False,False,False,False
778,LG_Unknown_Unk_Unk_Unk,LG,Other,99.75,New,New,Other,Unknown,Unknown,,,Unknown,Unknown,,,,Unk,,Unk,,Unk,,,Other,0,False,False,False,False
779,Other/Unbranded_Unknown_Unk_Unk_Unk,Other/Unbranded,Other,51.06,New,New,Other,Unknown,Unknown,,,Unknown,Unknown,,,,Unk,,Unk,,Unk,,,Other,0,False,False,False,False
780,Other/Unbranded_Unknown_Unk_Unk_Unk,Other/Unbranded,Other,70.6,New,New,Other,Unknown,Unknown,,,Unknown,Unknown,,,,Unk,,Unk,,Unk,,,Other,0,False,False,False,False
781,Dell_i5_Unk_256GB_14-16in,Dell,Notebook/Laptop,352.5,Used,Used,Intel,Intel,i5,4.0,2.6,Windows,Unknown,,240.0,240.0,256GB,,Unk,14.0,14-16in,1280.0,720.0,Other,3,False,False,False,True
782,Other/Unbranded_Unknown_Unk_Unk_Unk,Other/Unbranded,Other,369.5,Refurbished - Seller Grade,Refurbished,Intel,Unknown,Unknown,,,Unknown,Unknown,,,,Unk,,Unk,,Unk,,,Black,0,False,False,False,False
783,Dell_i5_Unk_256GB_14-16in,Dell,Notebook/Laptop,290.5,Used,Used,Intel,Intel,i5,3.0,3.0,Windows,Unknown,,240.0,240.0,256GB,,Unk,14.0,14-16in,1280.0,720.0,Black,2,False,False,False,True
784,Other/Unbranded_Unknown_Unk_Unk_Unk,Other/Unbranded,Other,81.44,New,New,Other,Unknown,Unknown,,,Unknown,Unknown,,,,Unk,,Unk,,Unk,,,Other,0,False,False,False,False
785,Dell_i7_Unk_Unk_14-16in,Dell,Notebook/Laptop,488.0,Used,Used,Other,Intel,i7,7.0,,Unknown,Unknown,,,,Unk,,Unk,14.0,14-16in,,,Other,0,False,False,False,False
786,Dell_i7_32GB_256GB_14-16in,Dell,Notebook/Laptop,260.0,Used,Used,Other,Intel,i7,6.0,2.7,Windows,SSD,,256.0,256.0,256GB,32.0,32GB,15.6,14-16in,1920.0,1080.0,Silver,0,False,False,False,False
787,HP_celeron_4GB_32GB_Sub-12in,HP,Notebook/Laptop,40.0,Used,Used,Other,Intel,celeron,,1.6,Chrome,SSD,16.0,16.0,32.0,32GB,4.0,4GB,11.6,Sub-12in,,,Black,0,False,False,False,False
788,HP_i7_16GB_128GB_14-16in,HP,Other,200.0,Used,Used,Other,Intel,i7,10.0,1.8,Chrome,EMMC,,128.0,128.0,128GB,16.0,16GB,14.0,14-16in,,,Other,1,True,False,False,False
789,Other/Unbranded_i9_32GB_2TB_16in+,Other/Unbranded,Notebook/Laptop,2372.0,New,New,Nvidia,Intel,i9,,,Windows,SSD,1000.0,1000.0,2000.0,2TB,32.0,32GB,18.0,16in+,,,Other,0,False,False,False,False
790,Dell_i5_4GB_256GB_12-14in,Dell,Notebook/Laptop,300.0,New,New,Other,Intel,i5,8.0,1.6,Windows,SSD,128.0,128.0,256.0,256GB,4.0,4GB,13.3,12-14in,1920.0,1080.0,Silver,0,False,False,False,False
791,Other/Unbranded_i9_32GB_2TB_16in+,Other/Unbranded,Notebook/Laptop,2378.0,New,New,Nvidia,Intel,i9,13.0,,Windows,SSD,1000.0,1000.0,2000.0,2TB,32.0,32GB,18.0,16in+,1920.0,1080.0,Black,3,False,True,True,False
792,Lenovo_i3_8GB_256GB_12-14in,Lenovo,Notebook/Laptop,270.0,Unknown,Unknown,Intel,Intel,i3,11.0,3.0,Chrome,SSD,,256.0,256.0,256GB,8.0,8GB,13.3,12-14in,1920.0,1080.0,Blue,5,True,False,True,False
793,Lenovo_Other/Unspecified_16GB_512GB_14-16in,Lenovo,Notebook/Laptop,450.0,Refurbished - Very Good,Refurbished,Nvidia,Intel,Other/Unspecified,,2.8,Windows,SSD,,512.0,512.0,512GB,16.0,16GB,15.6,14-16in,3840.0,2160.0,Black,6,False,True,True,True
794,Dell_i7_16GB_512GB_Unk,Dell,Notebook/Laptop,190.0,Used,Used,Intel,Intel,i7,4.0,,Windows,OTHER,500.0,,500.0,512GB,12.0,16GB,,Unk,,,Silver,6,False,False,True,True
795,Dell_i5_16GB_2TB_14-16in,Dell,Notebook/Laptop,350.0,Refurbished - Excellent,Refurbished,Other,Intel,i5,10.0,,Windows,SSD,512.0,512.0,1024.0,2TB,16.0,16GB,15.6,14-16in,1920.0,1080.0,Black,3,False,False,True,False
796,Dell_i5_8GB_2TB_14-16in,Dell,Other,180.0,Used,Used,Intel,Intel,i5,6.0,2.4,Windows,SSD,512.0,512.0,1024.0,2TB,8.0,8GB,14.0,14-16in,1920.0,1280.0,Black,1,False,False,False,False
797,Dell_i7_32GB_Unk_14-16in,Dell,Notebook/Laptop,400.0,Used,Used,Other,Intel,i7,9.0,2.6,Unknown,Unknown,,,,Unk,32.0,32GB,15.6,14-16in,1920.0,1080.0,Black,2,False,False,False,False
798,HP_i5_8GB_1TB_14-16in,HP,Notebook/Laptop,87.1,For Parts / Not Working,End-of-Life,Other,Intel,i5,,2.5,Unknown,HDD/SSD,1000.0,,1000.0,1TB,8.0,8GB,15.6,14-16in,,,Black,1,False,False,False,False
799,HP_celeron_16GB_32GB_14-16in,HP,Notebook/Laptop,45.0,Used,Used,Other,Intel,celeron,,2.16,Chrome,SSD,16.0,16.0,32.0,32GB,16.0,16GB,14.0,14-16in,1366.0,768.0,Multicolor,1,False,False,False,True
800,Dell_core2duo_2GB_256GB_14-16in,Dell,Notebook/Laptop,89.0,Used,Used,Other,Intel,core 2 duo,,2.26,Windows,OTHER,160.0,,160.0,256GB,2.0,2GB,14.0,14-16in,1280.0,800.0,Black,0,False,False,False,False
801,Dell_i5_8GB_64GB_14-16in,Dell,Other,124.0,Refurbished - Good,Refurbished,Other,Intel,i5,8.0,,Chrome,SSD,,64.0,64.0,64GB,8.0,8GB,14.0,14-16in,1920.0,1080.0,Other,0,False,False,False,False
802,Dell_i5_16GB_2TB_14-16in,Dell,Notebook/Laptop,599.0,New,New,Intel,Intel,i5,,2.4,Windows,SSD,1000.0,1000.0,2000.0,2TB,16.0,16GB,15.6,14-16in,1920.0,1080.0,Black,5,True,False,True,True
803,Lenovo_i5_8GB_256GB_14-16in,Lenovo,Notebook/Laptop,75.0,Used,Used,Other,Intel,i5,3.0,,Windows,SSD,,240.0,240.0,256GB,8.0,8GB,14.0,14-16in,,,Other,0,False,False,False,False
804,Microsoft_i5_16GB_2TB_12-14in,Microsoft,Notebook/Laptop,599.0,Open Box,Like-New,Other,Intel,i5,11.0,,Unknown,SSD,512.0,512.0,1024.0,2TB,16.0,16GB,13.5,12-14in,,,Multicolor,1,True,False,False,False
805,Other/Unbranded_celeron_4GB_128GB_Sub-12in,Other/Unbranded,Notebook/Laptop,65.0,Used,Used,Other,Intel,celeron,,1.1,Windows,SSD,4.0,64.0,68.0,128GB,4.0,4GB,11.6,Sub-12in,,,Grey,0,False,False,False,False
806,Asus_i5_8GB_1TB_14-16in,Asus,Notebook/Laptop,70.0,Used,Used,Intel,Intel,i5,,2.5,Windows,HDD/SSD,750.0,,750.0,1TB,6.0,8GB,15.6,14-16in,,,Black,2,False,False,True,False
807,Samsung_celeron_4GB_16GB_Sub-12in,Samsung,Notebook/Laptop,48.0,Unknown,Unknown,Other,Intel,celeron,,2.0,Chrome,Unknown,16.0,,16.0,16GB,4.0,4GB,11.6,Sub-12in,,,Silver,0,False,False,False,False
808,HP_i7_32GB+_2TB_16in+,HP,Notebook/Laptop,525.0,Used,Used,Nvidia,Intel,i7,8.0,2.6,Windows,SSD,512.0,512.0,1024.0,2TB,64.0,32GB+,17.3,16in+,1920.0,1080.0,Silver,6,False,True,True,True
809,Lenovo_celeron_4GB_64GB_Sub-12in,Lenovo,Other,44.0,Used,Used,Other,Intel,celeron,,1.1,Chrome,SSD,32.0,32.0,64.0,64GB,4.0,4GB,11.6,Sub-12in,1366.0,768.0,Gray,1,True,False,False,False
810,Other/Unbranded_i5_16GB_512GB_14-16in,Other/Unbranded,Notebook/Laptop,439.0,Refurbished - Good,Refurbished,Intel,Intel,i5,6.0,2.4,Windows,SSD,,512.0,512.0,512GB,16.0,16GB,14.0,14-16in,,,Other,5,True,True,True,True
811,LG_i7_16GB_512GB_16in+,LG,Notebook/Laptop,589.0,Unknown,Unknown,Intel,Intel,i7,12.0,2.9,Windows,SSD,,512.0,512.0,512GB,16.0,16GB,17.0,16in+,2560.0,1600.0,Gray,0,False,False,False,False
812,Other/Unbranded_i5_8GB_2TB_14-16in,Other/Unbranded,Notebook/Laptop,370.0,Unknown,Unknown,Intel,Intel,i5,12.0,2.4,Windows,SSD,512.0,512.0,1024.0,2TB,8.0,8GB,14.1,14-16in,1920.0,1080.0,Black,7,False,True,True,True
813,LG_i5_Unk_Unk_Unk,LG,Other,375.0,Used,Used,Other,Intel,i5,,,Unknown,Unknown,,,,Unk,,Unk,,Unk,,,Other,0,False,False,False,False
814,Lenovo_i5_16GB_Unk_12-14in,Lenovo,Notebook/Laptop,139.0,Used,Used,Intel,Intel,i5,,1.6,Unknown,SSD,,0.0,,Unk,16.0,16GB,13.3,12-14in,1368.0,788.0,Black,0,False,False,False,False
815,Other/Unbranded_Unknown_Unk_Unk_Unk,Other/Unbranded,Other,136.0,Used,Used,Other,Unknown,Unknown,,,Unknown,Unknown,,,,Unk,,Unk,,Unk,,,Other,0,False,False,False,False
816,Lenovo_ryzen5_8GB_256GB_12-14in,Lenovo,Notebook/Laptop,350.0,Refurbished - Certified,Refurbished,Amd,AMD,ryzen 5,,2.1,Windows,SSD,,256.0,256.0,256GB,8.0,8GB,13.3,12-14in,1920.0,1080.0,Blue,4,True,False,True,True
817,Lenovo_celeron_4GB_32GB_Sub-12in,Lenovo,Notebook/Laptop,51.0,Used,Used,Other,Intel,celeron,,1.6,Chrome,SSD,16.0,16.0,32.0,32GB,4.0,4GB,11.6,Sub-12in,1366.0,768.0,Black,1,True,False,False,False
818,Lenovo_Unknown_Unk_Unk_14-16in,Lenovo,Notebook/Laptop,100.0,Used,Used,Other,Unknown,Unknown,,,Unknown,Unknown,,,,Unk,,Unk,15.6,14-16in,,,Other,1,True,False,False,False
819,HP_i7_16GB_2TB_16in+,HP,Notebook/Laptop,1149.0,New,New,Nvidia,Intel,i7,13.0,2.4,Windows,SSD,1000.0,1000.0,2000.0,2TB,16.0,16GB,16.1,16in+,1920.0,1080.0,Black,4,False,True,True,False
820,Other/Unbranded_celeron_8GB_Unk_Sub-12in,Other/Unbranded,Notebook/Laptop,384.8,Used,Used,Other,Intel,celeron,,1.5,Windows,SSD,,,,Unk,8.0,8GB,7.0,Sub-12in,,,Silver,1,True,False,False,False
821,Dell_i5_16GB_512GB_14-16in,Dell,Notebook/Laptop,159.8,Used,Used,Other,Intel,i5,6.0,3.0,Windows,SSD,256.0,256.0,512.0,512GB,16.0,16GB,14.0,14-16in,,,Pink,3,False,False,True,True
822,HP_celeron_4GB_32GB_Sub-12in,HP,Notebook/Laptop,100.0,Unknown,Unknown,Intel,Intel,celeron,,1.1,Chrome,EMMC,16.0,16.0,32.0,32GB,4.0,4GB,11.6,Sub-12in,1366.0,768.0,Gray,4,False,False,True,True
823,Other/Unbranded_Unknown_Unk_Unk_Unk,Other/Unbranded,Other,158.0,Used,Used,Other,Unknown,Unknown,,,Unknown,Unknown,,,,Unk,,Unk,,Unk,,,Other,0,False,False,False,False
824,Other/Unbranded_Unknown_Unk_Unk_Unk,Other/Unbranded,Other,402.2,Refurbished - Excellent,Refurbished,Intel,Unknown,Unknown,,,Unknown,Unknown,,,,Unk,,Unk,,Unk,,,Other,0,False,False,False,False
825,Other/Unbranded_Unknown_Unk_Unk_Unk,Other/Unbranded,Other,195.4,New,New,Intel,Unknown,Unknown,,,Unknown,Unknown,,,,Unk,,Unk,,Unk,,,Other,0,False,False,False,False
826,Samsung_Unknown_Unk_Unk_14-16in,Samsung,Other,117.0,Unknown,Unknown,Other,Unknown,Unknown,,,Unknown,Unknown,,,,Unk,,Unk,14.0,14-16in,,,Other,0,False,False,False,False
827,Lenovo_i3_Unk_512GB_12-14in,Lenovo,Notebook/Laptop,527.0,Refurbished - Seller Grade,Refurbished,Intel,Intel,i3,7.0,2.4,Windows,SSD,,480.0,480.0,512GB,,Unk,13.0,12-14in,1280.0,720.0,Other,3,False,False,True,True
828,Other/Unbranded_Unknown_Unk_Unk_Unk,Other/Unbranded,Other,577.5,Refurbished - Seller Grade,Refurbished,Intel,Unknown,Unknown,,,Unknown,Unknown,,,,Unk,,Unk,,Unk,,,Black,0,False,False,False,False
829,Dell_i5_Unk_512GB_14-16in,Dell,Notebook/Laptop,335.5,Used,Used,Intel,Intel,i5,3.0,3.0,Windows,SSD,,480.0,480.0,512GB,,Unk,14.0,14-16in,1280.0,720.0,Other,2,False,False,False,True
830,Other/Unbranded_Unknown_Unk_Unk_Unk,Other/Unbranded,Other,97.75,Unknown,Unknown,Other,Unknown,Unknown,,,Unknown,Unknown,,,,Unk,,Unk,,Unk,,,Other,0,False,False,False,False
831,Dell_i5_Unk_2TB_14-16in,Dell,Notebook/Laptop,539.0,Used,Used,Intel,Intel,i5,5.0,2.7,Windows,Unknown,,2000.0,2000.0,2TB,,Unk,14.0,14-16in,1280.0,720.0,Other,3,False,False,False,True
832,Other/Unbranded_Unknown_Unk_Unk_Unk,Other/Unbranded,Other,41.88,New,New,Other,Unknown,Unknown,,,Unknown,Unknown,,,,Unk,,Unk,,Unk,,,Other,0,False,False,False,False
833,Other/Unbranded_i5_Unk_256GB_14-16in,Other/Unbranded,Notebook/Laptop,420.5,Used,Used,Intel,Intel,i5,4.0,3.0,Windows,SSD,,240.0,240.0,256GB,,Unk,14.0,14-16in,1280.0,720.0,Black,5,False,False,True,True
834,Lenovo_i5_Unk_1TB_14-16in,Lenovo,Notebook/Laptop,520.5,Used,Used,Intel,Intel,i5,6.0,2.8,Windows,Unknown,,960.0,960.0,1TB,,Unk,14.0,14-16in,1920.0,1080.0,Other,6,False,True,True,True
835,Dell_i5_8GB_Unk_14-16in,Dell,Notebook/Laptop,97.2,For Parts / Not Working,End-of-Life,Intel,Intel,i5,6.0,2.4,Unknown,HDD/SSD,,,,Unk,8.0,8GB,14.0,14-16in,1366.0,768.0,Black,4,False,False,True,True
836,AUO_Unknown_Unk_Unk_Unk,AUO,Other,74.75,New,New,Other,Unknown,Unknown,,,Unknown,Unknown,,,,Unk,,Unk,,Unk,,,Other,0,False,False,False,False
837,Other/Unbranded_Unknown_Unk_Unk_Unk,Other/Unbranded,Other,1090.0,Used,Used,Intel,Unknown,Unknown,,,Unknown,Unknown,,,,Unk,,Unk,,Unk,,,Other,0,False,False,False,False
838,Other/Unbranded_Unknown_Unk_Unk_Unk,Other/Unbranded,Other,111.4,New,New,Other,Unknown,Unknown,,,Unknown,Unknown,,,,Unk,,Unk,,Unk,,,Other,0,False,False,False,False
839,Lenovo_i5_Unk_256GB_12-14in,Lenovo,Other,341.0,Refurbished - Seller Grade,Refurbished,Intel,Intel,i5,4.0,,Windows,Unknown,,240.0,240.0,256GB,,Unk,13.3,12-14in,1280.0,720.0,Other,1,False,False,False,False
840,Other/Unbranded_Unknown_Unk_Unk_Unk,Other/Unbranded,Other,127.75,Unknown,Unknown,Other,Unknown,Unknown,,,Unknown,Unknown,,,,Unk,,Unk,,Unk,,,Other,0,False,False,False,False
841,Other/Unbranded_Unknown_Unk_Unk_Unk,Other/Unbranded,Other,2146.0,Refurbished - Seller Grade,Refurbished,Intel,Unknown,Unknown,,,Unknown,Unknown,,,,Unk,,Unk,,Unk,,,Black,0,False,False,False,False
842,Dell_i5_4GB_Unk_14-16in,Dell,Notebook/Laptop,97.2,For Parts / Not Working,End-of-Life,Intel,Intel,i5,5.0,2.3,Unknown,HDD/SSD,,,,Unk,4.0,4GB,14.0,14-16in,1366.0,768.0,Black,2,False,False,False,True
843,Other/Unbranded_Unknown_Unk_Unk_Unk,Other/Unbranded,Other,128.6,New,New,Other,Unknown,Unknown,,,Unknown,Unknown,,,,Unk,,Unk,,Unk,,,Other,0,False,False,False,False
844,Other/Unbranded_Unknown_Unk_Unk_Unk,Other/Unbranded,Other,510.2,New,New,Other,Unknown,Unknown,,,Unknown,Unknown,,,,Unk,,Unk,,Unk,,,Other,0,False,False,False,False
845,Samsung_Unknown_Unk_Unk_Unk,Samsung,Other,117.0,New,New,Other,Unknown,Unknown,,,Unknown,Unknown,,,,Unk,,Unk,,Unk,,,Other,0,False,False,False,False
846,Other/Unbranded_Unknown_Unk_256GB_Unk,Other/Unbranded,Other,442.2,Used,Used,Other,Unknown,Unknown,,0.00226,Unknown,Unknown,160.0,,160.0,256GB,,Unk,,Unk,,,Other,0,False,False,False,False
847,Other/Unbranded_i5_Unk_128GB_14-16in,Other/Unbranded,Other,463.2,Refurbished - Seller Grade,Refurbished,Intel,Intel,i5,4.0,,Windows,Unknown,,120.0,120.0,128GB,,Unk,15.6,14-16in,1280.0,720.0,Other,0,False,False,False,False
848,AUO_Unknown_Unk_Unk_Unk,AUO,Other,131.9,New,New,Other,Unknown,Unknown,,,Unknown,Unknown,,,,Unk,,Unk,,Unk,,,Other,0,False,False,False,False
849,Other/Unbranded_i5_Unk_128GB_14-16in,Other/Unbranded,Notebook/Laptop,580.0,Used,Used,Intel,Intel,i5,7.0,3.0,Windows,Unknown,,120.0,120.0,128GB,,Unk,14.0,14-16in,1920.0,1080.0,Black,7,True,True,True,True
850,Lenovo_i3_Unk_128GB_12-14in,Lenovo,Notebook/Laptop,405.0,Used,Used,Intel,Intel,i3,7.0,3.0,Windows,SSD,,128.0,128.0,128GB,,Unk,13.3,12-14in,1280.0,720.0,Other,4,False,False,True,True
851,Other/Unbranded_Unknown_Unk_Unk_Unk,Other/Unbranded,Other,100.3,New,New,Other,Unknown,Unknown,,,Unknown,Unknown,,,,Unk,,Unk,,Unk,,,Other,0,False,False,False,False
852,Other/Unbranded_Unknown_Unk_Unk_Unk,Other/Unbranded,Other,128.6,Unknown,Unknown,Other,Unknown,Unknown,,,Unknown,Unknown,,,,Unk,,Unk,,Unk,,,Other,0,False,False,False,False
853,Other/Unbranded_Unknown_Unk_Unk_Unk,Other/Unbranded,Other,80.5,Unknown,Unknown,Other,Unknown,Unknown,,,Unknown,Unknown,,,,Unk,,Unk,,Unk,,,Other,0,False,False,False,False
854,Lenovo_i3_Unk_1TB_12-14in,Lenovo,Notebook/Laptop,673.5,Used,Used,Intel,Intel,i3,6.0,3.0,Windows,SSD,,960.0,960.0,1TB,,Unk,12.5,12-14in,1280.0,720.0,Black,5,False,False,True,True
855,Other/Unbranded_Unknown_Unk_Unk_Unk,Other/Unbranded,Other,159.2,New,New,Other,Unknown,Unknown,,,Unknown,Unknown,,,,Unk,,Unk,,Unk,,,Other,0,False,False,False,False
856,LG_Unknown_Unk_Unk_Unk,LG,Other,92.94,New,New,Other,Unknown,Unknown,,,Unknown,Unknown,,,,Unk,,Unk,,Unk,,,Other,0,False,False,False,False
857,Other/Unbranded_Unknown_Unk_Unk_Unk,Other/Unbranded,Other,36.9,New,New,Other,Unknown,Unknown,,,Unknown,Unknown,,,,Unk,,Unk,,Unk,,,Other,0,False,False,False,False
858,Other/Unbranded_i5_Unk_512GB_14-16in,Other/Unbranded,Notebook/Laptop,508.5,Used,Used,Intel,Intel,i5,4.0,3.0,Windows,SSD,,480.0,480.0,512GB,,Unk,15.6,14-16in,1280.0,720.0,Other,4,False,False,True,True
859,Other/Unbranded_Unknown_Unk_Unk_Unk,Other/Unbranded,Other,316.2,Refurbished - Seller Grade,Refurbished,Intel,Unknown,Unknown,,,Unknown,Unknown,,,,Unk,,Unk,,Unk,,,Black,0,False,False,False,False
860,Other/Unbranded_Unknown_Unk_Unk_Unk,Other/Unbranded,Other,10.85,Used,Used,Other,Unknown,Unknown,,,Unknown,Unknown,,,,Unk,,Unk,,Unk,,,Other,0,False,False,False,False
861,Other/Unbranded_Unknown_Unk_Unk_Unk,Other/Unbranded,Other,18.11,Used,Used,Other,Unknown,Unknown,,,Unknown,Unknown,,,,Unk,,Unk,,Unk,,,Other,0,False,False,False,False
862,Lenovo_i5_8GB_512GB_12-14in,Lenovo,Notebook/Laptop,120.3,Refurbished - Good,Refurbished,Intel,Intel,i5,4.0,1.9,Windows,HDD/SSD,500.0,,500.0,512GB,8.0,8GB,12.5,12-14in,1366.0,768.0,Other,3,False,False,False,True
863,Dell_i5_Unk_256GB_12-14in,Dell,Notebook/Laptop,422.8,Used,Used,Intel,Intel,i5,6.0,2.3,Windows,SSD,,240.0,240.0,256GB,,Unk,12.5,12-14in,1920.0,1080.0,Other,4,True,False,True,True
864,Other/Unbranded_i5_Unk_128GB_12-14in,Other/Unbranded,Notebook/Laptop,323.2,Used,Used,Intel,Intel,i5,6.0,2.3,Windows,SSD,,120.0,120.0,128GB,,Unk,13.3,12-14in,1280.0,720.0,Gray,4,False,False,True,True
865,Microsoft_i7_Unk_256GB_12-14in,Microsoft,Notebook/Laptop,1044.0,Refurbished - Seller Grade,Refurbished,Intel,Intel,i7,8.0,3.0,Windows,SSD,,256.0,256.0,256GB,,Unk,13.5,12-14in,2256.0,1504.0,Other,4,False,True,True,True
866,Other/Unbranded_Unknown_Unk_Unk_Unk,Other/Unbranded,Other,361.2,New,New,Other,Unknown,Unknown,,,Unknown,Unknown,,,,Unk,,Unk,,Unk,,,Other,0,False,False,False,False
867,Other/Unbranded_Unknown_Unk_Unk_Unk,Other/Unbranded,Other,808.5,Refurbished - Seller Grade,Refurbished,Intel,Unknown,Unknown,,,Unknown,Unknown,,,,Unk,,Unk,,Unk,,,Other,0,False,False,False,False
868,Other/Unbranded_Unknown_Unk_Unk_Unk,Other/Unbranded,Other,91.0,New,New,Other,Unknown,Unknown,,,Unknown,Unknown,,,,Unk,,Unk,,Unk,,,Other,0,False,False,False,False
869,Other/Unbranded_Unknown_Unk_Unk_Unk,Other/Unbranded,Other,129.0,New,New,Other,Unknown,Unknown,,,Unknown,Unknown,,,,Unk,,Unk,,Unk,,,Other,0,False,False,False,False
870,AUO_Unknown_Unk_Unk_Unk,AUO,Other,69.6,New,New,Other,Unknown,Unknown,,,Unknown,Unknown,,,,Unk,,Unk,,Unk,,,Other,0,False,False,False,False
871,Other/Unbranded_Unknown_Unk_Unk_Unk,Other/Unbranded,Other,319.0,Unknown,Unknown,Other,Unknown,Unknown,,,Unknown,Unknown,,,,Unk,,Unk,,Unk,,,Black,0,False,False,False,False
872,Other/Unbranded_Unknown_Unk_Unk_Unk,Other/Unbranded,Other,21.7,For Parts / Not Working,End-of-Life,Other,Unknown,Unknown,,,Unknown,Unknown,,,,Unk,,Unk,,Unk,,,Other,0,False,False,False,False
873,Other/Unbranded_Unknown_Unk_Unk_Unk,Other/Unbranded,Other,291.2,Refurbished - Seller Grade,Refurbished,Intel,Unknown,Unknown,,,Unknown,Unknown,,,,Unk,,Unk,,Unk,,,Black,0,False,False,False,False
874,Samsung_Unknown_Unk_Unk_Unk,Samsung,Other,103.44,New,New,Other,Unknown,Unknown,,,Unknown,Unknown,,,,Unk,,Unk,,Unk,,,Other,0,False,False,False,False
875,LG_Unknown_Unk_Unk_Unk,LG,Other,92.5,New,New,Other,Unknown,Unknown,,,Unknown,Unknown,,,,Unk,,Unk,,Unk,,,Other,0,False,False,False,False
876,HP_Unknown_Unk_Unk_Unk,HP,Other,91.44,New,New,Other,Unknown,Unknown,,,Unknown,Unknown,,,,Unk,,Unk,,Unk,,,Other,0,False,False,False,False
877,Dell_i5_Unk_256GB_14-16in,Dell,Notebook/Laptop,366.8,Used,Used,Intel,Intel,i5,5.0,2.7,Windows,Unknown,,240.0,240.0,256GB,,Unk,14.0,14-16in,1280.0,720.0,Black,3,False,False,False,True
878,Other/Unbranded_Unknown_Unk_Unk_Unk,Other/Unbranded,Other,395.0,Refurbished - Excellent,Refurbished,Intel,Unknown,Unknown,,,Unknown,Unknown,,,,Unk,,Unk,,Unk,,,Other,0,False,False,False,False
879,Other/Unbranded_Unknown_Unk_Unk_Unk,Other/Unbranded,Other,134.6,New,New,Other,Unknown,Unknown,,,Unknown,Unknown,,,,Unk,,Unk,,Unk,,,Other,0,False,False,False,False
880,Other/Unbranded_Unknown_Unk_Unk_Unk,Other/Unbranded,Other,375.8,Refurbished - Seller Grade,Refurbished,Intel,Unknown,Unknown,,,Unknown,Unknown,,,,Unk,,Unk,,Unk,,,Black,0,False,False,False,False
881,Other/Unbranded_Unknown_Unk_Unk_Unk,Other/Unbranded,Other,197.2,Refurbished - Seller Grade,Refurbished,Intel,Unknown,Unknown,,,Unknown,Unknown,,,,Unk,,Unk,,Unk,,,Black,0,False,False,False,False
882,Other/Unbranded_Unknown_Unk_Unk_Unk,Other/Unbranded,Other,339.0,Refurbished - Seller Grade,Refurbished,Nvidia,Unknown,Unknown,,,Unknown,Unknown,,,,Unk,,Unk,,Unk,,,Black,0,False,False,False,False
883,Dell_i5_Unk_512GB_14-16in,Dell,Notebook/Laptop,371.0,Used,Used,Intel,Intel,i5,3.0,3.1,Windows,Unknown,,480.0,480.0,512GB,,Unk,14.0,14-16in,1280.0,720.0,Black,2,False,False,False,True
884,Other/Unbranded_i5_Unk_2TB_12-14in,Other/Unbranded,Notebook/Laptop,733.0,Refurbished - Seller Grade,Refurbished,Intel,Intel,i5,6.0,3.0,Windows,SSD,,2000.0,2000.0,2TB,,Unk,13.3,12-14in,1280.0,720.0,Other,4,False,False,True,True
885,Lenovo_celeron_Unk_512GB_14-16in,Lenovo,Notebook/Laptop,565.0,Used,Used,Intel,Intel,celeron,,1.6,Windows,SSD,,480.0,480.0,512GB,,Unk,15.6,14-16in,1280.0,720.0,Other,4,False,False,True,True
886,Other/Unbranded_Unknown_Unk_Unk_Unk,Other/Unbranded,Other,69.44,New,New,Other,Unknown,Unknown,,,Unknown,Unknown,,,,Unk,,Unk,,Unk,,,Other,0,False,False,False,False
887,Other/Unbranded_Unknown_Unk_Unk_Unk,Other/Unbranded,Other,92.0,Unknown,Unknown,Other,Unknown,Unknown,,,Unknown,Unknown,,,,Unk,,Unk,,Unk,,,Other,0,False,False,False,False
888,Dell_i5_Unk_128GB_14-16in,Dell,Notebook/Laptop,296.2,Used,Used,Intel,Intel,i5,4.0,,Windows,Unknown,,120.0,120.0,128GB,,Unk,14.0,14-16in,1280.0,720.0,Other,0,False,False,False,False
889,Other/Unbranded_Unknown_Unk_Unk_Unk,Other/Unbranded,Other,109.25,New,New,Other,Unknown,Unknown,,,Unknown,Unknown,,,,Unk,,Unk,,Unk,,,Other,0,False,False,False,False
890,Dell_i5_Unk_512GB_14-16in,Dell,Notebook/Laptop,604.5,Used,Used,Amd,Intel,i5,4.0,,Windows,Unknown,,480.0,480.0,512GB,,Unk,15.6,14-16in,1280.0,720.0,Other,1,False,False,False,False
891,Other/Unbranded_i7_Unk_1TB_12-14in,Other/Unbranded,Notebook/Laptop,3098.0,New,New,Intel,Intel,i7,11.0,2.4,Windows,Unknown,,960.0,960.0,1TB,,Unk,13.3,12-14in,1920.0,1080.0,Other,7,False,True,True,True
892,Other/Unbranded_Unknown_Unk_Unk_Unk,Other/Unbranded,Other,116.06,New,New,Other,Unknown,Unknown,,,Unknown,Unknown,,,,Unk,,Unk,,Unk,,,Other,0,False,False,False,False
893,Other/Unbranded_Unknown_Unk_Unk_Unk,Other/Unbranded,Other,46.53,New,New,Other,Unknown,Unknown,,,Unknown,Unknown,,,,Unk,,Unk,,Unk,,,Other,0,False,False,False,False
894,Other/Unbranded_Unknown_Unk_Unk_Unk,Other/Unbranded,Other,1128.0,Refurbished - Seller Grade,Refurbished,Intel,Unknown,Unknown,,,Unknown,Unknown,,,,Unk,,Unk,,Unk,,,Other,0,False,False,False,False
895,Other/Unbranded_i7_Unk_512GB_14-16in,Other/Unbranded,Notebook/Laptop,2182.0,Refurbished - Seller Grade,Refurbished,Intel,Intel,i7,,1.99,Windows,SSD,,480.0,480.0,512GB,,Unk,14.0,14-16in,1920.0,1080.0,Other,6,False,False,True,True
896,Samsung_Unknown_Unk_Unk_Unk,Samsung,Other,94.9,New,New,Other,Unknown,Unknown,,,Unknown,Unknown,,,,Unk,,Unk,,Unk,,,Other,0,False,False,False,False
897,Other/Unbranded_Unknown_Unk_Unk_Unk,Other/Unbranded,Other,111.94,New,New,Other,Unknown,Unknown,,,Unknown,Unknown,,,,Unk,,Unk,,Unk,,,Other,0,False,False,False,False
898,Other/Unbranded_i7_Unk_1TB_12-14in,Other/Unbranded,Notebook/Laptop,2574.0,New,New,Intel,Intel,i7,11.0,2.4,Windows,Unknown,,960.0,960.0,1TB,,Unk,13.3,12-14in,1920.0,1080.0,Black,7,False,True,True,True
899,Dell_Unknown_Unk_Unk_Unk,Dell,Other,105.0,New,New,Other,Unknown,Unknown,,,Unknown,Unknown,,,,Unk,,Unk,,Unk,,,Other,0,False,False,False,False
900,Other/Unbranded_Unknown_Unk_Unk_Unk,Other/Unbranded,Other,376.2,Used,Used,Intel,Unknown,Unknown,,,Unknown,Unknown,,,,Unk,,Unk,,Unk,,,Other,0,False,False,False,False
901,Dell_Other/Unspecified_Unk_1TB_Sub-12in,Dell,Notebook/Laptop,1121.0,Used,Used,Intel,Intel,Other/Unspecified,,,Windows,Unknown,,960.0,960.0,1TB,,Unk,11.6,Sub-12in,1280.0,720.0,Black,1,False,False,False,False
902,Other/Unbranded_Unknown_Unk_Unk_Unk,Other/Unbranded,Other,52.75,New,New,Other,Unknown,Unknown,,,Unknown,Unknown,,,,Unk,,Unk,,Unk,,,Other,0,False,False,False,False
903,Other/Unbranded_Unknown_Unk_Unk_Unk,Other/Unbranded,Other,135.4,New,New,Other,Unknown,Unknown,,,Unknown,Unknown,,,,Unk,,Unk,,Unk,,,Other,0,False,False,False,False
904,Other/Unbranded_Unknown_Unk_Unk_Unk,Other/Unbranded,Other,510.0,Used,Used,Intel,Unknown,Unknown,,,Unknown,Unknown,,,,Unk,,Unk,,Unk,,,Other,0,False,False,False,False
905,Other/Unbranded_Unknown_Unk_Unk_Unk,Other/Unbranded,Other,133.2,Unknown,Unknown,Other,Unknown,Unknown,,,Unknown,Unknown,,,,Unk,,Unk,,Unk,,,Other,0,False,False,False,False
906,Other/Unbranded_Unknown_Unk_Unk_Unk,Other/Unbranded,Other,369.5,Used,Used,Intel,Unknown,Unknown,,,Unknown,Unknown,,,,Unk,,Unk,,Unk,,,Other,0,False,False,False,False
907,Other/Unbranded_Unknown_Unk_Unk_Unk,Other/Unbranded,Other,364.0,Used,Used,Intel,Unknown,Unknown,,,Unknown,Unknown,,,,Unk,,Unk,,Unk,,,Other,0,False,False,False,False
908,Other/Unbranded_Unknown_Unk_Unk_Unk,Other/Unbranded,Other,107.8,New,New,Other,Unknown,Unknown,,,Unknown,Unknown,,,,Unk,,Unk,,Unk,,,Other,0,False,False,False,False
909,Other/Unbranded_Unknown_Unk_Unk_Unk,Other/Unbranded,Other,209.8,Refurbished - Seller Grade,Refurbished,Intel,Unknown,Unknown,,,Unknown,Unknown,,,,Unk,,Unk,,Unk,,,Other,0,False,False,False,False
910,Other/Unbranded_Unknown_Unk_Unk_Unk,Other/Unbranded,Other,127.8,New,New,Other,Unknown,Unknown,,,Unknown,Unknown,,,,Unk,,Unk,,Unk,,,Other,0,False,False,False,False
911,Other/Unbranded_Unknown_Unk_Unk_Unk,Other/Unbranded,Other,129.8,New,New,Other,Unknown,Unknown,,,Unknown,Unknown,,,,Unk,,Unk,,Unk,,,Other,0,False,False,False,False
912,Other/Unbranded_pentium_Unk_Unk_14-16in,Other/Unbranded,Other,21.88,For Parts / Not Working,End-of-Life,Other,Intel,pentium,,,Unknown,Unknown,,,,Unk,,Unk,14.0,14-16in,,,Other,0,False,False,False,False
913,Other/Unbranded_Unknown_Unk_Unk_Unk,Other/Unbranded,Other,327.0,Used,Used,Intel,Unknown,Unknown,,,Unknown,Unknown,,,,Unk,,Unk,,Unk,,,Other,0,False,False,False,False
914,Other/Unbranded_Unknown_Unk_Unk_Unk,Other/Unbranded,Other,419.2,Used,Used,Intel,Unknown,Unknown,,,Unknown,Unknown,,,,Unk,,Unk,,Unk,,,Other,0,False,False,False,False
915,Other/Unbranded_i5_Unk_256GB_12-14in,Other/Unbranded,Notebook/Laptop,332.2,Used,Used,Intel,Intel,i5,6.0,2.3,Windows,SSD,,240.0,240.0,256GB,,Unk,13.3,12-14in,1280.0,720.0,Gray,4,False,False,True,True
916,Other/Unbranded_Unknown_Unk_Unk_Unk,Other/Unbranded,Other,87.0,New,New,Other,Unknown,Unknown,,,Unknown,Unknown,,,,Unk,,Unk,,Unk,,,Other,0,False,False,False,False
917,Other/Unbranded_Unknown_Unk_Unk_Unk,Other/Unbranded,Other,37.88,New,New,Other,Unknown,Unknown,,,Unknown,Unknown,,,,Unk,,Unk,,Unk,,,Other,0,False,False,False,False
918,Dell_i5_Unk_256GB_14-16in,Dell,Notebook/Laptop,293.0,Used,Used,Intel,Intel,i5,4.0,2.6,Windows,Unknown,,240.0,240.0,256GB,,Unk,14.0,14-16in,1280.0,720.0,Other,3,False,False,False,True
919,Other/Unbranded_Unknown_Unk_Unk_Unk,Other/Unbranded,Other,285.2,Unknown,Unknown,Other,Unknown,Unknown,,,Unknown,Unknown,,,,Unk,,Unk,,Unk,,,Other,0,False,False,False,False
920,AUO_Unknown_Unk_Unk_Unk,AUO,Other,113.0,New,New,Other,Unknown,Unknown,,,Unknown,Unknown,,,,Unk,,Unk,,Unk,,,Other,0,False,False,False,False
921,Samsung_Unknown_Unk_Unk_Unk,Samsung,Other,137.9,New,New,Other,Unknown,Unknown,,,Unknown,Unknown,,,,Unk,,Unk,,Unk,,,Other,0,False,False,False,False
922,Other/Unbranded_Unknown_Unk_Unk_Unk,Other/Unbranded,Other,536.5,Refurbished - Seller Grade,Refurbished,Intel,Unknown,Unknown,,,Unknown,Unknown,,,,Unk,,Unk,,Unk,,,Other,0,False,False,False,False
923,Other/Unbranded_Unknown_Unk_Unk_Unk,Other/Unbranded,Other,540.5,Refurbished - Seller Grade,Refurbished,Intel,Unknown,Unknown,,,Unknown,Unknown,,,,Unk,,Unk,,Unk,,,Other,0,False,False,False,False
924,Other/Unbranded_Unknown_Unk_Unk_Unk,Other/Unbranded,Other,44.8,New,New,Other,Unknown,Unknown,,,Unknown,Unknown,,,,Unk,,Unk,,Unk,,,Other,0,False,False,False,False
925,Asus_Unknown_Unk_Unk_Unk,Asus,Other,107.0,New,New,Other,Unknown,Unknown,,,Unknown,Unknown,,,,Unk,,Unk,,Unk,,,Other,0,False,False,False,False
926,HP_Unknown_Unk_Unk_Unk,HP,Other,60.84,New,New,Other,Unknown,Unknown,,,Unknown,Unknown,,,,Unk,,Unk,,Unk,,,Other,0,False,False,False,False
927,Other/Unbranded_Unknown_Unk_Unk_Unk,Other/Unbranded,Other,104.75,New,New,Other,Unknown,Unknown,,,Unknown,Unknown,,,,Unk,,Unk,,Unk,,,Other,0,False,False,False,False
928,Dell_i5_Unk_128GB_14-16in,Dell,Notebook/Laptop,346.5,Refurbished - Seller Grade,Refurbished,Nvidia,Intel,i5,4.0,2.6,Windows,Unknown,,120.0,120.0,128GB,,Unk,14.0,14-16in,1280.0,720.0,Other,3,False,False,False,True
929,Other/Unbranded_Unknown_Unk_Unk_Unk,Other/Unbranded,Other,334.8,Refurbished - Good,Refurbished,Intel,Unknown,Unknown,,,Unknown,Unknown,,,,Unk,,Unk,,Unk,,,Other,0,False,False,False,False
930,Dell_i5_Unk_512GB_14-16in,Dell,Notebook/Laptop,405.2,Used,Used,Nvidia,Intel,i5,4.0,,Windows,Unknown,,480.0,480.0,512GB,,Unk,14.0,14-16in,1280.0,720.0,Other,0,False,False,False,False
931,Samsung_Unknown_Unk_Unk_Unk,Samsung,Other,91.56,New,New,Other,Unknown,Unknown,,,Unknown,Unknown,,,,Unk,,Unk,,Unk,,,Other,0,False,False,False,False
932,Samsung_Unknown_Unk_Unk_Unk,Samsung,Other,113.9,New,New,Other,Unknown,Unknown,,,Unknown,Unknown,,,,Unk,,Unk,,Unk,,,Other,0,False,False,False,False
933,Other/Unbranded_Unknown_Unk_Unk_Unk,Other/Unbranded,Other,112.3,New,New,Other,Unknown,Unknown,,,Unknown,Unknown,,,,Unk,,Unk,,Unk,,,Other,0,False,False,False,False
934,Dell_i5_Unk_128GB_14-16in,Dell,Notebook/Laptop,334.8,Used,Used,Intel,Intel,i5,5.0,2.7,Windows,Unknown,,120.0,120.0,128GB,,Unk,14.0,14-16in,1280.0,720.0,Other,3,False,False,False,True
935,Other/Unbranded_Unknown_Unk_Unk_Unk,Other/Unbranded,Other,340.2,Refurbished - Good,Refurbished,Other,Unknown,Unknown,,,Unknown,Unknown,,,,Unk,,Unk,,Unk,,,Other,0,False,False,False,False
936,Other/Unbranded_Unknown_Unk_Unk_Unk,Other/Unbranded,Other,450.2,Used,Used,Intel,Unknown,Unknown,,,Unknown,Unknown,,,,Unk,,Unk,,Unk,,,Other,0,False,False,False,False
937,Other/Unbranded_Unknown_Unk_Unk_Unk,Other/Unbranded,Other,1737.0,Used,Used,Intel,Unknown,Unknown,,,Unknown,Unknown,,,,Unk,,Unk,,Unk,,,Other,0,False,False,False,False
938,Other/Unbranded_Unknown_Unk_Unk_Unk,Other/Unbranded,Other,263.8,New,New,Other,Unknown,Unknown,,,Unknown,Unknown,,,,Unk,,Unk,,Unk,,,Other,0,False,False,False,False
939,Dell_i5_Unk_128GB_14-16in,Dell,Notebook/Laptop,469.5,Refurbished - Seller Grade,Refurbished,Intel,Intel,i5,2.0,3.0,Windows,SSD,,120.0,120.0,128GB,,Unk,15.6,14-16in,1280.0,720.0,Other,2,False,False,False,True
940,Dell_i5_Unk_1TB_14-16in,Dell,Notebook/Laptop,410.8,Used,Used,Intel,Intel,i5,3.0,3.0,Windows,Unknown,,960.0,960.0,1TB,,Unk,14.0,14-16in,1280.0,720.0,Other,2,False,False,False,True
941,AUO_Unknown_Unk_Unk_Unk,AUO,Other,95.4,New,New,Other,Unknown,Unknown,,,Unknown,Unknown,,,,Unk,,Unk,,Unk,,,Other,0,False,False,False,False
942,Other/Unbranded_Unknown_Unk_Unk_Unk,Other/Unbranded,Other,411.0,Refurbished - Seller Grade,Refurbished,Intel,Unknown,Unknown,,,Unknown,Unknown,,,,Unk,,Unk,,Unk,,,Other,0,False,False,False,False
943,Other/Unbranded_i3_Unk_256GB_12-14in,Other/Unbranded,Notebook/Laptop,322.0,Used,Used,Intel,Intel,i3,6.0,3.0,Windows,SSD,,256.0,256.0,256GB,,Unk,13.3,12-14in,1280.0,720.0,Other,4,False,False,True,True
944,Lenovo_i3_Unk_1TB_14-16in,Lenovo,Other,420.8,Refurbished - Seller Grade,Refurbished,Intel,Intel,i3,7.0,,Windows,Unknown,400.0,128.0,528.0,1TB,,Unk,15.6,14-16in,1920.0,1080.0,Other,1,False,False,False,False
945,Other/Unbranded_Unknown_Unk_Unk_Unk,Other/Unbranded,Other,92.5,New,New,Other,Unknown,Unknown,,,Unknown,Unknown,,,,Unk,,Unk,,Unk,,,Other,0,False,False,False,False
946,Lenovo_i5_Unk_256GB_12-14in,Lenovo,Other,665.0,Used,Used,Intel,Intel,i5,4.0,,Windows,Unknown,,240.0,240.0,256GB,,Unk,13.3,12-14in,2048.0,1080.0,Multicolor,1,False,False,False,False
947,Other/Unbranded_Unknown_Unk_Unk_Unk,Other/Unbranded,Other,77.06,New,New,Other,Unknown,Unknown,,,Unknown,Unknown,,,,Unk,,Unk,,Unk,,,Other,0,False,False,False,False
948,Other/Unbranded_i3_Unk_1TB_12-14in,Other/Unbranded,Notebook/Laptop,588.5,Used,Used,Intel,Intel,i3,4.0,,Windows,Unknown,,960.0,960.0,1TB,,Unk,13.3,12-14in,1280.0,720.0,Other,1,False,False,False,False
949,Other/Unbranded_Unknown_Unk_Unk_Unk,Other/Unbranded,Other,827.0,Used,Used,Intel,Unknown,Unknown,,,Unknown,Unknown,,,,Unk,,Unk,,Unk,,,Black,0,False,False,False,False
950,Dell_Other/Unspecified_Unk_1TB_Sub-12in,Dell,Notebook/Laptop,1047.0,Used,Used,Intel,Intel,Other/Unspecified,,2.9,Windows,Unknown,,960.0,960.0,1TB,,Unk,11.6,Sub-12in,1280.0,720.0,Black,7,True,False,True,True
951,Other/Unbranded_Unknown_Unk_Unk_Unk,Other/Unbranded,Other,190.6,New,New,Other,Unknown,Unknown,,,Unknown,Unknown,,,,Unk,,Unk,,Unk,,,Other,0,False,False,False,False
952,Dell_i5_Unk_2TB_12-14in,Dell,Notebook/Laptop,815.0,Used,Used,Intel,Intel,i5,6.0,2.8,Windows,SSD,,2000.0,2000.0,2TB,,Unk,12.5,12-14in,1920.0,1080.0,Black,5,True,False,True,True
953,Other/Unbranded_Unknown_Unk_Unk_Unk,Other/Unbranded,Other,134.5,New,New,Other,Unknown,Unknown,,,Unknown,Unknown,,,,Unk,,Unk,,Unk,,,Other,0,False,False,False,False
954,Dell_i5_Unk_256GB_14-16in,Dell,Notebook/Laptop,320.2,Used,Used,Nvidia,Intel,i5,4.0,2.6,Windows,Unknown,,240.0,240.0,256GB,,Unk,14.0,14-16in,1280.0,720.0,Other,3,False,False,False,True
955,Other/Unbranded_Unknown_Unk_Unk_Unk,Other/Unbranded,Other,182.6,Refurbished - Seller Grade,Refurbished,Intel,Unknown,Unknown,,,Unknown,Unknown,,,,Unk,,Unk,,Unk,,,Black,0,False,False,False,False
956,Other/Unbranded_Unknown_Unk_Unk_Unk,Other/Unbranded,Other,772.0,Refurbished - Seller Grade,Refurbished,Intel,Unknown,Unknown,,,Unknown,Unknown,,,,Unk,,Unk,,Unk,,,Other,0,False,False,False,False
957,Other/Unbranded_Unknown_Unk_Unk_Unk,Other/Unbranded,Other,577.5,Refurbished - Seller Grade,Refurbished,Intel,Unknown,Unknown,,,Unknown,Unknown,,,,Unk,,Unk,,Unk,,,Other,0,False,False,False,False
958,Other/Unbranded_Unknown_Unk_Unk_Unk,Other/Unbranded,Other,507.8,Refurbished - Seller Grade,Refurbished,Intel,Unknown,Unknown,,,Unknown,Unknown,,,,Unk,,Unk,,Unk,,,Other,0,False,False,False,False
959,Other/Unbranded_Unknown_Unk_Unk_Unk,Other/Unbranded,Other,526.5,Refurbished - Seller Grade,Refurbished,Intel,Unknown,Unknown,,,Unknown,Unknown,,,,Unk,,Unk,,Unk,,,Other,0,False,False,False,False
960,Lenovo_i5_Unk_256GB_14-16in,Lenovo,Notebook/Laptop,490.0,Used,Used,Intel,Intel,i5,4.0,,Windows,Unknown,,240.0,240.0,256GB,,Unk,14.0,14-16in,1280.0,720.0,Other,1,False,False,False,False
961,Other/Unbranded_i5_Unk_256GB_14-16in,Other/Unbranded,Other,377.8,Used,Used,Intel,Intel,i5,6.0,,Windows,Unknown,,256.0,256.0,256GB,,Unk,14.0,14-16in,1280.0,720.0,Other,1,False,False,False,False
962,Other/Unbranded_Unknown_Unk_Unk_Unk,Other/Unbranded,Other,411.5,Used,Used,Intel,Unknown,Unknown,,,Unknown,Unknown,,,,Unk,,Unk,,Unk,,,Other,0,False,False,False,False
963,Other/Unbranded_i5_Unk_1TB_14-16in,Other/Unbranded,Notebook/Laptop,841.5,Refurbished - Seller Grade,Refurbished,Intel,Intel,i5,7.0,3.0,Windows,Unknown,,960.0,960.0,1TB,,Unk,14.0,14-16in,1920.0,1080.0,Other,7,True,True,True,True
964,Other/Unbranded_Unknown_Unk_Unk_Unk,Other/Unbranded,Other,29.3,Used,Used,Other,Unknown,Unknown,,,Unknown,Unknown,,,,Unk,,Unk,,Unk,,,Other,0,False,False,False,False
965,Other/Unbranded_Unknown_Unk_Unk_Unk,Other/Unbranded,Other,374.8,New,New,Other,Unknown,Unknown,,,Unknown,Unknown,,,,Unk,,Unk,,Unk,,,Other,0,False,False,False,False
966,LG_Unknown_Unk_Unk_Unk,LG,Other,92.6,New,New,Other,Unknown,Unknown,,,Unknown,Unknown,,,,Unk,,Unk,,Unk,,,Other,0,False,False,False,False
967,Other/Unbranded_Unknown_Unk_Unk_Unk,Other/Unbranded,Other,141.9,Unknown,Unknown,Other,Unknown,Unknown,,,Unknown,Unknown,,,,Unk,,Unk,,Unk,,,Other,0,False,False,False,False
968,Other/Unbranded_Unknown_Unk_Unk_Unk,Other/Unbranded,Other,646.5,Used,Used,Intel,Unknown,Unknown,,,Unknown,Unknown,,,,Unk,,Unk,,Unk,,,Other,0,False,False,False,False
969,Other/Unbranded_Unknown_Unk_Unk_Unk,Other/Unbranded,Other,472.5,New,New,Other,Unknown,Unknown,,,Unknown,Unknown,,,,Unk,,Unk,,Unk,,,Other,0,False,False,False,False
970,HP_Unknown_Unk_Unk_Unk,HP,Other,91.0,New,New,Other,Unknown,Unknown,,,Unknown,Unknown,,,,Unk,,Unk,,Unk,,,Other,0,False,False,False,False
971,LG_Unknown_Unk_Unk_Unk,LG,Other,70.5,New,New,Other,Unknown,Unknown,,,Unknown,Unknown,,,,Unk,,Unk,,Unk,,,Other,0,False,False,False,False
972,Dell_i5_Unk_256GB_14-16in,Dell,Notebook/Laptop,362.5,Used,Used,Intel,Intel,i5,4.0,2.6,Windows,Unknown,,240.0,240.0,256GB,,Unk,14.0,14-16in,1280.0,720.0,Other,3,False,False,False,True
973,Other/Unbranded_Unknown_Unk_Unk_Unk,Other/Unbranded,Other,103.25,New,New,Other,Unknown,Unknown,,,Unknown,Unknown,,,,Unk,,Unk,,Unk,,,Other,0,False,False,False,False
974,Other/Unbranded_i7_Unk_2TB_14-16in,Other/Unbranded,Notebook/Laptop,2326.0,Refurbished - Seller Grade,Refurbished,Intel,Intel,i7,,1.99,Windows,SSD,,2000.0,2000.0,2TB,,Unk,14.0,14-16in,1920.0,1080.0,Other,6,False,False,True,True
975,Other/Unbranded_Unknown_Unk_Unk_Unk,Other/Unbranded,Other,160.4,New,New,Other,Unknown,Unknown,,,Unknown,Unknown,,,,Unk,,Unk,,Unk,,,Other,0,False,False,False,False
976,Other/Unbranded_Other/Unspecified_Unk_Unk_14-16in,Other/Unbranded,Other,10.9,Used,Used,Other,Intel,Other/Unspecified,,,Unknown,Unknown,,,,Unk,,Unk,15.6,14-16in,,,Other,0,False,False,False,False
977,Lenovo_i5_Unk_256GB_14-16in,Lenovo,Notebook/Laptop,489.0,Used,Used,Intel,Intel,i5,6.0,2.4,Windows,SSD,,240.0,240.0,256GB,,Unk,14.0,14-16in,1920.0,1080.0,Other,4,True,False,True,True
978,Other/Unbranded_Unknown_Unk_Unk_Unk,Other/Unbranded,Other,275.5,Refurbished - Seller Grade,Refurbished,Intel,Unknown,Unknown,,,Unknown,Unknown,,,,Unk,,Unk,,Unk,,,Black,0,False,False,False,False
979,Dell_i5_Unk_512GB_14-16in,Dell,Notebook/Laptop,432.5,Used,Used,Intel,Intel,i5,5.0,,Windows,Unknown,,480.0,480.0,512GB,,Unk,14.0,14-16in,1280.0,720.0,Other,0,False,False,False,False
980,Other/Unbranded_Unknown_Unk_Unk_Unk,Other/Unbranded,Other,456.2,Used,Used,Intel,Unknown,Unknown,,,Unknown,Unknown,,,,Unk,,Unk,,Unk,,,Other,0,False,False,False,False
981,Other/Unbranded_Unknown_Unk_Unk_Unk,Other/Unbranded,Other,103.56,Unknown,Unknown,Other,Unknown,Unknown,,,Unknown,Unknown,,,,Unk,,Unk,,Unk,,,Other,0,False,False,False,False
982,Dell_i5_Unk_256GB_14-16in,Dell,Notebook/Laptop,335.8,Used,Used,Nvidia,Intel,i5,4.0,2.6,Windows,Unknown,,240.0,240.0,256GB,,Unk,14.0,14-16in,1280.0,720.0,Other,3,False,False,False,True
983,Other/Unbranded_Unknown_Unk_Unk_Unk,Other/Unbranded,Other,164.4,Unknown,Unknown,Other,Unknown,Unknown,,,Unknown,Unknown,,,,Unk,,Unk,,Unk,,,Other,0,False,False,False,False
984,AUO_Unknown_Unk_Unk_Unk,AUO,Other,91.9,New,New,Other,Unknown,Unknown,,,Unknown,Unknown,,,,Unk,,Unk,,Unk,,,Other,0,False,False,False,False
985,AUO_Unknown_Unk_Unk_Unk,AUO,Other,91.3,New,New,Other,Unknown,Unknown,,,Unknown,Unknown,,,,Unk,,Unk,,Unk,,,Other,0,False,False,False,False
986,Dell_i5_Unk_128GB_12-14in,Dell,Notebook/Laptop,424.8,Used,Used,Intel,Intel,i5,6.0,2.8,Windows,Unknown,,120.0,120.0,128GB,,Unk,12.5,12-14in,1920.0,1080.0,Black,7,True,True,True,True
987,Other/Unbranded_Unknown_Unk_Unk_Unk,Other/Unbranded,Other,316.0,New,New,Other,Unknown,Unknown,,,Unknown,Unknown,,,,Unk,,Unk,,Unk,,,Other,0,False,False,False,False
988,Dell_i5_Unk_256GB_12-14in,Dell,Notebook/Laptop,423.5,Used,Used,Intel,Intel,i5,6.0,2.8,Windows,Unknown,,240.0,240.0,256GB,,Unk,12.5,12-14in,1920.0,1080.0,Other,6,True,True,True,True
989,Other/Unbranded_Unknown_Unk_Unk_Unk,Other/Unbranded,Other,234.0,Refurbished - Good,Refurbished,Intel,Unknown,Unknown,,,Unknown,Unknown,,,,Unk,,Unk,,Unk,,,Other,0,False,False,False,False
990,Other/Unbranded_Unknown_Unk_Unk_Unk,Other/Unbranded,Other,753.5,Used,Used,Intel,Unknown,Unknown,,,Unknown,Unknown,,,,Unk,,Unk,,Unk,,,Other,0,False,False,False,False
991,Other/Unbranded_Unknown_Unk_Unk_Unk,Other/Unbranded,Other,2096.0,Refurbished - Seller Grade,Refurbished,Intel,Unknown,Unknown,,,Unknown,Unknown,,,,Unk,,Unk,,Unk,,,Black,0,False,False,False,False
992,Lenovo_i5_Unk_256GB_14-16in,Lenovo,Other,377.8,Used,Used,Intel,Intel,i5,6.0,,Windows,Unknown,,256.0,256.0,256GB,,Unk,14.0,14-16in,1920.0,1080.0,Other,1,False,False,False,False
993,Other/Unbranded_i5_Unk_256GB_14-16in,Other/Unbranded,Notebook/Laptop,419.8,Used,Used,Intel,Intel,i5,4.0,3.0,Windows,SSD,,240.0,240.0,256GB,,Unk,14.0,14-16in,1280.0,720.0,Other,5,False,False,True,True
994,Other/Unbranded_i5_Unk_128GB_12-14in,Other/Unbranded,Notebook/Laptop,401.0,Used,Used,Intel,Intel,i5,6.0,,Windows,Unknown,,120.0,120.0,128GB,,Unk,13.3,12-14in,1280.0,720.0,Other,1,False,False,False,False
995,Dell_i5_Unk_256GB_14-16in,Dell,Notebook/Laptop,320.2,Used,Used,Nvidia,Intel,i5,4.0,2.6,Windows,Unknown,,240.0,240.0,256GB,,Unk,14.0,14-16in,1280.0,720.0,Other,3,False,False,False,True
996,Other/Unbranded_Unknown_Unk_Unk_Unk,Other/Unbranded,Other,371.0,Used,Used,Intel,Unknown,Unknown,,,Unknown,Unknown,,,,Unk,,Unk,,Unk,,,Other,0,False,False,False,False
997,Dell_i5_Unk_256GB_12-14in,Dell,Notebook/Laptop,442.5,Used,Used,Intel,Intel,i5,6.0,2.3,Windows,SSD,,240.0,240.0,256GB,,Unk,12.5,12-14in,1920.0,1080.0,Other,4,True,False,True,True
998,Other/Unbranded_Unknown_Unk_Unk_Unk,Other/Unbranded,Other,365.0,Used,Used,Intel,Unknown,Unknown,,,Unknown,Unknown,,,,Unk,,Unk,,Unk,,,Other,0,False,False,False,False
999,LG_Unknown_Unk_Unk_Unk,LG,Other,97.06,New,New,Other,Unknown,Unknown,,,Unknown,Unknown,,,,Unk,,Unk,,Unk,,,Other,0,False,False,False,False
1000,Other/Unbranded_Unknown_Unk_Unk_Unk,Other/Unbranded,Other,101.9,New,New,Other,Unknown,Unknown,,,Unknown,Unknown,,,,Unk,,Unk,,Unk,,,Other,0,False,False,False,False
1001,Samsung_Unknown_Unk_Unk_Unk,Samsung,Other,112.8,New,New,Other,Unknown,Unknown,,,Unknown,Unknown,,,,Unk,,Unk,,Unk,,,Other,0,False,False,False,False
1002,Other/Unbranded_Unknown_Unk_Unk_Unk,Other/Unbranded,Other,95.25,New,New,Other,Unknown,Unknown,,,Unknown,Unknown,,,,Unk,,Unk,,Unk,,,Other,0,False,False,False,False
1003,Other/Unbranded_i5_Unk_512GB_14-16in,Other/Unbranded,Notebook/Laptop,508.5,Used,Used,Intel,Intel,i5,4.0,3.0,Windows,SSD,,480.0,480.0,512GB,,Unk,15.6,14-16in,1280.0,720.0,Other,4,False,False,True,True
1004,Dell_i5_Unk_Unk_14-16in,Dell,Notebook/Laptop,67.3,For Parts / Not Working,End-of-Life,Other,Intel,i5,2.0,,Unknown,Unknown,,,,Unk,,Unk,14.0,14-16in,,,Other,0,False,False,False,False
1005,Other/Unbranded_Other/Unspecified_Unk_Unk_Unk,Other/Unbranded,Other,33.5,For Parts / Not Working,End-of-Life,Other,Other,Other/Unspecified,,,Unknown,Unknown,,,,Unk,,Unk,,Unk,,,Other,0,False,False,False,False
1006,Other/Unbranded_Unknown_Unk_Unk_Unk,Other/Unbranded,Other,78.9,New,New,Other,Unknown,Unknown,,,Unknown,Unknown,,,,Unk,,Unk,,Unk,,,Other,0,False,False,False,False
1007,Dell_i5_Unk_256GB_12-14in,Dell,Notebook/Laptop,422.8,Used,Used,Intel,Intel,i5,6.0,2.3,Windows,SSD,,240.0,240.0,256GB,,Unk,12.5,12-14in,1920.0,1080.0,Other,4,True,False,True,True
1008,LG_Unknown_Unk_Unk_Unk,LG,Other,125.06,New,New,Other,Unknown,Unknown,,,Unknown,Unknown,,,,Unk,,Unk,,Unk,,,Other,0,False,False,False,False
1009,Other/Unbranded_Unknown_Unk_Unk_Unk,Other/Unbranded,Other,232.2,Refurbished - Seller Grade,Refurbished,Intel,Unknown,Unknown,,,Unknown,Unknown,,,,Unk,,Unk,,Unk,,,Black,0,False,False,False,False
1010,Other/Unbranded_Unknown_Unk_Unk_Unk,Other/Unbranded,Other,215.9,Used,Used,Intel,Unknown,Unknown,,,Unknown,Unknown,,,,Unk,,Unk,,Unk,,,Other,0,False,False,False,False
1011,Other/Unbranded_Unknown_Unk_Unk_Unk,Other/Unbranded,Other,457.2,Refurbished - Seller Grade,Refurbished,Intel,Unknown,Unknown,,,Unknown,Unknown,,,,Unk,,Unk,,Unk,,,Other,0,False,False,False,False
1012,Other/Unbranded_Unknown_Unk_Unk_Unk,Other/Unbranded,Other,128.5,Unknown,Unknown,Other,Unknown,Unknown,,,Unknown,Unknown,,,,Unk,,Unk,,Unk,,,Other,0,False,False,False,False
1013,Other/Unbranded_Unknown_Unk_Unk_Unk,Other/Unbranded,Other,640.5,Used,Used,Intel,Unknown,Unknown,,,Unknown,Unknown,,,,Unk,,Unk,,Unk,,,Other,0,False,False,False,False
1014,Other/Unbranded_Unknown_Unk_Unk_Unk,Other/Unbranded,Other,45.28,Unknown,Unknown,Other,Unknown,Unknown,,,Unknown,Unknown,,,,Unk,,Unk,,Unk,,,Other,0,False,False,False,False
1015,Other/Unbranded_Unknown_Unk_Unk_Unk,Other/Unbranded,Other,21.7,Used,Used,Other,Unknown,Unknown,,,Unknown,Unknown,,,,Unk,,Unk,,Unk,,,Other,0,False,False,False,False
1016,Other/Unbranded_Unknown_Unk_Unk_Unk,Other/Unbranded,Other,127.94,New,New,Other,Unknown,Unknown,,,Unknown,Unknown,,,,Unk,,Unk,,Unk,,,Other,0,False,False,False,False
1017,Other/Unbranded_i5_Unk_Unk_Sub-12in,Other/Unbranded,Notebook/Laptop,236.0,For Parts / Not Working,End-of-Life,Other,Intel,i5,,,Unknown,Unknown,,,,Unk,,Unk,11.6,Sub-12in,,,Other,0,False,False,False,False
1018,Other/Unbranded_Unknown_Unk_Unk_Unk,Other/Unbranded,Other,511.5,Refurbished - Certified,Refurbished,Other,Unknown,Unknown,,,Unknown,Unknown,,,,Unk,,Unk,,Unk,,,Other,0,False,False,False,False
1019,Dell_i5_Unk_256GB_14-16in,Dell,Notebook/Laptop,510.0,Used,Used,Amd,Intel,i5,4.0,3.0,Windows,Unknown,,240.0,240.0,256GB,,Unk,15.6,14-16in,1280.0,720.0,Other,4,False,False,True,True
1020,Other/Unbranded_Unknown_Unk_Unk_Unk,Other/Unbranded,Other,279.0,Used,Used,Intel,Unknown,Unknown,,,Unknown,Unknown,,,,Unk,,Unk,,Unk,,,Other,0,False,False,False,False
1021,Other/Unbranded_Unknown_Unk_Unk_Unk,Other/Unbranded,Other,3356.0,New,New,Intel,Unknown,Unknown,,,Unknown,Unknown,,,,Unk,,Unk,,Unk,,,Other,0,False,False,False,False
1022,Other/Unbranded_Unknown_Unk_Unk_Unk,Other/Unbranded,Other,1019.5,Refurbished - Seller Grade,Refurbished,Intel,Unknown,Unknown,,,Unknown,Unknown,,,,Unk,,Unk,,Unk,,,Other,0,False,False,False,False
1023,Acer_Unknown_Unk_Unk_Unk,Acer,Other,81.2,New,New,Other,Unknown,Unknown,,,Unknown,Unknown,,,,Unk,,Unk,,Unk,,,Other,0,False,False,False,False
1024,LG_Unknown_Unk_Unk_Unk,LG,Other,110.8,New,New,Other,Unknown,Unknown,,,Unknown,Unknown,,,,Unk,,Unk,,Unk,,,Other,0,False,False,False,False
1025,Other/Unbranded_Unknown_Unk_Unk_Unk,Other/Unbranded,Other,2680.0,Refurbished - Seller Grade,Refurbished,Intel,Unknown,Unknown,,,Unknown,Unknown,,,,Unk,,Unk,,Unk,,,Other,0,False,False,False,False
1026,Dell_i5_Unk_2TB+_Sub-12in,Dell,Notebook/Laptop,1363.0,Refurbished - Seller Grade,Refurbished,Intel,Intel,i5,4.0,1.99,Windows,SSD,,4000.0,4000.0,2TB+,,Unk,10.8,Sub-12in,1920.0,1080.0,Other,7,True,False,True,True
1027,Other/Unbranded_i7_Unk_1TB_14-16in,Other/Unbranded,Notebook/Laptop,2326.0,Refurbished - Seller Grade,Refurbished,Intel,Intel,i7,,1.8,Windows,SSD,,960.0,960.0,1TB,,Unk,14.0,14-16in,1920.0,1080.0,Other,6,False,False,True,True
1028,Dell_i5_8GB_512GB_14-16in,Dell,Notebook/Laptop,106.25,Used,Used,Other,Intel,i5,5.0,2.3,Unknown,HDD/SSD,500.0,,500.0,512GB,8.0,8GB,14.0,14-16in,,,Black,0,False,False,False,False
1029,Other/Unbranded_Unknown_Unk_Unk_Unk,Other/Unbranded,Other,131.0,New,New,Other,Unknown,Unknown,,,Unknown,Unknown,,,,Unk,,Unk,,Unk,,,Other,0,False,False,False,False
1030,AUO_Unknown_Unk_Unk_Unk,AUO,Other,60.84,New,New,Other,Unknown,Unknown,,,Unknown,Unknown,,,,Unk,,Unk,,Unk,,,Other,0,False,False,False,False
1031,Dell_i5_Unk_512GB_14-16in,Dell,Other,182.6,Used,Used,Other,Intel,i5,,,Windows,Unknown,500.0,,500.0,512GB,,Unk,14.0,14-16in,1600.0,900.0,Other,0,False,False,False,False
1032,Other/Unbranded_Unknown_Unk_Unk_Unk,Other/Unbranded,Other,117.3,New,New,Other,Unknown,Unknown,,,Unknown,Unknown,,,,Unk,,Unk,,Unk,,,Other,0,False,False,False,False
1033,AUO_Unknown_Unk_Unk_Unk,AUO,Other,99.5,New,New,Other,Unknown,Unknown,,,Unknown,Unknown,,,,Unk,,Unk,,Unk,,,Other,0,False,False,False,False
1034,Asus_pentium_Unk_Unk_14-16in,Asus,Other,22.22,For Parts / Not Working,End-of-Life,Other,Intel,pentium,,,Unknown,Unknown,,,,Unk,,Unk,14.0,14-16in,,,Other,0,False,False,False,False
1035,Other/Unbranded_Unknown_Unk_Unk_Unk,Other/Unbranded,Other,302.2,Used,Used,Intel,Unknown,Unknown,,,Unknown,Unknown,,,,Unk,,Unk,,Unk,,,Other,0,False,False,False,False
1036,Lenovo_i5_Unk_256GB_14-16in,Lenovo,Notebook/Laptop,340.8,Used,Used,Intel,Intel,i5,6.0,2.8,Windows,Unknown,,240.0,240.0,256GB,,Unk,14.0,14-16in,1920.0,1080.0,Other,6,False,True,True,True
1037,Samsung_Unknown_Unk_Unk_Unk,Samsung,Other,91.7,New,New,Other,Unknown,Unknown,,,Unknown,Unknown,,,,Unk,,Unk,,Unk,,,Other,0,False,False,False,False
1038,Other/Unbranded_Unknown_Unk_Unk_Unk,Other/Unbranded,Other,162.6,New,New,Other,Unknown,Unknown,,,Unknown,Unknown,,,,Unk,,Unk,,Unk,,,Other,0,False,False,False,False
1039,Other/Unbranded_Unknown_Unk_Unk_Unk,Other/Unbranded,Other,59.4,Unknown,Unknown,Other,Unknown,Unknown,,,Unknown,Unknown,,,,Unk,,Unk,,Unk,,,Other,0,False,False,False,False
1040,Other/Unbranded_Unknown_Unk_Unk_Unk,Other/Unbranded,Other,322.0,Refurbished - Good,Refurbished,Intel,Unknown,Unknown,,,Unknown,Unknown,,,,Unk,,Unk,,Unk,,,Other,0,False,False,False,False
1041,Dell_i5_Unk_2TB_14-16in,Dell,Notebook/Laptop,539.0,Used,Used,Intel,Intel,i5,5.0,2.7,Windows,Unknown,,2000.0,2000.0,2TB,,Unk,14.0,14-16in,1280.0,720.0,Other,3,False,False,False,True
1042,LG_Unknown_Unk_Unk_Unk,LG,Other,95.94,New,New,Other,Unknown,Unknown,,,Unknown,Unknown,,,,Unk,,Unk,,Unk,,,Other,0,False,False,False,False
1043,Dell_i5_Unk_256GB_14-16in,Dell,Notebook/Laptop,373.8,Refurbished - Seller Grade,Refurbished,Intel,Intel,i5,5.0,,Windows,Unknown,,240.0,240.0,256GB,,Unk,14.0,14-16in,1280.0,720.0,Other,0,False,False,False,False
1044,Other/Unbranded_Unknown_Unk_Unk_Unk,Other/Unbranded,Other,124.1,New,New,Other,Unknown,Unknown,,,Unknown,Unknown,,,,Unk,,Unk,,Unk,,,Other,0,False,False,False,False
1045,Other/Unbranded_Unknown_Unk_Unk_Unk,Other/Unbranded,Other,97.5,New,New,Other,Unknown,Unknown,,,Unknown,Unknown,,,,Unk,,Unk,,Unk,,,Other,0,False,False,False,False
1046,Other/Unbranded_Unknown_Unk_Unk_Unk,Other/Unbranded,Other,84.1,New,New,Other,Unknown,Unknown,,,Unknown,Unknown,,,,Unk,,Unk,,Unk,,,Other,0,False,False,False,False
1047,Other/Unbranded_Unknown_Unk_Unk_Unk,Other/Unbranded,Other,67.06,New,New,Other,Unknown,Unknown,,,Unknown,Unknown,,,,Unk,,Unk,,Unk,,,Other,0,False,False,False,False
1048,Other/Unbranded_Unknown_Unk_Unk_Unk,Other/Unbranded,Other,330.5,Used,Used,Intel,Unknown,Unknown,,,Unknown,Unknown,,,,Unk,,Unk,,Unk,,,Other,0,False,False,False,False
1049,Other/Unbranded_Unknown_Unk_Unk_Unk,Other/Unbranded,Other,711.0,Used,Used,Intel,Unknown,Unknown,,,Unknown,Unknown,,,,Unk,,Unk,,Unk,,,Other,0,False,False,False,False
1050,Other/Unbranded_Unknown_Unk_Unk_Unk,Other/Unbranded,Other,35.2,New,New,Other,Unknown,Unknown,,,Unknown,Unknown,,,,Unk,,Unk,,Unk,,,Other,0,False,False,False,False
1051,Other/Unbranded_Unknown_Unk_Unk_Unk,Other/Unbranded,Other,341.8,Used,Used,Intel,Unknown,Unknown,,,Unknown,Unknown,,,,Unk,,Unk,,Unk,,,Other,0,False,False,False,False
1052,LG_Unknown_Unk_Unk_Unk,LG,Other,90.2,New,New,Other,Unknown,Unknown,,,Unknown,Unknown,,,,Unk,,Unk,,Unk,,,Other,0,False,False,False,False
1053,Other/Unbranded_Unknown_Unk_Unk_Unk,Other/Unbranded,Other,28.44,New,New,Other,Unknown,Unknown,,,Unknown,Unknown,,,,Unk,,Unk,,Unk,,,Other,0,False,False,False,False
1054,Other/Unbranded_Unknown_Unk_Unk_Unk,Other/Unbranded,Other,92.7,New,New,Other,Unknown,Unknown,,,Unknown,Unknown,,,,Unk,,Unk,,Unk,,,Other,0,False,False,False,False
1055,Other/Unbranded_Unknown_Unk_Unk_Unk,Other/Unbranded,Other,50.75,New,New,Other,Unknown,Unknown,,,Unknown,Unknown,,,,Unk,,Unk,,Unk,,,Other,0,False,False,False,False
1056,Dell_i5_Unk_256GB_12-14in,Dell,Notebook/Laptop,470.5,Used,Used,Intel,Intel,i5,6.0,2.8,Windows,Unknown,,240.0,240.0,256GB,,Unk,12.5,12-14in,1920.0,1080.0,Other,6,True,True,True,True
1057,Dell_i5_Unk_256GB_14-16in,Dell,Notebook/Laptop,280.0,Used,Used,Intel,Intel,i5,3.0,3.0,Windows,Unknown,,240.0,240.0,256GB,,Unk,14.0,14-16in,1280.0,720.0,Other,2,False,False,False,True
1058,Other/Unbranded_Unknown_Unk_Unk_Unk,Other/Unbranded,Other,262.2,Used,Used,Intel,Unknown,Unknown,,,Unknown,Unknown,,,,Unk,,Unk,,Unk,,,Other,0,False,False,False,False
1059,Lenovo_i3_Unk_1TB_14-16in,Lenovo,Notebook/Laptop,650.5,Used,Used,Intel,Intel,i3,10.0,1.49,Windows,SSD,,960.0,960.0,1TB,,Unk,15.6,14-16in,1920.0,1080.0,Other,4,False,False,True,True
1060,Other/Unbranded_Unknown_Unk_Unk_Unk,Other/Unbranded,Other,568.0,Refurbished - Seller Grade,Refurbished,Intel,Unknown,Unknown,,,Unknown,Unknown,,,,Unk,,Unk,,Unk,,,Other,0,False,False,False,False
1061,Other/Unbranded_Unknown_Unk_Unk_Unk,Other/Unbranded,Other,99.0,New,New,Other,Unknown,Unknown,,,Unknown,Unknown,,,,Unk,,Unk,,Unk,,,Other,0,False,False,False,False
1062,Other/Unbranded_Unknown_Unk_Unk_Unk,Other/Unbranded,Other,863.5,Used,Used,Intel,Unknown,Unknown,,,Unknown,Unknown,,,,Unk,,Unk,,Unk,,,Other,0,False,False,False,False
1063,Dell_i5_Unk_256GB_14-16in,Dell,Notebook/Laptop,331.0,Used,Used,Intel,Intel,i5,4.0,2.6,Windows,Unknown,,240.0,240.0,256GB,,Unk,14.0,14-16in,1280.0,720.0,Other,3,False,False,False,True
1064,Other/Unbranded_Unknown_Unk_Unk_Unk,Other/Unbranded,Other,232.1,New,New,Other,Unknown,Unknown,,,Unknown,Unknown,,,,Unk,,Unk,,Unk,,,Other,0,False,False,False,False
1065,Other/Unbranded_Unknown_Unk_Unk_Unk,Other/Unbranded,Other,266.2,Refurbished - Seller Grade,Refurbished,Intel,Unknown,Unknown,,,Unknown,Unknown,,,,Unk,,Unk,,Unk,,,Black,0,False,False,False,False
1066,Other/Unbranded_Unknown_Unk_Unk_Unk,Other/Unbranded,Other,47.1,New,New,Other,Unknown,Unknown,,,Unknown,Unknown,,,,Unk,,Unk,,Unk,,,Other,0,False,False,False,False
1067,Other/Unbranded_Unknown_Unk_Unk_Unk,Other/Unbranded,Other,425.2,Refurbished - Very Good,Refurbished,Intel,Unknown,Unknown,,,Unknown,Unknown,,,,Unk,,Unk,,Unk,,,Other,0,False,False,False,False
1068,AUO_Unknown_Unk_Unk_Unk,AUO,Other,81.6,New,New,Other,Unknown,Unknown,,,Unknown,Unknown,,,,Unk,,Unk,,Unk,,,Other,0,False,False,False,False
1069,Other/Unbranded_Unknown_Unk_Unk_Unk,Other/Unbranded,Other,932.5,Refurbished - Seller Grade,Refurbished,Intel,Unknown,Unknown,,,Unknown,Unknown,,,,Unk,,Unk,,Unk,,,Other,0,False,False,False,False
1070,Other/Unbranded_Unknown_Unk_Unk_Unk,Other/Unbranded,Other,135.8,Used,Used,Other,Unknown,Unknown,,,Unknown,Unknown,,,,Unk,,Unk,,Unk,,,Other,0,False,False,False,False
1071,Other/Unbranded_Unknown_Unk_Unk_Unk,Other/Unbranded,Other,1002.5,Refurbished - Seller Grade,Refurbished,Intel,Unknown,Unknown,,,Unknown,Unknown,,,,Unk,,Unk,,Unk,,,Other,0,False,False,False,False
1072,Lenovo_i3_Unk_256GB_12-14in,Lenovo,Notebook/Laptop,533.5,Used,Used,Intel,Intel,i3,6.0,3.0,Windows,SSD,,240.0,240.0,256GB,,Unk,12.5,12-14in,1280.0,720.0,Other,5,False,False,True,True
1073,Dell_i5_Unk_256GB_14-16in,Dell,Notebook/Laptop,303.8,Used,Used,Intel,Intel,i5,4.0,2.6,Windows,Unknown,,240.0,240.0,256GB,,Unk,14.0,14-16in,1280.0,720.0,Other,3,False,False,False,True
1074,Other/Unbranded_Unknown_Unk_Unk_Unk,Other/Unbranded,Other,273.5,Refurbished - Good,Refurbished,Intel,Unknown,Unknown,,,Unknown,Unknown,,,,Unk,,Unk,,Unk,,,Other,0,False,False,False,False
1075,Other/Unbranded_Unknown_Unk_Unk_Unk,Other/Unbranded,Other,245.5,Refurbished - Seller Grade,Refurbished,Intel,Unknown,Unknown,,,Unknown,Unknown,,,,Unk,,Unk,,Unk,,,Other,0,False,False,False,False
1076,Lenovo_i5_Unk_1TB_14-16in,Lenovo,Other,743.0,Used,Used,Intel,Intel,i5,6.0,,Windows,Unknown,,960.0,960.0,1TB,,Unk,14.0,14-16in,,,Black,0,False,False,False,False
1077,Other/Unbranded_i5_4GB_Unk_Unk,Other/Unbranded,Notebook/Laptop,280.2,Used,Used,Other,Intel,i5,,2.5,Unknown,Unknown,,,,Unk,4.0,4GB,,Unk,,,Other,0,False,False,False,False
1078,Other/Unbranded_Unknown_Unk_Unk_Unk,Other/Unbranded,Other,724.5,Refurbished - Seller Grade,Refurbished,Intel,Unknown,Unknown,,,Unknown,Unknown,,,,Unk,,Unk,,Unk,,,Other,0,False,False,False,False
1079,Other/Unbranded_Unknown_Unk_Unk_Unk,Other/Unbranded,Other,151.9,New,New,Other,Unknown,Unknown,,,Unknown,Unknown,,,,Unk,,Unk,,Unk,,,Other,0,False,False,False,False
1080,Other/Unbranded_Unknown_Unk_Unk_Unk,Other/Unbranded,Other,463.5,Refurbished - Seller Grade,Refurbished,Intel,Unknown,Unknown,,,Unknown,Unknown,,,,Unk,,Unk,,Unk,,,Black,0,False,False,False,False
1081,Other/Unbranded_Unknown_Unk_Unk_Unk,Other/Unbranded,Other,391.5,Used,Used,Intel,Unknown,Unknown,,,Unknown,Unknown,,,,Unk,,Unk,,Unk,,,Other,0,False,False,False,False
1082,Other/Unbranded_Unknown_Unk_Unk_Unk,Other/Unbranded,Other,264.2,Refurbished - Seller Grade,Refurbished,Intel,Unknown,Unknown,,,Unknown,Unknown,,,,Unk,,Unk,,Unk,,,Other,0,False,False,False,False
1083,Other/Unbranded_Unknown_Unk_Unk_Unk,Other/Unbranded,Other,93.0,New,New,Other,Unknown,Unknown,,,Unknown,Unknown,,,,Unk,,Unk,,Unk,,,Other,0,False,False,False,False
1084,Lenovo_i3_Unk_1TB_14-16in,Lenovo,Other,726.0,Used,Used,Intel,Intel,i3,10.0,,Windows,Unknown,,960.0,960.0,1TB,,Unk,15.6,14-16in,1920.0,1080.0,Gray,1,False,False,False,False
1085,Other/Unbranded_Unknown_Unk_Unk_Unk,Other/Unbranded,Other,59.28,New,New,Other,Unknown,Unknown,,,Unknown,Unknown,,,,Unk,,Unk,,Unk,,,Other,0,False,False,False,False
1086,Other/Unbranded_Unknown_Unk_Unk_Unk,Other/Unbranded,Other,90.06,New,New,Other,Unknown,Unknown,,,Unknown,Unknown,,,,Unk,,Unk,,Unk,,,Other,0,False,False,False,False
1087,Other/Unbranded_Unknown_Unk_Unk_Unk,Other/Unbranded,Other,413.2,Used,Used,Intel,Unknown,Unknown,,,Unknown,Unknown,,,,Unk,,Unk,,Unk,,,Other,0,False,False,False,False
1088,Other/Unbranded_Unknown_Unk_Unk_Unk,Other/Unbranded,Other,571.5,Refurbished - Seller Grade,Refurbished,Intel,Unknown,Unknown,,,Unknown,Unknown,,,,Unk,,Unk,,Unk,,,Other,0,False,False,False,False
1089,Other/Unbranded_Unknown_Unk_Unk_Unk,Other/Unbranded,Other,921.0,Refurbished - Seller Grade,Refurbished,Intel,Unknown,Unknown,,,Unknown,Unknown,,,,Unk,,Unk,,Unk,,,Other,0,False,False,False,False
1090,Other/Unbranded_Unknown_Unk_Unk_Unk,Other/Unbranded,Other,531.0,Refurbished - Seller Grade,Refurbished,Intel,Unknown,Unknown,,,Unknown,Unknown,,,,Unk,,Unk,,Unk,,,Other,0,False,False,False,False
1091,Other/Unbranded_Unknown_Unk_Unk_Unk,Other/Unbranded,Other,432.2,Refurbished - Seller Grade,Refurbished,Intel,Unknown,Unknown,,,Unknown,Unknown,,,,Unk,,Unk,,Unk,,,Other,0,False,False,False,False
1093,Dell_i5_Unk_1TB_14-16in,Dell,Notebook/Laptop,442.0,Used,Used,Intel,Intel,i5,5.0,2.7,Windows,Unknown,,960.0,960.0,1TB,,Unk,14.0,14-16in,1280.0,720.0,Black,3,False,False,False,True
1094,Other/Unbranded_i5_Unk_Unk_14-16in,Other/Unbranded,Notebook/Laptop,2280.0,New,New,Intel,Intel,i5,,1.6,Windows,Unknown,,,,Unk,,Unk,15.6,14-16in,1920.0,1080.0,Black,6,False,False,True,True
1095,Dell_Other/Unspecified_Unk_128GB_Sub-12in,Dell,Notebook/Laptop,1014.5,Used,Used,Intel,Intel,Other/Unspecified,,,Windows,Unknown,,120.0,120.0,128GB,,Unk,11.6,Sub-12in,1280.0,720.0,Black,1,False,False,False,False
1096,Lenovo_i5_Unk_256GB_14-16in,Lenovo,Notebook/Laptop,602.0,Used,Used,Intel,Intel,i5,6.0,,Windows,Unknown,,240.0,240.0,256GB,,Unk,14.0,14-16in,1920.0,1080.0,Black,0,False,False,False,False
1097,Other/Unbranded_Unknown_Unk_Unk_Unk,Other/Unbranded,Other,414.8,Refurbished - Seller Grade,Refurbished,Intel,Unknown,Unknown,,,Unknown,Unknown,,,,Unk,,Unk,,Unk,,,Other,0,False,False,False,False
1098,Other/Unbranded_Unknown_Unk_Unk_Unk,Other/Unbranded,Other,60.84,New,New,Other,Unknown,Unknown,,,Unknown,Unknown,,,,Unk,,Unk,,Unk,,,Other,0,False,False,False,False
1099,Other/Unbranded_Unknown_Unk_Unk_Unk,Other/Unbranded,Other,124.9,New,New,Other,Unknown,Unknown,,,Unknown,Unknown,,,,Unk,,Unk,,Unk,,,Other,0,False,False,False,False
1100,Other/Unbranded_Unknown_Unk_Unk_Unk,Other/Unbranded,Other,372.5,Refurbished - Seller Grade,Refurbished,Intel,Unknown,Unknown,,,Unknown,Unknown,,,,Unk,,Unk,,Unk,,,Black,0,False,False,False,False
1101,Other/Unbranded_Unknown_Unk_Unk_Unk,Other/Unbranded,Other,315.2,New,New,Other,Unknown,Unknown,,,Unknown,Unknown,,,,Unk,,Unk,,Unk,,,Other,0,False,False,False,False
1102,Lenovo_i5_Unk_256GB_14-16in,Lenovo,Notebook/Laptop,751.0,Used,Used,Intel,Intel,i5,6.0,,Windows,Unknown,,240.0,240.0,256GB,,Unk,14.0,14-16in,1920.0,1080.0,Black,1,False,False,False,False
1103,Other/Unbranded_Unknown_Unk_Unk_Unk,Other/Unbranded,Other,542.0,Refurbished - Seller Grade,Refurbished,Intel,Unknown,Unknown,,,Unknown,Unknown,,,,Unk,,Unk,,Unk,,,Other,0,False,False,False,False
1104,Other/Unbranded_Unknown_Unk_Unk_Unk,Other/Unbranded,Other,517.0,Refurbished - Seller Grade,Refurbished,Intel,Unknown,Unknown,,,Unknown,Unknown,,,,Unk,,Unk,,Unk,,,Other,0,False,False,False,False
1105,Other/Unbranded_Unknown_Unk_Unk_Unk,Other/Unbranded,Other,607.0,Refurbished - Seller Grade,Refurbished,Intel,Unknown,Unknown,,,Unknown,Unknown,,,,Unk,,Unk,,Unk,,,Other,0,False,False,False,False
1106,Lenovo_i5_Unk_256GB_12-14in,Lenovo,Notebook/Laptop,465.5,Used,Used,Intel,Intel,i5,4.0,1.99,Windows,SSD,,240.0,240.0,256GB,,Unk,12.5,12-14in,1280.0,720.0,Other,6,False,False,True,True
1107,Lenovo_i5_Unk_512GB_14-16in,Lenovo,Notebook/Laptop,772.5,Used,Used,Intel,Intel,i5,6.0,,Windows,Unknown,,480.0,480.0,512GB,,Unk,14.0,14-16in,1920.0,1080.0,Black,1,False,False,False,False
1108,Other/Unbranded_Unknown_Unk_Unk_Unk,Other/Unbranded,Other,168.1,Unknown,Unknown,Other,Unknown,Unknown,,,Unknown,Unknown,,,,Unk,,Unk,,Unk,,,Other,0,False,False,False,False
1109,Dell_i5_Unk_1TB_14-16in,Dell,Notebook/Laptop,462.8,Used,Used,Intel,Intel,i5,4.0,2.6,Windows,Unknown,,960.0,960.0,1TB,,Unk,14.0,14-16in,1280.0,720.0,Black,4,False,False,True,True
1110,Other/Unbranded_Unknown_Unk_Unk_Unk,Other/Unbranded,Other,856.5,Used,Used,Intel,Unknown,Unknown,,,Unknown,Unknown,,,,Unk,,Unk,,Unk,,,Other,0,False,False,False,False
1111,Other/Unbranded_Unknown_Unk_Unk_Unk,Other/Unbranded,Other,805.5,Used,Used,Intel,Unknown,Unknown,,,Unknown,Unknown,,,,Unk,,Unk,,Unk,,,Other,0,False,False,False,False
1112,Other/Unbranded_Unknown_Unk_Unk_Unk,Other/Unbranded,Other,525.0,Unknown,Unknown,Other,Unknown,Unknown,,,Unknown,Unknown,,,,Unk,,Unk,,Unk,,,Other,0,False,False,False,False
1113,Dell_i5_Unk_256GB_12-14in,Dell,Notebook/Laptop,401.8,Used,Used,Intel,Intel,i5,6.0,2.8,Windows,Unknown,,240.0,240.0,256GB,,Unk,12.5,12-14in,1920.0,1080.0,Other,7,True,True,True,True
1114,Lenovo_i5_Unk_256GB_12-14in,Lenovo,Notebook/Laptop,465.5,Used,Used,Intel,Intel,i5,4.0,1.99,Windows,SSD,,240.0,240.0,256GB,,Unk,12.5,12-14in,1280.0,720.0,Other,6,False,False,True,True
1115,Other/Unbranded_Unknown_Unk_Unk_Unk,Other/Unbranded,Other,328.8,Refurbished - Seller Grade,Refurbished,Intel,Unknown,Unknown,,,Unknown,Unknown,,,,Unk,,Unk,,Unk,,,Black,0,False,False,False,False
1116,Other/Unbranded_Unknown_Unk_Unk_Unk,Other/Unbranded,Other,89.8,New,New,Other,Unknown,Unknown,,,Unknown,Unknown,,,,Unk,,Unk,,Unk,,,Other,0,False,False,False,False
1118,Samsung_Unknown_Unk_Unk_Unk,Samsung,Other,127.8,New,New,Other,Unknown,Unknown,,,Unknown,Unknown,,,,Unk,,Unk,,Unk,,,Other,0,False,False,False,False
1119,Other/Unbranded_Unknown_Unk_Unk_Unk,Other/Unbranded,Other,42.2,New,New,Other,Unknown,Unknown,,,Unknown,Unknown,,,,Unk,,Unk,,Unk,,,Other,0,False,False,False,False
1120,Dell_i5_Unk_256GB_12-14in,Dell,Notebook/Laptop,444.5,Used,Used,Intel,Intel,i5,6.0,2.8,Windows,Unknown,,240.0,240.0,256GB,,Unk,12.5,12-14in,1920.0,1080.0,Other,6,True,True,True,True
1121,Other/Unbranded_Unknown_Unk_Unk_Unk,Other/Unbranded,Other,93.94,New,New,Other,Unknown,Unknown,,,Unknown,Unknown,,,,Unk,,Unk,,Unk,,,Other,0,False,False,False,False
1122,Lenovo_i5_Unk_2TB_14-16in,Lenovo,Notebook/Laptop,656.5,Used,Used,Intel,Intel,i5,6.0,2.8,Windows,Unknown,,2000.0,2000.0,2TB,,Unk,14.0,14-16in,1920.0,1080.0,Other,5,False,True,True,True
1123,Other/Unbranded_Unknown_Unk_Unk_Unk,Other/Unbranded,Other,334.0,Used,Used,Other,Unknown,Unknown,,,Unknown,Unknown,,,,Unk,,Unk,,Unk,,,Other,0,False,False,False,False
1124,Other/Unbranded_Unknown_Unk_Unk_Unk,Other/Unbranded,Other,205.1,New,New,Other,Unknown,Unknown,,,Unknown,Unknown,,,,Unk,,Unk,,Unk,,,Other,0,False,False,False,False
1125,Other/Unbranded_Unknown_Unk_Unk_Unk,Other/Unbranded,Other,141.5,New,New,Other,Unknown,Unknown,,,Unknown,Unknown,,,,Unk,,Unk,,Unk,,,Other,0,False,False,False,False
1126,Other/Unbranded_i5_Unk_2TB_12-14in,Other/Unbranded,Notebook/Laptop,707.5,Refurbished - Seller Grade,Refurbished,Intel,Intel,i5,6.0,2.3,Windows,SSD,,2000.0,2000.0,2TB,,Unk,13.3,12-14in,1280.0,720.0,Other,4,False,False,True,True
1127,Other/Unbranded_Unknown_Unk_Unk_Unk,Other/Unbranded,Other,336.2,Used,Used,Nvidia,Unknown,Unknown,,,Unknown,Unknown,,,,Unk,,Unk,,Unk,,,Other,0,False,False,False,False
1128,Dell_i5_8GB_256GB_14-16in,Dell,Notebook/Laptop,129.6,For Parts / Not Working,End-of-Life,Intel,Intel,i5,6.0,2.4,Unknown,OTHER,,256.0,256.0,256GB,8.0,8GB,14.0,14-16in,1366.0,768.0,Black,4,False,False,True,True
1129,Other/Unbranded_Unknown_Unk_Unk_Unk,Other/Unbranded,Other,58.97,Unknown,Unknown,Other,Unknown,Unknown,,,Unknown,Unknown,,,,Unk,,Unk,,Unk,,,Other,0,False,False,False,False
1130,Dell_i5_Unk_128GB_14-16in,Dell,Notebook/Laptop,334.5,Refurbished - Seller Grade,Refurbished,Intel,Intel,i5,5.0,,Windows,Unknown,,120.0,120.0,128GB,,Unk,14.0,14-16in,1280.0,720.0,Other,0,False,False,False,False
1131,LG_Unknown_Unk_Unk_Unk,LG,Other,94.0,New,New,Other,Unknown,Unknown,,,Unknown,Unknown,,,,Unk,,Unk,,Unk,,,Other,0,False,False,False,False
1132,Lenovo_i5_Unk_256GB_12-14in,Lenovo,Other,323.0,Used,Used,Intel,Intel,i5,4.0,,Windows,Unknown,,240.0,240.0,256GB,,Unk,13.3,12-14in,1280.0,720.0,Other,1,False,False,False,False
1133,Dell_i5_Unk_256GB_14-16in,Dell,Notebook/Laptop,280.0,Used,Used,Intel,Intel,i5,3.0,3.0,Windows,Unknown,,240.0,240.0,256GB,,Unk,14.0,14-16in,1280.0,720.0,Other,2,False,False,False,True
1134,HP_Unknown_Unk_Unk_Unk,HP,Other,119.06,New,New,Other,Unknown,Unknown,,,Unknown,Unknown,,,,Unk,,Unk,,Unk,,,Other,0,False,False,False,False
1135,Other/Unbranded_pentium_Unk_Unk_14-16in,Other/Unbranded,Other,22.0,For Parts / Not Working,End-of-Life,Other,Intel,pentium,,,Unknown,Unknown,,,,Unk,,Unk,15.0,14-16in,,,Other,0,False,False,False,False
1136,LG_Unknown_Unk_Unk_Unk,LG,Other,90.44,New,New,Other,Unknown,Unknown,,,Unknown,Unknown,,,,Unk,,Unk,,Unk,,,Other,0,False,False,False,False
1137,Dell_i5_Unk_2TB_14-16in,Dell,Notebook/Laptop,499.0,Used,Used,Intel,Intel,i5,4.0,2.6,Windows,Unknown,,2000.0,2000.0,2TB,,Unk,14.0,14-16in,1280.0,720.0,Other,3,False,False,False,True
1138,Other/Unbranded_Unknown_Unk_Unk_Unk,Other/Unbranded,Other,87.56,New,New,Other,Unknown,Unknown,,,Unknown,Unknown,,,,Unk,,Unk,,Unk,,,Other,0,False,False,False,False
1139,Other/Unbranded_Unknown_Unk_Unk_Unk,Other/Unbranded,Other,49.62,New,New,Other,Unknown,Unknown,,,Unknown,Unknown,,,,Unk,,Unk,,Unk,,,Other,0,False,False,False,False
1140,Other/Unbranded_Unknown_Unk_Unk_Unk,Other/Unbranded,Other,82.2,Unknown,Unknown,Other,Unknown,Unknown,,,Unknown,Unknown,,,,Unk,,Unk,,Unk,,,Other,0,False,False,False,False
1141,AUO_Unknown_Unk_Unk_Unk,AUO,Other,69.25,New,New,Other,Unknown,Unknown,,,Unknown,Unknown,,,,Unk,,Unk,,Unk,,,Other,0,False,False,False,False
1142,Dell_i5_Unk_512GB_12-14in,Dell,Notebook/Laptop,463.2,Used,Used,Intel,Intel,i5,6.0,2.3,Windows,SSD,,480.0,480.0,512GB,,Unk,12.5,12-14in,1920.0,1080.0,Other,4,True,False,True,True
1143,LG_Unknown_Unk_Unk_Unk,LG,Other,95.3,New,New,Other,Unknown,Unknown,,,Unknown,Unknown,,,,Unk,,Unk,,Unk,,,Other,0,False,False,False,False
1144,Lenovo_i5_Unk_128GB_12-14in,Lenovo,Notebook/Laptop,427.2,Used,Used,Intel,Intel,i5,4.0,1.99,Windows,SSD,,120.0,120.0,128GB,,Unk,12.5,12-14in,1280.0,720.0,Other,6,False,False,True,True
1145,Other/Unbranded_Unknown_Unk_Unk_Unk,Other/Unbranded,Other,104.6,New,New,Other,Unknown,Unknown,,,Unknown,Unknown,,,,Unk,,Unk,,Unk,,,Other,0,False,False,False,False
1146,Other/Unbranded_Unknown_Unk_Unk_Unk,Other/Unbranded,Other,264.2,Used,Used,Intel,Unknown,Unknown,,,Unknown,Unknown,,,,Unk,,Unk,,Unk,,,Other,0,False,False,False,False
1147,AUO_Unknown_Unk_Unk_Unk,AUO,Other,75.2,New,New,Other,Unknown,Unknown,,,Unknown,Unknown,,,,Unk,,Unk,,Unk,,,Other,0,False,False,False,False
1148,Other/Unbranded_Unknown_Unk_Unk_Unk,Other/Unbranded,Other,205.2,Unknown,Unknown,Other,Unknown,Unknown,,,Unknown,Unknown,,,,Unk,,Unk,,Unk,,,Other,0,False,False,False,False
1149,AUO_Unknown_Unk_Unk_Unk,AUO,Other,61.12,New,New,Other,Unknown,Unknown,,,Unknown,Unknown,,,,Unk,,Unk,,Unk,,,Other,0,False,False,False,False
1150,Dell_i5_Unk_256GB_12-14in,Dell,Notebook/Laptop,451.5,Used,Used,Intel,Intel,i5,6.0,2.8,Windows,Unknown,,240.0,240.0,256GB,,Unk,12.5,12-14in,1920.0,1080.0,Black,5,True,False,True,True
1151,Dell_i5_Unk_256GB_14-16in,Dell,Notebook/Laptop,339.8,Used,Used,Intel,Intel,i5,4.0,,Windows,Unknown,,240.0,240.0,256GB,,Unk,14.0,14-16in,1280.0,720.0,Other,0,False,False,False,False
1152,Acer_celeron_Unk_Unk_14-16in,Acer,Other,27.77,For Parts / Not Working,End-of-Life,Other,Intel,celeron,,,Unknown,Unknown,,,,Unk,,Unk,15.4,14-16in,,,Other,0,False,False,False,False
1153,Other/Unbranded_Unknown_Unk_Unk_Unk,Other/Unbranded,Other,329.8,Used,Used,Other,Unknown,Unknown,,,Unknown,Unknown,,,,Unk,,Unk,,Unk,,,Other,0,False,False,False,False
1154,Dell_i5_Unk_1TB_14-16in,Dell,Notebook/Laptop,469.0,Refurbished - Seller Grade,Refurbished,Intel,Intel,i5,3.0,3.1,Windows,Unknown,,960.0,960.0,1TB,,Unk,14.0,14-16in,1280.0,720.0,Other,2,False,False,False,True
1155,Other/Unbranded_Unknown_Unk_Unk_Unk,Other/Unbranded,Other,206.1,Used,Used,Other,Unknown,Unknown,,,Unknown,Unknown,,,,Unk,,Unk,,Unk,,,Other,0,False,False,False,False
1156,Other/Unbranded_Unknown_Unk_Unk_Unk,Other/Unbranded,Other,258.2,Refurbished - Good,Refurbished,Intel,Unknown,Unknown,,,Unknown,Unknown,,,,Unk,,Unk,,Unk,,,Other,0,False,False,False,False
1157,Dell_i5_Unk_256GB_12-14in,Dell,Notebook/Laptop,444.5,Used,Used,Intel,Intel,i5,6.0,2.8,Windows,Unknown,,240.0,240.0,256GB,,Unk,12.5,12-14in,1920.0,1080.0,Other,6,True,True,True,True
1158,Lenovo_i5_Unk_256GB_14-16in,Lenovo,Notebook/Laptop,636.5,Used,Used,Intel,Intel,i5,6.0,3.0,Windows,SSD,,240.0,240.0,256GB,,Unk,14.0,14-16in,1920.0,1080.0,Black,5,True,False,True,True
1159,Other/Unbranded_Unknown_Unk_Unk_Unk,Other/Unbranded,Other,226.9,Refurbished - Seller Grade,Refurbished,Intel,Unknown,Unknown,,,Unknown,Unknown,,,,Unk,,Unk,,Unk,,,Other,0,False,False,False,False
1160,Other/Unbranded_Unknown_Unk_Unk_Unk,Other/Unbranded,Other,628.0,Refurbished - Seller Grade,Refurbished,Intel,Unknown,Unknown,,,Unknown,Unknown,,,,Unk,,Unk,,Unk,,,Other,0,False,False,False,False
1161,Lenovo_Unknown_Unk_Unk_Unk,Lenovo,Notebook/Laptop,584.5,Unknown,Unknown,Other,Unknown,Unknown,,,Unknown,Unknown,,,,Unk,,Unk,,Unk,,,Black,0,False,False,False,False
1162,Other/Unbranded_Unknown_Unk_Unk_Unk,Other/Unbranded,Other,157.2,Used,Used,Other,Unknown,Unknown,,,Unknown,Unknown,,,,Unk,,Unk,,Unk,,,Other,0,False,False,False,False
1163,Other/Unbranded_Unknown_Unk_Unk_Unk,Other/Unbranded,Other,105.0,Unknown,Unknown,Other,Unknown,Unknown,,,Unknown,Unknown,,,,Unk,,Unk,,Unk,,,Other,0,False,False,False,False
1164,Other/Unbranded_Unknown_Unk_Unk_Unk,Other/Unbranded,Other,341.5,Refurbished - Seller Grade,Refurbished,Intel,Unknown,Unknown,,,Unknown,Unknown,,,,Unk,,Unk,,Unk,,,Black,0,False,False,False,False
1165,Other/Unbranded_Unknown_Unk_Unk_Unk,Other/Unbranded,Other,523.5,Refurbished - Seller Grade,Refurbished,Intel,Unknown,Unknown,,,Unknown,Unknown,,,,Unk,,Unk,,Unk,,,Other,0,False,False,False,False
1166,Other/Unbranded_Unknown_Unk_Unk_Unk,Other/Unbranded,Other,475.8,New,New,Other,Unknown,Unknown,,,Unknown,Unknown,,,,Unk,,Unk,,Unk,,,Other,0,False,False,False,False
1167,Other/Unbranded_Unknown_Unk_Unk_Unk,Other/Unbranded,Other,50.78,Unknown,Unknown,Other,Unknown,Unknown,,,Unknown,Unknown,,,,Unk,,Unk,,Unk,1024.0,600.0,Other,0,False,False,False,False
1168,Lenovo_i3_Unk_128GB_12-14in,Lenovo,Other,462.8,Used,Used,Intel,Intel,i3,7.0,,Windows,Unknown,,120.0,120.0,128GB,,Unk,13.3,12-14in,1280.0,720.0,Black,1,False,False,False,False
1169,Dell_i5_Unk_256GB_14-16in,Dell,Notebook/Laptop,335.8,Used,Used,Nvidia,Intel,i5,4.0,2.6,Windows,Unknown,,240.0,240.0,256GB,,Unk,14.0,14-16in,1280.0,720.0,Other,3,False,False,False,True
1170,Other/Unbranded_Unknown_Unk_Unk_Unk,Other/Unbranded,Other,541.0,Refurbished - Seller Grade,Refurbished,Intel,Unknown,Unknown,,,Unknown,Unknown,,,,Unk,,Unk,,Unk,,,Other,0,False,False,False,False
1171,Other/Unbranded_i3_Unk_512GB_12-14in,Other/Unbranded,Notebook/Laptop,473.8,Used,Used,Intel,Intel,i3,4.0,3.0,Windows,SSD,,480.0,480.0,512GB,,Unk,13.3,12-14in,1280.0,720.0,Black,4,False,False,True,True
1172,Other/Unbranded_Unknown_Unk_Unk_Unk,Other/Unbranded,Other,100.0,New,New,Other,Unknown,Unknown,,,Unknown,Unknown,,,,Unk,,Unk,,Unk,,,Other,0,False,False,False,False
1173,LG_Unknown_Unk_Unk_Unk,LG,Other,69.75,New,New,Other,Unknown,Unknown,,,Unknown,Unknown,,,,Unk,,Unk,,Unk,,,Other,0,False,False,False,False
1174,Other/Unbranded_Unknown_Unk_Unk_Unk,Other/Unbranded,Other,303.8,Refurbished - Seller Grade,Refurbished,Nvidia,Unknown,Unknown,,,Unknown,Unknown,,,,Unk,,Unk,,Unk,,,Black,0,False,False,False,False
1175,Other/Unbranded_Unknown_Unk_Unk_Unk,Other/Unbranded,Other,463.5,New,New,Other,Unknown,Unknown,,,Unknown,Unknown,,,,Unk,,Unk,,Unk,,,Other,0,False,False,False,False
1176,Other/Unbranded_Unknown_Unk_Unk_Unk,Other/Unbranded,Other,818.0,Refurbished - Seller Grade,Refurbished,Intel,Unknown,Unknown,,,Unknown,Unknown,,,,Unk,,Unk,,Unk,,,Other,0,False,False,False,False
1177,Lenovo_i5_Unk_128GB_12-14in,Lenovo,Notebook/Laptop,433.5,Used,Used,Intel,Intel,i5,4.0,1.99,Windows,SSD,,120.0,120.0,128GB,,Unk,12.5,12-14in,1280.0,720.0,Other,6,False,False,True,True
1178,Dell_i5_Unk_1TB_14-16in,Dell,Notebook/Laptop,437.2,Used,Used,Intel,Intel,i5,3.0,3.0,Windows,SSD,,960.0,960.0,1TB,,Unk,14.0,14-16in,1280.0,720.0,Other,2,False,False,False,True
1179,Dell_i5_Unk_128GB_12-14in,Dell,Notebook/Laptop,424.8,Used,Used,Intel,Intel,i5,6.0,2.8,Windows,Unknown,,120.0,120.0,128GB,,Unk,12.5,12-14in,1920.0,1080.0,Black,7,True,True,True,True
1180,LG_Unknown_Unk_Unk_Unk,LG,Other,93.44,New,New,Other,Unknown,Unknown,,,Unknown,Unknown,,,,Unk,,Unk,,Unk,,,Other,0,False,False,False,False
1181,Dell_i5_Unk_256GB_12-14in,Dell,Notebook/Laptop,423.5,Used,Used,Intel,Intel,i5,6.0,2.8,Windows,Unknown,,240.0,240.0,256GB,,Unk,12.5,12-14in,1920.0,1080.0,Other,6,True,True,True,True
1182,Other/Unbranded_Unknown_Unk_Unk_Unk,Other/Unbranded,Other,355.0,Refurbished - Seller Grade,Refurbished,Intel,Unknown,Unknown,,,Unknown,Unknown,,,,Unk,,Unk,,Unk,,,Black,0,False,False,False,False
1183,LG_Unknown_Unk_Unk_Unk,LG,Other,132.8,New,New,Other,Unknown,Unknown,,,Unknown,Unknown,,,,Unk,,Unk,,Unk,,,Other,0,False,False,False,False
1184,Other/Unbranded_Unknown_Unk_Unk_Unk,Other/Unbranded,Other,133.1,New,New,Other,Unknown,Unknown,,,Unknown,Unknown,,,,Unk,,Unk,,Unk,,,Other,0,False,False,False,False
1185,AUO_Unknown_Unk_Unk_Unk,AUO,Other,74.56,New,New,Other,Unknown,Unknown,,,Unknown,Unknown,,,,Unk,,Unk,,Unk,,,Other,0,False,False,False,False
1186,Lenovo_i3_Unk_128GB_14-16in,Lenovo,Notebook/Laptop,454.0,Used,Used,Intel,Intel,i3,7.0,3.0,Windows,HDD/SSD,,120.0,120.0,128GB,,Unk,15.6,14-16in,1920.0,1080.0,Other,6,False,False,True,True
1187,Other/Unbranded_Unknown_Unk_Unk_Unk,Other/Unbranded,Other,131.6,New,New,Other,Unknown,Unknown,,,Unknown,Unknown,,,,Unk,,Unk,,Unk,,,Other,0,False,False,False,False
1188,Other/Unbranded_Unknown_Unk_Unk_Unk,Other/Unbranded,Other,109.9,New,New,Other,Unknown,Unknown,,,Unknown,Unknown,,,,Unk,,Unk,,Unk,,,Other,0,False,False,False,False
1189,Other/Unbranded_Unknown_Unk_Unk_Unk,Other/Unbranded,Other,71.25,New,New,Other,Unknown,Unknown,,,Unknown,Unknown,,,,Unk,,Unk,,Unk,,,Other,0,False,False,False,False
1190,Dell_i5_Unk_256GB_14-16in,Dell,Notebook/Laptop,427.0,Used,Used,Intel,Intel,i5,2.0,3.0,Windows,SSD,,240.0,240.0,256GB,,Unk,15.6,14-16in,1280.0,720.0,Other,2,False,False,False,True
1191,Other/Unbranded_Unknown_Unk_Unk_Unk,Other/Unbranded,Other,405.2,Used,Used,Intel,Unknown,Unknown,,,Unknown,Unknown,,,,Unk,,Unk,,Unk,,,Other,0,False,False,False,False
1192,Other/Unbranded_i5_Unk_1TB_14-16in,Other/Unbranded,Notebook/Laptop,564.5,Used,Used,Intel,Intel,i5,4.0,3.0,Windows,SSD,,960.0,960.0,1TB,,Unk,15.6,14-16in,1280.0,720.0,Black,4,False,False,True,True
1193,Other/Unbranded_Unknown_Unk_Unk_Unk,Other/Unbranded,Other,86.3,Unknown,Unknown,Other,Unknown,Unknown,,,Unknown,Unknown,,,,Unk,,Unk,,Unk,,,Other,0,False,False,False,False
1194,Other/Unbranded_Unknown_Unk_Unk_Unk,Other/Unbranded,Other,346.2,Used,Used,Intel,Unknown,Unknown,,,Unknown,Unknown,,,,Unk,,Unk,,Unk,,,Other,0,False,False,False,False
1195,Other/Unbranded_i3_Unk_256GB_14-16in,Other/Unbranded,Notebook/Laptop,397.8,Used,Used,Intel,Intel,i3,6.0,3.0,Windows,SSD,,240.0,240.0,256GB,,Unk,14.0,14-16in,1280.0,720.0,Black,5,False,False,True,True
1196,AUO_Unknown_Unk_Unk_Unk,AUO,Other,71.44,New,New,Other,Unknown,Unknown,,,Unknown,Unknown,,,,Unk,,Unk,,Unk,,,Other,0,False,False,False,False
1197,LG_Unknown_Unk_Unk_Unk,LG,Other,127.8,New,New,Other,Unknown,Unknown,,,Unknown,Unknown,,,,Unk,,Unk,,Unk,,,Other,0,False,False,False,False
1198,Dell_i5_Unk_256GB_14-16in,Dell,Notebook/Laptop,345.2,Used,Used,Intel,Intel,i5,5.0,2.7,Windows,Unknown,,240.0,240.0,256GB,,Unk,14.0,14-16in,1280.0,720.0,Other,3,False,False,False,True
1199,Dell_i5_Unk_256GB_12-14in,Dell,Notebook/Laptop,422.8,Used,Used,Intel,Intel,i5,6.0,2.8,Windows,Unknown,,240.0,240.0,256GB,,Unk,12.5,12-14in,1920.0,1080.0,Other,6,True,True,True,True
1200,Dell_Unknown_Unk_Unk_Unk,Dell,Other,72.0,New,New,Other,Unknown,Unknown,,,Unknown,Unknown,,,,Unk,,Unk,,Unk,,,Other,0,False,False,False,False
1201,Other/Unbranded_Unknown_Unk_Unk_Unk,Other/Unbranded,Other,591.0,Refurbished - Seller Grade,Refurbished,Intel,Unknown,Unknown,,,Unknown,Unknown,,,,Unk,,Unk,,Unk,,,Black,0,False,False,False,False
1202,Other/Unbranded_Unknown_Unk_Unk_Unk,Other/Unbranded,Other,86.75,New,New,Other,Unknown,Unknown,,,Unknown,Unknown,,,,Unk,,Unk,,Unk,,,Other,0,False,False,False,False
1203,Other/Unbranded_Unknown_Unk_Unk_Unk,Other/Unbranded,Other,445.8,Used,Used,Intel,Unknown,Unknown,,,Unknown,Unknown,,,,Unk,,Unk,,Unk,,,Other,0,False,False,False,False
1204,Other/Unbranded_Unknown_Unk_Unk_Unk,Other/Unbranded,Other,633.0,Refurbished - Seller Grade,Refurbished,Intel,Unknown,Unknown,,,Unknown,Unknown,,,,Unk,,Unk,,Unk,,,Black,0,False,False,False,False
1205,Other/Unbranded_Unknown_Unk_Unk_Unk,Other/Unbranded,Other,314.8,New,New,Other,Unknown,Unknown,,,Unknown,Unknown,,,,Unk,,Unk,,Unk,,,Other,0,False,False,False,False
1206,Other/Unbranded_Unknown_Unk_Unk_Unk,Other/Unbranded,Other,278.8,Refurbished - Seller Grade,Refurbished,Intel,Unknown,Unknown,,,Unknown,Unknown,,,,Unk,,Unk,,Unk,,,Other,0,False,False,False,False
1207,Lenovo_i3_Unk_256GB_14-16in,Lenovo,Notebook/Laptop,519.5,Used,Used,Intel,Intel,i3,7.0,3.0,Windows,HDD/SSD,,240.0,240.0,256GB,,Unk,15.6,14-16in,1920.0,1080.0,Black,6,False,False,True,True
1208,Other/Unbranded_Unknown_Unk_Unk_Unk,Other/Unbranded,Other,396.0,Refurbished - Seller Grade,Refurbished,Intel,Unknown,Unknown,,,Unknown,Unknown,,,,Unk,,Unk,,Unk,,,Other,0,False,False,False,False
1209,Other/Unbranded_Unknown_Unk_Unk_Unk,Other/Unbranded,Other,552.5,Refurbished - Seller Grade,Refurbished,Intel,Unknown,Unknown,,,Unknown,Unknown,,,,Unk,,Unk,,Unk,,,Other,0,False,False,False,False
1210,Other/Unbranded_Unknown_Unk_Unk_Unk,Other/Unbranded,Other,10.85,Used,Used,Other,Unknown,Unknown,,,Unknown,Unknown,,,,Unk,,Unk,,Unk,,,Other,0,False,False,False,False
1211,Other/Unbranded_i5_Unk_512GB_12-14in,Other/Unbranded,Notebook/Laptop,412.0,Used,Used,Intel,Intel,i5,6.0,2.3,Windows,SSD,,480.0,480.0,512GB,,Unk,13.3,12-14in,1280.0,720.0,Gray,4,False,False,True,True
1212,Other/Unbranded_Unknown_Unk_Unk_Unk,Other/Unbranded,Other,458.8,Refurbished - Seller Grade,Refurbished,Intel,Unknown,Unknown,,,Unknown,Unknown,,,,Unk,,Unk,,Unk,,,Other,0,False,False,False,False
1213,Lenovo_i5_Unk_512GB_12-14in,Lenovo,Notebook/Laptop,497.2,Used,Used,Intel,Intel,i5,4.0,1.99,Windows,SSD,,480.0,480.0,512GB,,Unk,12.5,12-14in,1280.0,720.0,Other,6,False,False,True,True
1214,Dell_i5_Unk_128GB_14-16in,Dell,Notebook/Laptop,321.2,Refurbished - Seller Grade,Refurbished,Nvidia,Intel,i5,4.0,2.6,Windows,Unknown,,120.0,120.0,128GB,,Unk,14.0,14-16in,1280.0,720.0,Other,3,False,False,False,True
1215,Other/Unbranded_Unknown_Unk_Unk_Unk,Other/Unbranded,Other,512.5,Refurbished - Seller Grade,Refurbished,Intel,Unknown,Unknown,,,Unknown,Unknown,,,,Unk,,Unk,,Unk,,,Other,0,False,False,False,False
1216,Lenovo_i5_Unk_256GB_14-16in,Lenovo,Notebook/Laptop,458.0,Used,Used,Intel,Intel,i5,3.0,3.0,Windows,SSD,,240.0,240.0,256GB,,Unk,14.0,14-16in,1280.0,720.0,Black,4,False,False,True,True
1217,Dell_i7_Unk_1TB_12-14in,Dell,Notebook/Laptop,462.8,Used,Used,Intel,Intel,i7,6.0,2.5,Windows,Unknown,500.0,500.0,1000.0,1TB,,Unk,13.3,12-14in,1366.0,768.0,Gray,5,True,False,True,True
1218,Dell_i5_Unk_256GB_14-16in,Dell,Other,378.5,Used,Used,Intel,Intel,i5,6.0,,Windows,Unknown,,256.0,256.0,256GB,,Unk,14.0,14-16in,1280.0,720.0,Black,0,False,False,False,False
1219,Other/Unbranded_Unknown_Unk_Unk_Unk,Other/Unbranded,Other,378.5,New,New,Other,Unknown,Unknown,,,Unknown,Unknown,,,,Unk,,Unk,,Unk,,,Other,0,False,False,False,False
1220,Other/Unbranded_Unknown_Unk_Unk_Unk,Other/Unbranded,Other,466.8,Used,Used,Intel,Unknown,Unknown,,,Unknown,Unknown,,,,Unk,,Unk,,Unk,,,Other,0,False,False,False,False
1221,Other/Unbranded_Unknown_Unk_Unk_Unk,Other/Unbranded,Other,204.5,Used,Used,Other,Unknown,Unknown,,,Unknown,Unknown,,,,Unk,,Unk,,Unk,,,Other,0,False,False,False,False
1222,Dell_i5_Unk_256GB_14-16in,Dell,Notebook/Laptop,379.2,Used,Used,Intel,Intel,i5,4.0,2.6,Windows,Unknown,,240.0,240.0,256GB,,Unk,14.0,14-16in,1280.0,720.0,Black,3,False,False,False,True
1223,Other/Unbranded_Unknown_Unk_Unk_Unk,Other/Unbranded,Other,487.2,Used,Used,Intel,Unknown,Unknown,,,Unknown,Unknown,,,,Unk,,Unk,,Unk,,,Other,0,False,False,False,False
1224,Lenovo_i3_Unk_128GB_14-16in,Lenovo,Notebook/Laptop,538.5,Used,Used,Intel,Intel,i3,10.0,1.49,Windows,SSD,,120.0,120.0,128GB,,Unk,15.6,14-16in,1920.0,1080.0,Gray,4,False,False,True,True
1225,Other/Unbranded_i7_Unk_2TB_14-16in,Other/Unbranded,Notebook/Laptop,2326.0,Refurbished - Seller Grade,Refurbished,Intel,Intel,i7,,1.8,Windows,SSD,,2000.0,2000.0,2TB,,Unk,14.0,14-16in,1920.0,1080.0,Other,6,False,False,True,True
1226,Other/Unbranded_Unknown_Unk_Unk_Unk,Other/Unbranded,Other,571.5,Used,Used,Other,Unknown,Unknown,,,Unknown,Unknown,,,,Unk,,Unk,,Unk,,,Other,0,False,False,False,False
1227,Other/Unbranded_Unknown_Unk_Unk_Unk,Other/Unbranded,Other,90.75,New,New,Other,Unknown,Unknown,,,Unknown,Unknown,,,,Unk,,Unk,,Unk,,,Other,0,False,False,False,False
1228,Lenovo_i5_8GB_256GB_14-16in,Lenovo,Notebook/Laptop,453.8,Unknown,Unknown,Intel,Intel,i5,,2.1,Windows,SSD,128.0,128.0,256.0,256GB,8.0,8GB,14.0,14-16in,1600.0,900.0,Other,1,False,False,False,False
1229,Other/Unbranded_Unknown_Unk_Unk_Unk,Other/Unbranded,Other,453.8,Used,Used,Intel,Unknown,Unknown,,,Unknown,Unknown,,,,Unk,,Unk,,Unk,,,Other,0,False,False,False,False
1230,Lenovo_i5_Unk_1TB_14-16in,Lenovo,Notebook/Laptop,590.0,Used,Used,Intel,Intel,i5,3.0,3.0,Windows,SSD,,960.0,960.0,1TB,,Unk,14.0,14-16in,1280.0,720.0,Black,4,False,False,True,True
1231,Dell_i5_4GB_128GB_14-16in,Dell,Notebook/Laptop,110.0,Used,Used,Other,Intel,i5,5.0,2.3,Windows,SSD,,128.0,128.0,128GB,4.0,4GB,14.0,14-16in,1920.0,1080.0,Black,0,False,False,False,False
1232,Lenovo_i5_Unk_256GB_14-16in,Lenovo,Notebook/Laptop,458.0,Used,Used,Intel,Intel,i5,3.0,3.0,Windows,SSD,,240.0,240.0,256GB,,Unk,14.0,14-16in,1280.0,720.0,Black,4,False,False,True,True
1233,Dell_i5_Unk_256GB_14-16in,Dell,Notebook/Laptop,284.8,Used,Used,Other,Intel,i5,,2.4,Windows,SSD,,256.0,256.0,256GB,,Unk,14.0,14-16in,1920.0,1080.0,Black,4,False,False,True,False
1234,Other/Unbranded_Unknown_Unk_Unk_Unk,Other/Unbranded,Other,265.8,New,New,Other,Unknown,Unknown,,,Unknown,Unknown,,,,Unk,,Unk,,Unk,,,Other,0,False,False,False,False
1237,Lenovo_i5_Unk_128GB_14-16in,Lenovo,Notebook/Laptop,578.0,Used,Used,Intel,Intel,i5,6.0,3.0,Windows,SSD,,120.0,120.0,128GB,,Unk,14.0,14-16in,,,Other,4,True,False,True,True
1238,Lenovo_i5_Unk_512GB_14-16in,Lenovo,Notebook/Laptop,619.0,Used,Used,Intel,Intel,i5,6.0,3.0,Windows,SSD,,480.0,480.0,512GB,,Unk,14.0,14-16in,,,Black,4,True,False,True,True
1239,Other/Unbranded_Unknown_Unk_Unk_Unk,Other/Unbranded,Other,121.6,Unknown,Unknown,Other,Unknown,Unknown,,,Unknown,Unknown,,,,Unk,,Unk,,Unk,,,Other,0,False,False,False,False
1240,Other/Unbranded_Unknown_Unk_Unk_Unk,Other/Unbranded,Other,78.1,New,New,Other,Unknown,Unknown,,,Unknown,Unknown,,,,Unk,,Unk,,Unk,,,Other,0,False,False,False,False
1241,Other/Unbranded_Unknown_Unk_Unk_Unk,Other/Unbranded,Other,282.5,Refurbished - Good,Refurbished,Intel,Unknown,Unknown,,,Unknown,Unknown,,,,Unk,,Unk,,Unk,,,Other,0,False,False,False,False
1242,Dell_i5_8GB_256GB_14-16in,Dell,Other,299.8,Used,Used,Intel,Intel,i5,,2.4,Windows,HDD/SSD,250.0,,250.0,256GB,8.0,8GB,14.0,14-16in,1920.0,1080.0,Other,5,False,True,True,False
1243,Dell_i5_Unk_256GB_14-16in,Dell,Notebook/Laptop,377.2,Used,Used,Intel,Intel,i5,4.0,2.6,Windows,Unknown,,240.0,240.0,256GB,,Unk,14.0,14-16in,1280.0,720.0,Black,3,False,False,False,True
1244,Dell_i5_Unk_512GB_14-16in,Dell,Notebook/Laptop,414.2,Used,Used,Intel,Intel,i5,4.0,2.6,Windows,Unknown,,480.0,480.0,512GB,,Unk,14.0,14-16in,1280.0,720.0,Black,4,False,False,True,True
1245,Dell_i5_Unk_512GB_14-16in,Dell,Notebook/Laptop,534.0,Used,Used,Amd,Intel,i5,4.0,3.0,Windows,Unknown,,480.0,480.0,512GB,,Unk,15.6,14-16in,1280.0,720.0,Other,4,False,False,True,True
1246,Lenovo_i5_8GB_2TB_14-16in,Lenovo,Notebook/Laptop,200.0,Used,Used,Intel,Intel,i5,6.0,2.4,Windows,SSD,512.0,512.0,1024.0,2TB,8.0,8GB,14.0,14-16in,1920.0,1080.0,Black,6,False,True,True,True
1247,Dell_i5_Unk_2TB_14-16in,Dell,Notebook/Laptop,775.5,Used,Used,Amd,Intel,i5,4.0,,Windows,Unknown,,2000.0,2000.0,2TB,,Unk,15.6,14-16in,1280.0,720.0,Silver,1,False,False,False,False
1248,Other/Unbranded_Unknown_Unk_Unk_Unk,Other/Unbranded,Other,11.94,Used,Used,Other,Unknown,Unknown,,,Unknown,Unknown,,,,Unk,,Unk,,Unk,,,Other,0,False,False,False,False
1249,Other/Unbranded_Unknown_Unk_Unk_Unk,Other/Unbranded,Other,216.0,Refurbished - Seller Grade,Refurbished,Intel,Unknown,Unknown,,,Unknown,Unknown,,,,Unk,,Unk,,Unk,,,Other,0,False,False,False,False
1250,Other/Unbranded_Unknown_Unk_Unk_Unk,Other/Unbranded,Other,123.5,New,New,Other,Unknown,Unknown,,,Unknown,Unknown,,,,Unk,,Unk,,Unk,,,Other,0,False,False,False,False
1251,Lenovo_i5_Unk_256GB_12-14in,Lenovo,Notebook/Laptop,442.8,Used,Used,Intel,Intel,i5,4.0,1.99,Windows,SSD,,240.0,240.0,256GB,,Unk,12.5,12-14in,1280.0,720.0,Other,6,False,False,True,True
1252,Lenovo_i5_Unk_128GB_14-16in,Lenovo,Notebook/Laptop,519.0,Used,Used,Intel,Intel,i5,6.0,,Windows,Unknown,,120.0,120.0,128GB,,Unk,14.0,14-16in,1920.0,1080.0,Black,0,False,False,False,False
1253,Other/Unbranded_Unknown_Unk_Unk_Unk,Other/Unbranded,Other,112.44,New,New,Other,Unknown,Unknown,,,Unknown,Unknown,,,,Unk,,Unk,,Unk,,,Other,0,False,False,False,False
1254,LG_Unknown_Unk_Unk_14-16in,LG,Other,92.6,Unknown,Unknown,Other,Unknown,Unknown,,,Unknown,Unknown,,,,Unk,,Unk,15.6,14-16in,,,Other,0,False,False,False,False
1255,Other/Unbranded_Unknown_Unk_Unk_Unk,Other/Unbranded,Other,304.5,Used,Used,Other,Unknown,Unknown,,,Unknown,Unknown,,,,Unk,,Unk,,Unk,,,Other,0,False,False,False,False
1256,Dell_i5_Unk_256GB_14-16in,Dell,Notebook/Laptop,282.8,Used,Used,Intel,Intel,i5,4.0,2.6,Windows,Unknown,,240.0,240.0,256GB,,Unk,14.0,14-16in,1280.0,720.0,Other,3,False,False,False,True
1257,LG_Unknown_Unk_Unk_Unk,LG,Other,92.9,New,New,Other,Unknown,Unknown,,,Unknown,Unknown,,,,Unk,,Unk,,Unk,,,Other,0,False,False,False,False
1258,Dell_i5_Unk_1TB_14-16in,Dell,Notebook/Laptop,494.2,Used,Used,Intel,Intel,i5,5.0,2.7,Windows,Unknown,,960.0,960.0,1TB,,Unk,14.0,14-16in,1280.0,720.0,Other,3,False,False,False,True
1259,Acer_pentium_Unk_Unk_14-16in,Acer,Other,21.88,For Parts / Not Working,End-of-Life,Other,Intel,pentium,,,Unknown,Unknown,,,,Unk,,Unk,14.0,14-16in,,,Other,0,False,False,False,False
1260,Other/Unbranded_Unknown_Unk_Unk_Unk,Other/Unbranded,Other,140.2,New,New,Other,Unknown,Unknown,,,Unknown,Unknown,,,,Unk,,Unk,,Unk,,,Other,0,False,False,False,False
1261,Other/Unbranded_Unknown_Unk_Unk_Unk,Other/Unbranded,Other,163.5,Unknown,Unknown,Other,Unknown,Unknown,,,Unknown,Unknown,,,,Unk,,Unk,,Unk,,,Other,0,False,False,False,False
1262,Lenovo_i3_Unk_256GB_14-16in,Lenovo,Other,624.0,Used,Used,Intel,Intel,i3,10.0,,Windows,Unknown,,240.0,240.0,256GB,,Unk,15.6,14-16in,1920.0,1080.0,Gray,1,False,False,False,False
1263,Other/Unbranded_Unknown_Unk_Unk_Unk,Other/Unbranded,Other,473.8,Used,Used,Intel,Unknown,Unknown,,,Unknown,Unknown,,,,Unk,,Unk,,Unk,,,Other,0,False,False,False,False
1264,Other/Unbranded_Unknown_Unk_Unk_Unk,Other/Unbranded,Other,470.5,Used,Used,Intel,Unknown,Unknown,,,Unknown,Unknown,,,,Unk,,Unk,,Unk,,,Other,0,False,False,False,False
1265,Other/Unbranded_i3_Unk_256GB_12-14in,Other/Unbranded,Other,358.5,Refurbished - Seller Grade,Refurbished,Intel,Intel,i3,6.0,,Windows,Unknown,,256.0,256.0,256GB,,Unk,13.3,12-14in,1280.0,720.0,Other,1,False,False,False,False
1266,Dell_i5_Unk_256GB_14-16in,Dell,Notebook/Laptop,281.2,Used,Used,Intel,Intel,i5,4.0,2.6,Windows,Unknown,,240.0,240.0,256GB,,Unk,14.0,14-16in,1280.0,720.0,Other,3,False,False,False,True
1267,Other/Unbranded_Unknown_Unk_Unk_Unk,Other/Unbranded,Other,57.88,New,New,Other,Unknown,Unknown,,,Unknown,Unknown,,,,Unk,,Unk,,Unk,,,Other,0,False,False,False,False
1268,Other/Unbranded_Unknown_Unk_Unk_Unk,Other/Unbranded,Other,319.0,Refurbished - Very Good,Refurbished,Intel,Unknown,Unknown,,,Unknown,Unknown,,,,Unk,,Unk,,Unk,,,Other,0,False,False,False,False
1269,Acer_Unknown_Unk_Unk_Unk,Acer,Other,64.9,New,New,Other,Unknown,Unknown,,,Unknown,Unknown,,,,Unk,,Unk,,Unk,,,Other,0,False,False,False,False
1270,Lenovo_i3_Unk_256GB_14-16in,Lenovo,Notebook/Laptop,565.0,Used,Used,Intel,Intel,i3,10.0,1.49,Windows,SSD,,240.0,240.0,256GB,,Unk,15.6,14-16in,1920.0,1080.0,Gray,4,False,False,True,True
1271,Other/Unbranded_Unknown_Unk_Unk_Unk,Other/Unbranded,Other,1717.0,Used,Used,Intel,Unknown,Unknown,,,Unknown,Unknown,,,,Unk,,Unk,,Unk,,,Other,0,False,False,False,False
1272,Other/Unbranded_Unknown_Unk_Unk_Unk,Other/Unbranded,Other,960.0,Refurbished - Seller Grade,Refurbished,Intel,Unknown,Unknown,,,Unknown,Unknown,,,,Unk,,Unk,,Unk,,,Other,0,False,False,False,False
1273,Acer_pentium_Unk_Unk_14-16in,Acer,Other,21.64,For Parts / Not Working,End-of-Life,Other,Intel,pentium,,,Unknown,Unknown,,,,Unk,,Unk,15.0,14-16in,,,Other,0,False,False,False,False
1274,Other/Unbranded_Unknown_Unk_Unk_Unk,Other/Unbranded,Other,996.5,Refurbished - Seller Grade,Refurbished,Intel,Unknown,Unknown,,,Unknown,Unknown,,,,Unk,,Unk,,Unk,,,Other,0,False,False,False,False
1275,Dell_i5_Unk_256GB_14-16in,Dell,Notebook/Laptop,390.0,Used,Used,Intel,Intel,i5,4.0,,Windows,Unknown,,240.0,240.0,256GB,,Unk,14.0,14-16in,1280.0,720.0,Other,0,False,False,False,False
1276,Other/Unbranded_Unknown_Unk_Unk_Unk,Other/Unbranded,Other,389.0,Refurbished - Good,Refurbished,Other,Unknown,Unknown,,,Unknown,Unknown,,,,Unk,,Unk,,Unk,,,Other,0,False,False,False,False
1277,Other/Unbranded_Unknown_Unk_Unk_Unk,Other/Unbranded,Other,307.0,Used,Used,Intel,Unknown,Unknown,,,Unknown,Unknown,,,,Unk,,Unk,,Unk,,,Black,0,False,False,False,False
1278,Dell_i5_Unk_128GB_12-14in,Dell,Notebook/Laptop,396.8,Used,Used,Intel,Intel,i5,6.0,2.8,Windows,Unknown,,120.0,120.0,128GB,,Unk,12.5,12-14in,1920.0,1080.0,Other,5,True,False,True,True
1279,AUO_Unknown_Unk_Unk_Unk,AUO,Other,95.56,New,New,Other,Unknown,Unknown,,,Unknown,Unknown,,,,Unk,,Unk,,Unk,,,Other,0,False,False,False,False
1280,Lenovo_i5_8GB_512GB_14-16in,Lenovo,Notebook/Laptop,188.8,Used,Used,Intel,Intel,i5,6.0,2.4,Windows,SSD,256.0,256.0,512.0,512GB,8.0,8GB,14.0,14-16in,1920.0,1080.0,Other,6,True,False,True,True
1281,AUO_Unknown_Unk_Unk_Unk,AUO,Other,114.5,New,New,Other,Unknown,Unknown,,,Unknown,Unknown,,,,Unk,,Unk,,Unk,,,Other,0,False,False,False,False
1282,Other/Unbranded_Unknown_Unk_Unk_Unk,Other/Unbranded,Other,242.5,Refurbished - Seller Grade,Refurbished,Intel,Unknown,Unknown,,,Unknown,Unknown,,,,Unk,,Unk,,Unk,,,Other,0,False,False,False,False
1283,Other/Unbranded_Unknown_Unk_Unk_Unk,Other/Unbranded,Other,650.5,Unknown,Unknown,Other,Unknown,Unknown,,,Unknown,Unknown,,,,Unk,,Unk,,Unk,,,Other,0,False,False,False,False
1284,Other/Unbranded_Unknown_Unk_Unk_Unk,Other/Unbranded,Other,324.5,New,New,Other,Unknown,Unknown,,,Unknown,Unknown,,,,Unk,,Unk,,Unk,,,Other,0,False,False,False,False
1285,Other/Unbranded_Unknown_Unk_Unk_Unk,Other/Unbranded,Other,1758.0,Refurbished - Seller Grade,Refurbished,Intel,Unknown,Unknown,,,Unknown,Unknown,,,,Unk,,Unk,,Unk,,,Other,0,False,False,False,False
1286,Other/Unbranded_Unknown_Unk_Unk_Unk,Other/Unbranded,Other,394.8,Refurbished - Seller Grade,Refurbished,Intel,Unknown,Unknown,,,Unknown,Unknown,,,,Unk,,Unk,,Unk,,,Other,0,False,False,False,False
1287,Other/Unbranded_Unknown_Unk_Unk_Unk,Other/Unbranded,Other,161.9,New,New,Other,Unknown,Unknown,,,Unknown,Unknown,,,,Unk,,Unk,,Unk,,,Other,0,False,False,False,False
1288,Other/Unbranded_Unknown_Unk_Unk_Unk,Other/Unbranded,Other,461.8,Refurbished - Seller Grade,Refurbished,Intel,Unknown,Unknown,,,Unknown,Unknown,,,,Unk,,Unk,,Unk,,,Other,0,False,False,False,False
1289,Other/Unbranded_Unknown_Unk_Unk_Unk,Other/Unbranded,Other,506.8,Refurbished - Seller Grade,Refurbished,Intel,Unknown,Unknown,,,Unknown,Unknown,,,,Unk,,Unk,,Unk,,,Other,0,False,False,False,False
1290,Dell_i3_4GB_1TB_14-16in,Dell,Other,80.0,Used,Used,Other,Intel,i3,4.0,1.9,Windows,HDD/SSD,500.0,500.0,1000.0,1TB,4.0,4GB,14.0,14-16in,1366.0,768.0,Other,0,False,False,False,False
1291,Acer_pentium_4GB_64GB_14-16in,Acer,Other,60.0,Open Box,Like-New,Other,Intel,pentium,,,Chrome,EMMC,32.0,32.0,64.0,64GB,4.0,4GB,15.0,14-16in,1920.0,1080.0,Silver,7,False,False,True,True
1292,Samsung_celeron_4GB_32GB_Sub-12in,Samsung,Notebook/Laptop,47.0,Used,Used,Intel,Intel,celeron,,2.5,Chrome,SSD,16.0,16.0,32.0,32GB,4.0,4GB,11.6,Sub-12in,1366.0,768.0,Black,4,False,True,True,True
1293,Microsoft_pentium_Unk_64GB_Sub-12in,Microsoft,Notebook/Laptop,107.56,Used,Used,Other,Intel,pentium,,,Unknown,Unknown,64.0,,64.0,64GB,,Unk,10.5,Sub-12in,,,Other,0,False,False,False,False
1294,Lenovo_i5_4GB_512GB_14-16in,Lenovo,Notebook/Laptop,100.0,Used,Used,Intel,Intel,i5,,2.5,Windows,HDD/SSD,500.0,,500.0,512GB,4.0,4GB,15.6,14-16in,1024.0,768.0,Black,7,False,False,False,True
1295,Lenovo_i5_8GB_512GB_Unk,Lenovo,Other,99.94,Used,Used,Other,Intel,i5,,2.4,Windows,SSD,256.0,256.0,512.0,512GB,8.0,8GB,,Unk,,,Black,1,False,False,False,True
1296,Dell_celeron_4GB_64GB_Sub-12in,Dell,Notebook/Laptop,450.0,Used,Used,Other,Intel,celeron,,1.6,Chrome,SSD,32.0,32.0,64.0,64GB,4.0,4GB,11.0,Sub-12in,1366.0,768.0,Other,1,True,False,False,False
1297,Microsoft_i5_8GB_256GB_12-14in,Microsoft,Notebook/Laptop,175.0,Used,Used,Intel,Intel,i5,10.0,1.2,Unknown,SSD,128.0,128.0,256.0,256GB,8.0,8GB,13.5,12-14in,2256.0,1504.0,Silver,10,True,True,True,True
1298,Other/Unbranded_i7_32GB_512GB_14-16in,Other/Unbranded,Notebook/Laptop,593.0,Used,Used,Other,Intel,i7,9.0,2.6,Mac,SSD,,512.0,512.0,512GB,32.0,32GB,15.4,14-16in,,,Other,0,False,False,False,False
1299,Dell_i5_16GB_512GB_14-16in,Dell,Notebook/Laptop,140.0,Used,Used,Intel,Intel,i5,8.0,1.6,Windows,HDD/SSD,500.0,,500.0,512GB,16.0,16GB,14.0,14-16in,1366.0,768.0,Black,0,False,False,False,False
1300,Microsoft_i5_32GB+_512GB_12-14in,Microsoft,Notebook/Laptop,69.6,For Parts / Not Working,End-of-Life,Other,Intel,i5,,,Unknown,SSD,256.0,256.0,512.0,512GB,256.0,32GB+,12.5,12-14in,,,Other,5,False,True,True,False
1301,Dell_i7_32GB_2TB_14-16in,Dell,Notebook/Laptop,335.0,Refurbished - Excellent,Refurbished,Intel,Intel,i7,,1.9,Windows,SSD,512.0,512.0,1024.0,2TB,32.0,32GB,14.0,14-16in,1920.0,1080.0,Black,7,True,True,True,True
1302,Dell_i3_4GB_512GB_14-16in,Dell,Notebook/Laptop,79.0,Used,Used,Other,Intel,i3,2.0,2.3,Windows,HDD/SSD,250.0,250.0,500.0,512GB,4.0,4GB,14.0,14-16in,,,Other,0,False,False,False,False
1303,HP_pentium_Unk_Unk_14-16in,HP,Notebook/Laptop,39.97,For Parts / Not Working,End-of-Life,Other,Intel,pentium,,,Unknown,Unknown,,,,Unk,,Unk,15.6,14-16in,,,Other,0,False,False,False,False
1304,HP_celeron_4GB_32GB_14-16in,HP,Other,49.0,Used,Used,Intel,Intel,celeron,,2.4,Chrome,EMMC,1.0,16.0,17.0,32GB,4.0,4GB,14.0,14-16in,1366.0,768.0,Grey,5,False,False,True,True
1305,Dell_i7_8GB_1TB_14-16in,Dell,Notebook/Laptop,73.0,Used,Used,Other,Intel,i7,4.0,2.1,Windows,HDD/SSD,500.0,500.0,1000.0,1TB,8.0,8GB,14.0,14-16in,,,Other,0,False,False,False,False
1306,Dell_core2duo_4GB_128GB_14-16in,Dell,Notebook/Laptop,149.0,Used,Used,Intel,Intel,core 2 duo,,2.0,Windows,SSD,,128.0,128.0,128GB,4.0,4GB,14.0,14-16in,1280.0,800.0,Silver,0,False,False,False,False
1307,Other/Unbranded_i9_32GB_2TB_16in+,Other/Unbranded,Notebook/Laptop,2378.0,New,New,Nvidia,Intel,i9,13.0,,Windows,SSD,1000.0,1000.0,2000.0,2TB,32.0,32GB,18.0,16in+,1920.0,1080.0,Black,3,False,True,True,False
1308,Dell_i5_Unk_Unk_14-16in,Dell,Other,22.55,For Parts / Not Working,End-of-Life,Other,Intel,i5,,,Unknown,Unknown,,,,Unk,,Unk,14.0,14-16in,,,Other,0,False,False,False,False
1309,Lenovo_ryzen5_16GB_512GB_14-16in,Lenovo,Notebook/Laptop,500.0,New,New,Amd,AMD,ryzen 5,,2.3,Windows,SSD,256.0,256.0,512.0,512GB,16.0,16GB,14.0,14-16in,1920.0,1080.0,Black,2,False,False,False,True
1310,Asus_i5_8GB_1TB_14-16in,Asus,Notebook/Laptop,70.0,Used,Used,Intel,Intel,i5,,2.5,Windows,HDD/SSD,750.0,,750.0,1TB,6.0,8GB,15.6,14-16in,,,Black,2,False,False,True,False
1311,LG_i7_16GB_1TB_16in+,LG,Notebook/Laptop,990.0,Unknown,Unknown,Intel,Intel,i7,11.0,2.9,Windows,SSD,,1000.0,1000.0,1TB,16.0,16GB,17.0,16in+,2560.0,1600.0,Black,5,False,True,True,True
1312,Acer_i7_16GB_256GB_12-14in,Acer,Notebook/Laptop,230.0,Used,Used,Intel,Intel,i7,10.0,1.8,Chrome,SSD,16.0,128.0,144.0,256GB,16.0,16GB,13.5,12-14in,2256.0,1504.0,Gray,1,True,False,False,False
1313,Acer_i5_4GB_128GB_12-14in,Acer,Notebook/Laptop,118.1,Used,Used,Other,Intel,i5,6.0,2.3,Windows,SSD,,128.0,128.0,128GB,4.0,4GB,12.0,12-14in,2160.0,1440.0,Other,5,True,False,False,False
1314,Lenovo_i5_16GB_2TB_14-16in,Lenovo,Notebook/Laptop,320.0,Used,Used,Intel,Intel,i5,10.0,1.0,Windows,SSD,512.0,512.0,1024.0,2TB,16.0,16GB,14.0,14-16in,1920.0,1080.0,Gray,7,True,True,True,True
1315,Dell_Other/Unspecified_4GB_1TB_14-16in,Dell,Notebook/Laptop,75.0,Used,Used,Other,AMD,Other/Unspecified,,,Windows,Unknown,500.0,500.0,1000.0,1TB,4.0,4GB,15.6,14-16in,,,Other,0,False,False,False,False
1316,Other/Unbranded_i5_4GB_128GB_12-14in,Other/Unbranded,Other,100.0,Used,Used,Other,Intel,i5,4.0,,Unknown,SSD,,128.0,128.0,128GB,4.0,4GB,13.0,12-14in,,,Other,0,False,False,False,False
1317,HP_Other/Unspecified_4GB_512GB_14-16in,HP,Notebook/Laptop,75.0,Used,Used,Other,AMD,Other/Unspecified,,1.6,Windows,HDD/SSD,320.0,,320.0,512GB,4.0,4GB,14.0,14-16in,,,Other,2,False,False,True,False
1318,Other/Unbranded_i5_8GB_256GB_Unk,Other/Unbranded,Notebook/Laptop,164.5,Refurbished - Good,Refurbished,Intel,Intel,i5,,1.8,Windows,SSD,120.0,120.0,240.0,256GB,8.0,8GB,,Unk,1920.0,1080.0,Other,3,False,False,False,True
1319,Dell_i7_16GB_512GB_14-16in,Dell,Notebook/Laptop,350.0,Unknown,Unknown,Intel,Intel,i7,8.0,1.9,Windows,SSD,,512.0,512.0,512GB,16.0,16GB,14.0,14-16in,1920.0,1080.0,Gray,0,False,False,False,False
1320,Dell_i7_16GB_2TB_16in+,Dell,Notebook/Laptop,399.0,Used,Used,Other,Intel,i7,,2.7,Unknown,SSD,512.0,512.0,1024.0,2TB,16.0,16GB,17.3,16in+,1920.0,1080.0,Other,0,False,False,False,False
1321,HP_i5_8GB_1TB_14-16in,HP,Notebook/Laptop,100.0,Used,Used,Intel,Intel,i5,,2.5,Windows,HDD/SSD,500.0,500.0,1000.0,1TB,8.0,8GB,15.6,14-16in,1366.0,768.0,Gray,1,True,False,False,False
1322,HP_i5_8GB_128GB_14-16in,HP,Notebook/Laptop,200.0,Unknown,Unknown,Intel,Intel,i5,10.0,1.7,Chrome,SSD,64.0,64.0,128.0,128GB,8.0,8GB,14.0,14-16in,1920.0,1080.0,Silver,1,True,False,False,False
1323,Dell_i5_8GB_512GB_14-16in,Dell,Notebook/Laptop,115.0,Used,Used,Intel,Intel,i5,6.0,2.3,Windows,SSD,256.0,256.0,512.0,512GB,8.0,8GB,15.6,14-16in,1366.0,768.0,Black,3,False,False,True,False
1324,Dell_i5_32GB_2TB_14-16in,Dell,Notebook/Laptop,399.0,Used,Used,Intel,Intel,i5,8.0,1.7,Unknown,SSD,512.0,512.0,1024.0,2TB,32.0,32GB,14.0,14-16in,1920.0,1080.0,Black,6,True,True,True,True
1325,Microsoft_i5_8GB_256GB_12-14in,Microsoft,Notebook/Laptop,93.0,Used,Used,Other,Intel,i5,7.0,2.6,Windows,SSD,128.0,128.0,256.0,256GB,8.0,8GB,13.5,12-14in,2256.0,1504.0,Silver,5,True,False,True,True
1326,Dell_Unknown_Unk_Unk_14-16in,Dell,Notebook/Laptop,16.3,For Parts / Not Working,End-of-Life,Other,Unknown,Unknown,,,Unknown,Unknown,,,,Unk,,Unk,14.0,14-16in,,,Other,0,False,False,False,False
1327,HP_i5_8GB_256GB_14-16in,HP,Notebook/Laptop,180.0,Used,Used,Other,Intel,i5,6.0,2.4,Windows,SSD,,256.0,256.0,256GB,8.0,8GB,14.0,14-16in,1920.0,1080.0,Black,6,False,False,True,True
1328,Dell_i7_4GB_Unk_Unk,Dell,Notebook/Laptop,70.0,For Parts / Not Working,End-of-Life,Other,Intel,i7,,1.6,Unknown,Unknown,,,,Unk,4.0,4GB,,Unk,,,Gray,1,False,True,False,False
1329,Microsoft_i7_16GB_256GB_12-14in,Microsoft,Notebook/Laptop,725.0,Refurbished - Very Good,Refurbished,Other,Intel,i7,10.0,1.3,Windows,SSD,,256.0,256.0,256GB,16.0,16GB,13.5,12-14in,,,Other,0,False,False,False,False
1330,Dell_celeron_4GB_32GB_Sub-12in,Dell,Notebook/Laptop,29.89,Used,Used,Other,Intel,celeron,,1.6,Chrome,SSD,16.0,16.0,32.0,32GB,4.0,4GB,11.6,Sub-12in,,,Black,0,False,False,False,False
1331,Acer_celeron_4GB_16GB_Sub-12in,Acer,Notebook/Laptop,38.0,Unknown,Unknown,Intel,Intel,celeron,,1.6,Chrome,EMMC,16.0,,16.0,16GB,4.0,4GB,11.6,Sub-12in,1366.0,768.0,Gray,4,True,False,True,True
1332,HP_i5_8GB_256GB_14-16in,HP,Notebook/Laptop,184.1,Used,Used,Other,Intel,i5,8.0,2.7,Windows,SSD,,256.0,256.0,256GB,8.0,8GB,15.6,14-16in,,,Other,0,False,False,False,False
1333,HP_i5_16GB_1TB_14-16in,HP,Notebook/Laptop,157.8,Used,Used,Intel,Intel,i5,3.0,2.6,Windows,HDD/SSD,500.0,500.0,1000.0,1TB,16.0,16GB,15.6,14-16in,,,Purple,6,False,False,True,True
1334,Other/Unbranded_Unknown_Unk_Unk_Unk,Other/Unbranded,Other,396.0,Used,Used,Intel,Unknown,Unknown,,,Unknown,Unknown,,,,Unk,,Unk,,Unk,,,Other,0,False,False,False,False
1335,Lenovo_Unknown_Unk_Unk_Unk,Lenovo,Other,74.3,New,New,Other,Unknown,Unknown,,,Unknown,Unknown,,,,Unk,,Unk,,Unk,,,Other,0,False,False,False,False
1336,Asus_Unknown_Unk_Unk_Unk,Asus,Other,74.44,New,New,Other,Unknown,Unknown,,,Unknown,Unknown,,,,Unk,,Unk,,Unk,,,Other,0,False,False,False,False
1337,LG_Unknown_Unk_Unk_Unk,LG,Other,109.9,New,New,Other,Unknown,Unknown,,,Unknown,Unknown,,,,Unk,,Unk,,Unk,,,Other,0,False,False,False,False
1338,Other/Unbranded_Unknown_Unk_Unk_Unk,Other/Unbranded,Other,574.5,Refurbished - Seller Grade,Refurbished,Intel,Unknown,Unknown,,,Unknown,Unknown,,,,Unk,,Unk,,Unk,,,Other,0,False,False,False,False
1339,AUO_Unknown_Unk_Unk_Unk,AUO,Other,89.8,New,New,Other,Unknown,Unknown,,,Unknown,Unknown,,,,Unk,,Unk,,Unk,,,Other,0,False,False,False,False
1340,Samsung_Unknown_Unk_Unk_Unk,Samsung,Other,135.5,New,New,Other,Unknown,Unknown,,,Unknown,Unknown,,,,Unk,,Unk,,Unk,,,Other,0,False,False,False,False
1341,Acer_pentium_Unk_Unk_14-16in,Acer,Other,22.22,For Parts / Not Working,End-of-Life,Other,Intel,pentium,,,Unknown,Unknown,,,,Unk,,Unk,15.4,14-16in,,,Other,0,False,False,False,False
1342,Other/Unbranded_Unknown_Unk_Unk_Unk,Other/Unbranded,Other,20.44,New,New,Other,Unknown,Unknown,,,Unknown,Unknown,,,,Unk,,Unk,,Unk,,,Other,0,False,False,False,False
1343,Other/Unbranded_Unknown_Unk_Unk_Unk,Other/Unbranded,Other,204.5,Used,Used,Intel,Unknown,Unknown,,,Unknown,Unknown,,,,Unk,,Unk,,Unk,,,Other,0,False,False,False,False
1344,Lenovo_i5_Unk_512GB_14-16in,Lenovo,Notebook/Laptop,376.0,Used,Used,Intel,Intel,i5,6.0,2.8,Windows,Unknown,,480.0,480.0,512GB,,Unk,14.0,14-16in,1920.0,1080.0,Other,5,False,True,True,True
1345,Other/Unbranded_Unknown_Unk_Unk_Unk,Other/Unbranded,Other,104.7,Unknown,Unknown,Other,Unknown,Unknown,,,Unknown,Unknown,,,,Unk,,Unk,,Unk,,,Other,0,False,False,False,False
1346,AUO_Unknown_Unk_Unk_Unk,AUO,Other,93.9,New,New,Other,Unknown,Unknown,,,Unknown,Unknown,,,,Unk,,Unk,,Unk,,,Other,0,False,False,False,False
1347,Dell_i5_Unk_1TB_14-16in,Dell,Notebook/Laptop,433.0,Used,Used,Intel,Intel,i5,4.0,2.6,Windows,Unknown,,960.0,960.0,1TB,,Unk,14.0,14-16in,1280.0,720.0,Other,3,False,False,False,True
1348,Other/Unbranded_Unknown_Unk_Unk_Unk,Other/Unbranded,Other,254.2,New,New,Other,Unknown,Unknown,,,Unknown,Unknown,,,,Unk,,Unk,,Unk,,,Other,0,False,False,False,False
1349,Samsung_Unknown_Unk_Unk_Unk,Samsung,Other,59.2,Unknown,Unknown,Other,Unknown,Unknown,,,Unknown,Unknown,,,,Unk,,Unk,,Unk,,,Other,0,False,False,False,False
1350,Other/Unbranded_Unknown_Unk_Unk_Unk,Other/Unbranded,Other,184.5,Used,Used,Other,Unknown,Unknown,,,Unknown,Unknown,,,,Unk,,Unk,,Unk,,,Other,0,False,False,False,False
1351,Other/Unbranded_celeron_8GB_512GB_14-16in,Other/Unbranded,Notebook/Laptop,225.0,New,New,Other,Intel,celeron,,2.9,Windows,SSD,256.0,256.0,512.0,512GB,8.0,8GB,15.6,14-16in,1920.0,1080.0,Gray,4,False,False,True,True
1352,Lenovo_i3_Unk_128GB_12-14in,Lenovo,Notebook/Laptop,419.5,Used,Used,Intel,Intel,i3,7.0,3.0,Windows,SSD,,128.0,128.0,128GB,,Unk,13.3,12-14in,1280.0,720.0,Other,3,False,False,True,True
1353,Dell_i5_Unk_256GB_14-16in,Dell,Notebook/Laptop,334.0,Refurbished - Seller Grade,Refurbished,Nvidia,Intel,i5,4.0,2.6,Windows,Unknown,,240.0,240.0,256GB,,Unk,14.0,14-16in,1280.0,720.0,Other,3,False,False,False,True
1354,Other/Unbranded_Unknown_Unk_Unk_Unk,Other/Unbranded,Other,56.56,New,New,Other,Unknown,Unknown,,,Unknown,Unknown,,,,Unk,,Unk,,Unk,,,Other,0,False,False,False,False
1355,Other/Unbranded_Unknown_Unk_Unk_Unk,Other/Unbranded,Other,105.44,Unknown,Unknown,Other,Unknown,Unknown,,,Unknown,Unknown,,,,Unk,,Unk,,Unk,,,Other,0,False,False,False,False
1356,Samsung_Unknown_Unk_Unk_Unk,Samsung,Other,114.5,New,New,Other,Unknown,Unknown,,,Unknown,Unknown,,,,Unk,,Unk,,Unk,,,Other,0,False,False,False,False
1357,Other/Unbranded_Unknown_Unk_Unk_Unk,Other/Unbranded,Other,101.94,New,New,Other,Unknown,Unknown,,,Unknown,Unknown,,,,Unk,,Unk,,Unk,,,Other,0,False,False,False,False
1358,Other/Unbranded_Unknown_Unk_Unk_Unk,Other/Unbranded,Other,91.9,New,New,Other,Unknown,Unknown,,,Unknown,Unknown,,,,Unk,,Unk,,Unk,,,Other,0,False,False,False,False
1359,Dell_i5_Unk_256GB_14-16in,Dell,Notebook/Laptop,314.5,Used,Used,Intel,Intel,i5,4.0,2.6,Windows,Unknown,,240.0,240.0,256GB,,Unk,14.0,14-16in,1280.0,720.0,Other,4,False,False,True,True
1360,Other/Unbranded_Unknown_Unk_Unk_Unk,Other/Unbranded,Other,107.6,Unknown,Unknown,Other,Unknown,Unknown,,,Unknown,Unknown,,,,Unk,,Unk,,Unk,,,Other,0,False,False,False,False
1361,Other/Unbranded_Unknown_Unk_Unk_Unk,Other/Unbranded,Other,2680.0,Refurbished - Seller Grade,Refurbished,Intel,Unknown,Unknown,,,Unknown,Unknown,,,,Unk,,Unk,,Unk,,,Black,0,False,False,False,False
1362,Samsung_Unknown_Unk_Unk_Unk,Samsung,Other,89.8,New,New,Other,Unknown,Unknown,,,Unknown,Unknown,,,,Unk,,Unk,,Unk,,,Other,0,False,False,False,False
1363,Dell_i5_Unk_1TB_14-16in,Dell,Notebook/Laptop,462.8,Used,Used,Nvidia,Intel,i5,4.0,2.6,Windows,Unknown,,960.0,960.0,1TB,,Unk,14.0,14-16in,1280.0,720.0,Black,3,False,False,False,True
1364,Other/Unbranded_Unknown_Unk_Unk_Unk,Other/Unbranded,Other,85.4,New,New,Other,Unknown,Unknown,,,Unknown,Unknown,,,,Unk,,Unk,,Unk,,,Other,0,False,False,False,False
1365,Dell_i5_Unk_128GB_12-14in,Dell,Notebook/Laptop,414.8,Used,Used,Intel,Intel,i5,6.0,2.3,Windows,SSD,,120.0,120.0,128GB,,Unk,12.5,12-14in,1920.0,1080.0,Other,4,True,False,True,True
1366,Other/Unbranded_Unknown_Unk_Unk_Unk,Other/Unbranded,Other,1533.0,Refurbished - Seller Grade,Refurbished,Intel,Unknown,Unknown,,,Unknown,Unknown,,,,Unk,,Unk,,Unk,,,Other,0,False,False,False,False
1367,Other/Unbranded_i5_Unk_256GB_12-14in,Other/Unbranded,Notebook/Laptop,770.5,Used,Used,Intel,Intel,i5,6.0,2.8,Windows,SSD,,240.0,240.0,256GB,,Unk,12.5,12-14in,1920.0,1080.0,Other,7,True,False,True,True
1368,Dell_i5_Unk_512GB_12-14in,Dell,Notebook/Laptop,580.5,Refurbished - Seller Grade,Refurbished,Intel,Intel,i5,6.0,2.8,Windows,Unknown,,480.0,480.0,512GB,,Unk,12.5,12-14in,1920.0,1080.0,Other,6,True,True,True,True
1369,Dell_i5_Unk_128GB_14-16in,Dell,Notebook/Laptop,339.5,Used,Used,Intel,Intel,i5,5.0,,Windows,Unknown,,120.0,120.0,128GB,,Unk,14.0,14-16in,1280.0,720.0,Black,0,False,False,False,False
1370,Other/Unbranded_Unknown_Unk_Unk_Unk,Other/Unbranded,Other,82.8,Unknown,Unknown,Other,Unknown,Unknown,,,Unknown,Unknown,,,,Unk,,Unk,,Unk,,,Other,0,False,False,False,False
1371,Other/Unbranded_Unknown_Unk_Unk_Unk,Other/Unbranded,Other,247.4,Refurbished - Seller Grade,Refurbished,Intel,Unknown,Unknown,,,Unknown,Unknown,,,,Unk,,Unk,,Unk,,,Black,0,False,False,False,False
1372,Other/Unbranded_Unknown_Unk_Unk_Unk,Other/Unbranded,Other,548.5,Used,Used,Intel,Unknown,Unknown,,,Unknown,Unknown,,,,Unk,,Unk,,Unk,,,Other,0,False,False,False,False
1373,Other/Unbranded_Unknown_Unk_Unk_Unk,Other/Unbranded,Other,494.8,Refurbished - Seller Grade,Refurbished,Intel,Unknown,Unknown,,,Unknown,Unknown,,,,Unk,,Unk,,Unk,,,Black,0,False,False,False,False
1374,Other/Unbranded_Unknown_Unk_Unk_Unk,Other/Unbranded,Other,511.2,Refurbished - Seller Grade,Refurbished,Intel,Unknown,Unknown,,,Unknown,Unknown,,,,Unk,,Unk,,Unk,,,Other,0,False,False,False,False
1375,Other/Unbranded_Unknown_Unk_Unk_Unk,Other/Unbranded,Other,227.8,Refurbished - Seller Grade,Refurbished,Intel,Unknown,Unknown,,,Unknown,Unknown,,,,Unk,,Unk,,Unk,,,Other,0,False,False,False,False
1376,Dell_i5_Unk_512GB_12-14in,Dell,Notebook/Laptop,511.8,Used,Used,Intel,Intel,i5,6.0,2.3,Windows,SSD,,480.0,480.0,512GB,,Unk,12.5,12-14in,1920.0,1080.0,Black,4,True,False,True,True
1377,Other/Unbranded_Unknown_Unk_Unk_Unk,Other/Unbranded,Other,113.6,New,New,Other,Unknown,Unknown,,,Unknown,Unknown,,,,Unk,,Unk,,Unk,,,Other,0,False,False,False,False
1378,Other/Unbranded_Unknown_Unk_Unk_Unk,Other/Unbranded,Other,375.8,Refurbished - Seller Grade,Refurbished,Other,Unknown,Unknown,,,Unknown,Unknown,,,,Unk,,Unk,,Unk,,,Other,0,False,False,False,False
1379,Lenovo_i3_Unk_128GB_12-14in,Lenovo,Notebook/Laptop,483.0,Used,Used,Intel,Intel,i3,7.0,,Windows,Unknown,,120.0,120.0,128GB,,Unk,13.3,12-14in,1280.0,720.0,Other,1,False,False,False,False
1380,Other/Unbranded_Unknown_Unk_Unk_Unk,Other/Unbranded,Other,43.25,New,New,Other,Unknown,Unknown,,,Unknown,Unknown,,,,Unk,,Unk,,Unk,,,Other,0,False,False,False,False
1381,Other/Unbranded_Unknown_Unk_Unk_Unk,Other/Unbranded,Other,778.5,Refurbished - Seller Grade,Refurbished,Intel,Unknown,Unknown,,,Unknown,Unknown,,,,Unk,,Unk,,Unk,,,Other,0,False,False,False,False
1382,Other/Unbranded_Unknown_Unk_Unk_Unk,Other/Unbranded,Other,440.2,Unknown,Unknown,Other,Unknown,Unknown,,,Unknown,Unknown,,,,Unk,,Unk,,Unk,,,Other,0,False,False,False,False
1383,Other/Unbranded_Unknown_Unk_Unk_Unk,Other/Unbranded,Other,429.0,Used,Used,Intel,Unknown,Unknown,,,Unknown,Unknown,,,,Unk,,Unk,,Unk,,,Other,0,False,False,False,False
1384,Dell_i5_Unk_1TB_14-16in,Dell,Notebook/Laptop,444.2,Used,Used,Intel,Intel,i5,4.0,2.6,Windows,Unknown,,960.0,960.0,1TB,,Unk,14.0,14-16in,1280.0,720.0,Other,4,False,False,True,True
1385,Other/Unbranded_Unknown_Unk_Unk_Unk,Other/Unbranded,Other,537.5,Used,Used,Intel,Unknown,Unknown,,,Unknown,Unknown,,,,Unk,,Unk,,Unk,,,Other,0,False,False,False,False
1386,AUO_Unknown_Unk_Unk_Unk,AUO,Other,115.7,New,New,Other,Unknown,Unknown,,,Unknown,Unknown,,,,Unk,,Unk,,Unk,,,Other,0,False,False,False,False
1387,Lenovo_i5_Unk_128GB_14-16in,Lenovo,Notebook/Laptop,572.0,Used,Used,Intel,Intel,i5,6.0,3.0,Windows,SSD,,120.0,120.0,128GB,,Unk,14.0,14-16in,,,Black,4,True,False,True,True
1388,Lenovo_i5_Unk_512GB_14-16in,Lenovo,Notebook/Laptop,571.0,Used,Used,Intel,Intel,i5,6.0,3.0,Windows,SSD,,480.0,480.0,512GB,,Unk,14.0,14-16in,,,Black,4,True,False,True,True
1389,Other/Unbranded_Unknown_Unk_Unk_Unk,Other/Unbranded,Other,777.5,Refurbished - Seller Grade,Refurbished,Intel,Unknown,Unknown,,,Unknown,Unknown,,,,Unk,,Unk,,Unk,,,Other,0,False,False,False,False
1390,Dell_i5_Unk_256GB_14-16in,Dell,Notebook/Laptop,377.2,Used,Used,Nvidia,Intel,i5,4.0,2.6,Windows,Unknown,,240.0,240.0,256GB,,Unk,14.0,14-16in,1280.0,720.0,Black,3,False,False,False,True
1391,Other/Unbranded_Unknown_Unk_Unk_Unk,Other/Unbranded,Other,589.0,New,New,Intel,Unknown,Unknown,,,Unknown,Unknown,,,,Unk,,Unk,,Unk,,,Other,0,False,False,False,False
1392,Other/Unbranded_celeron_16GB_2TB_14-16in,Other/Unbranded,Notebook/Laptop,225.0,New,New,Other,Intel,celeron,,2.5,Windows,SSD,512.0,512.0,1024.0,2TB,12.0,16GB,15.6,14-16in,1920.0,1080.0,Black,7,False,False,True,True
1393,Other/Unbranded_Unknown_Unk_Unk_Unk,Other/Unbranded,Other,274.5,Used,Used,Intel,Unknown,Unknown,,,Unknown,Unknown,,,,Unk,,Unk,,Unk,,,Other,0,False,False,False,False
1394,Other/Unbranded_i3_Unk_128GB_12-14in,Other/Unbranded,Notebook/Laptop,442.8,Used,Used,Intel,Intel,i3,4.0,,Windows,Unknown,,120.0,120.0,128GB,,Unk,13.3,12-14in,1280.0,720.0,Other,1,False,False,False,False
1395,Other/Unbranded_Unknown_Unk_Unk_Unk,Other/Unbranded,Other,514.5,Used,Used,Intel,Unknown,Unknown,,,Unknown,Unknown,,,,Unk,,Unk,,Unk,,,Other,0,False,False,False,False
1396,Other/Unbranded_pentium_Unk_Unk_14-16in,Other/Unbranded,Other,21.88,For Parts / Not Working,End-of-Life,Other,Intel,pentium,,,Unknown,Unknown,,,,Unk,,Unk,15.4,14-16in,,,Other,0,False,False,False,False
1397,Other/Unbranded_Unknown_Unk_Unk_Unk,Other/Unbranded,Other,536.5,Refurbished - Seller Grade,Refurbished,Intel,Unknown,Unknown,,,Unknown,Unknown,,,,Unk,,Unk,,Unk,,,Black,0,False,False,False,False
1398,Lenovo_i3_Unk_2TB_14-16in,Lenovo,Notebook/Laptop,829.5,Used,Used,Intel,Intel,i3,10.0,1.49,Windows,SSD,,2000.0,2000.0,2TB,,Unk,15.6,14-16in,1920.0,1080.0,Gray,4,False,False,True,True
1399,Other/Unbranded_Unknown_Unk_Unk_Unk,Other/Unbranded,Other,739.5,Refurbished - Seller Grade,Refurbished,Intel,Unknown,Unknown,,,Unknown,Unknown,,,,Unk,,Unk,,Unk,,,Other,0,False,False,False,False
1400,Other/Unbranded_Unknown_Unk_Unk_Unk,Other/Unbranded,Other,158.6,Used,Used,Other,Unknown,Unknown,,,Unknown,Unknown,,,,Unk,,Unk,,Unk,,,Other,0,False,False,False,False
1401,Dell_i5_Unk_128GB_Sub-12in,Dell,Other,370.5,Used,Used,Intel,Intel,i5,4.0,,Windows,Unknown,,120.0,120.0,128GB,,Unk,10.8,Sub-12in,1920.0,1080.0,Other,1,False,False,False,False
1402,Other/Unbranded_Unknown_Unk_Unk_Unk,Other/Unbranded,Other,842.5,Refurbished - Seller Grade,Refurbished,Intel,Unknown,Unknown,,,Unknown,Unknown,,,,Unk,,Unk,,Unk,,,Other,0,False,False,False,False
1403,Other/Unbranded_Unknown_Unk_Unk_Unk,Other/Unbranded,Other,203.0,New,New,Other,Unknown,Unknown,,,Unknown,Unknown,,,,Unk,,Unk,,Unk,,,Other,0,False,False,False,False
1404,Other/Unbranded_Unknown_Unk_Unk_Unk,Other/Unbranded,Other,968.0,Refurbished - Seller Grade,Refurbished,Intel,Unknown,Unknown,,,Unknown,Unknown,,,,Unk,,Unk,,Unk,,,Other,0,False,False,False,False
1405,Other/Unbranded_Unknown_Unk_Unk_Unk,Other/Unbranded,Other,203.1,New,New,Other,Unknown,Unknown,,,Unknown,Unknown,,,,Unk,,Unk,,Unk,,,Other,0,False,False,False,False
1406,Other/Unbranded_Unknown_Unk_Unk_Unk,Other/Unbranded,Other,1093.0,Refurbished - Seller Grade,Refurbished,Intel,Unknown,Unknown,,,Unknown,Unknown,,,,Unk,,Unk,,Unk,,,Other,0,False,False,False,False
1407,Samsung_Unknown_Unk_Unk_14-16in,Samsung,Other,114.5,Unknown,Unknown,Other,Unknown,Unknown,,,Unknown,Unknown,,,,Unk,,Unk,14.0,14-16in,1366.0,768.0,Other,0,False,False,False,False
1408,Dell_i5_Unk_2TB_14-16in,Dell,Notebook/Laptop,545.0,Used,Used,Intel,Intel,i5,5.0,2.7,Windows,Unknown,,2000.0,2000.0,2TB,,Unk,14.0,14-16in,1280.0,720.0,Black,3,False,False,False,True
1409,Other/Unbranded_Unknown_Unk_Unk_Unk,Other/Unbranded,Other,198.6,Used,Used,Other,Unknown,Unknown,,,Unknown,Unknown,,,,Unk,,Unk,,Unk,,,Other,0,False,False,False,False
1410,Other/Unbranded_Unknown_Unk_Unk_Unk,Other/Unbranded,Other,339.0,Refurbished - Seller Grade,Refurbished,Intel,Unknown,Unknown,,,Unknown,Unknown,,,,Unk,,Unk,,Unk,,,Black,0,False,False,False,False
1411,Other/Unbranded_Unknown_Unk_Unk_Unk,Other/Unbranded,Other,360.5,Used,Used,Intel,Unknown,Unknown,,,Unknown,Unknown,,,,Unk,,Unk,,Unk,,,Other,0,False,False,False,False
1412,Other/Unbranded_Unknown_Unk_Unk_Unk,Other/Unbranded,Other,593.0,Refurbished - Seller Grade,Refurbished,Intel,Unknown,Unknown,,,Unknown,Unknown,,,,Unk,,Unk,,Unk,,,Black,0,False,False,False,False
1413,Other/Unbranded_Unknown_Unk_Unk_Unk,Other/Unbranded,Other,303.8,Refurbished - Seller Grade,Refurbished,Intel,Unknown,Unknown,,,Unknown,Unknown,,,,Unk,,Unk,,Unk,,,Other,0,False,False,False,False
1414,Lenovo_i5_Unk_256GB_14-16in,Lenovo,Other,613.5,Used,Used,Intel,Intel,i5,6.0,,Windows,Unknown,,240.0,240.0,256GB,,Unk,14.0,14-16in,,,Black,0,False,False,False,False
1415,Other/Unbranded_i5_Unk_128GB_14-16in,Other/Unbranded,Notebook/Laptop,406.0,Used,Used,Intel,Intel,i5,4.0,3.0,Windows,SSD,,120.0,120.0,128GB,,Unk,15.6,14-16in,1280.0,720.0,Black,4,False,False,True,True
1416,Other/Unbranded_Unknown_Unk_Unk_Unk,Other/Unbranded,Other,371.8,Used,Used,Intel,Unknown,Unknown,,,Unknown,Unknown,,,,Unk,,Unk,,Unk,,,Other,0,False,False,False,False
1417,Other/Unbranded_Unknown_Unk_Unk_Unk,Other/Unbranded,Other,559.0,Refurbished - Seller Grade,Refurbished,Intel,Unknown,Unknown,,,Unknown,Unknown,,,,Unk,,Unk,,Unk,,,Other,0,False,False,False,False
1418,Other/Unbranded_Unknown_Unk_Unk_Unk,Other/Unbranded,Other,766.5,New,New,Intel,Unknown,Unknown,,,Unknown,Unknown,,,,Unk,,Unk,,Unk,,,Other,0,False,False,False,False
1419,Dell_i5_Unk_256GB_14-16in,Dell,Notebook/Laptop,313.8,Used,Used,Intel,Intel,i5,4.0,2.6,Windows,Unknown,,240.0,240.0,256GB,,Unk,14.0,14-16in,1280.0,720.0,Black,3,False,False,False,True
1420,Dell_i5_Unk_256GB_12-14in,Dell,Notebook/Laptop,451.5,Used,Used,Intel,Intel,i5,6.0,2.8,Windows,Unknown,,240.0,240.0,256GB,,Unk,12.5,12-14in,1920.0,1080.0,Black,7,True,True,True,True
1421,Other/Unbranded_Unknown_Unk_Unk_Unk,Other/Unbranded,Other,335.8,Refurbished - Seller Grade,Refurbished,Intel,Unknown,Unknown,,,Unknown,Unknown,,,,Unk,,Unk,,Unk,,,Other,0,False,False,False,False
1422,Other/Unbranded_Unknown_Unk_Unk_Unk,Other/Unbranded,Other,463.5,Refurbished - Seller Grade,Refurbished,Intel,Unknown,Unknown,,,Unknown,Unknown,,,,Unk,,Unk,,Unk,,,Other,0,False,False,False,False
1423,Dell_i5_Unk_1TB_14-16in,Dell,Notebook/Laptop,641.5,Used,Used,Amd,Intel,i5,4.0,3.0,Windows,Unknown,,960.0,960.0,1TB,,Unk,15.6,14-16in,1280.0,720.0,Other,4,False,False,True,True
1424,Other/Unbranded_i3_Unk_256GB_12-14in,Other/Unbranded,Notebook/Laptop,436.0,Used,Used,Intel,Intel,i3,4.0,3.0,Windows,SSD,,240.0,240.0,256GB,,Unk,13.3,12-14in,1280.0,720.0,Other,4,False,False,True,True
1425,Other/Unbranded_Unknown_Unk_Unk_Unk,Other/Unbranded,Other,633.0,Refurbished - Seller Grade,Refurbished,Intel,Unknown,Unknown,,,Unknown,Unknown,,,,Unk,,Unk,,Unk,,,Other,0,False,False,False,False
1426,Other/Unbranded_Unknown_Unk_Unk_Unk,Other/Unbranded,Other,117.06,New,New,Other,Unknown,Unknown,,,Unknown,Unknown,,,,Unk,,Unk,,Unk,,,Other,0,False,False,False,False
1427,Lenovo_i3_Unk_512GB_14-16in,Lenovo,Notebook/Laptop,580.5,Used,Used,Intel,Intel,i3,10.0,1.49,Windows,SSD,,480.0,480.0,512GB,,Unk,15.6,14-16in,1920.0,1080.0,Other,4,False,False,True,True
1428,Other/Unbranded_Unknown_Unk_Unk_Unk,Other/Unbranded,Other,645.5,Refurbished - Seller Grade,Refurbished,Intel,Unknown,Unknown,,,Unknown,Unknown,,,,Unk,,Unk,,Unk,,,Other,0,False,False,False,False
1429,Other/Unbranded_Unknown_Unk_Unk_Unk,Other/Unbranded,Other,1666.0,Refurbished - Seller Grade,Refurbished,Nvidia,Unknown,Unknown,,,Unknown,Unknown,,,,Unk,,Unk,,Unk,,,Other,0,False,False,False,False
1430,Other/Unbranded_Unknown_Unk_Unk_Unk,Other/Unbranded,Other,820.5,Used,Used,Intel,Unknown,Unknown,,,Unknown,Unknown,,,,Unk,,Unk,,Unk,,,Other,0,False,False,False,False
1431,Other/Unbranded_Unknown_Unk_Unk_Unk,Other/Unbranded,Other,845.5,Used,Used,Intel,Unknown,Unknown,,,Unknown,Unknown,,,,Unk,,Unk,,Unk,,,Other,0,False,False,False,False
1432,Other/Unbranded_Unknown_Unk_Unk_Unk,Other/Unbranded,Notebook/Laptop,182.2,Used,Used,Amd,Unknown,Unknown,,,Unknown,Unknown,,,,Unk,,Unk,,Unk,,,Other,0,False,False,False,False
1433,Dell_i5_Unk_128GB_12-14in,Dell,Notebook/Laptop,439.0,Refurbished - Seller Grade,Refurbished,Intel,Intel,i5,6.0,2.8,Windows,Unknown,,120.0,120.0,128GB,,Unk,12.5,12-14in,1920.0,1080.0,Other,7,True,True,True,True
1434,Other/Unbranded_Unknown_Unk_Unk_Unk,Other/Unbranded,Other,341.5,Refurbished - Seller Grade,Refurbished,Intel,Unknown,Unknown,,,Unknown,Unknown,,,,Unk,,Unk,,Unk,,,Other,0,False,False,False,False
1435,Other/Unbranded_Unknown_Unk_Unk_Unk,Other/Unbranded,Other,896.0,Used,Used,Intel,Unknown,Unknown,,,Unknown,Unknown,,,,Unk,,Unk,,Unk,,,Other,0,False,False,False,False
1436,Other/Unbranded_Unknown_Unk_Unk_Unk,Other/Unbranded,Other,98.4,Unknown,Unknown,Other,Unknown,Unknown,,,Unknown,Unknown,,,,Unk,,Unk,,Unk,,,Other,0,False,False,False,False
1437,Other/Unbranded_Unknown_Unk_Unk_Unk,Other/Unbranded,Other,1748.0,Refurbished - Seller Grade,Refurbished,Nvidia,Unknown,Unknown,,,Unknown,Unknown,,,,Unk,,Unk,,Unk,,,Other,0,False,False,False,False
1438,Other/Unbranded_Unknown_Unk_Unk_Unk,Other/Unbranded,Other,66.56,New,New,Other,Unknown,Unknown,,,Unknown,Unknown,,,,Unk,,Unk,,Unk,,,Other,0,False,False,False,False
1439,Dell_i5_Unk_1TB_14-16in,Dell,Notebook/Laptop,380.2,Used,Used,Intel,Intel,i5,3.0,3.0,Windows,SSD,,960.0,960.0,1TB,,Unk,14.0,14-16in,1280.0,720.0,Black,2,False,False,False,True
1440,Other/Unbranded_Unknown_Unk_Unk_Unk,Other/Unbranded,Other,3860.0,New,New,Intel,Unknown,Unknown,,,Unknown,Unknown,,,,Unk,,Unk,,Unk,,,Other,0,False,False,False,False
1441,Other/Unbranded_celeron_8GB_2TB_16in+,Other/Unbranded,Notebook/Laptop,289.0,New,New,Other,Intel,celeron,,2.8,Windows,SSD,512.0,512.0,1024.0,2TB,8.0,8GB,17.3,16in+,1920.0,1080.0,Silver,6,False,False,True,True
1442,Samsung_celeron_16GB_32GB_Sub-12in,Samsung,Notebook/Laptop,48.0,Used,Used,Other,Intel,celeron,,2.16,Chrome,SSD,2.0,16.0,18.0,32GB,16.0,16GB,11.6,Sub-12in,,,Silver,0,False,False,False,False
1443,Microsoft_i5_32GB+_512GB_12-14in,Microsoft,Notebook/Laptop,56.94,Used,Used,Other,Intel,i5,,,Unknown,SSD,256.0,256.0,512.0,512GB,256.0,32GB+,12.5,12-14in,,,Other,5,False,True,True,False
1444,Dell_celeron_4GB_128GB_Sub-12in,Dell,Notebook/Laptop,93.0,Used,Used,Intel,Intel,celeron,,1.1,Windows,SSD,64.0,64.0,128.0,128GB,4.0,4GB,11.6,Sub-12in,1366.0,768.0,Black,1,True,False,False,False
1445,Microsoft_i7_16GB_256GB_14-16in,Microsoft,Notebook/Laptop,699.0,New,New,Intel,Intel,i7,11.0,,Windows,SSD,,256.0,256.0,256GB,16.0,16GB,15.0,14-16in,2256.0,1504.0,Silver,6,True,True,True,True
1446,Dell_i7_16GB_512GB_14-16in,Dell,Notebook/Laptop,235.0,Used,Used,Nvidia,Intel,i7,6.0,2.7,Windows,SSD,,512.0,512.0,512GB,16.0,16GB,15.6,14-16in,1920.0,1080.0,Black,6,False,True,True,True
1447,Dell_i5_Unk_2TB_14-16in,Dell,Notebook/Laptop,188.0,Used,Used,Other,Intel,i5,7.0,2.6,Unknown,SSD,,2000.0,2000.0,2TB,,Unk,15.6,14-16in,,,Black,4,False,True,True,True
1448,Lenovo_celeron_4GB_32GB_Sub-12in,Lenovo,Notebook/Laptop,52.0,Used,Used,Other,Intel,celeron,,1.6,Linux,SSD,16.0,16.0,32.0,32GB,4.0,4GB,11.6,Sub-12in,1366.0,768.0,Black,0,False,False,False,False
1449,Other/Unbranded_Unknown_Unk_Unk_Unk,Other/Unbranded,Other,152.2,Used,Used,Other,Unknown,Unknown,,,Unknown,Unknown,,,,Unk,,Unk,,Unk,,,Other,0,False,False,False,False
1450,HP_celeron_32GB+_128GB_14-16in,HP,Notebook/Laptop,55.0,Used,Used,Other,Intel,celeron,,,Unknown,Unknown,64.0,64.0,128.0,128GB,64.0,32GB+,14.0,14-16in,,,Other,0,False,False,False,False
1451,Lenovo_ryzen5_16GB_512GB_14-16in,Lenovo,Notebook/Laptop,420.0,Used,Used,Amd,AMD,ryzen 5,,2.3,Windows,SSD,256.0,256.0,512.0,512GB,16.0,16GB,14.0,14-16in,1920.0,1080.0,Black,2,False,False,False,True
1452,Samsung_celeron_4GB_32GB_Sub-12in,Samsung,Notebook/Laptop,40.47,Used,Used,Intel,Intel,celeron,,2.5,Chrome,SSD,16.0,16.0,32.0,32GB,4.0,4GB,11.6,Sub-12in,1366.0,768.0,Black,4,False,True,True,True
1453,Dell_i5_4GB_512GB_14-16in,Dell,Notebook/Laptop,89.0,Used,Used,Other,Intel,i5,2.0,2.66,Windows,HDD/SSD,500.0,,500.0,512GB,4.0,4GB,14.1,14-16in,,,Silver,1,False,False,False,True
1454,HP_Other/Unspecified_4GB_64GB_14-16in,HP,Other,100.0,Open Box,Like-New,Amd,AMD,Other/Unspecified,,2.4,Chrome,EMMC,32.0,32.0,64.0,64GB,4.0,4GB,14.0,14-16in,1366.0,768.0,Blue,4,False,False,True,True
1455,HP_i7_8GB_512GB_14-16in,HP,Notebook/Laptop,172.0,Used,Used,Intel,Intel,i7,8.0,1.9,Windows,SSD,256.0,256.0,512.0,512GB,8.0,8GB,14.0,14-16in,1920.0,1080.0,Silver,6,False,True,True,True
1456,Lenovo_i7_16GB_512GB_14-16in,Lenovo,Notebook/Laptop,268.0,Refurbished - Very Good,Refurbished,Nvidia,Intel,i7,2.0,2.4,Windows,SSD,,512.0,512.0,512GB,16.0,16GB,15.6,14-16in,,,Black,5,False,False,True,True
1457,Microsoft_i5_8GB_512GB_12-14in,Microsoft,Notebook/Laptop,259.8,Used,Used,Intel,Intel,i5,10.0,1.5,Windows,SSD,256.0,256.0,512.0,512GB,8.0,8GB,13.5,12-14in,2256.0,1504.0,Silver,4,True,False,True,False
1458,Dell_Other/Unspecified_32GB+_1TB_16in+,Dell,Notebook/Laptop,879.0,Used,Used,Nvidia,Intel,Other/Unspecified,,2.8,Windows,SSD,,1000.0,1000.0,1TB,64.0,32GB+,17.3,16in+,1920.0,1080.0,Gray,5,False,False,True,True
1459,Other/Unbranded_i7_8GB_2TB_14-16in,Other/Unbranded,Notebook/Laptop,919.0,New,New,Nvidia,Intel,i7,12.0,2.3,Windows,SSD,512.0,512.0,1024.0,2TB,8.0,8GB,15.6,14-16in,1920.0,1080.0,Black,5,False,True,True,True
1460,HP_ryzen7_16GB_256GB_14-16in,HP,Notebook/Laptop,450.0,Open Box,Like-New,Amd,AMD,ryzen 7,,2.6,Windows,SSD,,256.0,256.0,256GB,16.0,16GB,14.0,14-16in,1920.0,1080.0,Silver,2,False,False,True,False
1461,Lenovo_Other/Unspecified_4GB_32GB_14-16in,Lenovo,Notebook/Laptop,60.0,Used,Used,Amd,AMD,Other/Unspecified,,1.6,Chrome,SSD,,32.0,32.0,32GB,4.0,4GB,14.0,14-16in,1920.0,1080.0,Gray,4,False,False,False,True
1462,Dell_pentium_4GB_256GB_Sub-12in,Dell,Notebook/Laptop,885.0,Used,Used,Intel,Intel,pentium,,1.1,Unknown,SSD,128.0,128.0,256.0,256GB,4.0,4GB,11.6,Sub-12in,1366.0,768.0,Black,1,True,False,False,False
1463,Dell_Unknown_Unk_Unk_Unk,Dell,Other,629.0,Open Box,Like-New,Other,Unknown,Unknown,,,Unknown,Unknown,,,,Unk,,Unk,,Unk,,,Other,0,False,False,False,False
1464,Dell_i5_8GB_512GB_14-16in,Dell,Notebook/Laptop,140.0,Used,Used,Intel,Intel,i5,5.0,2.3,Windows,SSD,8.0,500.0,508.0,512GB,8.0,8GB,14.0,14-16in,1366.0,768.0,Black,0,False,False,False,False
1465,Lenovo_i5_16GB_512GB_12-14in,Lenovo,Notebook/Laptop,145.0,Used,Used,Other,Intel,i5,3.0,,Linux,HDD/SSD,500.0,,500.0,512GB,16.0,16GB,12.0,12-14in,,,Black,0,False,False,False,False
1466,Dell_i7_16GB_512GB_14-16in,Dell,Notebook/Laptop,323.0,Used,Used,Intel,Intel,i7,,2.6,Windows,SSD,,512.0,512.0,512GB,16.0,16GB,14.0,14-16in,,,Other,3,True,False,False,True
1467,Lenovo_ryzen3_8GB_128GB_14-16in,Lenovo,Notebook/Laptop,210.0,Open Box,Like-New,Amd,AMD,ryzen 3,,2.5,Windows,SSD,,128.0,128.0,128GB,8.0,8GB,14.0,14-16in,1366.0,768.0,Black,8,False,True,True,True
1468,HP_i5_Unk_Unk_14-16in,HP,Notebook/Laptop,120.0,For Parts / Not Working,End-of-Life,Other,Intel,i5,,,Unknown,HDD/SSD,,,,Unk,,Unk,15.6,14-16in,,,Other,4,False,False,False,False
1469,Dell_i5_32GB_1TB_14-16in,Dell,Notebook/Laptop,240.0,Refurbished - Excellent,Refurbished,Intel,Intel,i5,8.0,1.7,Windows,SSD,500.0,500.0,1000.0,1TB,32.0,32GB,14.0,14-16in,,,Black,1,False,False,False,True
1470,Dell_i5_8GB_256GB_14-16in,Dell,Notebook/Laptop,190.8,Used,Used,Other,Intel,i5,8.0,1.7,Windows,SSD,,256.0,256.0,256GB,8.0,8GB,15.6,14-16in,,,Other,0,False,False,False,False
1471,Lenovo_i5_4GB_1TB_14-16in,Lenovo,Notebook/Laptop,230.0,Used,Used,Other,Intel,i5,3.0,2.5,Unknown,HDD/SSD,500.0,500.0,1000.0,1TB,4.0,4GB,15.6,14-16in,,,Black,1,False,False,False,False
1472,Lenovo_i3_16GB_512GB_14-16in,Lenovo,Notebook/Laptop,215.0,Used,Used,Intel,Intel,i3,10.0,1.2,Windows,HDD/SSD,,512.0,512.0,512GB,12.0,16GB,15.6,14-16in,1366.0,768.0,Beige,5,False,False,True,True
1473,Acer_i5_8GB_1TB_14-16in,Acer,Notebook/Laptop,79.1,Used,Used,Nvidia,Intel,i5,2.0,2.3,Windows,HDD/SSD,720.0,,720.0,1TB,8.0,8GB,15.6,14-16in,1366.0,768.0,Other,4,False,False,False,True
1474,Dell_i5_16GB_2TB_14-16in,Dell,Notebook/Laptop,599.0,New,New,Intel,Intel,i5,,2.4,Windows,SSD,1000.0,1000.0,2000.0,2TB,16.0,16GB,15.6,14-16in,1920.0,1080.0,Black,5,True,False,True,True
1475,Other/Unbranded_i5_8GB_2TB_14-16in,Other/Unbranded,Notebook/Laptop,320.0,New,New,Intel,Intel,i5,12.0,1.2,Windows,SSD,512.0,512.0,1024.0,2TB,8.0,8GB,14.1,14-16in,1920.0,1080.0,Black,1,True,False,False,False
1476,HP_i7_16GB_512GB_14-16in,HP,Notebook/Laptop,226.5,Used,Used,Intel,Intel,i7,8.0,1.8,Windows,SSD,,500.0,500.0,512GB,16.0,16GB,15.6,14-16in,1366.0,768.0,Silver,6,True,False,True,True
1477,Dell_i7_Unk_Unk_14-16in,Dell,Other,599.0,Refurbished - Excellent,Refurbished,Other,Intel,i7,11.0,,Windows,Unknown,,,,Unk,,Unk,15.0,14-16in,,,Other,0,False,False,False,False
1478,Acer_i5_8GB_128GB_14-16in,Acer,Notebook/Laptop,105.06,Used,Used,Other,Intel,i5,4.0,1.6,Windows,SSD,,128.0,128.0,128GB,8.0,8GB,14.0,14-16in,1280.0,720.0,Other,2,False,False,False,False
1479,Dell_i5_8GB_16GB_Sub-12in,Dell,Notebook/Laptop,31.95,For Parts / Not Working,End-of-Life,Intel,Intel,i5,,1.6,Unknown,SSD,8.0,,8.0,16GB,8.0,8GB,10.8,Sub-12in,1920.0,1080.0,Black,4,True,False,False,False
1480,Dell_i5_4GB_256GB_12-14in,Dell,Notebook/Laptop,75.0,Used,Used,Intel,Intel,i5,1.0,2.67,Windows,HDD/SSD,250.0,,250.0,256GB,4.0,4GB,13.3,12-14in,1366.0,768.0,Silver,2,False,False,False,True
1481,Lenovo_i5_16GB_512GB_14-16in,Lenovo,Notebook/Laptop,189.0,Used,Used,Intel,Intel,i5,8.0,1.6,Windows,SSD,256.0,256.0,512.0,512GB,16.0,16GB,14.0,14-16in,1920.0,1080.0,Black,5,True,False,True,True
1482,Dell_i7_16GB_256GB_14-16in,Dell,Notebook/Laptop,180.5,Refurbished - Very Good,Refurbished,Other,Intel,i7,6.0,,Windows,SSD,,240.0,240.0,256GB,16.0,16GB,14.0,14-16in,,,Other,1,False,False,False,True
1483,Lenovo_i5_16GB_256GB_14-16in,Lenovo,Notebook/Laptop,198.0,Refurbished - Good,Refurbished,Other,Intel,i5,2.0,2.5,Windows,SSD,,256.0,256.0,256GB,16.0,16GB,14.0,14-16in,1600.0,900.0,Other,6,False,False,False,True
1484,HP_ryzen5_8GB_2TB_14-16in,HP,Notebook/Laptop,686.0,Unknown,Unknown,Nvidia,AMD,ryzen 5,,3.3,Windows,SSD,512.0,512.0,1024.0,2TB,8.0,8GB,15.6,14-16in,,,Other,0,False,False,False,False
1485,Lenovo_i7_8GB_512GB_12-14in,Lenovo,Notebook/Laptop,164.2,Used,Used,Other,Intel,i7,6.0,2.6,Windows,SSD,,512.0,512.0,512GB,8.0,8GB,12.5,12-14in,,,Other,0,False,False,False,False
1486,Acer_i3_4GB_256GB_14-16in,Acer,Notebook/Laptop,249.0,Unknown,Unknown,Intel,Intel,i3,11.0,4.1,Windows,SSD,128.0,128.0,256.0,256GB,4.0,4GB,15.6,14-16in,1920.0,1080.0,Silver,4,False,True,True,True
1487,HP_celeron_32GB_64GB_14-16in,HP,Notebook/Laptop,50.0,Used,Used,Other,Intel,celeron,,1.1,Chrome,EMMC,32.0,32.0,64.0,64GB,32.0,32GB,14.0,14-16in,,,Gray,3,False,False,True,False
1488,HP_i5_4GB_256GB_Unk,HP,Notebook/Laptop,48.0,Used,Used,Other,Intel,i5,,1.9,Windows,SSD,128.0,128.0,256.0,256GB,4.0,4GB,,Unk,,,Other,0,False,False,False,False
1489,Acer_ryzen3_8GB_256GB_14-16in,Acer,Other,190.0,Used,Used,Other,AMD,ryzen 3,,,Windows,SSD,128.0,128.0,256.0,256GB,8.0,8GB,15.6,14-16in,,,Silver,0,False,False,False,False
1490,Dell_i5_8GB_256GB_12-14in,Dell,Notebook/Laptop,100.0,Used,Used,Other,Intel,i5,5.0,2.2,Windows,SSD,128.0,128.0,256.0,256GB,8.0,8GB,13.3,12-14in,,,Other,0,False,False,False,False
1491,Samsung_celeron_4GB_32GB_14-16in,Samsung,Notebook/Laptop,150.0,Unknown,Unknown,Intel,Intel,celeron,,1.1,Chrome,EMMC,,32.0,32.0,32GB,4.0,4GB,14.0,14-16in,1366.0,768.0,Silver,3,False,False,True,True
1492,Samsung_celeron_4GB_32GB_Sub-12in,Samsung,Notebook/Laptop,20.97,For Parts / Not Working,End-of-Life,Other,Intel,celeron,,,Chrome,SSD,16.0,16.0,32.0,32GB,4.0,4GB,11.6,Sub-12in,,,Black,0,False,False,False,False
1493,Lenovo_i7_8GB_256GB_14-16in,Lenovo,Notebook/Laptop,198.0,Used,Used,Intel,Intel,i7,2.0,,Windows,SSD,8.0,128.0,136.0,256GB,8.0,8GB,14.0,14-16in,1366.0,768.0,Other,3,False,False,False,False
1494,Dell_i7_16GB_512GB_14-16in,Dell,Notebook/Laptop,1330.0,Refurbished - Very Good,Refurbished,Intel,Intel,i7,11.0,1.8,Windows,SSD,256.0,256.0,512.0,512GB,16.0,16GB,14.0,14-16in,1920.0,1080.0,Black,1,False,False,False,False
1495,Dell_i3_8GB_512GB_14-16in,Dell,Other,1050.0,Refurbished - Excellent,Refurbished,Intel,Intel,i3,12.0,3.3,Windows,SSD,256.0,256.0,512.0,512GB,8.0,8GB,14.0,14-16in,1920.0,1200.0,Black,1,False,False,False,False
1496,Lenovo_i5_8GB_256GB_12-14in,Lenovo,Notebook/Laptop,135.9,Unknown,Unknown,Intel,Intel,i5,6.0,2.4,Windows,SSD,,256.0,256.0,256GB,8.0,8GB,12.1,12-14in,1920.0,1080.0,Black,4,False,True,True,False
1497,Dell_celeron_4GB_256GB_Sub-12in,Dell,Notebook/Laptop,140.0,Used,Used,Intel,Intel,celeron,,1.1,Windows,SSD,128.0,128.0,256.0,256GB,4.0,4GB,11.6,Sub-12in,1366.0,768.0,Black,5,True,False,True,False
1498,Other/Unbranded_i5_8GB_256GB_14-16in,Other/Unbranded,Notebook/Laptop,110.0,Used,Used,Other,Intel,i5,4.0,,Windows,SSD,,256.0,256.0,256GB,8.0,8GB,14.0,14-16in,,,Other,0,False,False,False,False
1499,Lenovo_i5_8GB_256GB_14-16in,Lenovo,Notebook/Laptop,144.5,Used,Used,Other,Intel,i5,6.0,2.3,Windows,SSD,,256.0,256.0,256GB,8.0,8GB,14.0,14-16in,,,Other,0,False,False,False,False
1500,HP_i5_8GB_512GB_12-14in,HP,Other,329.2,Unknown,Unknown,Other,Intel,i5,8.0,1.6,Windows,SSD,256.0,256.0,512.0,512GB,8.0,8GB,13.3,12-14in,,,Other,0,False,False,False,False
1501,HP_i5_8GB_128GB_14-16in,HP,Notebook/Laptop,153.0,Used,Used,Intel,Intel,i5,8.0,1.6,Windows,SSD,,120.0,120.0,128GB,8.0,8GB,14.0,14-16in,1920.0,1080.0,Silver,5,False,True,True,True
1502,Dell_i5_8GB_256GB_14-16in,Dell,Notebook/Laptop,399.0,Unknown,Unknown,Intel,Intel,i5,11.0,2.5,Windows,SSD,,256.0,256.0,256GB,8.0,8GB,15.6,14-16in,1920.0,1080.0,Black,3,True,False,True,True
1503,Dell_i7_8GB_2TB+_16in+,Dell,Notebook/Laptop,899.0,New,New,Other,Intel,i7,,1.3,Windows,HDD/SSD,2000.0,2000.0,4000.0,2TB+,8.0,8GB,17.3,16in+,1920.0,1080.0,Black,3,False,False,True,True
1504,Microsoft_Other/Unspecified_16GB_512GB_12-14in,Microsoft,Notebook/Laptop,510.0,Used,Used,Other,Other,Other/Unspecified,,1.8,Windows,SSD,256.0,256.0,512.0,512GB,16.0,16GB,13.0,12-14in,2880.0,1920.0,Black,6,True,False,True,True
1505,Lenovo_i7_16GB_512GB_12-14in,Lenovo,Notebook/Laptop,420.0,Refurbished - Excellent,Refurbished,Intel,Intel,i7,8.0,1.8,Windows,SSD,256.0,256.0,512.0,512GB,16.0,16GB,13.0,12-14in,3000.0,2000.0,Black,1,False,False,False,False
1506,HP_i5_8GB_256GB_14-16in,HP,Notebook/Laptop,115.6,Used,Used,Amd,Intel,i5,,2.5,Windows,SSD,,256.0,256.0,256GB,8.0,8GB,15.6,14-16in,1366.0,768.0,Other,5,False,False,True,True
1507,Dell_i5_4GB_512GB_14-16in,Dell,Notebook/Laptop,97.7,Used,Used,Other,Intel,i5,,2.5,Windows,HDD/SSD,500.0,,500.0,512GB,4.0,4GB,14.0,14-16in,1366.0,768.0,Other,5,False,False,True,True
1508,Dell_i5_8GB_256GB_14-16in,Dell,Notebook/Laptop,160.0,Used,Used,Intel,Intel,i5,6.0,2.4,Windows,SSD,,256.0,256.0,256GB,8.0,8GB,14.0,14-16in,1366.0,768.0,Black,5,False,False,True,True
1509,Dell_i5_16GB_512GB_14-16in,Dell,Notebook/Laptop,400.0,Unknown,Unknown,Intel,Intel,i5,11.0,2.6,Windows,SSD,256.0,256.0,512.0,512GB,16.0,16GB,15.6,14-16in,1920.0,1080.0,Black,8,True,True,True,True
1510,HP_i5_16GB_512GB_14-16in,HP,Notebook/Laptop,399.0,Unknown,Unknown,Intel,Intel,i5,12.0,3.3,Windows,SSD,,512.0,512.0,512GB,12.0,16GB,15.6,14-16in,1920.0,1080.0,Silver,3,True,True,True,False
1511,Acer_i5_16GB_2TB_14-16in,Acer,Notebook/Laptop,629.0,New,New,Nvidia,Intel,i5,11.0,2.7,Windows,SSD,512.0,512.0,1024.0,2TB,16.0,16GB,15.6,14-16in,1920.0,1080.0,Black,7,False,True,True,True
1512,HP_i7_32GB_2TB_16in+,HP,Notebook/Laptop,839.5,Refurbished - Excellent,Refurbished,Other,Intel,i7,12.0,,Windows,SSD,1000.0,1000.0,2000.0,2TB,32.0,32GB,17.3,16in+,,,Silver,5,False,True,True,True
1513,Dell_celeron_Unk_16GB_Sub-12in,Dell,Other,130.0,Used,Used,Other,Intel,celeron,,2.16,Chrome,SSD,,16.0,16.0,16GB,,Unk,11.6,Sub-12in,1366.0,768.0,Black,4,False,False,True,False
1514,Lenovo_i5_16GB_512GB_12-14in,Lenovo,Notebook/Laptop,550.0,Unknown,Unknown,Intel,Intel,i5,11.0,1.8,Windows,SSD,256.0,256.0,512.0,512GB,16.0,16GB,13.5,12-14in,2256.0,1504.0,Silver,4,True,True,True,False
1515,Dell_i7_16GB_512GB_14-16in,Dell,Notebook/Laptop,350.0,Used,Used,Intel,Intel,i7,11.0,3.0,Windows,SSD,256.0,256.0,512.0,512GB,16.0,16GB,14.0,14-16in,1920.0,1080.0,Gray,5,False,True,True,True
1516,HP_i5_8GB_16GB_14-16in,HP,Notebook/Laptop,85.0,Used,Used,Other,Intel,i5,3.0,,Unknown,SSD,8.0,,8.0,16GB,8.0,8GB,14.0,14-16in,,,Other,0,False,False,False,False
1517,Other/Unbranded_Other/Unspecified_Unk_16GB_Sub-12in,Other/Unbranded,Other,139.5,Used,Used,Other,Other,Other/Unspecified,,,Android,EMMC,,16.0,16.0,16GB,,Unk,7.0,Sub-12in,,,Other,2,False,False,False,True
1518,Microsoft_i5_8GB_512GB_12-14in,Microsoft,Other,120.0,Used,Used,Intel,Intel,i5,7.0,2.6,Windows,SSD,256.0,256.0,512.0,512GB,8.0,8GB,12.3,12-14in,,,Other,1,False,False,False,False
1519,Samsung_Other/Unspecified_2GB_16GB_Sub-12in,Samsung,Notebook/Laptop,29.0,Used,Used,Intel,Other,Other/Unspecified,,1.7,Chrome,EMMC,,16.0,16.0,16GB,2.0,2GB,11.6,Sub-12in,1366.0,768.0,Silver,4,False,False,True,True
1520,Acer_celeron_4GB_64GB_Sub-12in,Acer,Notebook/Laptop,58.0,Used,Used,Intel,Intel,celeron,,1.6,Chrome,SSD,32.0,32.0,64.0,64GB,4.0,4GB,11.6,Sub-12in,1366.0,768.0,Black,2,True,False,True,False
1521,HP_i5_16GB_512GB_14-16in,HP,Notebook/Laptop,548.0,Unknown,Unknown,Intel,Intel,i5,10.0,1.7,Windows,SSD,256.0,256.0,512.0,512GB,16.0,16GB,14.0,14-16in,1920.0,1080.0,Silver,1,False,False,False,False
1522,HP_i7_32GB+_2TB_16in+,HP,Notebook/Laptop,525.0,Used,Used,Nvidia,Intel,i7,8.0,2.6,Windows,SSD,512.0,512.0,1024.0,2TB,64.0,32GB+,17.3,16in+,1920.0,1080.0,Silver,6,False,True,True,True
1523,Lenovo_i3_8GB_256GB_14-16in,Lenovo,Notebook/Laptop,338.8,New,New,Intel,Intel,i3,11.0,,Windows,SSD,,256.0,256.0,256GB,8.0,8GB,15.6,14-16in,1920.0,1080.0,Grey,4,True,False,False,True
1524,Lenovo_i7_16GB_2TB_14-16in,Lenovo,Notebook/Laptop,300.0,Used,Used,Other,Intel,i7,,,Windows,SSD,512.0,512.0,1024.0,2TB,16.0,16GB,14.0,14-16in,,,Black,0,False,False,False,False
1525,HP_i5_16GB_512GB_14-16in,HP,Notebook/Laptop,167.8,Used,Used,Other,Intel,i5,6.0,2.3,Windows,SSD,12.0,256.0,268.0,512GB,12.0,16GB,15.6,14-16in,1920.0,1080.0,Pink,0,False,False,False,False
1526,Microsoft_i5_8GB_256GB_12-14in,Microsoft,Notebook/Laptop,150.0,Used,Used,Other,Intel,i5,6.0,2.4,Windows,SSD,128.0,128.0,256.0,256GB,8.0,8GB,13.5,12-14in,,,Silver,0,False,False,False,False
1527,Lenovo_i5_8GB_512GB_14-16in,Lenovo,Notebook/Laptop,190.0,Used,Used,Intel,Intel,i5,8.0,1.7,Windows,SSD,256.0,256.0,512.0,512GB,8.0,8GB,14.0,14-16in,1920.0,1080.0,Black,5,False,True,True,True
1528,Dell_i5_16GB_512GB_14-16in,Dell,Notebook/Laptop,330.0,Refurbished - Good,Refurbished,Intel,Intel,i5,11.0,2.6,Windows,SSD,,512.0,512.0,512GB,16.0,16GB,14.0,14-16in,1920.0,1080.0,Black,5,False,True,True,True
1529,Other/Unbranded_celeron_4GB_32GB_12-14in,Other/Unbranded,Notebook/Laptop,40.0,Used,Used,Other,Intel,celeron,,2.16,Chrome,SSD,16.0,16.0,32.0,32GB,4.0,4GB,13.3,12-14in,1920.0,1080.0,Gray,5,False,False,True,True
1530,Other/Unbranded_ryzen7_8GB_Unk_14-16in,Other/Unbranded,Notebook/Laptop,77.0,Used,Used,Amd,AMD,ryzen 7,,,Unknown,Unknown,,,,Unk,8.0,8GB,15.6,14-16in,,,Other,0,False,False,False,False
1531,Acer_celeron_4GB_16GB_Sub-12in,Acer,Other,37.0,Used,Used,Other,Intel,celeron,,1.4,Chrome,Unknown,4.0,,4.0,16GB,4.0,4GB,11.6,Sub-12in,,,Other,0,False,False,False,False
1532,Dell_i7_32GB_1TB_16in+,Dell,Notebook/Laptop,650.0,Used,Used,Nvidia,Intel,i7,9.0,2.4,Windows,SSD,32.0,512.0,544.0,1TB,32.0,32GB,17.3,16in+,1920.0,1080.0,Silver,4,False,True,True,False
1533,HP_Other/Unspecified_8GB_256GB_Sub-12in,HP,Notebook/Laptop,88.94,Used,Used,Intel,Intel,Other/Unspecified,7.0,1.0,Windows,SSD,,256.0,256.0,256GB,8.0,8GB,11.6,Sub-12in,1366.0,768.0,Other,0,False,False,False,False
1534,Lenovo_celeron_4GB_32GB_Sub-12in,Lenovo,Notebook/Laptop,35.0,Used,Used,Intel,Intel,celeron,,1.83,Chrome,EMMC,16.0,16.0,32.0,32GB,4.0,4GB,11.6,Sub-12in,1366.0,768.0,Black,1,True,False,False,False
1535,HP_celeron_4GB_1TB_14-16in,HP,Other,65.94,Used,Used,Other,Intel,celeron,,2.16,Windows,SSD,500.0,500.0,1000.0,1TB,4.0,4GB,15.6,14-16in,,,Other,0,False,False,False,False
1536,Samsung_i5_4GB_128GB_12-14in,Samsung,Notebook/Laptop,53.0,Used,Used,Intel,Intel,i5,,1.6,Windows,SSD,64.0,64.0,128.0,128GB,4.0,4GB,12.2,12-14in,,,Black,1,True,False,False,False
1537,Dell_i5_8GB_256GB_14-16in,Dell,Notebook/Laptop,10.99,Unknown,Unknown,Intel,Intel,i5,6.0,2.4,Windows,SSD,128.0,128.0,256.0,256GB,8.0,8GB,14.0,14-16in,1366.0,768.0,Black,6,False,True,True,True
1538,HP_celeron_4GB_32GB_Sub-12in,HP,Other,37.94,Used,Used,Intel,Intel,celeron,,2.16,Chrome,SSD,16.0,16.0,32.0,32GB,4.0,4GB,11.6,Sub-12in,1366.0,768.0,Black,3,False,False,True,False
1539,Lenovo_ryzen3_8GB_512GB_14-16in,Lenovo,Other,125.0,Used,Used,Other,AMD,ryzen 3,,2.5,Windows,HDD/SSD,500.0,,500.0,512GB,8.0,8GB,14.0,14-16in,1366.0,768.0,Black,0,False,False,False,False
1540,Dell_i7_8GB_256GB_14-16in,Dell,Other,325.0,Open Box,Like-New,Nvidia,Intel,i7,,3.9,Windows,OTHER,128.0,128.0,256.0,256GB,8.0,8GB,15.6,14-16in,1920.0,1080.0,Silver,6,False,True,True,False
1541,Lenovo_i7_16GB_2TB_16in+,Lenovo,Notebook/Laptop,616.5,Open Box,Like-New,Intel,Intel,i7,12.0,4.7,Windows,SSD,512.0,512.0,1024.0,2TB,16.0,16GB,16.0,16in+,2560.0,1600.0,Gray,9,True,True,True,True
1542,Dell_i3_8GB_128GB_14-16in,Dell,Other,95.0,Refurbished - Good,Refurbished,Other,Intel,i3,8.0,,Chrome,SSD,,128.0,128.0,128GB,8.0,8GB,14.0,14-16in,1920.0,1080.0,Other,0,False,False,False,False
1543,Dell_i5_32GB_1TB_14-16in,Dell,Notebook/Laptop,280.0,Refurbished - Excellent,Refurbished,Intel,Intel,i5,,1.9,Windows,SSD,500.0,500.0,1000.0,1TB,32.0,32GB,14.0,14-16in,1920.0,1080.0,Black,1,False,False,False,True
1544,HP_i5_16GB_256GB_12-14in,HP,Other,184.1,Unknown,Unknown,Other,Intel,i5,6.0,3.0,Windows,Unknown,256.0,,256.0,256GB,8.192,16GB,12.5,12-14in,,,Other,1,False,False,False,False
1545,Samsung_Unknown_32GB+_128GB_14-16in,Samsung,Notebook/Laptop,25.9,Unknown,Unknown,Other,Unknown,Unknown,,2.5,Windows,Unknown,64.0,64.0,128.0,128GB,64.0,32GB+,14.0,14-16in,1920.0,1080.0,Silver,1,False,False,False,True
1546,Dell_i7_32GB+_2TB+_14-16in,Dell,Other,240.0,Refurbished - Excellent,Refurbished,Intel,Intel,i7,7.0,3.9,Windows,SSD,2000.0,2000.0,4000.0,2TB+,64.0,32GB+,14.0,14-16in,1920.0,1080.0,Black,13,False,True,True,True
1547,Dell_celeron_4GB_32GB_Sub-12in,Dell,Notebook/Laptop,97.0,Used,Used,Intel,Intel,celeron,,2.16,Chrome,SSD,16.0,16.0,32.0,32GB,4.0,4GB,11.6,Sub-12in,1366.0,768.0,Other,3,False,False,True,False
1548,HP_i7_32GB+_2TB+_16in+,HP,Notebook/Laptop,780.0,New,New,Intel,Intel,i7,13.0,1.7,Windows,HDD/SSD,1000.0,4000.0,5000.0,2TB+,64.0,32GB+,17.3,16in+,1920.0,1080.0,Silver,3,False,False,True,False
1549,Asus_Other/Unspecified_16GB_2TB_14-16in,Asus,Notebook/Laptop,699.0,New,New,Other,AMD,Other/Unspecified,,3.3,Windows,SSD,512.0,512.0,1024.0,2TB,16.0,16GB,14.0,14-16in,1920.0,1080.0,Silver,6,False,True,True,True
1550,Lenovo_celeron_4GB_16GB_Sub-12in,Lenovo,Notebook/Laptop,16.0,Unknown,Unknown,Intel,Intel,celeron,,1.6,Chrome,SSD,,16.0,16.0,16GB,4.0,4GB,11.6,Sub-12in,1366.0,768.0,Black,3,False,True,True,False
1551,Dell_i3_4GB_512GB_14-16in,Dell,Notebook/Laptop,119.0,Refurbished - Good,Refurbished,Other,Intel,i3,3.0,,Windows,HDD/SSD,320.0,,320.0,512GB,4.0,4GB,15.6,14-16in,1366.0,768.0,Other,0,False,False,False,False
1552,Dell_i5_16GB_1TB_14-16in,Dell,Notebook/Laptop,190.0,Used,Used,Other,Intel,i5,4.0,2.1,Windows,SSD,,1000.0,1000.0,1TB,16.0,16GB,14.0,14-16in,,,Other,5,False,True,True,True
1553,Other/Unbranded_i5_Unk_Unk_Sub-12in,Other/Unbranded,Other,80.0,Unknown,Unknown,Other,Intel,i5,3.0,,Unknown,Unknown,,,,Unk,,Unk,10.1,Sub-12in,,,Other,0,False,False,False,False
1554,Samsung_i5_8GB_512GB_12-14in,Samsung,Notebook/Laptop,350.0,Used,Used,Intel,Intel,i5,10.0,1.6,Chrome,SSD,256.0,256.0,512.0,512GB,8.0,8GB,13.3,12-14in,3840.0,2160.0,Red,4,True,False,True,True
1555,HP_i3_2GB_512GB_Unk,HP,Notebook/Laptop,89.0,Used,Used,Intel,Intel,i3,2.0,,Windows,HDD/SSD,320.0,,320.0,512GB,2.0,2GB,,Unk,,,Other,0,False,False,False,False
1556,HP_Other/Unspecified_4GB_32GB_Sub-12in,HP,Notebook/Laptop,45.88,Used,Used,Other,AMD,Other/Unspecified,,1.6,Chrome,EMMC,16.0,16.0,32.0,32GB,4.0,4GB,11.6,Sub-12in,1366.0,768.0,Black,3,False,False,True,True
1557,Lenovo_i5_8GB_32GB_12-14in,Lenovo,Notebook/Laptop,109.0,Used,Used,Other,Intel,i5,6.0,2.4,Chrome,SSD,,32.0,32.0,32GB,8.0,8GB,13.3,12-14in,,,Other,0,False,False,False,False
1558,Other/Unbranded_Unknown_Unk_Unk_Unk,Other/Unbranded,Other,216.5,Refurbished - Very Good,Refurbished,Other,Unknown,Unknown,,,Unknown,Unknown,,,,Unk,,Unk,,Unk,,,Other,0,False,False,False,False
1559,Dell_i5_8GB_256GB_14-16in,Dell,Notebook/Laptop,170.9,Used,Used,Other,Intel,i5,8.0,,Windows,SSD,,256.0,256.0,256GB,8.0,8GB,14.0,14-16in,,,Black,2,False,False,False,False
1560,Lenovo_Other/Unspecified_4GB_64GB_Sub-12in,Lenovo,Notebook/Laptop,190.0,Unknown,Unknown,Amd,AMD,Other/Unspecified,,2.8,Windows,EMMC,64.0,,64.0,64GB,4.0,4GB,11.6,Sub-12in,1920.0,1080.0,Blue,4,True,False,True,True
1561,Lenovo_i7_16GB_1TB_14-16in,Lenovo,Notebook/Laptop,339.0,Refurbished - Very Good,Refurbished,Nvidia,Intel,i7,4.0,2.7,Windows,SSD,,1000.0,1000.0,1TB,16.0,16GB,15.6,14-16in,1920.0,1080.0,Black,6,False,True,True,True
1562,Acer_i5_16GB_2TB_14-16in,Acer,Notebook/Laptop,629.0,New,New,Nvidia,Intel,i5,11.0,2.7,Windows,SSD,512.0,512.0,1024.0,2TB,16.0,16GB,15.6,14-16in,1920.0,1080.0,Black,7,False,True,True,True
1563,Dell_i3_8GB_1TB_14-16in,Dell,Notebook/Laptop,300.0,New,New,Other,Intel,i3,12.0,,Windows,SSD,512.0,256.0,768.0,1TB,8.0,8GB,15.6,14-16in,1920.0,1080.0,Black,0,False,False,False,False
1564,Asus_i5_8GB_2TB_14-16in,Asus,Notebook/Laptop,130.0,Used,Used,Other,Intel,i5,8.0,,Windows,Unknown,1000.0,1000.0,2000.0,2TB,8.0,8GB,14.0,14-16in,,,Other,1,True,False,False,False
1565,Dell_Other/Unspecified_8GB_256GB_Sub-12in,Dell,Notebook/Laptop,131.2,Refurbished - Very Good,Refurbished,Other,Intel,Other/Unspecified,,1.1,Windows,SSD,,256.0,256.0,256GB,8.0,8GB,10.8,Sub-12in,,,Other,0,False,False,False,False
1566,Other/Unbranded_pentium_4GB_256GB_14-16in,Other/Unbranded,Notebook/Laptop,140.0,Unknown,Unknown,Intel,Intel,pentium,,1.1,Chrome,EMMC,128.0,128.0,256.0,256GB,4.0,4GB,15.6,14-16in,1366.0,768.0,Black,4,True,False,True,False
1567,Dell_i5_Unk_2TB_14-16in,Dell,Notebook/Laptop,307.0,Refurbished - Very Good,Refurbished,Intel,Intel,i5,7.0,3.1,Windows,SSD,2000.0,,2000.0,2TB,,Unk,15.6,14-16in,1920.0,1080.0,Black,9,False,True,True,True
1568,HP_i7_16GB_1TB_14-16in,HP,Notebook/Laptop,299.0,Refurbished - Very Good,Refurbished,Intel,Intel,i7,6.0,2.7,Windows,SSD,,1000.0,1000.0,1TB,16.0,16GB,15.6,14-16in,,,Black,4,False,False,True,True
1569,Dell_i7_16GB_2TB_14-16in,Dell,Notebook/Laptop,825.0,New,New,Intel,Intel,i7,13.0,3.9,Windows,SSD,512.0,512.0,1024.0,2TB,16.0,16GB,14.0,14-16in,1920.0,1080.0,Silver,6,False,True,True,True
1570,Dell_i7_32GB_2TB_16in+,Dell,Notebook/Laptop,449.0,Used,Used,Other,Intel,i7,6.0,3.8,Windows,SSD,1000.0,1000.0,2000.0,2TB,32.0,32GB,17.3,16in+,1920.0,1080.0,Black,6,False,True,True,True
1571,Dell_Other/Unspecified_Unk_256GB_14-16in,Dell,Other,95.0,Used,Used,Other,Other,Other/Unspecified,,,Windows,Unknown,250.0,,250.0,256GB,,Unk,14.0,14-16in,,,Other,0,False,False,False,False
1572,HP_i5_8GB_128GB_14-16in,HP,Notebook/Laptop,198.0,Refurbished - Very Good,Refurbished,Intel,Intel,i5,8.0,1.7,Windows,SSD,,128.0,128.0,128GB,8.0,8GB,14.0,14-16in,1920.0,1080.0,Silver,6,False,False,True,True
1573,Dell_i5_Unk_Unk_14-16in,Dell,Notebook/Laptop,49.94,For Parts / Not Working,End-of-Life,Other,Intel,i5,4.0,,Unknown,OTHER,,,,Unk,,Unk,14.0,14-16in,1366.0,768.0,Other,2,False,True,False,False
1574,Dell_i5_8GB_Unk_14-16in,Dell,Notebook/Laptop,135.0,Refurbished - Good,Refurbished,Intel,Intel,i5,7.0,2.9,Windows,OTHER,,,,Unk,8.0,8GB,14.0,14-16in,1366.0,768.0,Black,4,False,False,True,False
1575,Lenovo_ryzen7_16GB_1TB_14-16in,Lenovo,Notebook/Laptop,299.0,Used,Used,Amd,AMD,ryzen 7,,2.3,Windows,SSD,16.0,512.0,528.0,1TB,16.0,16GB,14.0,14-16in,1920.0,1080.0,Black,5,False,True,True,True
1576,Dell_i7_16GB_512GB_14-16in,Dell,Notebook/Laptop,363.0,Used,Used,Intel,Intel,i7,8.0,1.9,Windows,SSD,,512.0,512.0,512GB,16.0,16GB,14.0,14-16in,,,Black,8,True,True,True,True
1577,Dell_i5_8GB_Unk_14-16in,Dell,Notebook/Laptop,200.0,Used,Used,Intel,Intel,i5,,1.7,Unknown,SSD,,,,Unk,8.0,8GB,14.0,14-16in,1920.0,1080.0,Black,5,False,False,True,True
1578,Dell_i7_Unk_Unk_14-16in,Dell,Notebook/Laptop,140.0,Used,Used,Other,Intel,i7,,,Windows,Unknown,,,,Unk,,Unk,14.0,14-16in,,,Other,0,False,False,False,False
1579,Dell_i5_8GB_2TB_14-16in,Dell,Notebook/Laptop,297.0,Refurbished - Good,Refurbished,Intel,Intel,i5,6.0,2.4,Windows,SSD,512.0,512.0,1024.0,2TB,8.0,8GB,14.0,14-16in,,,Black,7,False,True,True,True
1580,Lenovo_i7_16GB_2TB_14-16in,Lenovo,Notebook/Laptop,282.0,Refurbished - Very Good,Refurbished,Nvidia,Intel,i7,3.0,2.6,Windows,SSD,512.0,512.0,1024.0,2TB,16.0,16GB,15.6,14-16in,,,Black,4,False,False,False,True
1581,Lenovo_i5_8GB_512GB_14-16in,Lenovo,Notebook/Laptop,225.0,Refurbished - Good,Refurbished,Intel,Intel,i5,8.0,1.6,Windows,SSD,,512.0,512.0,512GB,8.0,8GB,14.0,14-16in,1920.0,1080.0,Black,5,False,False,True,True
1582,HP_i5_Unk_Unk_14-16in,HP,Notebook/Laptop,800.0,New,New,Other,Intel,i5,,,Unknown,Unknown,,,,Unk,,Unk,15.6,14-16in,,,Other,0,False,False,False,False
1583,Dell_i5_32GB_2TB_14-16in,Dell,Notebook/Laptop,245.0,Used,Used,Intel,Intel,i5,,1.7,Windows,SSD,1000.0,1000.0,2000.0,2TB,32.0,32GB,14.0,14-16in,1366.0,768.0,Black,10,False,True,True,True
1584,Lenovo_i7_32GB_512GB_14-16in,Lenovo,Notebook/Laptop,585.0,Refurbished - Very Good,Refurbished,Nvidia,Intel,i7,7.0,3.0,Windows,SSD,,512.0,512.0,512GB,32.0,32GB,15.6,14-16in,3840.0,2160.0,Black,6,False,True,True,True
1585,Dell_i5_8GB_256GB_14-16in,Dell,Notebook/Laptop,170.0,Refurbished - Very Good,Refurbished,Other,Intel,i5,6.0,,Windows,SSD,,240.0,240.0,256GB,8.0,8GB,14.0,14-16in,,,Other,1,False,False,False,True
1586,HP_i5_16GB_256GB_14-16in,HP,Notebook/Laptop,494.2,Used,Used,Other,Intel,i5,11.0,2.4,Windows,SSD,,256.0,256.0,256GB,16.0,16GB,14.0,14-16in,,,Other,0,False,False,False,False
1587,Dell_i7_32GB_Unk_14-16in,Dell,Notebook/Laptop,400.0,Used,Used,Other,Intel,i7,9.0,2.6,Unknown,Unknown,,,,Unk,32.0,32GB,15.6,14-16in,1920.0,1080.0,Black,2,False,False,False,False
1588,HP_i5_8GB_256GB_14-16in,HP,Other,439.0,New,New,Other,Intel,i5,,2.4,Windows,SSD,,256.0,256.0,256GB,8.0,8GB,14.0,14-16in,1920.0,1080.0,Silver,0,False,False,False,False
1589,Dell_i5_16GB_2TB_14-16in,Dell,Notebook/Laptop,479.0,Unknown,Unknown,Intel,Intel,i5,12.0,2.0,Windows,SSD,512.0,512.0,1024.0,2TB,16.0,16GB,15.6,14-16in,1920.0,1080.0,Black,4,False,True,True,True
1590,Dell_celeron_4GB_16GB_Sub-12in,Dell,Notebook/Laptop,33.94,Used,Used,Intel,Intel,celeron,,1.6,Chrome,EMMC,,16.0,16.0,16GB,4.0,4GB,11.6,Sub-12in,1366.0,768.0,Black,3,False,False,True,False
1591,Other/Unbranded_Other/Unspecified_8GB_256GB_12-14in,Other/Unbranded,Other,250.0,Used,Used,Other,Intel,Other/Unspecified,6.0,1.1,Windows,SSD,128.0,128.0,256.0,256GB,8.0,8GB,12.5,12-14in,1920.0,1080.0,Black,8,False,True,True,False
1592,Dell_i7_32GB_2TB_14-16in,Dell,Notebook/Laptop,388.0,Used,Used,Nvidia,Intel,i7,8.0,2.6,Unknown,SSD,512.0,512.0,1024.0,2TB,32.0,32GB,15.6,14-16in,1920.0,1080.0,Silver,3,False,True,False,True
1593,Dell_atom_Unk_Unk_14-16in,Dell,Other,410.0,New,New,Other,Intel,atom,,,Unknown,Unknown,,,,Unk,,Unk,14.0,14-16in,,,Other,0,False,False,False,False
1594,Other/Unbranded_Other/Unspecified_4GB_Unk_12-14in,Other/Unbranded,Other,499.0,Unknown,Unknown,Other,Other,Other/Unspecified,,1.8,Unknown,Unknown,,,,Unk,4.0,4GB,13.3,12-14in,2200.0,1650.0,White,0,False,False,False,False
1595,Other/Unbranded_i5_8GB_2TB_14-16in,Other/Unbranded,Notebook/Laptop,300.0,New,New,Intel,Intel,i5,8.0,3.8,Windows,SSD,512.0,1000.0,1512.0,2TB,8.0,8GB,14.0,14-16in,2160.0,1440.0,Gray,3,False,True,False,False
1596,HP_celeron_4GB_32GB_Sub-12in,HP,Notebook/Laptop,85.0,Used,Used,Intel,Intel,celeron,,2.16,Chrome,EMMC,16.0,16.0,32.0,32GB,4.0,4GB,11.6,Sub-12in,1366.0,768.0,Multicolor,4,False,False,True,False
1597,Other/Unbranded_i5_16GB_512GB_12-14in,Other/Unbranded,Notebook/Laptop,461.2,Used,Used,Other,Intel,i5,8.0,1.4,Mac,SSD,,512.0,512.0,512GB,16.0,16GB,13.3,12-14in,,,Other,0,False,False,False,False
1598,HP_celeron_4GB_128GB_14-16in,HP,Notebook/Laptop,110.94,Used,Used,Intel,Intel,celeron,,1.1,Windows,EMMC,64.0,64.0,128.0,128GB,4.0,4GB,14.0,14-16in,1366.0,768.0,White,1,True,False,False,False
1599,Dell_i3_Unk_Unk_14-16in,Dell,Other,56.0,Used,Used,Other,Intel,i3,8.0,,Unknown,Unknown,,,,Unk,,Unk,15.6,14-16in,,,Other,0,False,False,False,False
1600,HP_i7_8GB_512GB_14-16in,HP,Notebook/Laptop,135.0,Used,Used,Nvidia,Intel,i7,,2.2,Windows,SSD,256.0,256.0,512.0,512GB,8.0,8GB,15.6,14-16in,1920.0,1080.0,Silver,8,False,True,True,True
1601,Dell_i5_16GB_512GB_14-16in,Dell,Notebook/Laptop,464.5,Used,Used,Nvidia,Intel,i5,10.0,2.6,Unknown,SSD,,512.0,512.0,512GB,16.0,16GB,15.6,14-16in,2220.0,1080.0,Other,0,False,False,False,False
1602,Other/Unbranded_Unknown_Unk_Unk_Unk,Other/Unbranded,Other,195.6,Refurbished - Excellent,Refurbished,Other,Unknown,Unknown,,,Unknown,Unknown,,,,Unk,,Unk,,Unk,,,Other,0,False,False,False,False
1603,Lenovo_i5_8GB_512GB_14-16in,Lenovo,Notebook/Laptop,170.0,Used,Used,Intel,Intel,i5,8.0,1.7,Windows,SSD,256.0,256.0,512.0,512GB,8.0,8GB,15.6,14-16in,1920.0,1080.0,Black,0,False,False,False,False
1604,Other/Unbranded_i7_16GB_512GB_Sub-12in,Other/Unbranded,Other,290.0,Used,Used,Intel,Intel,i7,6.0,2.5,Windows,SSD,256.0,256.0,512.0,512GB,16.0,16GB,11.6,Sub-12in,1366.0,768.0,Other,7,True,False,True,True
1605,HP_i7_32GB_2TB_14-16in,HP,Notebook/Laptop,395.0,Used,Used,Nvidia,Intel,i7,10.0,1.8,Windows,SSD,1000.0,1000.0,2000.0,2TB,32.0,32GB,14.0,14-16in,1920.0,1080.0,Other,13,True,True,True,True
1606,HP_celeron_8GB_64GB_14-16in,HP,Notebook/Laptop,49.94,Used,Used,Other,Intel,celeron,,1.1,Chrome,EMMC,32.0,32.0,64.0,64GB,8.0,8GB,14.0,14-16in,1366.0,768.0,Gray,4,False,False,True,True
1607,Other/Unbranded_i3_Unk_Unk_14-16in,Other/Unbranded,Notebook/Laptop,84.5,For Parts / Not Working,End-of-Life,Other,Intel,i3,,3.0,Unknown,HDD/SSD,,,,Unk,,Unk,15.6,14-16in,,,Other,4,False,False,False,False
1608,Dell_pentium_16GB_2TB_16in+,Dell,Notebook/Laptop,930.0,New,New,Other,Intel,pentium,,1.9,Windows,SSD,1000.0,1000.0,2000.0,2TB,16.0,16GB,17.3,16in+,1600.0,900.0,Black,8,False,True,True,True
1609,Dell_i5_16GB_512GB_14-16in,Dell,Notebook/Laptop,171.0,Refurbished - Very Good,Refurbished,Intel,Intel,i5,8.0,1.7,Windows,SSD,,500.0,500.0,512GB,16.0,16GB,14.0,14-16in,,,Black,1,False,False,False,True
1610,Lenovo_celeron_4GB_16GB_Sub-12in,Lenovo,Other,35.0,Used,Used,Intel,Intel,celeron,,1.0,Chrome,SSD,16.0,,16.0,16GB,4.0,4GB,11.6,Sub-12in,1366.0,768.0,Black,0,False,False,False,False
1611,HP_ryzen7_16GB_512GB_16in+,HP,Notebook/Laptop,949.5,Refurbished - Certified,Refurbished,Nvidia,AMD,ryzen 7,,5.1,Windows,SSD,,512.0,512.0,512GB,16.0,16GB,16.1,16in+,1920.0,1080.0,Black,5,False,True,True,True
1612,Dell_i7_32GB+_2TB_14-16in,Dell,Notebook/Laptop,330.0,Refurbished - Excellent,Refurbished,Intel,Intel,i7,8.0,2.6,Windows,SSD,512.0,512.0,1024.0,2TB,512.0,32GB+,15.6,14-16in,1920.0,1080.0,Other,1,False,False,False,True
1613,Microsoft_i7_32GB_512GB_12-14in,Microsoft,Notebook/Laptop,900.0,Refurbished - Very Good,Refurbished,Other,Intel,i7,,1.8,Windows,SSD,,512.0,512.0,512GB,32.0,32GB,13.5,12-14in,,,Black,0,False,False,False,False
1614,Dell_i7_32GB_2TB_14-16in,Dell,Notebook/Laptop,329.5,Used,Used,Nvidia,Intel,i7,,2.2,Windows,SSD,512.0,512.0,1024.0,2TB,32.0,32GB,15.6,14-16in,1920.0,1080.0,Black,0,False,False,False,False
1615,Samsung_Other/Unspecified_4GB_128GB_14-16in,Samsung,Notebook/Laptop,159.0,Unknown,Unknown,Other,Other,Other/Unspecified,,2.55,Windows,SSD,64.0,64.0,128.0,128GB,4.0,4GB,14.0,14-16in,1920.0,1080.0,Silver,1,False,False,False,False
1616,Other/Unbranded_Unknown_Unk_Unk_Unk,Other/Unbranded,Other,5.55,New,New,Other,Unknown,Unknown,,,Unknown,Unknown,,,,Unk,,Unk,,Unk,,,Other,0,False,False,False,False
1617,HP_i3_8GB_256GB_14-16in,HP,Notebook/Laptop,330.0,New,New,Intel,Intel,i3,,4.1,Windows,SSD,,256.0,256.0,256GB,8.0,8GB,15.6,14-16in,1920.0,1080.0,Silver,3,False,False,True,False
1618,Other/Unbranded_Unknown_Unk_Unk_Unk,Other/Unbranded,Other,32.53,For Parts / Not Working,End-of-Life,Other,Unknown,Unknown,,,Unknown,Unknown,,,,Unk,,Unk,,Unk,,,Other,0,False,False,False,False
1619,Dell_i7_16GB_2TB_14-16in,Dell,Notebook/Laptop,225.0,Used,Used,Nvidia,Intel,i7,,2.7,Windows,SSD,512.0,512.0,1024.0,2TB,16.0,16GB,15.6,14-16in,1920.0,1080.0,Black,1,True,False,False,False
1620,Lenovo_i5_8GB_512GB_12-14in,Lenovo,Other,200.0,Used,Used,Other,Intel,i5,,1.7,Windows,SSD,256.0,256.0,512.0,512GB,8.0,8GB,13.0,12-14in,,,Black,0,False,False,False,False
1621,Lenovo_i7_16GB_2TB_16in+,Lenovo,Notebook/Laptop,616.5,Open Box,Like-New,Intel,Intel,i7,12.0,4.7,Windows,SSD,512.0,512.0,1024.0,2TB,16.0,16GB,16.0,16in+,2560.0,1600.0,Gray,9,True,True,True,True
1622,Other/Unbranded_Other/Unspecified_16GB_2TB_Sub-12in,Other/Unbranded,Notebook/Laptop,324.0,New,New,Intel,Intel,Other/Unspecified,,3.4,Windows,SSD,512.0,512.0,1024.0,2TB,12.0,16GB,10.5,Sub-12in,1920.0,1200.0,Gray,5,False,False,True,True
1623,Other/Unbranded_Unknown_Unk_Unk_Unk,Other/Unbranded,Notebook/Laptop,162.0,Used,Used,Other,Unknown,Unknown,,,Unknown,Unknown,,,,Unk,,Unk,,Unk,,,Other,0,False,False,False,False
1624,Lenovo_i5_16GB_2TB_14-16in,Lenovo,Notebook/Laptop,154.0,Used,Used,Intel,Intel,i5,,2.3,Windows,SSD,512.0,512.0,1024.0,2TB,16.0,16GB,14.0,14-16in,1600.0,900.0,Black,2,False,False,False,True
1625,HP_i5_8GB_512GB_14-16in,HP,Notebook/Laptop,380.0,Unknown,Unknown,Intel,Intel,i5,11.0,2.4,Windows,SSD,256.0,256.0,512.0,512GB,8.0,8GB,15.6,14-16in,1920.0,1080.0,Silver,11,True,True,True,True
1626,Dell_i5_8GB_256GB_14-16in,Dell,Notebook/Laptop,80.0,Used,Used,Intel,Intel,i5,,2.5,Linux,SSD,,240.0,240.0,256GB,8.0,8GB,15.6,14-16in,,,Multicolor,5,False,True,False,True
1627,Dell_i5_16GB_512GB_16in+,Dell,Notebook/Laptop,800.0,Used,Used,Nvidia,Intel,i5,,4.6,Windows,SSD,256.0,256.0,512.0,512GB,16.0,16GB,17.0,16in+,1920.0,1200.0,Silver,4,False,False,True,True
1628,HP_i7_8GB_2TB_14-16in,HP,Notebook/Laptop,170.0,Unknown,Unknown,Other,Intel,i7,11.0,3.0,Windows,SSD,512.0,512.0,1024.0,2TB,8.0,8GB,14.0,14-16in,1920.0,1080.0,Silver,0,False,False,False,False
1629,Dell_Other/Unspecified_8GB_Unk_Unk,Dell,Notebook/Laptop,245.0,Used,Used,Other,Other,Other/Unspecified,,,Unknown,SSD,,,,Unk,8.0,8GB,,Unk,1920.0,1080.0,Other,2,False,False,False,True
1630,Lenovo_Other/Unspecified_16GB_32GB_Sub-12in,Lenovo,Other,39.94,Used,Used,Other,Other,Other/Unspecified,,,Chrome,EMMC,16.0,16.0,32.0,32GB,16.0,16GB,11.6,Sub-12in,,,Other,0,False,False,False,False
1631,HP_Other/Unspecified_4GB_32GB_Sub-12in,HP,Notebook/Laptop,58.0,Used,Used,Other,AMD,Other/Unspecified,,1.6,Chrome,EMMC,16.0,16.0,32.0,32GB,4.0,4GB,11.6,Sub-12in,1366.0,768.0,Black,3,False,False,True,True
1632,Lenovo_ryzen7_16GB_1TB_16in+,Lenovo,Notebook/Laptop,780.0,Unknown,Unknown,Amd,AMD,ryzen 7,,2.7,Windows,SSD,,1000.0,1000.0,1TB,16.0,16GB,16.0,16in+,1900.0,1200.0,Gray,3,False,False,True,True
1633,Lenovo_i5_32GB_2TB_14-16in,Lenovo,Notebook/Laptop,400.0,Used,Used,Intel,Intel,i5,10.0,1.6,Windows,SSD,1000.0,1000.0,2000.0,2TB,32.0,32GB,15.6,14-16in,1920.0,1080.0,Black,5,False,False,True,True
1634,HP_atom_2GB_512GB_Sub-12in,HP,Other,35.0,Used,Used,Other,Intel,atom,,1.6,Unknown,HDD/SSD,300.0,,300.0,512GB,2.0,2GB,10.1,Sub-12in,1024.0,600.0,Black,0,False,False,False,False
1635,Dell_i5_32GB_1TB_14-16in,Dell,Notebook/Laptop,300.0,Used,Used,Intel,Intel,i5,8.0,3.6,Windows,SSD,,1000.0,1000.0,1TB,32.0,32GB,14.0,14-16in,1366.0,768.0,Black,5,False,False,True,True
1636,HP_celeron_4GB_256GB_14-16in,HP,Notebook/Laptop,139.0,Unknown,Unknown,Intel,Intel,celeron,,1.1,Chrome,SSD,128.0,128.0,256.0,256GB,4.0,4GB,14.0,14-16in,1920.0,1200.0,Silver,4,False,False,True,True
1637,Dell_i7_Unk_Unk_14-16in,Dell,Other,400.0,Refurbished - Excellent,Refurbished,Other,Intel,i7,,,Unknown,Unknown,,,,Unk,,Unk,14.0,14-16in,,,Other,0,False,False,False,False
1638,HP_i5_8GB_256GB_12-14in,HP,Notebook/Laptop,239.5,Refurbished - Very Good,Refurbished,Other,Intel,i5,7.0,1.2,Windows,SSD,,256.0,256.0,256GB,8.0,8GB,12.5,12-14in,,,Other,0,False,False,False,False
1639,Other/Unbranded_i5_8GB_256GB_12-14in,Other/Unbranded,Notebook/Laptop,169.0,Used,Used,Other,Intel,i5,8.0,,Windows,SSD,,256.0,256.0,256GB,8.0,8GB,13.3,12-14in,1366.0,768.0,Other,0,False,False,False,False
1640,Dell_i5_16GB_256GB_14-16in,Dell,Notebook/Laptop,189.0,Used,Used,Intel,Intel,i5,6.0,2.6,Windows,OTHER,,256.0,256.0,256GB,16.0,16GB,14.0,14-16in,1366.0,786.0,Black,5,False,False,True,True
1641,Dell_i5_Unk_2TB_14-16in,Dell,Notebook/Laptop,358.0,Refurbished - Very Good,Refurbished,Intel,Intel,i5,8.0,3.6,Windows,SSD,2000.0,,2000.0,2TB,,Unk,15.6,14-16in,1920.0,1080.0,Black,9,False,True,True,True
1642,Dell_i5_Unk_2TB_14-16in,Dell,Notebook/Laptop,290.0,Refurbished - Very Good,Refurbished,Intel,Intel,i5,8.0,3.6,Windows,SSD,2000.0,,2000.0,2TB,,Unk,14.0,14-16in,1920.0,1080.0,Black,8,False,True,True,True
1643,Dell_i7_Unk_2TB_14-16in,Dell,Notebook/Laptop,326.0,Refurbished - Very Good,Refurbished,Intel,Intel,i7,7.0,3.9,Windows,SSD,2000.0,,2000.0,2TB,,Unk,14.0,14-16in,1920.0,1080.0,Black,7,False,True,True,True
1644,Lenovo_i5_32GB_2TB_14-16in,Lenovo,Notebook/Laptop,200.0,Refurbished - Excellent,Refurbished,Intel,Intel,i5,6.0,2.4,Windows,SSD,512.0,512.0,1024.0,2TB,20.0,32GB,14.0,14-16in,1920.0,1080.0,Other,3,False,False,True,True
1645,Lenovo_pentium_32GB+_2TB_14-16in,Lenovo,Notebook/Laptop,289.0,New,New,Intel,Intel,pentium,,,Windows,SSD,1000.0,1000.0,2000.0,2TB,36.0,32GB+,15.6,14-16in,1920.0,1080.0,Blue,6,False,False,True,True
1646,Lenovo_i5_16GB_1TB_14-16in,Lenovo,Notebook/Laptop,280.0,Refurbished - Excellent,Refurbished,Intel,Intel,i5,8.0,1.7,Windows,SSD,500.0,500.0,1000.0,1TB,16.0,16GB,14.0,14-16in,1920.0,1080.0,Black,5,False,True,True,True
1647,HP_i3_8GB_128GB_12-14in,HP,Notebook/Laptop,180.0,For Parts / Not Working,End-of-Life,Other,Intel,i3,7.0,2.4,Unknown,SSD,,120.0,120.0,128GB,8.0,8GB,13.3,12-14in,1366.0,768.0,Silver,3,False,False,True,False
1648,Dell_celeron_4GB_32GB_Sub-12in,Dell,Notebook/Laptop,49.5,Used,Used,Intel,Intel,celeron,,2.16,Chrome,SSD,16.0,16.0,32.0,32GB,4.0,4GB,11.6,Sub-12in,1366.0,768.0,Black,4,False,False,False,True
1649,Dell_i5_Unk_2TB_14-16in,Dell,Notebook/Laptop,325.0,Refurbished - Very Good,Refurbished,Intel,Intel,i5,8.0,3.4,Windows,SSD,2000.0,,2000.0,2TB,,Unk,14.0,14-16in,1920.0,1080.0,Black,8,False,True,True,True
1650,Microsoft_i7_16GB_512GB_12-14in,Microsoft,Notebook/Laptop,388.8,Unknown,Unknown,Intel,Intel,i7,8.0,1.9,Windows,SSD,,512.0,512.0,512GB,16.0,16GB,13.3,12-14in,,,Other,1,False,False,False,False
1651,Lenovo_i7_16GB_2TB_16in+,Lenovo,Notebook/Laptop,594.5,Open Box,Like-New,Intel,Intel,i7,13.0,5.0,Windows,SSD,512.0,512.0,1024.0,2TB,16.0,16GB,16.0,16in+,1920.0,1200.0,Blue,7,True,True,True,True
1652,Dell_i5_Unk_2TB_Unk,Dell,Notebook/Laptop,325.0,Refurbished - Very Good,Refurbished,Intel,Intel,i5,7.0,3.1,Windows,SSD,2000.0,,2000.0,2TB,,Unk,,Unk,1920.0,1080.0,Black,9,False,True,True,True
1653,Other/Unbranded_celeron_8GB_512GB_14-16in,Other/Unbranded,Notebook/Laptop,160.0,New,New,Intel,Intel,celeron,,2.7,Windows,SSD,256.0,256.0,512.0,512GB,8.0,8GB,14.1,14-16in,1920.0,1080.0,Gray,3,False,False,True,False
1654,Dell_Other/Unspecified_4GB_128GB_Sub-12in,Dell,Notebook/Laptop,130.0,Used,Used,Other,Intel,Other/Unspecified,,2.8,Windows,SSD,,128.0,128.0,128GB,4.0,4GB,11.6,Sub-12in,1920.0,1080.0,Black,1,False,False,False,True
1655,Dell_i5_8GB_2TB_14-16in,Dell,Other,185.0,Used,Used,Intel,Intel,i5,6.0,2.4,Windows,SSD,512.0,512.0,1024.0,2TB,8.0,8GB,14.0,14-16in,1366.0,768.0,Black,1,False,False,False,False
1656,Lenovo_i5_16GB_512GB_14-16in,Lenovo,Notebook/Laptop,199.0,Used,Used,Intel,Intel,i5,8.0,1.6,Windows,SSD,256.0,256.0,512.0,512GB,16.0,16GB,14.0,14-16in,1920.0,1080.0,Black,5,True,False,True,True
1657,Dell_i7_32GB_1TB_16in+,Dell,Notebook/Laptop,729.0,Refurbished - Certified,Refurbished,Other,Intel,i7,,2.4,Windows,SSD,,1000.0,1000.0,1TB,32.0,32GB,16.0,16in+,,,Silver,0,False,False,False,False
1658,Lenovo_Unknown_8GB_512GB_12-14in,Lenovo,Notebook/Laptop,160.0,Unknown,Unknown,Intel,Unknown,Unknown,,1.7,Windows,SSD,256.0,256.0,512.0,512GB,8.0,8GB,12.5,12-14in,1920.0,1080.0,Black,5,False,False,True,True
1659,Microsoft_pentium_4GB_128GB_Sub-12in,Microsoft,Notebook/Laptop,230.0,Unknown,Unknown,Intel,Intel,pentium,,1.1,Windows,SSD,64.0,64.0,128.0,128GB,4.0,4GB,10.5,Sub-12in,1920.0,1280.0,Silver,4,False,False,True,False
1660,Lenovo_Other/Unspecified_4GB_Unk_14-16in,Lenovo,Notebook/Laptop,62.5,Refurbished - Good,Refurbished,Intel,AMD,Other/Unspecified,,1.6,Chrome,EMMC,,,,Unk,4.0,4GB,14.0,14-16in,1366.0,768.0,Other,4,False,False,True,True
1661,Dell_i5_Unk_2TB_Unk,Dell,Notebook/Laptop,325.0,Refurbished - Very Good,Refurbished,Intel,Intel,i5,8.0,3.4,Windows,SSD,2000.0,,2000.0,2TB,,Unk,,Unk,1920.0,1080.0,Black,7,False,False,True,True
1662,Lenovo_i5_8GB_1TB_14-16in,Lenovo,Notebook/Laptop,48.0,Used,Used,Intel,Intel,i5,3.0,2.6,Windows,SSD,500.0,500.0,1000.0,1TB,8.0,8GB,14.0,14-16in,1366.0,768.0,Black,4,False,False,True,True
1663,HP_ryzen5_8GB_512GB_14-16in,HP,Notebook/Laptop,550.0,Unknown,Unknown,Nvidia,AMD,ryzen 5,,3.3,Windows,SSD,,512.0,512.0,512GB,8.0,8GB,15.6,14-16in,1920.0,1080.0,Silver,0,False,False,False,False
1664,Lenovo_i5_8GB_256GB_12-14in,Lenovo,Notebook/Laptop,151.1,Refurbished - Very Good,Refurbished,Other,Intel,i5,7.0,2.6,Windows,SSD,,256.0,256.0,256GB,8.0,8GB,13.3,12-14in,,,Other,0,False,False,False,False
1665,Lenovo_i5_4GB_Unk_12-14in,Lenovo,Other,230.0,For Parts / Not Working,End-of-Life,Other,Intel,i5,8.0,1.6,Unknown,SSD,,,,Unk,4.0,4GB,13.3,12-14in,1920.0,1080.0,Black,0,False,False,False,False
1666,Other/Unbranded_i5_8GB_128GB_Sub-12in,Other/Unbranded,Other,151.8,Used,Used,Other,Intel,i5,,2.3,Unknown,Unknown,,128.0,128.0,128GB,8.0,8GB,10.1,Sub-12in,1920.0,1080.0,Other,1,False,False,False,False
1667,HP_celeron_4GB_256GB_Sub-12in,HP,Notebook/Laptop,150.0,Used,Used,Intel,Intel,celeron,,1.1,Windows,SSD,128.0,128.0,256.0,256GB,4.0,4GB,11.6,Sub-12in,1366.0,768.0,Gray,10,True,False,True,True
1668,Dell_i7_16GB_2TB_14-16in,Dell,Notebook/Laptop,225.0,Used,Used,Other,Intel,i7,8.0,1.9,Windows,SSD,512.0,512.0,1024.0,2TB,16.0,16GB,14.0,14-16in,,,Black,0,False,False,False,False
1669,Other/Unbranded_celeron_8GB_2TB_14-16in,Other/Unbranded,Notebook/Laptop,202.5,New,New,Intel,Intel,celeron,,2.6,Windows,SSD,256.0,1000.0,1256.0,2TB,8.0,8GB,14.1,14-16in,1920.0,1080.0,Gray,2,False,False,False,False
1670,HP_i5_4GB_512GB_Unk,HP,Notebook/Laptop,62.0,Used,Used,Other,Intel,i5,,1.9,Windows,HDD/SSD,500.0,,500.0,512GB,4.0,4GB,,Unk,,,Other,0,False,False,False,False
1671,Dell_i7_32GB_2TB_16in+,Dell,Notebook/Laptop,700.0,Unknown,Unknown,Intel,Intel,i7,13.0,3.7,Windows,SSD,1000.0,1000.0,2000.0,2TB,32.0,32GB,16.0,16in+,2560.0,1600.0,Silver,3,True,True,True,False
1672,Other/Unbranded_i7_16GB_512GB_12-14in,Other/Unbranded,Other,230.0,Used,Used,Other,Intel,i7,8.0,1.5,Chrome,SSD,256.0,256.0,512.0,512GB,16.0,16GB,12.3,12-14in,,,Other,0,False,False,False,False
1673,Lenovo_i7_16GB_2TB_16in+,Lenovo,Notebook/Laptop,900.0,Unknown,Unknown,Nvidia,Intel,i7,12.0,4.7,Windows,SSD,512.0,512.0,1024.0,2TB,16.0,16GB,16.0,16in+,2560.0,1600.0,Gray,5,False,True,True,True
1674,Acer_Other/Unspecified_4GB_64GB_12-14in,Acer,Notebook/Laptop,53.0,Unknown,Unknown,Other,Other,Other/Unspecified,,2.1,Chrome,EMMC,32.0,32.0,64.0,64GB,4.0,4GB,13.3,12-14in,1920.0,1080.0,Silver,3,True,False,True,False
1675,Other/Unbranded_i5_8GB_Unk_Sub-12in,Other/Unbranded,Other,177.1,Used,Used,Other,Intel,i5,5.0,2.3,Unknown,Unknown,,,,Unk,8.0,8GB,10.1,Sub-12in,1920.0,1080.0,Other,0,False,False,False,False
1676,HP_i5_Unk_Unk_Sub-12in,HP,Other,200.0,For Parts / Not Working,End-of-Life,Other,Intel,i5,,,Unknown,Unknown,,,,Unk,,Unk,11.6,Sub-12in,,,Other,0,False,False,False,False
1677,Dell_i7_Unk_2TB_14-16in,Dell,Notebook/Laptop,430.0,Refurbished - Very Good,Refurbished,Intel,Intel,i7,8.0,4.2,Windows,SSD,2000.0,,2000.0,2TB,,Unk,14.0,14-16in,1920.0,1080.0,Black,9,False,True,True,True
1678,HP_celeron_4GB_16GB_Sub-12in,HP,Notebook/Laptop,75.0,Refurbished - Good,Refurbished,Intel,Intel,celeron,,2.16,Chrome,EMMC,16.0,,16.0,16GB,4.0,4GB,11.6,Sub-12in,1366.0,768.0,Other,7,False,False,True,True
1679,Microsoft_i5_4GB_128GB_12-14in,Microsoft,Notebook/Laptop,90.0,Used,Used,Other,Intel,i5,4.0,1.9,Windows,SSD,,128.0,128.0,128GB,4.0,4GB,12.3,12-14in,2160.0,1440.0,Other,6,True,False,True,True
1680,Dell_i7_16GB_2TB_Sub-12in,Dell,Other,599.0,Used,Used,Other,Intel,i7,8.0,1.9,Windows,SSD,512.0,512.0,1024.0,2TB,16.0,16GB,11.6,Sub-12in,,,Other,2,True,False,False,False
1681,Other/Unbranded_i5_16GB_512GB_14-16in,Other/Unbranded,Other,525.0,Unknown,Unknown,Other,Intel,i5,,,Unknown,SSD,,512.0,512.0,512GB,16.0,16GB,14.0,14-16in,,,Other,0,False,False,False,False
1682,Asus_i7_16GB_512GB_14-16in,Asus,Notebook/Laptop,495.0,Unknown,Unknown,Intel,Intel,i7,12.0,4.7,Windows,SSD,,512.0,512.0,512GB,16.0,16GB,15.6,14-16in,1920.0,1080.0,Blue,6,True,True,True,True
1683,Lenovo_celeron_4GB_256GB_Sub-12in,Lenovo,Notebook/Laptop,100.0,Used,Used,Intel,Intel,celeron,,1.6,Windows,SSD,128.0,128.0,256.0,256GB,4.0,4GB,11.6,Sub-12in,1366.0,768.0,Black,6,True,False,True,True
1684,Acer_i5_8GB_2TB_16in+,Acer,Notebook/Laptop,650.0,Unknown,Unknown,Nvidia,Intel,i5,12.0,4.0,Windows,SSD,512.0,512.0,1024.0,2TB,8.0,8GB,17.3,16in+,1920.0,1080.0,Black,6,False,False,True,True
1685,HP_i7_32GB_1TB_14-16in,HP,Notebook/Laptop,365.0,Refurbished - Very Good,Refurbished,Intel,Intel,i7,8.0,1.8,Windows,SSD,,1000.0,1000.0,1TB,32.0,32GB,15.6,14-16in,,,Silver,5,False,False,True,True
1686,Dell_i7_16GB_2TB_14-16in,Dell,Notebook/Laptop,455.0,Refurbished - Very Good,Refurbished,Intel,Intel,i7,10.0,4.9,Windows,SSD,1000.0,1000.0,2000.0,2TB,16.0,16GB,14.0,14-16in,1920.0,1080.0,Black,7,False,True,True,True
1687,Dell_i5_4GB_256GB_14-16in,Dell,Notebook/Laptop,210.5,Refurbished - Very Good,Refurbished,Other,Intel,i5,8.0,1.6,Windows,SSD,,256.0,256.0,256GB,4.0,4GB,14.0,14-16in,,,Other,0,False,False,False,False
1688,Microsoft_i5_8GB_256GB_12-14in,Microsoft,Notebook/Laptop,400.0,Used,Used,Intel,Intel,i5,,1.1,Unknown,SSD,128.0,128.0,256.0,256GB,8.0,8GB,12.3,12-14in,2736.0,1824.0,Other,1,False,False,False,True
1689,Other/Unbranded_i7_8GB_2TB_14-16in,Other/Unbranded,Notebook/Laptop,362.5,New,New,Intel,Intel,i7,12.0,4.7,Windows,SSD,512.0,512.0,1024.0,2TB,8.0,8GB,14.1,14-16in,1920.0,1080.0,Black,1,True,False,False,False
1690,Dell_i7_Unk_Unk_14-16in,Dell,Notebook/Laptop,36.88,For Parts / Not Working,End-of-Life,Other,Intel,i7,,,Unknown,HDD/SSD,,,,Unk,,Unk,14.0,14-16in,,,Other,0,False,False,False,False
1691,Dell_i7_32GB_1TB_12-14in,Dell,Notebook/Laptop,749.0,Refurbished - Good,Refurbished,Intel,Intel,i7,,4.8,Windows,SSD,,1000.0,1000.0,1TB,32.0,32GB,13.4,12-14in,3456.0,2160.0,Silver,7,True,True,True,True
1692,Dell_i5_8GB_Unk_14-16in,Dell,Notebook/Laptop,200.0,Used,Used,Intel,Intel,i5,,1.7,Unknown,SSD,,,,Unk,8.0,8GB,14.0,14-16in,1920.0,1080.0,Black,5,False,False,True,True
1693,Asus_i3_Unk_Unk_Unk,Asus,Other,254.0,Used,Used,Other,Intel,i3,,,Unknown,Unknown,,,,Unk,,Unk,,Unk,,,Other,0,False,False,False,False
1694,Samsung_Other/Unspecified_4GB_32GB_12-14in,Samsung,Other,90.0,Unknown,Unknown,Other,Other,Other/Unspecified,,2.0,Chrome,Unknown,32.0,,32.0,32GB,4.0,4GB,12.3,12-14in,,,Multicolor,0,False,False,False,False
1695,Other/Unbranded_Unknown_Unk_Unk_Unk,Other/Unbranded,Other,169.0,New,New,Other,Unknown,Unknown,,,Unknown,Unknown,,,,Unk,,Unk,,Unk,,,Other,0,False,False,False,False
1696,Dell_i5_4GB_256GB_14-16in,Dell,Notebook/Laptop,40.0,Used,Used,Other,Intel,i5,2.0,2.6,Windows,HDD/SSD,250.0,,250.0,256GB,4.0,4GB,14.0,14-16in,,,Gray,1,False,False,False,False
1697,Other/Unbranded_Unknown_Unk_Unk_Unk,Other/Unbranded,Notebook/Laptop,151.1,Used,Used,Other,Unknown,Unknown,,,Unknown,Unknown,,,,Unk,,Unk,,Unk,,,Other,0,False,False,False,False
1698,Lenovo_celeron_4GB_32GB_Sub-12in,Lenovo,Notebook/Laptop,209.0,Used,Used,Intel,Intel,celeron,,1.6,Chrome,SSD,16.0,16.0,32.0,32GB,4.0,4GB,11.6,Sub-12in,1366.0,768.0,Black,5,False,False,True,True
1699,Dell_pentium_2GB_256GB_14-16in,Dell,Notebook/Laptop,124.9,Used,Used,Amd,Intel,pentium,,1.73,Windows,HDD/SSD,120.0,120.0,240.0,256GB,2.0,2GB,15.4,14-16in,1680.0,1050.0,Silver,9,False,False,False,True
1700,Dell_celeron_4GB_32GB_Sub-12in,Dell,Notebook/Laptop,89.9,Refurbished - Good,Refurbished,Intel,Intel,celeron,,2.48,Chrome,SSD,,32.0,32.0,32GB,4.0,4GB,11.6,Sub-12in,1366.0,768.0,Other,6,True,False,True,True
1701,Lenovo_i5_8GB_256GB_14-16in,Lenovo,Notebook/Laptop,219.0,Used,Used,Intel,Intel,i5,8.0,1.7,Windows,SSD,,256.0,256.0,256GB,8.0,8GB,14.0,14-16in,1920.0,1080.0,Other,8,False,True,True,True
1702,Other/Unbranded_Unknown_Unk_Unk_Unk,Other/Unbranded,Other,216.4,Unknown,Unknown,Other,Unknown,Unknown,,,Unknown,Unknown,,,,Unk,,Unk,,Unk,,,Other,0,False,False,False,False
1703,Lenovo_i5_16GB_2TB_16in+,Lenovo,Notebook/Laptop,700.0,Unknown,Unknown,Intel,Intel,i5,13.0,1.3,Windows,SSD,512.0,512.0,1024.0,2TB,16.0,16GB,16.0,16in+,1920.0,1200.0,Gray,11,True,True,True,True
1704,Samsung_Other/Unspecified_2GB_16GB_Sub-12in,Samsung,Other,28.16,Used,Used,Other,Other,Other/Unspecified,,1.7,Chrome,EMMC,0.0,16.0,16.0,16GB,2.0,2GB,11.6,Sub-12in,,,Silver,3,False,False,True,False
1705,HP_i5_32GB+_2TB+_14-16in,HP,Notebook/Laptop,699.0,New,New,Nvidia,Intel,i5,,4.4,Windows,SSD,2000.0,2000.0,4000.0,2TB+,64.0,32GB+,15.6,14-16in,1920.0,1080.0,Silver,6,False,True,True,False
1706,Other/Unbranded_Unknown_Unk_Unk_Unk,Other/Unbranded,Other,760.0,Used,Used,Other,Unknown,Unknown,,,Unknown,Unknown,,,,Unk,,Unk,,Unk,,,Other,0,False,False,False,False
1707,Other/Unbranded_Other/Unspecified_8GB_128GB_Sub-12in,Other/Unbranded,Notebook/Laptop,349.0,Used,Used,Intel,Intel,Other/Unspecified,7.0,2.6,Windows,EMMC,,128.0,128.0,128GB,8.0,8GB,7.0,Sub-12in,1920.0,1200.0,Silver,1,True,False,False,False
1708,Samsung_celeron_4GB_32GB_14-16in,Samsung,Other,264.0,Open Box,Like-New,Other,Intel,celeron,,1.1,Chrome,EMMC,,32.0,32.0,32GB,4.0,4GB,14.0,14-16in,1366.0,768.0,Silver,0,False,False,False,False
1709,Lenovo_i7_16GB_2TB_14-16in,Lenovo,Notebook/Laptop,335.0,Used,Used,Intel,Intel,i7,8.0,1.9,Windows,SSD,512.0,512.0,1024.0,2TB,16.0,16GB,14.0,14-16in,1920.0,1080.0,Gray,8,True,True,True,True
1710,Lenovo_Other/Unspecified_8GB_2TB_12-14in,Lenovo,Notebook/Laptop,379.0,New,New,Amd,AMD,Other/Unspecified,,2.3,Windows,SSD,512.0,512.0,1024.0,2TB,8.0,8GB,13.3,12-14in,1920.0,1080.0,Black,5,False,False,True,True
1711,Other/Unbranded_i7_4GB_256GB_Sub-12in,Other/Unbranded,Other,170.5,Used,Used,Intel,Intel,i7,,1.07,Windows,SSD,120.0,120.0,240.0,256GB,4.0,4GB,10.4,Sub-12in,1366.0,768.0,Other,7,True,False,True,False
1712,HP_i7_8GB_512GB_14-16in,HP,Notebook/Laptop,135.0,Used,Used,Nvidia,Intel,i7,,2.2,Windows,SSD,256.0,256.0,512.0,512GB,8.0,8GB,15.6,14-16in,1920.0,1080.0,Silver,8,False,True,True,True
1713,Lenovo_Other/Unspecified_Unk_32GB_Sub-12in,Lenovo,Other,65.0,Unknown,Unknown,Mali,Other,Other/Unspecified,,2.0,Chrome,EMMC,,32.0,32.0,32GB,,Unk,10.1,Sub-12in,1920.0,1200.0,Gray,5,True,False,True,True
1714,HP_i7_16GB_512GB_14-16in,HP,Other,736.0,New,New,Other,Intel,i7,,1.7,Windows,SSD,,512.0,512.0,512GB,16.0,16GB,14.0,14-16in,1920.0,1080.0,Silver,0,False,False,False,False
1715,Other/Unbranded_Unknown_Unk_Unk_Unk,Other/Unbranded,Other,685.0,Used,Used,Nvidia,Unknown,Unknown,,,Unknown,Unknown,,,,Unk,,Unk,,Unk,,,Other,0,False,False,False,False
1716,Other/Unbranded_Other/Unspecified_Unk_Unk_Sub-12in,Other/Unbranded,Notebook/Laptop,10.49,For Parts / Not Working,End-of-Life,Other,Other,Other/Unspecified,,1.3,Android,Unknown,,,,Unk,,Unk,7.0,Sub-12in,800.0,480.0,Other,1,False,False,False,False
1717,Other/Unbranded_i5_16GB_512GB_14-16in,Other/Unbranded,Other,333.2,Used,Used,Other,Intel,i5,,2.6,Windows,SSD,,500.0,500.0,512GB,16.0,16GB,14.0,14-16in,,,Blue,8,True,True,True,True
1718,Other/Unbranded_Other/Unspecified_8GB_256GB_12-14in,Other/Unbranded,Other,250.0,Used,Used,Other,Intel,Other/Unspecified,6.0,1.1,Windows,SSD,128.0,128.0,256.0,256GB,8.0,8GB,12.5,12-14in,1920.0,1080.0,Black,8,False,True,True,False
1719,Dell_i7_Unk_Unk_14-16in,Dell,Other,689.0,Refurbished - Excellent,Refurbished,Other,Intel,i7,,,Unknown,Unknown,,,,Unk,,Unk,15.0,14-16in,,,Other,0,False,False,False,False
1720,HP_i5_16GB_512GB_14-16in,HP,Notebook/Laptop,350.0,Open Box,Like-New,Intel,Intel,i5,11.0,2.6,Windows,SSD,256.0,256.0,512.0,512GB,16.0,16GB,14.0,14-16in,1920.0,1080.0,Silver,5,False,True,True,True
1721,Dell_i5_8GB_256GB_12-14in,Dell,Other,120.9,Used,Used,Other,Intel,i5,,2.0,Windows,SSD,,256.0,256.0,256GB,8.0,8GB,12.5,12-14in,,,Other,3,False,False,True,False
1722,Lenovo_i5_16GB_512GB_14-16in,Lenovo,Notebook/Laptop,149.0,Used,Used,Intel,Intel,i5,6.0,2.4,Windows,SSD,256.0,256.0,512.0,512GB,16.0,16GB,15.0,14-16in,1920.0,1080.0,Black,5,False,True,True,True
1723,HP_celeron_4GB_32GB_Sub-12in,HP,Notebook/Laptop,39.0,Used,Used,Intel,Intel,celeron,,1.1,Chrome,SSD,16.0,16.0,32.0,32GB,4.0,4GB,11.6,Sub-12in,1366.0,768.0,Gray,8,False,False,True,True
1724,Lenovo_celeron_4GB_256GB_Sub-12in,Lenovo,Notebook/Laptop,98.0,Used,Used,Intel,Intel,celeron,,1.1,Windows,SSD,128.0,128.0,256.0,256GB,4.0,4GB,11.6,Sub-12in,1366.0,768.0,Black,1,True,False,False,False
1725,Other/Unbranded_celeron_8GB_512GB_14-16in,Other/Unbranded,Notebook/Laptop,193.0,New,New,Intel,Intel,celeron,,2.8,Windows,SSD,256.0,256.0,512.0,512GB,8.0,8GB,14.1,14-16in,1920.0,1080.0,Gray,1,False,False,False,True
1726,Other/Unbranded_i5_Unk_Unk_12-14in,Other/Unbranded,Other,200.0,Used,Used,Other,Intel,i5,,,Unknown,Unknown,,,,Unk,,Unk,13.0,12-14in,,,Other,0,False,False,False,False
1727,HP_i7_32GB+_2TB_16in+,HP,Notebook/Laptop,645.0,Used,Used,Nvidia,Intel,i7,8.0,2.6,Windows,SSD,64.0,1000.0,1064.0,2TB,64.0,32GB+,17.3,16in+,1920.0,1080.0,Silver,6,False,True,True,True
1728,Dell_i5_16GB_1TB_14-16in,Dell,Notebook/Laptop,440.0,Used,Used,Intel,Intel,i5,,2.5,Linux,SSD,500.0,500.0,1000.0,1TB,16.0,16GB,15.6,14-16in,1920.0,1080.0,Black,1,False,False,False,True
1729,Microsoft_i5_8GB_256GB_12-14in,Microsoft,Notebook/Laptop,563.0,Open Box,Like-New,Intel,Intel,i5,12.0,3.3,Windows,SSD,,256.0,256.0,256GB,8.0,8GB,13.5,12-14in,2256.0,1504.0,Silver,5,True,False,True,True
1730,Lenovo_i7_16GB_256GB_16in+,Lenovo,Notebook/Laptop,150.0,Used,Used,Other,Intel,i7,8.0,1.8,Chrome,OTHER,128.0,128.0,256.0,256GB,16.0,16GB,17.3,16in+,,,Blue,0,False,False,False,False
1731,Lenovo_i3_8GB_256GB_14-16in,Lenovo,Notebook/Laptop,160.0,Refurbished - Very Good,Refurbished,Intel,Intel,i3,8.0,2.1,Windows,SSD,,240.0,240.0,256GB,8.0,8GB,15.6,14-16in,,,Other,5,False,False,True,True
1732,Lenovo_i3_4GB_256GB_14-16in,Lenovo,Notebook/Laptop,259.0,Unknown,Unknown,Intel,Intel,i3,11.0,3.0,Windows,SSD,128.0,128.0,256.0,256GB,4.0,4GB,14.0,14-16in,1920.0,1080.0,Gray,5,False,False,True,True
1733,Other/Unbranded_i5_8GB_512GB_14-16in,Other/Unbranded,Notebook/Laptop,695.0,New,New,Intel,Intel,i5,,,Unknown,SSD,,512.0,512.0,512GB,8.0,8GB,15.6,14-16in,1920.0,1080.0,Silver,6,False,False,True,True
1734,HP_i5_16GB_512GB_14-16in,HP,Notebook/Laptop,170.0,Used,Used,Other,Intel,i5,6.0,2.4,Windows,SSD,256.0,256.0,512.0,512GB,16.0,16GB,15.6,14-16in,1920.0,1080.0,Other,4,False,True,True,True
1735,HP_i7_16GB_1TB_14-16in,HP,Notebook/Laptop,265.5,Refurbished - Good,Refurbished,Amd,Intel,i7,1.0,1.9,Windows,SSD,,1000.0,1000.0,1TB,16.0,16GB,15.0,14-16in,1600.0,900.0,Silver,6,False,False,True,True
1736,Lenovo_i3_8GB_256GB_14-16in,Lenovo,Notebook/Laptop,249.0,Used,Used,Intel,Intel,i3,,3.0,Windows,SSD,128.0,128.0,256.0,256GB,8.0,8GB,14.0,14-16in,1920.0,1080.0,Black,1,True,False,False,False
1737,Lenovo_i7_32GB_2TB+_14-16in,Lenovo,Notebook/Laptop,380.0,Refurbished - Excellent,Refurbished,Other,Intel,i7,7.0,2.8,Windows,HDD/SSD,2000.0,2000.0,4000.0,2TB+,32.0,32GB,14.0,14-16in,1920.0,1080.0,Other,4,False,True,True,False
1738,Other/Unbranded_i5_16GB_2TB_14-16in,Other/Unbranded,Notebook/Laptop,350.0,Used,Used,Intel,Intel,i5,11.0,2.4,Windows,SSD,512.0,512.0,1024.0,2TB,16.0,16GB,14.1,14-16in,1920.0,1080.0,Green,0,False,False,False,False
1739,HP_i7_16GB_512GB_12-14in,HP,Notebook/Laptop,908.5,Used,Used,Other,Intel,i7,,,Windows,Unknown,,512.0,512.0,512GB,16.0,16GB,13.5,12-14in,,,Other,6,False,True,True,True
1740,Dell_i7_16GB_2TB_14-16in,Dell,Notebook/Laptop,329.0,Unknown,Unknown,Intel,Intel,i7,7.0,2.9,Windows,SSD,512.0,512.0,1024.0,2TB,16.0,16GB,15.6,14-16in,1920.0,1080.0,Black,8,False,True,True,True
1741,Dell_i5_16GB_512GB_14-16in,Dell,Notebook/Laptop,200.0,Refurbished - Very Good,Refurbished,Intel,Intel,i5,6.0,,Windows,SSD,256.0,256.0,512.0,512GB,16.0,16GB,15.6,14-16in,1366.0,768.0,Black,3,False,False,True,True
1742,Asus_atom_4GB_128GB_Sub-12in,Asus,Notebook/Laptop,159.0,Open Box,Like-New,Other,Intel,atom,,1.46,Windows,EMMC,64.0,64.0,128.0,128GB,4.0,4GB,10.1,Sub-12in,1920.0,1200.0,Blue,8,True,False,True,True
1743,Lenovo_pentium_4GB_256GB_14-16in,Lenovo,Notebook/Laptop,220.0,Unknown,Unknown,Intel,Intel,pentium,,1.1,Windows,EMMC,128.0,128.0,256.0,256GB,4.0,4GB,15.6,14-16in,1920.0,1080.0,Blue,4,False,False,True,True
1744,Dell_i5_8GB_128GB_14-16in,Dell,Notebook/Laptop,75.0,Used,Used,Intel,Intel,i5,7.0,2.6,Windows,SSD,,128.0,128.0,128GB,8.0,8GB,14.0,14-16in,1366.0,768.0,Other,0,False,False,False,False
1745,Dell_i7_16GB_512GB_14-16in,Dell,Notebook/Laptop,599.0,Unknown,Unknown,Other,Intel,i7,11.0,3.0,Windows,SSD,,512.0,512.0,512GB,16.0,16GB,15.6,14-16in,1920.0,1080.0,Gray,0,False,False,False,False
1746,Microsoft_i5_8GB_512GB_12-14in,Microsoft,Notebook/Laptop,529.0,Unknown,Unknown,Intel,Intel,i5,11.0,2.4,Windows,SSD,,512.0,512.0,512GB,8.0,8GB,13.5,12-14in,2256.0,1504.0,Brown,2,True,True,False,False
1747,Asus_ryzen5_8GB_256GB_14-16in,Asus,Notebook/Laptop,275.0,For Parts / Not Working,End-of-Life,Nvidia,AMD,ryzen 5,,,Unknown,Unknown,,256.0,256.0,256GB,8.0,8GB,15.6,14-16in,1920.0,1080.0,Other,1,False,False,False,False
1748,Dell_i7_Unk_512GB_14-16in,Dell,Notebook/Laptop,679.0,Refurbished - Excellent,Refurbished,Other,Intel,i7,11.0,,Windows,Unknown,,512.0,512.0,512GB,,Unk,15.6,14-16in,,,Other,0,False,False,False,False
1749,Dell_Unknown_Unk_128GB_14-16in,Dell,Notebook/Laptop,140.0,Used,Used,Other,Unknown,Unknown,,1.66,Windows,HDD/SSD,80.0,,80.0,128GB,,Unk,14.0,14-16in,,,Gray,0,False,False,False,False
1750,HP_i7_32GB_2TB_14-16in,HP,Notebook/Laptop,495.0,Refurbished - Very Good,Refurbished,Intel,Intel,i7,8.0,4.2,Windows,SSD,1000.0,1000.0,2000.0,2TB,32.0,32GB,14.0,14-16in,1920.0,1080.0,Silver,8,False,True,True,True
1751,Dell_celeron_4GB_Unk_Sub-12in,Dell,Notebook/Laptop,110.0,Unknown,Unknown,Intel,Intel,celeron,,2.16,Chrome,EMMC,,,,Unk,4.0,4GB,11.6,Sub-12in,1366.0,768.0,Black,2,False,False,True,True
1752,Lenovo_celeron_4GB_16GB_Sub-12in,Lenovo,Notebook/Laptop,45.0,Unknown,Unknown,Intel,Intel,celeron,,1.6,Chrome,SSD,,16.0,16.0,16GB,4.0,4GB,11.6,Sub-12in,1366.0,768.0,Black,3,False,True,True,False
1753,HP_celeron_8GB_512GB_Unk,HP,Notebook/Laptop,389.5,Refurbished - Certified,Refurbished,Intel,Intel,celeron,,3.5,Windows,SSD,,512.0,512.0,512GB,8.0,8GB,,Unk,1600.0,900.0,Green,5,True,False,True,True
1754,Other/Unbranded_Other/Unspecified_32GB+_1TB_16in+,Other/Unbranded,Other,893.0,Used,Used,Nvidia,Other,Other/Unspecified,,3.0,Windows,OTHER,,1000.0,1000.0,1TB,64.0,32GB+,17.3,16in+,1920.0,1080.0,Black,5,True,False,True,True
1755,Microsoft_i5_16GB_256GB_12-14in,Microsoft,Notebook/Laptop,680.0,Unknown,Unknown,Intel,Intel,i5,11.0,2.4,Windows,SSD,,256.0,256.0,256GB,16.0,16GB,12.3,12-14in,2736.0,1824.0,Silver,4,True,False,True,True
1756,Lenovo_celeron_4GB_128GB_14-16in,Lenovo,Other,129.0,Open Box,Like-New,Intel,Intel,celeron,,1.1,Chrome,EMMC,64.0,64.0,128.0,128GB,4.0,4GB,14.0,14-16in,1366.0,768.0,Blue,2,False,False,True,True
1757,Lenovo_i7_8GB_256GB_14-16in,Lenovo,Other,234.9,Used,Used,Other,Intel,i7,,2.5,Windows,SSD,,256.0,256.0,256GB,8.0,8GB,14.0,14-16in,1920.0,1080.0,Other,5,True,False,True,True
1758,Dell_i7_8GB_128GB_12-14in,Dell,Notebook/Laptop,99.94,Used,Used,Other,Intel,i7,3.0,,Windows,SSD,,128.0,128.0,128GB,8.0,8GB,13.3,12-14in,1366.0,768.0,Other,0,False,False,False,False
1759,Other/Unbranded_Other/Unspecified_8GB_512GB_Sub-12in,Other/Unbranded,Other,100.0,Used,Used,Other,Other,Other/Unspecified,,,Windows,SSD,8.0,256.0,264.0,512GB,8.0,8GB,10.1,Sub-12in,,,Other,1,False,False,False,False
1760,Dell_i7_16GB_512GB_14-16in,Dell,Other,265.0,Used,Used,Intel,Intel,i7,,1.9,Windows,SSD,,512.0,512.0,512GB,16.0,16GB,14.0,14-16in,1920.0,1080.0,Black,7,True,True,True,False
1761,Lenovo_ryzen5_8GB_256GB_14-16in,Lenovo,Notebook/Laptop,330.0,New,New,Amd,AMD,ryzen 5,,,Windows,SSD,,256.0,256.0,256GB,8.0,8GB,14.0,14-16in,,,Grey,0,False,False,False,False
1762,Lenovo_i5_8GB_256GB_14-16in,Lenovo,Notebook/Laptop,164.2,Used,Used,Intel,Intel,i5,8.0,2.6,Windows,SSD,,256.0,256.0,256GB,8.0,8GB,14.0,14-16in,1920.0,1080.0,Other,5,False,False,True,False
1763,Lenovo_Other/Unspecified_4GB_32GB_14-16in,Lenovo,Notebook/Laptop,79.0,Refurbished - Very Good,Refurbished,Amd,Other,Other/Unspecified,,1.6,Chrome,SSD,,32.0,32.0,32GB,4.0,4GB,14.0,14-16in,1920.0,1080.0,Gray,3,False,False,False,True
1764,Lenovo_i5_Unk_Unk_14-16in,Lenovo,Notebook/Laptop,99.0,Used,Used,Intel,Intel,i5,10.0,1.6,Unknown,OTHER,,,,Unk,,Unk,15.6,14-16in,1920.0,1080.0,Other,0,False,False,False,False
1765,Other/Unbranded_i9_32GB+_2TB+_16in+,Other/Unbranded,Notebook/Laptop,3900.0,New,New,Nvidia,Intel,i9,13.0,,Windows,SSD,4000.0,4.0,4004.0,2TB+,64.0,32GB+,18.0,16in+,,,Black,0,False,False,False,False
1766,Lenovo_i5_16GB_256GB_14-16in,Lenovo,Notebook/Laptop,229.0,Used,Used,Other,Intel,i5,8.0,1.7,Windows,SSD,,256.0,256.0,256GB,16.0,16GB,14.0,14-16in,1920.0,1080.0,Other,7,False,True,True,True
1767,Lenovo_i5_8GB_128GB_12-14in,Lenovo,Notebook/Laptop,197.2,Refurbished - Very Good,Refurbished,Other,Intel,i5,8.0,1.7,Windows,SSD,,128.0,128.0,128GB,8.0,8GB,12.5,12-14in,,,Other,0,False,False,False,False
1768,Other/Unbranded_i7_8GB_256GB_14-16in,Other/Unbranded,Notebook/Laptop,263.2,Refurbished - Very Good,Refurbished,Other,Intel,i7,7.0,2.8,Windows,SSD,,256.0,256.0,256GB,8.0,8GB,15.6,14-16in,,,Other,0,False,False,False,False
1769,Other/Unbranded_i3_16GB_2TB_12-14in,Other/Unbranded,Notebook/Laptop,113.9,Refurbished - Good,Refurbished,Intel,Intel,i3,,1.7,Windows,HDD/SSD,1000.0,256.0,1256.0,2TB,16.0,16GB,12.5,12-14in,1366.0,768.0,Other,3,False,False,False,True
1770,Lenovo_i5_8GB_128GB_14-16in,Lenovo,Notebook/Laptop,160.0,Refurbished - Very Good,Refurbished,Other,Intel,i5,6.0,,Windows,SSD,,120.0,120.0,128GB,8.0,8GB,14.0,14-16in,,,Other,2,False,False,False,True
1771,Other/Unbranded_Unknown_Unk_Unk_Unk,Other/Unbranded,Other,348.0,Used,Used,Intel,Unknown,Unknown,,,Unknown,Unknown,,,,Unk,,Unk,,Unk,,,Other,0,False,False,False,False
1772,Other/Unbranded_Unknown_Unk_Unk_Unk,Other/Unbranded,Other,130.5,Refurbished - Very Good,Refurbished,Intel,Unknown,Unknown,,,Unknown,Unknown,,,,Unk,,Unk,,Unk,,,Other,0,False,False,False,False
1773,Other/Unbranded_Unknown_Unk_Unk_Unk,Other/Unbranded,Other,598.0,Unknown,Unknown,Other,Unknown,Unknown,,,Unknown,Unknown,,,,Unk,,Unk,,Unk,,,Other,0,False,False,False,False
1774,HP_ryzen5_Unk_Unk_14-16in,HP,Notebook/Laptop,303.8,Used,Used,Other,AMD,ryzen 5,,,Unknown,Unknown,,,,Unk,,Unk,15.6,14-16in,,,Other,1,True,False,False,False
1775,Other/Unbranded_i7_8GB_512GB_12-14in,Other/Unbranded,Notebook/Laptop,400.0,New,New,Intel,Intel,i7,,,Windows,SSD,256.0,256.0,512.0,512GB,8.0,8GB,13.0,12-14in,2160.0,1440.0,Gray,3,False,True,False,False
1776,Other/Unbranded_Unknown_Unk_Unk_Unk,Other/Unbranded,Other,310.0,Unknown,Unknown,Other,Unknown,Unknown,,,Unknown,Unknown,,,,Unk,,Unk,,Unk,,,Other,0,False,False,False,False
1777,Other/Unbranded_Unknown_Unk_Unk_Unk,Other/Unbranded,Other,119.6,Used,Used,Intel,Unknown,Unknown,,,Unknown,Unknown,,,,Unk,,Unk,,Unk,,,Other,0,False,False,False,False
1778,Other/Unbranded_i5_4GB_128GB_Sub-12in,Other/Unbranded,Other,130.0,Used,Used,Other,Intel,i5,,2.4,Unknown,Unknown,,128.0,128.0,128GB,4.0,4GB,10.1,Sub-12in,1920.0,1080.0,Silver,0,False,False,False,False
1779,Other/Unbranded_i5_8GB_256GB_14-16in,Other/Unbranded,Notebook/Laptop,160.2,Used,Used,Other,Intel,i5,8.0,,Windows,SSD,,256.0,256.0,256GB,8.0,8GB,14.0,14-16in,,,Other,1,True,False,False,False
1780,HP_pentium_4GB_256GB_Sub-12in,HP,Notebook/Laptop,130.0,Used,Used,Intel,Intel,pentium,,1.1,Windows,SSD,128.0,128.0,256.0,256GB,4.0,4GB,11.6,Sub-12in,1366.0,768.0,Gray,6,True,False,True,False
1781,Other/Unbranded_i5_16GB_512GB_12-14in,Other/Unbranded,Notebook/Laptop,170.9,Used,Used,Other,Intel,i5,8.0,1.6,Windows,SSD,,512.0,512.0,512GB,16.0,16GB,12.5,12-14in,,,Other,0,False,False,False,False
1782,Other/Unbranded_i3_Unk_1TB_14-16in,Other/Unbranded,Notebook/Laptop,94.94,Used,Used,Other,Intel,i3,6.0,,Windows,Unknown,500.0,500.0,1000.0,1TB,,Unk,15.6,14-16in,,,Other,0,False,False,False,False
1783,Other/Unbranded_celeron_2GB_256GB_14-16in,Other/Unbranded,Notebook/Laptop,56.94,Used,Used,Other,Intel,celeron,,1.73,Windows,HDD/SSD,250.0,,250.0,256GB,2.0,2GB,15.0,14-16in,1280.0,800.0,Other,0,False,False,False,False
1784,Dell_i7_16GB_512GB_14-16in,Dell,Notebook/Laptop,599.0,New,New,Intel,Intel,i7,11.0,3.0,Windows,SSD,16.0,256.0,272.0,512GB,16.0,16GB,14.0,14-16in,1920.0,1080.0,Other,2,False,False,False,False
1785,Lenovo_celeron_4GB_128GB_Sub-12in,Lenovo,Notebook/Laptop,80.0,Used,Used,Intel,Intel,celeron,,1.1,Windows,EMMC,64.0,64.0,128.0,128GB,4.0,4GB,11.6,Sub-12in,1366.0,768.0,Black,1,True,False,False,False
1786,HP_i7_32GB+_2TB+_14-16in,HP,Notebook/Laptop,1200.0,Used,Used,Nvidia,Intel,i7,9.0,4.7,Windows,HDD/SSD,4000.0,2000.0,6000.0,2TB+,64.0,32GB+,15.6,14-16in,3840.0,2160.0,Black,6,False,True,True,True
1787,Samsung_i5_8GB_512GB_12-14in,Samsung,Notebook/Laptop,350.0,Used,Used,Intel,Intel,i5,10.0,1.6,Chrome,SSD,256.0,256.0,512.0,512GB,8.0,8GB,13.3,12-14in,3840.0,2160.0,Red,4,True,False,True,True
1788,Dell_i3_8GB_2TB_14-16in,Dell,Notebook/Laptop,339.0,New,New,Other,Intel,i3,12.0,,Windows,SSD,512.0,512.0,1024.0,2TB,8.0,8GB,15.6,14-16in,1920.0,1080.0,Black,0,False,False,False,False
1789,Microsoft_i5_8GB_256GB_12-14in,Microsoft,Notebook/Laptop,175.0,Used,Used,Intel,Intel,i5,10.0,1.2,Unknown,SSD,128.0,128.0,256.0,256GB,8.0,8GB,13.5,12-14in,2256.0,1504.0,Silver,10,True,True,True,True
1790,Dell_i7_32GB_1TB_12-14in,Dell,Notebook/Laptop,875.0,Unknown,Unknown,Intel,Intel,i7,12.0,1.7,Windows,SSD,,1000.0,1000.0,1TB,32.0,32GB,13.4,12-14in,1920.0,1200.0,Blue,1,False,False,False,False
1791,Dell_i5_16GB_512GB_14-16in,Dell,Notebook/Laptop,360.0,Used,Used,Intel,Intel,i5,,2.4,Windows,SSD,,512.0,512.0,512GB,16.0,16GB,14.0,14-16in,1366.0,768.0,Black,9,True,True,True,True
1792,Dell_core2duo_4GB_Unk_14-16in,Dell,Notebook/Laptop,29.0,For Parts / Not Working,End-of-Life,Other,Intel,core 2 duo,,,Unknown,Unknown,,,,Unk,4.0,4GB,14.0,14-16in,,,Other,0,False,False,False,False
1793,Acer_pentium_4GB_512GB_Sub-12in,Acer,Notebook/Laptop,103.3,Used,Used,Intel,Intel,pentium,,2.16,Windows,HDD/SSD,500.0,,500.0,512GB,4.0,4GB,11.6,Sub-12in,1366.0,768.0,Other,4,True,False,True,False
1794,Acer_Other/Unspecified_8GB_64GB_14-16in,Acer,Notebook/Laptop,240.0,New,New,Other,Other,Other/Unspecified,,,Chrome,EMMC,64.0,,64.0,64GB,8.0,8GB,14.0,14-16in,1920.0,1080.0,Silver,1,True,False,False,False
1795,Dell_i7_16GB_1TB_14-16in,Dell,Notebook/Laptop,2088.0,New,New,Nvidia,Intel,i7,12.0,4.7,Windows,SSD,,1000.0,1000.0,1TB,16.0,16GB,15.6,14-16in,1920.0,1080.0,Other,6,False,True,True,True
1796,Dell_i5_16GB_512GB_12-14in,Dell,Notebook/Laptop,139.0,Used,Used,Intel,Intel,i5,8.0,1.7,Windows,SSD,,512.0,512.0,512GB,16.0,16GB,13.3,12-14in,1920.0,1080.0,Black,6,False,True,True,True
1797,HP_i5_32GB+_2TB+_14-16in,HP,Notebook/Laptop,559.0,New,New,Intel,Intel,i5,,4.2,Windows,SSD,2000.0,2000.0,4000.0,2TB+,64.0,32GB+,14.0,14-16in,1920.0,1080.0,Gold,7,True,False,True,True
1798,HP_ryzen5_8GB_256GB_14-16in,HP,Notebook/Laptop,380.0,Refurbished - Good,Refurbished,Other,AMD,ryzen 5,,4.0,Windows,SSD,,256.0,256.0,256GB,8.0,8GB,15.6,14-16in,1920.0,1080.0,Gray,4,True,False,False,False
1799,Lenovo_celeron_2GB_64GB_14-16in,Lenovo,Notebook/Laptop,50.0,Used,Used,Other,Intel,celeron,,1.6,Windows,SSD,2.0,32.0,34.0,64GB,2.0,2GB,14.0,14-16in,1366.0,768.0,Silver,3,False,False,True,True
1800,Acer_i5_8GB_128GB_14-16in,Acer,Notebook/Laptop,105.06,Used,Used,Other,Intel,i5,4.0,1.6,Windows,SSD,,128.0,128.0,128GB,8.0,8GB,14.0,14-16in,1280.0,720.0,Other,2,False,False,False,False
1801,Lenovo_i5_8GB_512GB_14-16in,Lenovo,Notebook/Laptop,175.0,Used,Used,Intel,Intel,i5,10.0,1.6,Windows,SSD,256.0,256.0,512.0,512GB,8.0,8GB,15.6,14-16in,1920.0,1080.0,Black,0,False,False,False,False
1802,Dell_i5_16GB_2TB_14-16in,Dell,Notebook/Laptop,200.0,Used,Used,Intel,Intel,i5,6.0,2.4,Windows,SSD,512.0,512.0,1024.0,2TB,16.0,16GB,14.0,14-16in,1366.0,768.0,Black,5,False,False,True,True
1803,Other/Unbranded_celeron_4GB_64GB_Sub-12in,Other/Unbranded,Notebook/Laptop,75.75,Unknown,Unknown,Intel,Intel,celeron,,1.1,Windows,EMMC,64.0,,64.0,64GB,4.0,4GB,11.6,Sub-12in,1366.0,768.0,Other,4,True,False,True,True
1804,HP_i7_16GB_256GB_14-16in,HP,Notebook/Laptop,285.0,Used,Used,Intel,Intel,i7,8.0,1.9,Windows,SSD,,256.0,256.0,256GB,16.0,16GB,14.0,14-16in,1920.0,1080.0,Silver,8,True,True,True,True
1805,Microsoft_Other/Unspecified_16GB_512GB_12-14in,Microsoft,Notebook/Laptop,520.0,Used,Used,Other,Other,Other/Unspecified,,1.8,Windows,SSD,256.0,256.0,512.0,512GB,16.0,16GB,13.0,12-14in,2880.0,1920.0,Black,6,True,False,True,True
1806,Acer_i5_8GB_1TB_14-16in,Acer,Notebook/Laptop,79.1,Used,Used,Nvidia,Intel,i5,2.0,2.3,Windows,HDD/SSD,720.0,,720.0,1TB,8.0,8GB,15.6,14-16in,1366.0,768.0,Other,4,False,False,False,True
1807,Dell_i5_8GB_256GB_14-16in,Dell,Notebook/Laptop,230.2,Refurbished - Very Good,Refurbished,Other,Intel,i5,8.0,1.6,Windows,SSD,,256.0,256.0,256GB,8.0,8GB,14.0,14-16in,,,Other,0,False,False,False,False
1808,Lenovo_ryzen5_32GB_2TB_14-16in,Lenovo,Notebook/Laptop,239.0,Used,Used,Amd,AMD,ryzen 5,,2.0,Windows,SSD,512.0,512.0,1024.0,2TB,32.0,32GB,14.0,14-16in,1920.0,1080.0,Black,5,False,True,True,True
1809,HP_i5_8GB_128GB_14-16in,HP,Notebook/Laptop,153.0,Used,Used,Intel,Intel,i5,8.0,1.6,Windows,SSD,,120.0,120.0,128GB,8.0,8GB,14.0,14-16in,1920.0,1080.0,Silver,5,False,True,True,True
1810,Dell_celeron_4GB_256GB_Sub-12in,Dell,Notebook/Laptop,140.0,Used,Used,Intel,Intel,celeron,,1.1,Windows,SSD,128.0,128.0,256.0,256GB,4.0,4GB,11.6,Sub-12in,1366.0,768.0,Black,5,True,False,True,False
1811,Dell_i5_8GB_256GB_14-16in,Dell,Notebook/Laptop,160.0,Used,Used,Intel,Intel,i5,6.0,2.4,Windows,SSD,,256.0,256.0,256GB,8.0,8GB,14.0,14-16in,1366.0,768.0,Black,5,False,False,True,True
1812,Lenovo_i5_16GB_256GB_14-16in,Lenovo,Notebook/Laptop,198.0,Refurbished - Good,Refurbished,Other,Intel,i5,2.0,2.5,Windows,SSD,,256.0,256.0,256GB,16.0,16GB,14.0,14-16in,1600.0,900.0,Other,6,False,False,False,True
1813,HP_i3_8GB_128GB_12-14in,HP,Other,500.0,Open Box,Like-New,Intel,Intel,i3,12.0,1.2,Chrome,SSD,,128.0,128.0,128GB,8.0,8GB,13.5,12-14in,2256.0,1504.0,Other,4,True,True,False,True
1814,Dell_i5_16GB_512GB_14-16in,Dell,Notebook/Laptop,200.0,Used,Used,Other,Intel,i5,,,Windows,SSD,,500.0,500.0,512GB,16.0,16GB,15.0,14-16in,,,Other,7,False,False,True,True
1815,Dell_i7_8GB_Unk_14-16in,Dell,Notebook/Laptop,70.0,For Parts / Not Working,End-of-Life,Other,Intel,i7,,2.6,Unknown,Unknown,,,,Unk,8.0,8GB,14.0,14-16in,1366.0,768.0,Black,5,False,True,True,True
1816,HP_i5_32GB_2TB_16in+,HP,Notebook/Laptop,599.0,New,New,Other,Intel,i5,10.0,2.4,Windows,SSD,1000.0,1000.0,2000.0,2TB,32.0,32GB,17.3,16in+,1920.0,1080.0,Silver,8,False,False,True,False
1817,Dell_core2duo_4GB_1TB_14-16in,Dell,Notebook/Laptop,200.0,Used,Used,Other,Intel,core 2 duo,,2.26,Windows,HDD/SSD,1000.0,,1000.0,1TB,4.0,4GB,14.1,14-16in,,,Black,1,False,False,False,True
1818,Dell_i7_32GB_1TB_14-16in,Dell,Notebook/Laptop,1800.0,Refurbished - Excellent,Refurbished,Nvidia,Intel,i7,13.0,3.8,Windows,SSD,32.0,512.0,544.0,1TB,32.0,32GB,15.6,14-16in,1920.0,1200.0,Silver,1,False,False,False,True
1819,Dell_i3_4GB_128GB_14-16in,Dell,Notebook/Laptop,50.0,Used,Used,Other,Intel,i3,4.0,1.7,Windows,SSD,,120.0,120.0,128GB,4.0,4GB,15.6,14-16in,1366.0,768.0,Other,2,False,False,False,True
1820,HP_celeron_4GB_128GB_14-16in,HP,Notebook/Laptop,180.0,Unknown,Unknown,Intel,Intel,celeron,,1.1,Chrome,SSD,64.0,64.0,128.0,128GB,4.0,4GB,14.0,14-16in,1366.0,768.0,Blue,7,True,False,True,True
1821,Other/Unbranded_Unknown_Unk_Unk_Unk,Other/Unbranded,Other,119.0,New,New,Other,Unknown,Unknown,,,Unknown,Unknown,,,,Unk,,Unk,,Unk,,,Other,0,False,False,False,False
1822,Lenovo_celeron_4GB_64GB_12-14in,Lenovo,Other,199.9,Unknown,Unknown,Intel,Intel,celeron,,1.9,Chrome,EMMC,,64.0,64.0,64GB,4.0,4GB,13.3,12-14in,1920.0,1080.0,Gray,3,True,False,True,True
1823,Other/Unbranded_Other/Unspecified_Unk_Unk_12-14in,Other/Unbranded,Other,916.0,Refurbished - Very Good,Refurbished,Other,Apple,Other/Unspecified,,,Unknown,Unknown,,,,Unk,,Unk,13.3,12-14in,,,Other,0,False,False,False,False
1824,Dell_pentium_4GB_128GB_Sub-12in,Dell,Notebook/Laptop,49.0,Used,Used,Other,Intel,pentium,,1.1,Windows,SSD,64.0,64.0,128.0,128GB,4.0,4GB,11.6,Sub-12in,,,Other,0,False,False,False,False
1825,Lenovo_i5_16GB_256GB_14-16in,Lenovo,Notebook/Laptop,1010.0,Unknown,Unknown,Intel,Intel,i5,13.0,,Windows,SSD,,256.0,256.0,256GB,16.0,16GB,14.0,14-16in,1920.0,1200.0,Black,2,False,False,True,True
1826,Microsoft_pentium_4GB_128GB_Sub-12in,Microsoft,Notebook/Laptop,119.94,Unknown,Unknown,Intel,Intel,pentium,,1.1,Windows,SSD,64.0,64.0,128.0,128GB,4.0,4GB,10.5,Sub-12in,1920.0,1280.0,Silver,4,False,False,True,False
1827,Other/Unbranded_i5_Unk_256GB_Unk,Other/Unbranded,Other,760.0,Used,Used,Intel,Intel,i5,,2.7,Windows,Unknown,256.0,,256.0,256GB,,Unk,,Unk,2160.0,1440.0,Other,1,False,False,False,False
1828,Lenovo_i5_8GB_Unk_Unk,Lenovo,Notebook/Laptop,169.9,For Parts / Not Working,End-of-Life,Intel,Intel,i5,,,Unknown,Unknown,,,,Unk,8.0,8GB,,Unk,,,Black,4,False,False,True,True
1829,Lenovo_i5_16GB_512GB_14-16in,Lenovo,Notebook/Laptop,199.0,Refurbished - Very Good,Refurbished,Other,Intel,i5,3.0,2.9,Windows,SSD,,512.0,512.0,512GB,16.0,16GB,15.6,14-16in,,,Black,6,False,True,True,True
1830,HP_i5_8GB_512GB_14-16in,HP,Notebook/Laptop,360.0,New,New,Intel,Intel,i5,11.0,2.4,Windows,SSD,256.0,256.0,512.0,512GB,8.0,8GB,15.6,14-16in,1920.0,1080.0,Silver,3,False,False,True,False
1831,HP_i3_4GB_512GB_14-16in,HP,Notebook/Laptop,199.0,Used,Used,Other,Intel,i3,7.0,2.4,Windows,HDD/SSD,500.0,,500.0,512GB,4.0,4GB,14.0,14-16in,,,Other,0,False,False,False,False
1832,Dell_i5_32GB_512GB_14-16in,Dell,Notebook/Laptop,362.0,Refurbished - Very Good,Refurbished,Intel,Intel,i5,7.0,3.1,Windows,SSD,256.0,256.0,512.0,512GB,32.0,32GB,15.6,14-16in,1920.0,1080.0,Black,8,False,True,True,True
1833,Other/Unbranded_Unknown_Unk_Unk_Unk,Other/Unbranded,Other,544.0,Used,Used,Nvidia,Unknown,Unknown,,,Unknown,Unknown,,,,Unk,,Unk,,Unk,,,Other,0,False,False,False,False
1834,Lenovo_i5_16GB_512GB_14-16in,Lenovo,Notebook/Laptop,149.0,Used,Used,Intel,Intel,i5,6.0,2.4,Windows,SSD,256.0,256.0,512.0,512GB,16.0,16GB,15.0,14-16in,1920.0,1080.0,Black,5,False,True,True,True
1835,Lenovo_i7_8GB_256GB_14-16in,Lenovo,Other,140.0,Unknown,Unknown,Other,Intel,i7,4.0,2.9,Windows,SSD,,256.0,256.0,256GB,8.0,8GB,14.0,14-16in,1920.0,1080.0,Black,0,False,False,False,False
1836,Asus_i7_16GB_2TB+_14-16in,Asus,Notebook/Laptop,380.0,Used,Used,Nvidia,Intel,i7,7.0,2.7,Windows,SSD,16.0,2000.0,2016.0,2TB+,16.0,16GB,15.6,14-16in,3840.0,2400.0,Black,3,True,True,False,False
1837,HP_celeron_4GB_32GB_Sub-12in,HP,Notebook/Laptop,39.0,Used,Used,Intel,Intel,celeron,,1.1,Chrome,SSD,16.0,16.0,32.0,32GB,4.0,4GB,11.6,Sub-12in,1366.0,768.0,Gray,8,False,False,True,True
1838,Dell_i5_16GB_512GB_14-16in,Dell,Other,205.0,Refurbished - Very Good,Refurbished,Intel,Intel,i5,6.0,1.7,Windows,SSD,,512.0,512.0,512GB,16.0,16GB,14.0,14-16in,,,Black,5,False,True,True,True
1839,HP_i5_16GB_512GB_14-16in,HP,Notebook/Laptop,170.0,Used,Used,Other,Intel,i5,6.0,2.4,Windows,SSD,256.0,256.0,512.0,512GB,16.0,16GB,15.6,14-16in,1920.0,1080.0,Other,4,False,True,True,True
1840,Dell_i7_16GB_2TB_14-16in,Dell,Notebook/Laptop,825.0,New,New,Intel,Intel,i7,13.0,3.9,Windows,SSD,512.0,512.0,1024.0,2TB,16.0,16GB,14.0,14-16in,1920.0,1080.0,Silver,6,False,True,True,True
1841,Dell_i7_32GB_2TB_16in+,Dell,Notebook/Laptop,449.0,Used,Used,Other,Intel,i7,6.0,3.8,Windows,SSD,1000.0,1000.0,2000.0,2TB,32.0,32GB,17.3,16in+,1920.0,1080.0,Black,6,False,True,True,True
1842,HP_i5_8GB_128GB_14-16in,HP,Notebook/Laptop,198.0,Refurbished - Very Good,Refurbished,Intel,Intel,i5,8.0,1.7,Windows,SSD,,128.0,128.0,128GB,8.0,8GB,14.0,14-16in,1920.0,1080.0,Silver,6,False,False,True,True
1843,Dell_i5_8GB_Unk_14-16in,Dell,Notebook/Laptop,135.0,Refurbished - Good,Refurbished,Intel,Intel,i5,7.0,2.9,Windows,OTHER,,,,Unk,8.0,8GB,14.0,14-16in,1366.0,768.0,Black,4,False,False,True,False
1844,HP_i7_16GB_1TB_14-16in,HP,Notebook/Laptop,265.5,Refurbished - Good,Refurbished,Amd,Intel,i7,1.0,1.9,Windows,SSD,,1000.0,1000.0,1TB,16.0,16GB,15.0,14-16in,1600.0,900.0,Silver,6,False,False,True,True
1845,Lenovo_ryzen7_16GB_1TB_14-16in,Lenovo,Notebook/Laptop,299.0,Used,Used,Amd,AMD,ryzen 7,,2.3,Windows,SSD,16.0,512.0,528.0,1TB,16.0,16GB,14.0,14-16in,1920.0,1080.0,Black,5,False,True,True,True
1846,Dell_i5_8GB_2TB_14-16in,Dell,Notebook/Laptop,297.0,Refurbished - Good,Refurbished,Intel,Intel,i5,6.0,2.4,Windows,SSD,512.0,512.0,1024.0,2TB,8.0,8GB,14.0,14-16in,,,Black,7,False,True,True,True
1847,Dell_i7_16GB_512GB_14-16in,Dell,Notebook/Laptop,363.0,Used,Used,Intel,Intel,i7,8.0,1.9,Windows,SSD,,512.0,512.0,512GB,16.0,16GB,14.0,14-16in,,,Black,8,True,True,True,True
1848,Other/Unbranded_pentium_2GB_Unk_14-16in,Other/Unbranded,Other,50.0,For Parts / Not Working,End-of-Life,Other,Intel,pentium,,0.8,Unknown,Unknown,,,,Unk,0.064,2GB,14.0,14-16in,,,Other,0,False,False,False,False
1849,Lenovo_i7_32GB_512GB_14-16in,Lenovo,Notebook/Laptop,585.0,Refurbished - Very Good,Refurbished,Nvidia,Intel,i7,7.0,3.0,Windows,SSD,,512.0,512.0,512GB,32.0,32GB,15.6,14-16in,3840.0,2160.0,Black,6,False,True,True,True
1850,Dell_i7_16GB_1TB_14-16in,Dell,Notebook/Laptop,150.0,Used,Used,Other,Intel,i7,8.0,1.9,Unknown,SSD,256.0,500.0,756.0,1TB,16.0,16GB,14.0,14-16in,1920.0,1080.0,Black,1,False,False,False,False
1851,HP_i5_Unk_2TB+_14-16in,HP,Notebook/Laptop,350.0,Refurbished - Excellent,Refurbished,Intel,Intel,i5,,3.6,Unknown,SSD,256.0,2000.0,2256.0,2TB+,,Unk,14.0,14-16in,1920.0,1080.0,Black,1,True,False,False,False
1852,HP_i7_8GB_512GB_14-16in,HP,Notebook/Laptop,199.0,Used,Used,Intel,Intel,i7,6.0,2.6,Windows,SSD,256.0,256.0,512.0,512GB,8.0,8GB,14.0,14-16in,1920.0,1080.0,Silver,5,False,True,True,True
1853,Lenovo_i5_8GB_128GB_14-16in,Lenovo,Notebook/Laptop,184.5,Refurbished - Good,Refurbished,Intel,Intel,i5,3.0,2.6,Windows,SSD,,128.0,128.0,128GB,8.0,8GB,14.0,14-16in,1600.0,900.0,Other,7,False,False,True,True
1854,Dell_celeron_4GB_128GB_Sub-12in,Dell,Notebook/Laptop,45.0,Used,Used,Other,Intel,celeron,,1.6,Chrome,EMMC,16.0,64.0,80.0,128GB,4.0,4GB,11.6,Sub-12in,1366.0,768.0,Black,5,False,False,True,True
1855,HP_i7_16GB_512GB_14-16in,HP,Notebook/Laptop,680.0,Unknown,Unknown,Intel,Intel,i7,12.0,,Windows,SSD,,512.0,512.0,512GB,16.0,16GB,15.6,14-16in,1920.0,1080.0,Silver,1,True,False,False,False
1856,Other/Unbranded_Unknown_Unk_Unk_Sub-12in,Other/Unbranded,Notebook/Laptop,50.0,Used,Used,Other,Unknown,Unknown,,,Windows,Unknown,,,,Unk,,Unk,10.0,Sub-12in,,,Multicolor,0,False,False,False,False
1857,Lenovo_i5_8GB_512GB_14-16in,Lenovo,Notebook/Laptop,450.0,Unknown,Unknown,Intel,Intel,i5,12.0,1.3,Windows,SSD,,512.0,512.0,512GB,8.0,8GB,14.0,14-16in,1920.0,1080.0,Gray,3,True,False,False,False
1858,Other/Unbranded_Unknown_Unk_Unk_Unk,Other/Unbranded,Other,326.2,Used,Used,Amd,Unknown,Unknown,,,Unknown,Unknown,,,,Unk,,Unk,,Unk,,,Other,0,False,False,False,False
1859,Acer_celeron_4GB_512GB_Sub-12in,Acer,Notebook/Laptop,89.94,Used,Used,Other,Intel,celeron,,1.7,Windows,SSD,256.0,256.0,512.0,512GB,4.0,4GB,11.6,Sub-12in,,,Other,0,False,False,False,False
1860,Dell_celeron_8GB_128GB_14-16in,Dell,Notebook/Laptop,137.0,Used,Used,Other,Intel,celeron,,,Windows,SSD,,128.0,128.0,128GB,8.0,8GB,14.0,14-16in,1920.0,1080.0,Other,0,False,False,False,False
1861,Lenovo_i3_8GB_256GB_14-16in,Lenovo,Notebook/Laptop,280.0,Unknown,Unknown,Intel,Intel,i3,12.0,1.2,Windows,SSD,,256.0,256.0,256GB,8.0,8GB,15.6,14-16in,1920.0,1080.0,Gray,1,False,False,False,False
1862,Other/Unbranded_celeron_Unk_512GB_12-14in,Other/Unbranded,Other,208.8,Used,Used,Other,Intel,celeron,,1.1,Unknown,SSD,,512.0,512.0,512GB,,Unk,13.3,12-14in,,,Other,0,False,False,False,False
1863,Dell_i7_8GB_1TB_14-16in,Dell,Notebook/Laptop,175.0,Used,Used,Intel,Intel,i7,4.0,3.0,Windows,HDD/SSD,500.0,500.0,1000.0,1TB,8.0,8GB,14.0,14-16in,,,Silver,6,False,True,True,False
1864,Lenovo_celeron_4GB_32GB_Sub-12in,Lenovo,Other,42.0,Used,Used,Other,Intel,celeron,,1.6,Chrome,SSD,16.0,16.0,32.0,32GB,4.0,4GB,11.6,Sub-12in,1366.0,768.0,Black,0,False,False,False,False
1865,Lenovo_i5_8GB_512GB_14-16in,Lenovo,Notebook/Laptop,123.0,Used,Used,Other,Intel,i5,3.0,2.7,Windows,HDD/SSD,500.0,,500.0,512GB,8.0,8GB,14.1,14-16in,,,Silver,1,False,False,False,True
1866,Dell_i5_16GB_256GB_14-16in,Dell,Notebook/Laptop,100.0,Used,Used,Other,Intel,i5,,,Windows,Unknown,,256.0,256.0,256GB,16.0,16GB,14.0,14-16in,,,Other,3,False,True,False,True
1867,Dell_i5_Unk_Unk_14-16in,Dell,Other,135.0,Used,Used,Other,Intel,i5,,1.6,Unknown,SSD,,,,Unk,,Unk,15.6,14-16in,1920.0,1080.0,Silver,7,True,True,True,True
1868,HP_celeron_4GB_128GB_14-16in,HP,Notebook/Laptop,88.0,Unknown,Unknown,Intel,Intel,celeron,,1.1,Windows,EMMC,64.0,64.0,128.0,128GB,4.0,4GB,14.0,14-16in,1366.0,768.0,White,1,False,False,False,False
1869,Dell_i3_4GB_256GB_12-14in,Dell,Notebook/Laptop,160.0,New,New,Intel,Intel,i3,8.0,,Chrome,OTHER,128.0,128.0,256.0,256GB,4.0,4GB,13.3,12-14in,1920.0,1080.0,Other,3,False,False,False,False
1870,Dell_celeron_4GB_32GB_Sub-12in,Dell,Other,68.0,Used,Used,Other,Intel,celeron,,2.48,Chrome,SSD,16.0,16.0,32.0,32GB,4.0,4GB,11.6,Sub-12in,,,Black,1,True,False,False,False
1871,HP_Other/Unspecified_8GB_512GB_16in+,HP,Notebook/Laptop,355.0,Unknown,Unknown,Amd,Other,Other/Unspecified,,,Windows,SSD,256.0,256.0,512.0,512GB,8.0,8GB,17.3,16in+,1600.0,900.0,Silver,3,False,False,True,False
1872,Dell_pentium_16GB_2TB+_16in+,Dell,Notebook/Laptop,999.0,New,New,Other,Intel,pentium,,1.9,Windows,SSD,2000.0,2000.0,4000.0,2TB+,16.0,16GB,17.3,16in+,1600.0,900.0,Black,8,False,True,True,True
1873,Lenovo_Unknown_Unk_Unk_Unk,Lenovo,Other,300.0,New,New,Other,Unknown,Unknown,,,Unknown,Unknown,,,,Unk,,Unk,,Unk,,,Other,0,False,False,False,False
1874,Dell_core2duo_2GB_128GB_14-16in,Dell,Other,29.98,For Parts / Not Working,End-of-Life,Other,Intel,core 2 duo,,2.8,Windows,SSD,80.0,,80.0,128GB,2.0,2GB,14.0,14-16in,,,Black,0,False,False,False,False
1875,Other/Unbranded_Unknown_Unk_Unk_Unk,Other/Unbranded,Other,380.8,Used,Used,Nvidia,Unknown,Unknown,,,Unknown,Unknown,,,,Unk,,Unk,,Unk,,,Other,0,False,False,False,False
1876,Other/Unbranded_Unknown_Unk_Unk_Unk,Other/Unbranded,Other,165.0,Unknown,Unknown,Other,Unknown,Unknown,,,Unknown,Unknown,,,,Unk,,Unk,,Unk,,,Other,0,False,False,False,False
1877,Lenovo_i7_16GB_512GB_14-16in,Lenovo,Notebook/Laptop,535.0,Unknown,Unknown,Intel,Intel,i7,12.0,1.7,Windows,SSD,,512.0,512.0,512GB,16.0,16GB,14.0,14-16in,1920.0,1080.0,Gray,4,True,False,True,True
1878,Lenovo_celeron_Unk_64GB_Sub-12in,Lenovo,Other,24.98,Used,Used,Other,Intel,celeron,,,Chrome,EMMC,32.0,32.0,64.0,64GB,,Unk,11.6,Sub-12in,,,Other,0,False,False,False,False
1879,HP_celeron_4GB_32GB_Sub-12in,HP,Other,50.0,Used,Used,Intel,Intel,celeron,,1.1,Chrome,EMMC,16.0,16.0,32.0,32GB,4.0,4GB,11.6,Sub-12in,1366.0,768.0,Black,4,False,False,True,True
1880,Lenovo_i7_16GB_2TB_14-16in,Lenovo,Notebook/Laptop,600.0,Used,Used,Intel,Intel,i7,11.0,3.0,Windows,SSD,512.0,512.0,1024.0,2TB,16.0,16GB,14.0,14-16in,1920.0,1200.0,Gray,7,True,True,True,True
1881,Dell_i7_16GB_512GB_16in+,Dell,Notebook/Laptop,980.0,Open Box,Like-New,Nvidia,Intel,i7,12.0,2.3,Windows,SSD,,512.0,512.0,512GB,16.0,16GB,16.0,16in+,1920.0,1200.0,Black,4,False,False,True,True
1882,Lenovo_i5_8GB_1TB_14-16in,Lenovo,Notebook/Laptop,180.0,Used,Used,Intel,Intel,i5,4.0,2.6,Linux,SSD,500.0,500.0,1000.0,1TB,8.0,8GB,14.0,14-16in,1366.0,768.0,Black,4,False,False,False,True
1883,HP_Other/Unspecified_4GB_128GB_14-16in,HP,Notebook/Laptop,40.0,Used,Used,Other,AMD,Other/Unspecified,,2.2,Unknown,SSD,,128.0,128.0,128GB,4.0,4GB,14.0,14-16in,1024.0,768.0,Silver,0,False,False,False,False
1884,Other/Unbranded_Unknown_Unk_Unk_Unk,Other/Unbranded,Other,199.0,New,New,Other,Unknown,Unknown,,,Unknown,Unknown,,,,Unk,,Unk,,Unk,,,Other,0,False,False,False,False
1885,HP_i5_16GB_2TB_14-16in,HP,Notebook/Laptop,199.9,Used,Used,Intel,Intel,i5,7.0,2.6,Windows,SSD,512.0,512.0,1024.0,2TB,16.0,16GB,14.0,14-16in,1920.0,1080.0,Silver,4,False,True,True,True
1886,Other/Unbranded_i5_8GB_512GB_14-16in,Other/Unbranded,Notebook/Laptop,350.0,Refurbished - Excellent,Refurbished,Intel,Intel,i5,8.0,3.4,Unknown,SSD,256.0,256.0,512.0,512GB,8.0,8GB,14.0,14-16in,1920.0,1080.0,Black,8,False,False,False,False
1887,Other/Unbranded_i5_16GB_2TB_14-16in,Other/Unbranded,Notebook/Laptop,550.0,Unknown,Unknown,Nvidia,Intel,i5,11.0,2.7,Windows,SSD,512.0,512.0,1024.0,2TB,16.0,16GB,15.6,14-16in,1920.0,1080.0,Black,7,False,True,True,True
1888,Lenovo_Other/Unspecified_4GB_32GB_Sub-12in,Lenovo,Notebook/Laptop,69.0,Refurbished - Good,Refurbished,Other,Other,Other/Unspecified,,2.1,Windows,SSD,,32.0,32.0,32GB,4.0,4GB,11.6,Sub-12in,1366.0,768.0,Black,4,False,False,True,True
1889,Dell_i7_8GB_512GB_14-16in,Dell,Notebook/Laptop,250.0,Used,Used,Other,Intel,i7,4.0,,Windows,Unknown,320.0,,320.0,512GB,8.0,8GB,14.0,14-16in,,,Other,1,False,False,False,False
1890,Dell_i5_8GB_512GB_12-14in,Dell,Notebook/Laptop,169.0,Used,Used,Other,Intel,i5,,,Windows,SSD,256.0,256.0,512.0,512GB,8.0,8GB,13.0,12-14in,,,Other,0,False,False,False,False
1891,Lenovo_celeron_4GB_128GB_Sub-12in,Lenovo,Notebook/Laptop,100.0,Used,Used,Other,Intel,celeron,,1.1,Chrome,SSD,32.0,64.0,96.0,128GB,4.0,4GB,11.6,Sub-12in,1366.0,768.0,Black,2,True,False,False,True
1892,HP_i7_16GB_512GB_16in+,HP,Notebook/Laptop,629.5,Refurbished - Certified,Refurbished,Intel,Intel,i7,12.0,4.7,Windows,SSD,,512.0,512.0,512GB,16.0,16GB,17.3,16in+,1920.0,1080.0,Silver,6,True,True,True,True
1893,Dell_i7_32GB+_2TB_14-16in,Dell,Notebook/Laptop,200.0,Refurbished - Very Good,Refurbished,Other,Intel,i7,4.0,2.1,Windows,SSD,512.0,512.0,1024.0,2TB,512.0,32GB+,14.0,14-16in,,,Grey,1,False,False,False,False
1894,HP_i5_16GB_1TB_14-16in,HP,Notebook/Laptop,147.0,Used,Used,Intel,Intel,i5,4.0,2.8,Windows,SSD,256.0,512.0,768.0,1TB,16.0,16GB,15.6,14-16in,1366.0,768.0,Black,3,False,False,False,True
1895,Lenovo_i5_8GB_256GB_14-16in,Lenovo,Notebook/Laptop,164.2,Used,Used,Other,Intel,i5,6.0,2.4,Windows,SSD,,256.0,256.0,256GB,8.0,8GB,14.0,14-16in,,,Other,0,False,False,False,False
1896,Lenovo_i7_16GB_512GB_Unk,Lenovo,Notebook/Laptop,844.0,Used,Used,Intel,Intel,i7,,3.5,Unknown,SSD,256.0,256.0,512.0,512GB,16.0,16GB,,Unk,1920.0,1080.0,Black,3,False,False,True,False
1897,Dell_i7_8GB_512GB_12-14in,Dell,Notebook/Laptop,170.0,Used,Used,Intel,Intel,i7,8.0,1.9,Windows,SSD,256.0,256.0,512.0,512GB,8.0,8GB,12.5,12-14in,1366.0,768.0,Black,4,False,False,True,True
1898,Other/Unbranded_i5_8GB_512GB_12-14in,Other/Unbranded,Notebook/Laptop,135.0,Used,Used,Other,Intel,i5,,2.4,Unknown,Unknown,8.0,256.0,264.0,512GB,8.0,8GB,12.1,12-14in,,,Other,0,False,False,False,False
1899,HP_Unknown_Unk_Unk_16in+,HP,Notebook/Laptop,580.0,Used,Used,Other,Unknown,Unknown,,,Windows,HDD/SSD,,,,Unk,,Unk,17.0,16in+,,,Other,0,False,False,False,False
1900,Lenovo_pentium_Unk_Unk_14-16in,Lenovo,Other,200.0,Refurbished - Certified,Refurbished,Other,Intel,pentium,,1.2,Chrome,EMMC,,,,Unk,,Unk,14.0,14-16in,1920.0,1080.0,Gray,0,False,False,False,False
1901,HP_Other/Unspecified_8GB_512GB_16in+,HP,Notebook/Laptop,377.5,Open Box,Like-New,Amd,AMD,Other/Unspecified,,3.3,Windows,SSD,512.0,,512.0,512GB,8.0,8GB,17.3,16in+,,,Silver,5,True,False,True,True
1902,Dell_i5_Unk_Unk_14-16in,Dell,Other,135.0,Used,Used,Other,Intel,i5,,1.6,Unknown,SSD,,,,Unk,,Unk,15.6,14-16in,1920.0,1080.0,Silver,7,True,True,True,True
1903,Lenovo_i7_8GB_1TB_14-16in,Lenovo,Notebook/Laptop,260.0,Unknown,Unknown,Intel,Intel,i7,8.0,1.9,Windows,SSD,256.0,512.0,768.0,1TB,8.0,8GB,14.0,14-16in,1920.0,1080.0,Black,6,True,True,True,True
1904,Dell_core2duo_4GB_512GB_14-16in,Dell,Notebook/Laptop,237.5,Used,Used,Other,Intel,core 2 duo,,1.66,Windows,SSD,256.0,256.0,512.0,512GB,4.0,4GB,15.0,14-16in,,,Gray,0,False,False,False,False
1905,Other/Unbranded_Unknown_Unk_Unk_Unk,Other/Unbranded,Other,216.4,Used,Used,Other,Unknown,Unknown,,,Unknown,Unknown,,,,Unk,,Unk,,Unk,,,Other,0,False,False,False,False
1906,Other/Unbranded_Other/Unspecified_Unk_Unk_Unk,Other/Unbranded,Notebook/Laptop,221.8,Used,Used,Other,Other,Other/Unspecified,,,Unknown,OTHER,,,,Unk,,Unk,,Unk,,,Other,0,False,False,False,False
1907,Lenovo_i5_16GB_512GB_14-16in,Lenovo,Notebook/Laptop,176.0,Used,Used,Other,Intel,i5,8.0,1.6,Windows,SSD,256.0,256.0,512.0,512GB,16.0,16GB,14.0,14-16in,1920.0,1080.0,Black,5,False,True,True,True
1908,Other/Unbranded_i5_8GB_512GB_16in+,Other/Unbranded,Notebook/Laptop,835.0,New,New,Intel,Intel,i5,,,Windows,SSD,,512.0,512.0,512GB,8.0,8GB,16.0,16in+,,,Silver,5,False,True,True,True
1909,Dell_i5_16GB_512GB_12-14in,Dell,Notebook/Laptop,175.0,Used,Used,Other,Intel,i5,8.0,1.6,Windows,SSD,16.0,256.0,272.0,512GB,16.0,16GB,13.0,12-14in,,,Black,1,True,False,False,False
1910,Acer_celeron_4GB_256GB_12-14in,Acer,Notebook/Laptop,200.0,Used,Used,Other,Other,celeron,,1.1,Windows,SSD,128.0,128.0,256.0,256GB,4.0,4GB,13.3,12-14in,,,Other,1,False,False,False,True
1911,HP_celeron_2GB_32GB_Sub-12in,HP,Notebook/Laptop,15.88,Unknown,Unknown,Other,Intel,celeron,,2.0,Windows,Unknown,32.0,,32.0,32GB,2.0,2GB,11.6,Sub-12in,,,Blue,0,False,False,False,False
1912,Dell_i5_16GB_256GB_12-14in,Dell,Notebook/Laptop,263.2,Used,Used,Other,Intel,i5,8.0,1.7,Windows,SSD,,256.0,256.0,256GB,16.0,16GB,12.5,12-14in,,,Other,0,False,False,False,False
1913,Microsoft_Other/Unspecified_Unk_Unk_14-16in,Microsoft,Notebook/Laptop,478.5,Used,Used,Nvidia,Other,Other/Unspecified,,,Unknown,Unknown,,,,Unk,,Unk,15.0,14-16in,,,Other,0,False,False,False,False
1914,Acer_celeron_4GB_64GB_Sub-12in,Acer,Notebook/Laptop,55.0,Used,Used,Intel,Intel,celeron,,1.1,Chrome,SSD,32.0,32.0,64.0,64GB,4.0,4GB,11.6,Sub-12in,1366.0,768.0,Black,6,True,False,True,True
1915,Acer_Other/Unspecified_4GB_64GB_12-14in,Acer,Notebook/Laptop,230.0,Unknown,Unknown,Other,Other,Other/Unspecified,,2.1,Chrome,EMMC,,64.0,64.0,64GB,4.0,4GB,13.3,12-14in,1920.0,1080.0,Gray,2,True,True,False,False
1916,Dell_i7_16GB_512GB_12-14in,Dell,Notebook/Laptop,800.0,Refurbished - Excellent,Refurbished,Intel,Intel,i7,12.0,1.1,Windows,SSD,,512.0,512.0,512GB,16.0,16GB,13.3,12-14in,1920.0,1200.0,Gray,4,False,False,True,True
1917,Lenovo_i5_8GB_256GB_14-16in,Lenovo,Notebook/Laptop,176.0,Used,Used,Intel,Intel,i5,8.0,1.7,Windows,SSD,,256.0,256.0,256GB,8.0,8GB,14.0,14-16in,1920.0,1080.0,Other,4,True,True,False,True
1918,Dell_celeron_4GB_64GB_Sub-12in,Dell,Notebook/Laptop,75.0,Unknown,Unknown,Intel,Intel,celeron,,1.1,Chrome,EMMC,32.0,32.0,64.0,64GB,4.0,4GB,11.6,Sub-12in,1366.0,768.0,Black,7,False,False,True,True
1919,Dell_i5_8GB_256GB_14-16in,Dell,Notebook/Laptop,140.0,Used,Used,Other,Intel,i5,7.0,,Windows,SSD,,256.0,256.0,256GB,8.0,8GB,15.6,14-16in,,,Other,0,False,False,False,False
1920,Other/Unbranded_Other/Unspecified_Unk_Unk_Unk,Other/Unbranded,Notebook/Laptop,147.6,For Parts / Not Working,End-of-Life,Other,Other,Other/Unspecified,,,Unknown,OTHER,,,,Unk,,Unk,,Unk,,,Other,0,False,False,False,False
1921,Dell_i7_Unk_512GB_12-14in,Dell,Other,200.0,Used,Used,Other,Intel,i7,,2.6,Unknown,SSD,256.0,256.0,512.0,512GB,,Unk,12.5,12-14in,,,Other,0,False,False,False,False
1922,HP_ryzen3_16GB_2TB_14-16in,HP,Notebook/Laptop,398.0,New,New,Other,AMD,ryzen 3,,2.6,Windows,SSD,512.0,512.0,1024.0,2TB,16.0,16GB,14.0,14-16in,1920.0,1080.0,Silver,6,False,True,True,True
1923,Other/Unbranded_i5_4GB_128GB_Sub-12in,Other/Unbranded,Notebook/Laptop,164.2,Refurbished - Very Good,Refurbished,Other,Intel,i5,4.0,1.4,Mac,SSD,,128.0,128.0,128GB,4.0,4GB,11.6,Sub-12in,,,Other,0,False,False,False,False
1924,Lenovo_celeron_4GB_32GB_Sub-12in,Lenovo,Notebook/Laptop,50.0,Used,Used,Intel,Intel,celeron,,1.83,Chrome,SSD,16.0,16.0,32.0,32GB,4.0,4GB,11.6,Sub-12in,1366.0,768.0,Black,5,False,False,True,True
1925,Lenovo_i5_8GB_512GB_14-16in,Lenovo,Notebook/Laptop,145.0,Used,Used,Other,Intel,i5,,2.5,Windows,HDD/SSD,500.0,,500.0,512GB,8.0,8GB,14.0,14-16in,1366.0,768.0,Black,2,False,False,False,True
1926,Asus_celeron_Unk_Unk_14-16in,Asus,Notebook/Laptop,172.0,Used,Used,Other,Intel,celeron,,2.16,Unknown,HDD/SSD,,,,Unk,,Unk,15.6,14-16in,,,Black,0,False,False,False,False
1927,Lenovo_i7_32GB_1TB_14-16in,Lenovo,Notebook/Laptop,190.0,Used,Used,Nvidia,Intel,i7,6.0,2.6,Windows,SSD,500.0,500.0,1000.0,1TB,24.0,32GB,15.6,14-16in,,,Black,0,False,False,False,False
1928,Lenovo_celeron_4GB_16GB_Sub-12in,Lenovo,Notebook/Laptop,66.5,Refurbished - Excellent,Refurbished,Other,Intel,celeron,,1.6,Chrome,SSD,,16.0,16.0,16GB,4.0,4GB,11.6,Sub-12in,,,Black,0,False,False,False,False
1929,HP_i5_Unk_512GB_14-16in,HP,Notebook/Laptop,950.0,Refurbished - Excellent,Refurbished,Intel,Intel,i5,,3.1,Windows,SSD,256.0,256.0,512.0,512GB,,Unk,14.0,14-16in,1920.0,1080.0,Black,11,False,False,True,True
1930,HP_i5_16GB_1TB_16in+,HP,Notebook/Laptop,400.0,Used,Used,Other,Intel,i5,11.0,,Windows,HDD/SSD,1000.0,,1000.0,1TB,12.0,16GB,17.3,16in+,,,Silver,1,False,False,False,False
1931,Lenovo_i3_16GB_1TB_14-16in,Lenovo,Notebook/Laptop,180.0,Used,Used,Intel,Intel,i3,,3.6,Windows,SSD,8.0,512.0,520.0,1TB,12.0,16GB,14.1,14-16in,1366.0,768.0,Black,6,False,False,True,True
1932,Dell_core2duo_4GB_256GB_14-16in,Dell,Notebook/Laptop,130.0,Used,Used,Other,Intel,core 2 duo,,,Windows,SSD,,250.0,250.0,256GB,4.0,4GB,14.0,14-16in,,,Other,0,False,False,False,False
1933,HP_i5_16GB_16GB_16in+,HP,Notebook/Laptop,300.0,Used,Used,Intel,Intel,i5,10.0,1.6,Windows,HDD/SSD,12.0,,12.0,16GB,12.0,16GB,17.0,16in+,1920.0,1080.0,Silver,6,False,False,True,True
1934,HP_i5_8GB_1TB_14-16in,HP,Notebook/Laptop,140.0,Used,Used,Other,Intel,i5,,2.5,Windows,HDD/SSD,500.0,500.0,1000.0,1TB,8.0,8GB,15.0,14-16in,1920.0,1080.0,Silver,0,False,False,False,False
1935,Samsung_celeron_4GB_64GB_Sub-12in,Samsung,Notebook/Laptop,170.0,New,New,Other,Intel,celeron,,1.1,Chrome,EMMC,64.0,,64.0,64GB,4.0,4GB,11.6,Sub-12in,,,Other,0,False,False,False,False
1936,Asus_i7_Unk_Unk_16in+,Asus,Other,250.0,Used,Used,Other,Intel,i7,4.0,2.0,Unknown,Unknown,,,,Unk,,Unk,17.0,16in+,,,Other,0,False,False,False,False
1937,Dell_i5_8GB_512GB_14-16in,Dell,Other,300.0,Used,Used,Other,Intel,i5,,2.3,Unknown,SSD,240.0,240.0,480.0,512GB,8.0,8GB,15.6,14-16in,,,Other,0,False,False,False,False
1938,Dell_i3_16GB_2TB_14-16in,Dell,Notebook/Laptop,279.0,Refurbished - Very Good,Refurbished,Intel,Intel,i3,10.0,1.2,Windows,HDD/SSD,1000.0,128.0,1128.0,2TB,16.0,16GB,15.6,14-16in,1366.0,768.0,Black,5,True,False,True,True
1939,Dell_Unknown_Unk_Unk_Unk,Dell,Other,421.0,Used,Used,Other,Unknown,Unknown,,,Unknown,Unknown,,,,Unk,,Unk,,Unk,,,Other,0,False,False,False,False
1940,Dell_i5_8GB_512GB_16in+,Dell,Notebook/Laptop,475.0,Used,Used,Other,Intel,i5,12.0,,Windows,SSD,,512.0,512.0,512GB,8.0,8GB,16.0,16in+,1920.0,1200.0,Silver,8,True,True,True,True
1941,Lenovo_celeron_4GB_16GB_Sub-12in,Lenovo,Notebook/Laptop,58.0,Used,Used,Intel,Intel,celeron,,1.6,Chrome,EMMC,,16.0,16.0,16GB,4.0,4GB,11.6,Sub-12in,1366.0,768.0,Black,2,True,False,False,False
1942,HP_i5_8GB_256GB_12-14in,HP,Notebook/Laptop,276.5,Refurbished - Very Good,Refurbished,Other,Intel,i5,8.0,1.7,Windows,SSD,,256.0,256.0,256GB,8.0,8GB,13.0,12-14in,,,Other,0,False,False,False,False
1943,Lenovo_celeron_4GB_32GB_Sub-12in,Lenovo,Other,39.94,Used,Used,Intel,Intel,celeron,,1.6,Chrome,SSD,16.0,16.0,32.0,32GB,4.0,4GB,11.6,Sub-12in,1366.0,768.0,Black,17,False,False,True,True
1944,Dell_celeron_4GB_256GB_Sub-12in,Dell,Notebook/Laptop,155.0,Used,Used,Intel,Intel,celeron,,1.1,Windows,SSD,128.0,128.0,256.0,256GB,4.0,4GB,11.6,Sub-12in,1366.0,768.0,Black,5,True,False,True,False
1945,Other/Unbranded_i5_8GB_512GB_12-14in,Other/Unbranded,Other,411.2,Used,Used,Other,Intel,i5,6.0,2.4,Windows,SSD,,512.0,512.0,512GB,8.0,8GB,13.3,12-14in,,,Other,4,True,False,True,True
1946,Microsoft_i5_8GB_512GB_12-14in,Microsoft,Notebook/Laptop,469.0,Refurbished - Certified,Refurbished,Other,Intel,i5,11.0,,Unknown,SSD,,512.0,512.0,512GB,8.0,8GB,13.5,12-14in,2256.0,1504.0,Other,0,False,False,False,False
1947,HP_i5_8GB_512GB_16in+,HP,Notebook/Laptop,650.0,New,New,Intel,Intel,i5,,2.3,Windows,SSD,256.0,256.0,512.0,512GB,8.0,8GB,17.3,16in+,1600.0,900.0,Gray,6,False,False,True,True
1948,Other/Unbranded_i5_8GB_256GB_14-16in,Other/Unbranded,Other,170.0,Refurbished - Good,Refurbished,Other,Intel,i5,7.0,,Windows,Unknown,,256.0,256.0,256GB,8.0,8GB,14.0,14-16in,,,Other,0,False,False,False,False
1949,HP_celeron_4GB_16GB_14-16in,HP,Notebook/Laptop,45.0,Used,Used,Intel,Intel,celeron,,2.16,Chrome,EMMC,,16.0,16.0,16GB,4.0,4GB,14.0,14-16in,1366.0,768.0,White,3,False,False,True,False
1950,Lenovo_i5_32GB_2TB_14-16in,Lenovo,Notebook/Laptop,360.0,Refurbished - Very Good,Refurbished,Other,Intel,i5,8.0,1.6,Windows,SSD,512.0,500.0,1012.0,2TB,32.0,32GB,15.6,14-16in,,,Black,0,False,False,False,False
1951,HP_i5_32GB_1TB_14-16in,HP,Notebook/Laptop,250.0,Used,Used,Intel,Intel,i5,8.0,2.6,Windows,SSD,500.0,500.0,1000.0,1TB,32.0,32GB,14.0,14-16in,1920.0,1080.0,Silver,1,False,False,False,True
1952,Other/Unbranded_i3_8GB_256GB_14-16in,Other/Unbranded,Notebook/Laptop,270.0,Unknown,Unknown,Intel,Intel,i3,11.0,3.0,Windows,SSD,,256.0,256.0,256GB,8.0,8GB,15.6,14-16in,1920.0,1080.0,Black,6,False,False,True,True
1953,Dell_i7_8GB_512GB_14-16in,Dell,Notebook/Laptop,279.0,Used,Used,Intel,Intel,i7,6.0,2.6,Windows,SSD,256.0,256.0,512.0,512GB,8.0,8GB,14.0,14-16in,1920.0,1080.0,Black,6,False,True,True,False
1954,Other/Unbranded_celeron_8GB_512GB_14-16in,Other/Unbranded,Notebook/Laptop,198.0,New,New,Other,Intel,celeron,,2.9,Windows,SSD,256.0,256.0,512.0,512GB,8.0,8GB,15.6,14-16in,1366.0,768.0,Silver,4,False,False,True,True
1955,Asus_Other/Unspecified_4GB_64GB_12-14in,Asus,Notebook/Laptop,200.0,New,New,Other,Other,Other/Unspecified,,,Chrome,EMMC,64.0,,64.0,64GB,4.0,4GB,12.0,12-14in,,,Grey,1,True,False,False,False
1956,Lenovo_celeron_4GB_64GB_Sub-12in,Lenovo,Notebook/Laptop,51.0,Used,Used,Intel,Intel,celeron,,2.6,Chrome,SSD,32.0,32.0,64.0,64GB,4.0,4GB,11.6,Sub-12in,1366.0,768.0,Black,5,False,False,False,True
1957,Dell_i5_16GB_512GB_12-14in,Dell,Notebook/Laptop,1450.0,Refurbished - Excellent,Refurbished,Intel,Intel,i5,11.0,2.6,Windows,SSD,256.0,256.0,512.0,512GB,16.0,16GB,13.3,12-14in,1920.0,1080.0,Black,1,False,False,False,False
1958,Dell_i7_16GB_512GB_12-14in,Dell,Notebook/Laptop,280.0,Refurbished - Very Good,Refurbished,Intel,Intel,i7,7.0,,Windows,SSD,,500.0,500.0,512GB,16.0,16GB,12.5,12-14in,,,Other,1,False,False,False,True
1959,HP_i3_Unk_128GB_Sub-12in,HP,Notebook/Laptop,129.8,Used,Used,Other,Intel,i3,6.0,2.3,Windows,SSD,,128.0,128.0,128GB,,Unk,11.6,Sub-12in,,,Yellow,1,True,False,False,False
1960,Dell_i5_16GB_512GB_14-16in,Dell,Notebook/Laptop,159.8,Used,Used,Other,Intel,i5,7.0,2.6,Windows,SSD,256.0,256.0,512.0,512GB,16.0,16GB,14.0,14-16in,,,Orange,3,False,False,True,True
1961,HP_i3_8GB_512GB_14-16in,HP,Notebook/Laptop,330.0,New,New,Intel,Intel,i3,,1.2,Windows,SSD,256.0,256.0,512.0,512GB,8.0,8GB,15.6,14-16in,1920.0,1080.0,Silver,5,False,False,True,True
1962,Lenovo_i7_16GB_2TB_14-16in,Lenovo,Other,580.0,Open Box,Like-New,Other,Intel,i7,,,Unknown,SSD,512.0,512.0,1024.0,2TB,16.0,16GB,14.0,14-16in,,,Other,0,False,False,False,False
1963,Dell_celeron_Unk_Unk_14-16in,Dell,Other,168.6,New,New,Other,Intel,celeron,,,Unknown,Unknown,,,,Unk,,Unk,14.0,14-16in,,,Other,0,False,False,False,False
1964,Dell_i5_8GB_256GB_12-14in,Dell,Notebook/Laptop,319.0,Unknown,Unknown,Intel,Intel,i5,8.0,1.6,Windows,SSD,,256.0,256.0,256GB,8.0,8GB,12.3,12-14in,1920.0,1080.0,Silver,5,True,True,True,False
1965,HP_i7_16GB_256GB_12-14in,HP,Notebook/Laptop,570.0,Refurbished - Excellent,Refurbished,Intel,Intel,i7,12.0,1.8,Windows,SSD,,256.0,256.0,256GB,16.0,16GB,13.3,12-14in,1920.0,1200.0,Silver,6,True,False,True,True
1966,Dell_celeron_4GB_16GB_Sub-12in,Dell,Other,41.0,Used,Used,Other,Intel,celeron,,,Chrome,Unknown,,16.0,16.0,16GB,4.0,4GB,11.6,Sub-12in,1366.0,768.0,Black,1,True,False,False,False
1967,Dell_i3_8GB_256GB_12-14in,Dell,Notebook/Laptop,141.0,Used,Used,Intel,Intel,i3,6.0,2.2,Windows,SSD,128.0,128.0,256.0,256GB,8.0,8GB,13.3,12-14in,1920.0,1080.0,Black,5,True,True,True,False
1968,Dell_i7_32GB_2TB_14-16in,Dell,Notebook/Laptop,960.0,New,New,Nvidia,Intel,i7,10.0,2.7,Windows,SSD,512.0,512.0,1024.0,2TB,32.0,32GB,15.6,14-16in,3840.0,2400.0,Silver,4,False,True,True,True
1969,HP_celeron_Unk_32GB_Sub-12in,HP,Notebook/Laptop,35.94,Used,Used,Intel,Intel,celeron,,2.16,Chrome,EMMC,16.0,16.0,32.0,32GB,,Unk,11.6,Sub-12in,1366.0,768.0,Gray,3,False,False,True,False
1970,Dell_i5_8GB_256GB_Unk,Dell,Notebook/Laptop,180.0,Used,Used,Other,Intel,i5,,2.1,Windows,SSD,,256.0,256.0,256GB,8.0,8GB,,Unk,1366.0,768.0,Black,0,False,False,False,False
1971,Dell_i5_Unk_Unk_12-14in,Dell,Other,149.0,Used,Used,Other,Intel,i5,8.0,,Unknown,Unknown,,,,Unk,,Unk,13.3,12-14in,,,Other,0,False,False,False,False
1972,Lenovo_i5_8GB_512GB_14-16in,Lenovo,Notebook/Laptop,114.94,Used,Used,Other,Intel,i5,1.0,,Windows,HDD/SSD,500.0,,500.0,512GB,8.0,8GB,14.0,14-16in,,,Black,0,False,False,False,False
1973,Dell_i7_16GB_1TB_14-16in,Dell,Notebook/Laptop,320.0,Used,Used,Intel,Intel,i7,6.0,,Windows,SSD,500.0,500.0,1000.0,1TB,16.0,16GB,14.0,14-16in,1920.0,1080.0,Other,4,False,False,False,False
1974,Dell_i5_32GB_1TB_14-16in,Dell,Notebook/Laptop,252.0,Refurbished - Good,Refurbished,Intel,Intel,i5,7.0,2.6,Windows,HDD/SSD,1000.0,,1000.0,1TB,32.0,32GB,15.0,14-16in,,,Other,6,False,True,True,True
1975,Dell_i7_8GB_256GB_14-16in,Dell,Notebook/Laptop,369.0,Used,Used,Other,Intel,i7,,2.4,Windows,SSD,,256.0,256.0,256GB,8.0,8GB,14.0,14-16in,1920.0,1080.0,Other,2,False,False,True,False
1976,Lenovo_i5_8GB_256GB_14-16in,Lenovo,Notebook/Laptop,219.0,Used,Used,Intel,Intel,i5,8.0,1.7,Windows,SSD,,256.0,256.0,256GB,8.0,8GB,14.0,14-16in,1920.0,1080.0,Other,8,False,True,True,True
1977,Dell_i3_4GB_Unk_14-16in,Dell,Notebook/Laptop,230.0,For Parts / Not Working,End-of-Life,Intel,Intel,i3,4.0,1.9,Unknown,OTHER,,,,Unk,4.0,4GB,15.6,14-16in,1366.0,768.0,Black,5,False,False,False,True
1978,Dell_i7_16GB_512GB_12-14in,Dell,Notebook/Laptop,220.0,Refurbished - Good,Refurbished,Intel,Intel,i7,8.0,1.6,Windows,SSD,,512.0,512.0,512GB,16.0,16GB,13.0,12-14in,1920.0,1080.0,Gray,3,True,False,False,False
1979,Lenovo_i5_32GB_2TB_14-16in,Lenovo,Notebook/Laptop,370.0,Refurbished - Very Good,Refurbished,Intel,Intel,i5,,2.6,Windows,SSD,512.0,512.0,1024.0,2TB,32.0,32GB,15.6,14-16in,1920.0,1080.0,Black,9,False,False,True,False
1980,Dell_i7_16GB_1TB_16in+,Dell,Notebook/Laptop,929.0,Unknown,Unknown,Nvidia,Intel,i7,13.0,2.4,Windows,SSD,,1000.0,1000.0,1TB,16.0,16GB,16.0,16in+,2560.0,1600.0,Silver,2,False,False,True,True
1981,Lenovo_ryzen7_32GB_512GB_14-16in,Lenovo,Notebook/Laptop,419.0,Used,Used,Other,AMD,ryzen 7,,1.7,Windows,SSD,,512.0,512.0,512GB,32.0,32GB,14.0,14-16in,,,Other,0,False,False,False,False
1982,Dell_i5_Unk_512GB_14-16in,Dell,Notebook/Laptop,450.0,Used,Used,Intel,Intel,i5,8.0,1.7,Windows,SSD,256.0,256.0,512.0,512GB,,Unk,15.6,14-16in,1920.0,1080.0,Black,7,False,True,True,False
1983,Dell_core2duo_2GB_Unk_14-16in,Dell,Notebook/Laptop,180.5,Used,Used,Intel,Intel,core 2 duo,,,Windows,Unknown,,,,Unk,2.0,2GB,15.4,14-16in,,,Other,0,False,False,False,False
1984,Other/Unbranded_Unknown_Unk_Unk_Unk,Other/Unbranded,Other,467.8,Used,Used,Other,Unknown,Unknown,,,Unknown,Unknown,,,,Unk,,Unk,,Unk,,,Other,0,False,False,False,False
1985,Lenovo_i5_16GB_1TB_14-16in,Lenovo,Notebook/Laptop,200.0,Used,Used,Intel,Intel,i5,,,Windows,HDD/SSD,1000.0,,1000.0,1TB,16.0,16GB,14.1,14-16in,,,Black,1,False,False,False,True
1986,Lenovo_i5_8GB_2TB_14-16in,Lenovo,Notebook/Laptop,130.0,Used,Used,Intel,Intel,i5,6.0,,Unknown,SSD,1000.0,1000.0,2000.0,2TB,8.0,8GB,14.0,14-16in,,,Black,0,False,False,False,False
1987,Lenovo_i7_8GB_1TB_14-16in,Lenovo,Notebook/Laptop,300.0,Unknown,Unknown,Intel,Intel,i7,8.0,4.6,Windows,SSD,,1000.0,1000.0,1TB,8.0,8GB,14.0,14-16in,1920.0,1080.0,Black,4,True,True,True,True
1988,Microsoft_Unknown_Unk_Unk_12-14in,Microsoft,Other,148.0,Used,Used,Other,Unknown,Unknown,,,Unknown,Unknown,,,,Unk,,Unk,13.5,12-14in,,,Silver,0,False,False,False,False
1989,HP_Other/Unspecified_4GB_16GB_14-16in,HP,Other,70.0,Unknown,Unknown,Other,Other,Other/Unspecified,,2.0,Chrome,Unknown,16.0,,16.0,16GB,4.0,4GB,14.0,14-16in,,,Black,0,False,False,False,False
1990,Lenovo_i7_16GB_512GB_14-16in,Lenovo,Notebook/Laptop,299.0,Refurbished - Very Good,Refurbished,Nvidia,Intel,i7,3.0,2.9,Windows,SSD,,512.0,512.0,512GB,16.0,16GB,15.6,14-16in,,,Black,6,False,True,True,True
1991,Dell_celeron_4GB_16GB_Sub-12in,Dell,Other,65.0,Unknown,Unknown,Intel,Intel,celeron,,1.1,Chrome,EMMC,,16.0,16.0,16GB,4.0,4GB,11.6,Sub-12in,1366.0,768.0,Black,1,False,False,False,False
1992,Lenovo_Other/Unspecified_8GB_256GB_12-14in,Lenovo,Notebook/Laptop,87.0,For Parts / Not Working,End-of-Life,Intel,Intel,Other/Unspecified,,1.2,Windows,SSD,,256.0,256.0,256GB,8.0,8GB,13.0,12-14in,3200.0,1800.0,Multicolor,1,True,False,False,False
1993,Lenovo_i3_4GB_256GB_12-14in,Lenovo,Notebook/Laptop,82.44,Used,Used,Other,Intel,i3,6.0,-3.1,Windows,SSD,128.0,128.0,256.0,256GB,4.0,4GB,13.3,12-14in,,,Other,4,False,False,False,False
1994,Other/Unbranded_i5_32GB+_512GB_12-14in,Other/Unbranded,Notebook/Laptop,216.0,Used,Used,Other,Intel,i5,8.0,,Windows,SSD,256.0,256.0,512.0,512GB,256.0,32GB+,12.1,12-14in,1920.0,1200.0,Other,1,False,False,False,False
1995,HP_i5_4GB_512GB_14-16in,HP,Notebook/Laptop,99.94,Used,Used,Other,Intel,i5,,2.5,Unknown,HDD/SSD,320.0,,320.0,512GB,4.0,4GB,14.0,14-16in,1366.0,768.0,Gray,2,False,True,False,False
1996,Lenovo_i5_8GB_128GB_14-16in,Lenovo,Notebook/Laptop,184.5,Refurbished - Good,Refurbished,Intel,Intel,i5,3.0,2.6,Windows,SSD,,128.0,128.0,128GB,8.0,8GB,14.0,14-16in,1600.0,900.0,Other,7,False,False,True,True
1997,Lenovo_ryzen7_16GB_2TB_14-16in,Lenovo,Notebook/Laptop,225.0,Used,Used,Other,AMD,ryzen 7,,2.2,Unknown,SSD,512.0,512.0,1024.0,2TB,16.0,16GB,14.0,14-16in,1920.0,1200.0,Black,0,False,False,False,False
1998,Lenovo_celeron_Unk_Unk_Sub-12in,Lenovo,Other,37.0,Unknown,Unknown,Other,Intel,celeron,,2.0,Chrome,Unknown,,,,Unk,,Unk,11.6,Sub-12in,,,Black,0,False,False,False,False
1999,Dell_i7_32GB_2TB_14-16in,Dell,Notebook/Laptop,290.0,Used,Used,Intel,Intel,i7,7.0,2.9,Windows,SSD,512.0,512.0,1024.0,2TB,32.0,32GB,15.6,14-16in,1920.0,1080.0,Black,4,False,False,True,True
2000,Other/Unbranded_Unknown_Unk_Unk_Unk,Other/Unbranded,Other,438.0,New,New,Other,Unknown,Unknown,,,Unknown,Unknown,,,,Unk,,Unk,,Unk,,,Other,0,False,False,False,False
2001,Samsung_i5_8GB_256GB_12-14in,Samsung,Notebook/Laptop,400.0,Unknown,Unknown,Intel,Intel,i5,10.0,1.6,Chrome,SSD,,256.0,256.0,256GB,8.0,8GB,13.3,12-14in,3840.0,2160.0,Gray,1,True,False,False,False
2002,Dell_i5_8GB_256GB_14-16in,Dell,Notebook/Laptop,170.9,Used,Used,Other,Intel,i5,8.0,,Windows,SSD,,256.0,256.0,256GB,8.0,8GB,14.0,14-16in,,,Black,2,False,False,False,False
2003,HP_i7_8GB_512GB_16in+,HP,Notebook/Laptop,250.0,Used,Used,Intel,Intel,i7,,2.7,Windows,SSD,256.0,256.0,512.0,512GB,8.0,8GB,16.0,16in+,1920.0,1080.0,Black,1,False,False,False,True
2004,Lenovo_i7_8GB_512GB_14-16in,Lenovo,Notebook/Laptop,139.0,Used,Used,Other,Intel,i7,,2.1,Windows,SSD,256.0,256.0,512.0,512GB,8.0,8GB,15.6,14-16in,1366.0,768.0,Brown,7,True,False,True,True
2005,HP_celeron_4GB_32GB_14-16in,HP,Notebook/Laptop,70.0,Used,Used,Other,Intel,celeron,,2.16,Chrome,SSD,16.0,16.0,32.0,32GB,4.0,4GB,14.0,14-16in,,,Black,1,False,False,False,True
2006,Other/Unbranded_i5_16GB_512GB_14-16in,Other/Unbranded,Notebook/Laptop,540.0,Unknown,Unknown,Nvidia,Intel,i5,11.0,2.7,Windows,SSD,,512.0,512.0,512GB,16.0,16GB,15.6,14-16in,1920.0,1080.0,Black,5,False,True,True,True
2007,HP_pentium_4GB_256GB_14-16in,HP,Notebook/Laptop,170.0,Unknown,Unknown,Intel,Intel,pentium,,2.4,Windows,SSD,128.0,128.0,256.0,256GB,4.0,4GB,15.6,14-16in,1366.0,768.0,Red,6,False,False,True,True
2008,Lenovo_i5_16GB_128GB_14-16in,Lenovo,Other,189.0,Used,Used,Other,Intel,i5,,,Windows,SSD,,120.0,120.0,128GB,16.0,16GB,15.5,14-16in,,,Other,0,False,False,False,False
2009,Dell_i5_16GB_2TB_14-16in,Dell,Notebook/Laptop,100.0,Unknown,Unknown,Intel,Intel,i5,6.0,2.4,Windows,SSD,512.0,512.0,1024.0,2TB,16.0,16GB,14.0,14-16in,1366.0,768.0,Black,5,False,True,True,True
2010,Lenovo_celeron_4GB_64GB_Sub-12in,Lenovo,Notebook/Laptop,55.0,Used,Used,Intel,Intel,celeron,,2.6,Chrome,SSD,32.0,32.0,64.0,64GB,4.0,4GB,11.6,Sub-12in,1366.0,768.0,Black,5,False,False,False,True
2011,HP_i3_16GB_2TB_12-14in,HP,Notebook/Laptop,120.0,Used,Used,Intel,Intel,i3,8.0,2.3,Windows,SSD,512.0,512.0,1024.0,2TB,16.0,16GB,13.0,12-14in,,,Silver,6,False,False,True,True
2012,Dell_core2duo_2GB_128GB_14-16in,Dell,Notebook/Laptop,89.0,Used,Used,Other,Intel,core 2 duo,,2.2,Windows,HDD/SSD,80.0,,80.0,128GB,2.0,2GB,14.0,14-16in,1800.0,1200.0,Silver,0,False,False,False,False
2013,Lenovo_i5_8GB_512GB_Unk,Lenovo,Notebook/Laptop,204.0,Used,Used,Intel,Intel,i5,,1.6,Unknown,SSD,256.0,256.0,512.0,512GB,8.0,8GB,,Unk,1920.0,1080.0,Black,8,False,False,True,False
2014,Other/Unbranded_i5_8GB_256GB_Sub-12in,Other/Unbranded,Other,253.1,Used,Used,Other,Intel,i5,,2.3,Windows,SSD,128.0,128.0,256.0,256GB,8.0,8GB,10.1,Sub-12in,1920.0,1200.0,Silver,10,True,False,True,True
2015,Other/Unbranded_Other/Unspecified_8GB_512GB_12-14in,Other/Unbranded,Notebook/Laptop,200.0,New,New,Intel,Other,Other/Unspecified,,,Windows,OTHER,256.0,256.0,512.0,512GB,8.0,8GB,12.0,12-14in,1920.0,1080.0,Gray,2,False,False,False,False
2016,Dell_i5_16GB_512GB_14-16in,Dell,Other,180.0,Used,Used,Other,Intel,i5,,2.3,Windows,SSD,256.0,256.0,512.0,512GB,16.0,16GB,14.0,14-16in,1366.0,768.0,Black,13,False,False,False,False
2017,Asus_i7_16GB_512GB_14-16in,Asus,Notebook/Laptop,520.0,Unknown,Unknown,Intel,Intel,i7,12.0,4.7,Windows,SSD,,512.0,512.0,512GB,16.0,16GB,15.6,14-16in,1920.0,1080.0,Blue,6,True,True,True,True
2018,Acer_celeron_4GB_64GB_Sub-12in,Acer,Notebook/Laptop,60.0,Refurbished - Very Good,Refurbished,Other,Intel,celeron,,1.6,Linux,SSD,32.0,32.0,64.0,64GB,4.0,4GB,11.6,Sub-12in,1366.0,768.0,Black,5,True,False,True,True
2019,Acer_celeron_4GB_16GB_Sub-12in,Acer,Notebook/Laptop,60.0,Unknown,Unknown,Other,Intel,celeron,,1.6,Chrome,SSD,,16.0,16.0,16GB,4.0,4GB,11.6,Sub-12in,1366.0,768.0,Black,2,True,False,True,False
2020,Dell_i7_16GB_512GB_14-16in,Dell,Notebook/Laptop,159.0,Unknown,Unknown,Intel,Intel,i7,6.0,3.4,Windows,SSD,256.0,256.0,512.0,512GB,16.0,16GB,14.0,14-16in,1920.0,1080.0,Black,1,False,False,False,False
2021,Samsung_Other/Unspecified_4GB_128GB_14-16in,Samsung,Notebook/Laptop,89.94,Unknown,Unknown,Other,Other,Other/Unspecified,,2.55,Windows,OTHER,,128.0,128.0,128GB,4.0,4GB,14.0,14-16in,,,Silver,3,False,False,True,True
2022,Dell_i5_Unk_2TB_14-16in,Dell,Notebook/Laptop,118.0,Used,Used,Other,Intel,i5,6.0,2.4,Unknown,SSD,,2000.0,2000.0,2TB,,Unk,14.0,14-16in,1366.0,768.0,Other,3,False,False,True,True
2023,HP_i5_16GB_512GB_14-16in,HP,Notebook/Laptop,180.0,Refurbished - Very Good,Refurbished,Intel,Intel,i5,,2.4,Windows,SSD,256.0,256.0,512.0,512GB,16.0,16GB,14.0,14-16in,1366.0,768.0,Silver,10,False,True,True,True
2024,Dell_i5_Unk_2TB_14-16in,Dell,Notebook/Laptop,310.0,Refurbished - Very Good,Refurbished,Intel,Intel,i5,8.0,3.4,Windows,SSD,2000.0,,2000.0,2TB,,Unk,14.0,14-16in,1920.0,1080.0,Black,8,False,True,True,True
2025,Other/Unbranded_i5_8GB_512GB_14-16in,Other/Unbranded,Notebook/Laptop,126.0,Used,Used,Other,Intel,i5,7.0,,Windows,SSD,256.0,256.0,512.0,512GB,8.0,8GB,14.0,14-16in,,,Other,1,True,False,False,False
2026,Lenovo_Unknown_32GB_512GB_14-16in,Lenovo,Notebook/Laptop,727.5,Unknown,Unknown,Other,Unknown,Unknown,,2.7,Windows,Unknown,32.0,256.0,288.0,512GB,32.0,32GB,15.6,14-16in,,,Other,1,True,False,False,False
2027,Other/Unbranded_i5_8GB_256GB_Sub-12in,Other/Unbranded,Notebook/Laptop,258.0,Used,Used,Other,Intel,i5,6.0,2.3,Windows,Unknown,128.0,128.0,256.0,256GB,8.0,8GB,11.6,Sub-12in,,,Other,3,True,False,False,False
2028,LG_i7_16GB_512GB_16in+,LG,Notebook/Laptop,649.0,Unknown,Unknown,Intel,Intel,i7,12.0,2.9,Windows,SSD,,512.0,512.0,512GB,16.0,16GB,17.0,16in+,2560.0,1600.0,Gray,0,False,False,False,False
2029,HP_atom_2GB_16GB_Sub-12in,HP,Notebook/Laptop,55.0,Used,Used,Other,Intel,atom,,1.66,Windows,HDD/SSD,1.0,,1.0,16GB,1.0,2GB,10.1,Sub-12in,1024.0,600.0,Brown,4,False,False,True,True
2030,Lenovo_ryzen5_16GB_256GB_14-16in,Lenovo,Notebook/Laptop,230.0,Used,Used,Amd,AMD,ryzen 5,,2.1,Windows,SSD,,256.0,256.0,256GB,16.0,16GB,14.0,14-16in,1920.0,1080.0,Black,7,False,True,True,True
2031,Lenovo_ryzen7_16GB_512GB_14-16in,Lenovo,Notebook/Laptop,740.0,Refurbished - Excellent,Refurbished,Amd,AMD,ryzen 7,,3.3,Windows,SSD,,512.0,512.0,512GB,16.0,16GB,14.0,14-16in,1920.0,1200.0,Black,4,False,False,True,True
2032,Dell_i7_16GB_2TB_Sub-12in,Dell,Other,599.0,Used,Used,Other,Intel,i7,8.0,1.9,Windows,SSD,512.0,512.0,1024.0,2TB,16.0,16GB,11.6,Sub-12in,,,Other,2,True,False,False,False
2033,Lenovo_i5_16GB_1TB_14-16in,Lenovo,Notebook/Laptop,280.0,Refurbished - Excellent,Refurbished,Intel,Intel,i5,8.0,1.7,Windows,SSD,500.0,500.0,1000.0,1TB,16.0,16GB,14.0,14-16in,1920.0,1080.0,Black,5,False,True,True,True
2034,Lenovo_ryzen9_32GB_1TB_14-16in,Lenovo,Notebook/Laptop,655.0,Unknown,Unknown,Nvidia,AMD,ryzen 9,,3.3,Windows,SSD,,1000.0,1000.0,1TB,32.0,32GB,14.5,14-16in,3072.0,1920.0,Gray,6,True,True,True,True
2035,Other/Unbranded_celeron_8GB_2TB_14-16in,Other/Unbranded,Notebook/Laptop,187.9,New,New,Intel,Intel,celeron,,2.6,Windows,SSD,256.0,1000.0,1256.0,2TB,8.0,8GB,14.1,14-16in,1920.0,1080.0,Gray,2,False,False,False,False
2036,Dell_Other/Unspecified_Unk_Unk_12-14in,Dell,Other,199.0,Refurbished - Good,Refurbished,Other,Intel,Other/Unspecified,,,Windows,Unknown,,,,Unk,,Unk,13.0,12-14in,,,Other,0,False,False,False,False
2037,Dell_celeron_4GB_64GB_Sub-12in,Dell,Notebook/Laptop,95.0,Refurbished - Good,Refurbished,Intel,Intel,celeron,,2.48,Chrome,EMMC,32.0,32.0,64.0,64GB,4.0,4GB,11.6,Sub-12in,1366.0,768.0,Multicolor,6,True,False,True,True
2038,Dell_celeron_4GB_128GB_Sub-12in,Dell,Notebook/Laptop,150.0,Used,Used,Other,Intel,celeron,,2.4,Windows,SSD,,128.0,128.0,128GB,4.0,4GB,11.0,Sub-12in,1920.0,1280.0,Black,3,False,False,False,False
2039,HP_i5_8GB_512GB_14-16in,HP,Notebook/Laptop,370.0,New,New,Intel,Intel,i5,11.0,2.4,Windows,SSD,256.0,256.0,512.0,512GB,8.0,8GB,15.6,14-16in,1920.0,1080.0,Silver,3,False,False,True,False
2040,Dell_i5_4GB_256GB_14-16in,Dell,Notebook/Laptop,80.0,Used,Used,Intel,Intel,i5,,2.5,Windows,HDD/SSD,160.0,,160.0,256GB,4.0,4GB,14.1,14-16in,1024.0,768.0,Black,5,False,False,False,True
2041,Lenovo_i7_Unk_1TB_14-16in,Lenovo,Notebook/Laptop,250.2,New,New,Nvidia,Intel,i7,12.0,,Windows,Unknown,,1000.0,1000.0,1TB,,Unk,15.6,14-16in,,,Other,0,False,False,False,False
2042,Other/Unbranded_i5_4GB_128GB_Sub-12in,Other/Unbranded,Other,177.1,Used,Used,Other,Intel,i5,,2.4,Unknown,Unknown,,128.0,128.0,128GB,4.0,4GB,10.1,Sub-12in,1920.0,1080.0,Other,0,False,False,False,False
2043,Acer_celeron_32GB_2TB_14-16in,Acer,Notebook/Laptop,399.0,New,New,Intel,Intel,celeron,,1.1,Windows,SSD,1000.0,1000.0,2000.0,2TB,20.0,32GB,15.6,14-16in,1920.0,1080.0,Silver,5,False,False,True,True
2044,HP_celeron_4GB_32GB_Sub-12in,HP,Notebook/Laptop,59.94,Used,Used,Intel,Intel,celeron,,2.16,Chrome,EMMC,16.0,16.0,32.0,32GB,4.0,4GB,11.6,Sub-12in,1366.0,768.0,Black,4,False,False,True,True
2045,HP_i5_8GB_128GB_14-16in,HP,Notebook/Laptop,599.0,Refurbished - Very Good,Refurbished,Intel,Intel,i5,,2.4,Unknown,SSD,,128.0,128.0,128GB,8.0,8GB,14.0,14-16in,1920.0,1080.0,Silver,4,False,True,True,False
2046,Microsoft_i5_8GB_256GB_12-14in,Microsoft,Notebook/Laptop,355.0,Unknown,Unknown,Other,Intel,i5,10.0,1.1,Windows,SSD,,256.0,256.0,256GB,8.0,8GB,12.3,12-14in,2736.0,1824.0,Platinum,4,True,False,True,False
2047,Dell_i5_16GB_Unk_14-16in,Dell,Notebook/Laptop,150.0,Used,Used,Intel,Intel,i5,6.0,2.4,Unknown,Unknown,,,,Unk,16.0,16GB,14.0,14-16in,,,Black,1,True,False,False,False
2048,Dell_i5_16GB_256GB_14-16in,Dell,Notebook/Laptop,199.0,Used,Used,Intel,Intel,i5,,2.3,Windows,SSD,,250.0,250.0,256GB,12.0,16GB,14.0,14-16in,,,Black,7,False,True,True,True
2049,Acer_celeron_4GB_64GB_Sub-12in,Acer,Other,80.0,Refurbished - Excellent,Refurbished,Other,Intel,celeron,,1.1,Chrome,SSD,32.0,32.0,64.0,64GB,4.0,4GB,11.6,Sub-12in,,,Black,1,True,False,False,False
2050,Dell_i5_16GB_2TB_14-16in,Dell,Notebook/Laptop,369.0,Refurbished - Very Good,Refurbished,Intel,Intel,i5,8.0,3.6,Windows,SSD,512.0,512.0,1024.0,2TB,16.0,16GB,14.0,14-16in,1366.0,768.0,Black,8,False,True,True,True
2051,Other/Unbranded_i5_8GB_512GB_12-14in,Other/Unbranded,Other,495.0,Refurbished - Very Good,Refurbished,Other,Intel,i5,7.0,2.6,Unknown,SSD,,512.0,512.0,512GB,8.0,8GB,12.0,12-14in,,,Silver,0,False,False,False,False
2052,HP_celeron_4GB_32GB_Sub-12in,HP,Notebook/Laptop,56.0,Used,Used,Intel,Intel,celeron,,1.6,Chrome,SSD,16.0,16.0,32.0,32GB,4.0,4GB,11.6,Sub-12in,1366.0,768.0,Black,2,False,False,True,False
2053,Dell_core2duo_4GB_512GB_14-16in,Dell,Notebook/Laptop,284.0,Used,Used,Intel,Intel,core 2 duo,,2.0,Windows,SSD,256.0,256.0,512.0,512GB,4.0,4GB,15.4,14-16in,1028.0,800.0,Gray,0,False,False,False,False
2054,HP_Other/Unspecified_8GB_1TB_14-16in,HP,Notebook/Laptop,120.0,Used,Used,Amd,AMD,Other/Unspecified,,2.0,Windows,HDD/SSD,1000.0,,1000.0,1TB,8.0,8GB,15.0,14-16in,1366.0,768.0,Black,8,True,False,True,True
2055,Dell_Other/Unspecified_32GB_512GB_14-16in,Dell,Notebook/Laptop,280.0,Refurbished - Very Good,Refurbished,Intel,Intel,Other/Unspecified,,3.0,Windows,SSD,,500.0,500.0,512GB,32.0,32GB,15.6,14-16in,,,Other,1,False,False,False,True
2056,Lenovo_i7_8GB_512GB_14-16in,Lenovo,Other,105.0,Used,Used,Intel,Intel,i7,5.0,2.6,Windows,SSD,256.0,256.0,512.0,512GB,8.0,8GB,14.5,14-16in,1920.0,1080.0,Black,0,False,False,False,False
2057,Other/Unbranded_i7_16GB_2TB_12-14in,Other/Unbranded,Notebook/Laptop,380.0,Used,Used,Intel,Intel,i7,2.0,1.7,Windows,SSD,,2000.0,2000.0,2TB,16.0,16GB,13.3,12-14in,,,Multicolor,13,True,True,True,True
2058,Dell_Other/Unspecified_16GB_2TB_14-16in,Dell,Notebook/Laptop,750.0,New,New,Other,AMD,Other/Unspecified,,2.5,Windows,SSD,512.0,512.0,1024.0,2TB,16.0,16GB,15.6,14-16in,1366.0,768.0,Black,7,False,True,True,True
2059,Other/Unbranded_Other/Unspecified_16GB_2TB_16in+,Other/Unbranded,Notebook/Laptop,300.0,New,New,Intel,Intel,Other/Unspecified,,3.4,Windows,SSD,512.0,512.0,1024.0,2TB,16.0,16GB,16.0,16in+,1920.0,1200.0,Silver,0,False,False,False,False
2060,Samsung_Other/Unspecified_4GB_16GB_Sub-12in,Samsung,Other,50.0,Used,Used,Other,Intel,Other/Unspecified,,1.1,Chrome,Unknown,4.0,,4.0,16GB,4.0,4GB,11.0,Sub-12in,,,Silver,0,False,False,False,False
2061,Dell_i5_8GB_1TB_14-16in,Dell,Notebook/Laptop,98.0,Unknown,Unknown,Intel,Intel,i5,8.0,1.6,Unknown,SSD,500.0,256.0,756.0,1TB,8.0,8GB,14.0,14-16in,1366.0,768.0,Black,12,True,True,True,True
2062,Other/Unbranded_Other/Unspecified_Unk_16GB_14-16in,Other/Unbranded,Other,100.0,Used,Used,Other,Other,Other/Unspecified,,,Android,SSD,,16.0,16.0,16GB,,Unk,15.4,14-16in,1920.0,1080.0,Other,1,True,False,False,False
2063,Lenovo_i7_16GB_256GB_14-16in,Lenovo,Notebook/Laptop,309.5,Refurbished - Very Good,Refurbished,Other,Intel,i7,8.0,1.8,Windows,SSD,,256.0,256.0,256GB,16.0,16GB,14.0,14-16in,,,Other,0,False,False,False,False
2064,Acer_celeron_4GB_64GB_Sub-12in,Acer,Notebook/Laptop,40.0,Used,Used,Intel,Intel,celeron,,1.6,Chrome,SSD,32.0,32.0,64.0,64GB,4.0,4GB,11.6,Sub-12in,1366.0,768.0,Black,6,False,False,True,True
2065,HP_celeron_4GB_32GB_14-16in,HP,Notebook/Laptop,65.0,Used,Used,Other,Intel,celeron,,2.16,Chrome,EMMC,16.0,16.0,32.0,32GB,4.0,4GB,14.0,14-16in,1366.0,768.0,Black,8,False,False,True,True
2066,Dell_i5_16GB_2TB_14-16in,Dell,Notebook/Laptop,229.0,Used,Used,Intel,Intel,i5,4.0,2.7,Windows,SSD,1000.0,1000.0,2000.0,2TB,16.0,16GB,14.0,14-16in,1366.0,768.0,Black,1,False,False,False,True
2067,Lenovo_celeron_4GB_32GB_Sub-12in,Lenovo,Other,42.0,Used,Used,Other,Intel,celeron,,2.0,Chrome,SSD,16.0,16.0,32.0,32GB,4.0,4GB,11.6,Sub-12in,,,Black,2,False,False,True,True
2068,Dell_i7_8GB_128GB_Unk,Dell,Notebook/Laptop,350.0,Used,Used,Intel,Intel,i7,,2.6,Windows,SSD,,128.0,128.0,128GB,8.0,8GB,,Unk,1920.0,1080.0,Black,16,False,True,True,False
2069,Lenovo_ryzen7_16GB_2TB_12-14in,Lenovo,Notebook/Laptop,660.0,New,New,Amd,AMD,ryzen 7,,2.0,Windows,SSD,1000.0,1000.0,2000.0,2TB,16.0,16GB,13.0,12-14in,1920.0,1200.0,Other,7,True,True,True,True
2070,Dell_i7_16GB_1TB_14-16in,Dell,Notebook/Laptop,368.0,Refurbished - Very Good,Refurbished,Amd,Intel,i7,8.0,1.9,Windows,SSD,,1000.0,1000.0,1TB,16.0,16GB,15.6,14-16in,1920.0,1080.0,Other,3,False,False,False,True
2071,Other/Unbranded_Other/Unspecified_16GB_128GB_12-14in,Other/Unbranded,Notebook/Laptop,400.0,Used,Used,Other,Intel,Other/Unspecified,,,Chrome,SSD,,128.0,128.0,128GB,16.0,16GB,12.3,12-14in,,,Other,6,True,True,True,True
2072,HP_i7_Unk_Unk_12-14in,HP,Notebook/Laptop,79.0,Used,Used,Other,Intel,i7,,2.6,Unknown,OTHER,,,,Unk,,Unk,12.5,12-14in,,,Other,0,False,False,False,False
2073,HP_celeron_2GB_64GB_Sub-12in,HP,Notebook/Laptop,50.0,Used,Used,Intel,Intel,celeron,,2.16,Windows,EMMC,32.0,32.0,64.0,64GB,2.0,2GB,11.6,Sub-12in,1366.0,768.0,Black,3,False,False,True,True
2074,Other/Unbranded_i3_4GB_Unk_12-14in,Other/Unbranded,Other,24.98,Used,Used,Other,Intel,i3,5.0,2.1,Chrome,EMMC,,,,Unk,4.0,4GB,13.3,12-14in,,,Gray,0,False,False,False,False
2075,HP_Other/Unspecified_4GB_32GB_14-16in,HP,Other,200.0,Used,Used,Amd,AMD,Other/Unspecified,,1.6,Chrome,SSD,,32.0,32.0,32GB,4.0,4GB,14.0,14-16in,,,Gray,4,False,False,True,True
2076,Dell_i7_32GB_2TB_14-16in,Dell,Notebook/Laptop,230.0,Unknown,Unknown,Intel,Intel,i7,8.0,3.9,Windows,SSD,512.0,512.0,1024.0,2TB,32.0,32GB,14.0,14-16in,,,Black,3,False,False,True,False
2077,Lenovo_celeron_32GB+_128GB_Sub-12in,Lenovo,Notebook/Laptop,110.0,Open Box,Like-New,Amd,Intel,celeron,,1.1,Windows,SSD,64.0,64.0,128.0,128GB,64.0,32GB+,11.5,Sub-12in,1366.0,768.0,Black,1,False,False,False,False
2078,HP_i7_32GB_2TB_14-16in,HP,Notebook/Laptop,225.0,Used,Used,Other,Intel,i7,6.0,,Unknown,SSD,512.0,512.0,1024.0,2TB,32.0,32GB,15.6,14-16in,,,Other,0,False,False,False,False
2079,Dell_i7_8GB_512GB_14-16in,Dell,Notebook/Laptop,105.0,Used,Used,Other,Intel,i7,6.0,2.6,Unknown,SSD,256.0,256.0,512.0,512GB,8.0,8GB,14.0,14-16in,1920.0,1080.0,Black,0,False,False,False,False
2080,Other/Unbranded_Other/Unspecified_Unk_Unk_Unk,Other/Unbranded,Notebook/Laptop,80.0,Used,Used,Other,AMD,Other/Unspecified,,,Unknown,Unknown,,,,Unk,,Unk,,Unk,,,Other,0,False,False,False,False
2081,Acer_Other/Unspecified_4GB_64GB_Sub-12in,Acer,Other,35.0,Used,Used,Amd,AMD,Other/Unspecified,,1.8,Chrome,EMMC,32.0,32.0,64.0,64GB,4.0,4GB,11.6,Sub-12in,,,Black,3,False,False,False,True
2082,Dell_i7_Unk_256GB_12-14in,Dell,Notebook/Laptop,170.9,Used,Used,Other,Intel,i7,8.0,1.9,Windows,SSD,,256.0,256.0,256GB,,Unk,12.5,12-14in,,,Other,0,False,False,False,False
2083,HP_Other/Unspecified_Unk_32GB_14-16in,HP,Notebook/Laptop,48.47,Used,Used,Other,AMD,Other/Unspecified,,1.6,Chrome,Unknown,,32.0,32.0,32GB,,Unk,14.0,14-16in,,,Other,4,False,False,True,True
2084,Lenovo_i5_4GB_512GB_14-16in,Lenovo,Notebook/Laptop,85.0,Used,Used,Intel,Intel,i5,1.0,2.66,Windows,HDD/SSD,320.0,,320.0,512GB,4.0,4GB,15.6,14-16in,1600.0,900.0,Black,1,False,False,False,False
2085,Samsung_i5_4GB_256GB_Sub-12in,Samsung,Notebook/Laptop,130.0,Used,Used,Intel,Intel,i5,2.0,1.6,Windows,SSD,128.0,128.0,256.0,256GB,4.0,4GB,11.6,Sub-12in,1366.0,768.0,Black,6,True,False,True,True
2086,Lenovo_i5_8GB_512GB_12-14in,Lenovo,Notebook/Laptop,382.0,Used,Used,Intel,Intel,i5,11.0,2.4,Windows,SSD,,512.0,512.0,512GB,8.0,8GB,13.3,12-14in,1920.0,1080.0,Other,7,True,False,True,True
2087,Asus_i3_8GB_2TB_16in+,Asus,Notebook/Laptop,349.0,Unknown,Unknown,Intel,Intel,i3,12.0,1.5,Windows,SSD,512.0,512.0,1024.0,2TB,8.0,8GB,17.3,16in+,1920.0,1080.0,Blue,9,False,True,True,True
2088,HP_i7_16GB_2TB_14-16in,HP,Notebook/Laptop,325.0,Used,Used,Amd,Intel,i7,7.0,2.8,Windows,SSD,512.0,512.0,1024.0,2TB,16.0,16GB,15.6,14-16in,1920.0,1080.0,Silver,4,False,False,True,True
2089,Lenovo_i7_8GB_512GB_14-16in,Lenovo,Other,305.0,Used,Used,Other,Intel,i7,4.0,2.0,Windows,SSD,256.0,256.0,512.0,512GB,8.0,8GB,14.0,14-16in,,,Black,0,False,False,False,False
2090,Other/Unbranded_Unknown_Unk_Unk_Unk,Other/Unbranded,Other,1414.0,Open Box,Like-New,Other,Unknown,Unknown,,,Unknown,Unknown,,,,Unk,,Unk,,Unk,,,Other,0,False,False,False,False
2091,Dell_i3_4GB_512GB_14-16in,Dell,Notebook/Laptop,103.4,Used,Used,Intel,Intel,i3,5.0,2.0,Windows,HDD/SSD,500.0,,500.0,512GB,4.0,4GB,15.6,14-16in,1366.0,768.0,Black,5,False,False,True,True
2092,Lenovo_i5_32GB_2TB_14-16in,Lenovo,Notebook/Laptop,299.0,Used,Used,Intel,Intel,i5,8.0,,Windows,SSD,1000.0,1000.0,2000.0,2TB,32.0,32GB,14.0,14-16in,1920.0,1080.0,Black,0,False,False,False,False
2093,Lenovo_i7_16GB_2TB_14-16in,Lenovo,Notebook/Laptop,490.0,Used,Used,Intel,Intel,i7,10.0,1.8,Windows,SSD,1000.0,1000.0,2000.0,2TB,16.0,16GB,14.0,14-16in,1920.0,1080.0,Gray,8,True,True,True,True
2094,Dell_i5_16GB_128GB_14-16in,Dell,Notebook/Laptop,234.5,Used,Used,Intel,Intel,i5,9.0,2.5,Windows,SSD,,128.0,128.0,128GB,16.0,16GB,14.0,14-16in,1920.0,1080.0,Gray,6,False,True,True,True
2095,Dell_i7_32GB+_2TB+_14-16in,Dell,Notebook/Laptop,480.0,Used,Used,Other,Intel,i7,,4.2,Windows,SSD,2000.0,2000.0,4000.0,2TB+,64.0,32GB+,14.0,14-16in,,,Black,4,False,True,True,False
2096,Other/Unbranded_Unknown_Unk_Unk_Unk,Other/Unbranded,Other,1413.0,Unknown,Unknown,Other,Unknown,Unknown,,,Unknown,Unknown,,,,Unk,,Unk,,Unk,,,Other,0,False,False,False,False
2097,Lenovo_i5_16GB_256GB_14-16in,Lenovo,Notebook/Laptop,381.0,Unknown,Unknown,Intel,Intel,i5,11.0,2.4,Windows,SSD,,256.0,256.0,256GB,12.0,16GB,15.6,14-16in,1920.0,1080.0,Gray,5,True,True,True,False
2098,Other/Unbranded_Other/Unspecified_Unk_16GB_Sub-12in,Other/Unbranded,Other,139.5,Used,Used,Other,Other,Other/Unspecified,,,Android,EMMC,,16.0,16.0,16GB,,Unk,7.0,Sub-12in,,,Other,2,False,False,False,True
2099,Acer_celeron_4GB_16GB_Sub-12in,Acer,Notebook/Laptop,72.0,Used,Used,Other,Intel,celeron,,1.6,Chrome,SSD,,16.0,16.0,16GB,4.0,4GB,11.6,Sub-12in,1366.0,768.0,Black,2,True,False,True,False
2100,Dell_i5_Unk_256GB_14-16in,Dell,Notebook/Laptop,307.2,Used,Used,Intel,Intel,i5,4.0,2.6,Windows,Unknown,,240.0,240.0,256GB,,Unk,14.0,14-16in,1280.0,720.0,Other,4,False,False,True,True
2101,Dell_i7_16GB_512GB_12-14in,Dell,Notebook/Laptop,300.0,Used,Used,Intel,Intel,i7,8.0,1.9,Windows,SSD,,500.0,500.0,512GB,16.0,16GB,12.5,12-14in,1366.0,768.0,Black,7,False,True,True,True
2102,Other/Unbranded_i5_8GB_Unk_12-14in,Other/Unbranded,Notebook/Laptop,150.0,For Parts / Not Working,End-of-Life,Other,Intel,i5,,2.3,Unknown,Unknown,,,,Unk,8.0,8GB,13.3,12-14in,,,Other,0,False,False,False,False
2103,Lenovo_celeron_4GB_32GB_Sub-12in,Lenovo,Other,115.0,Used,Used,Other,Intel,celeron,,2.16,Chrome,SSD,16.0,16.0,32.0,32GB,4.0,4GB,11.6,Sub-12in,,,Black,4,False,False,True,False
2104,Dell_i5_8GB_256GB_12-14in,Dell,Other,220.0,Used,Used,Intel,Intel,i5,8.0,1.7,Windows,OTHER,,256.0,256.0,256GB,8.0,8GB,13.3,12-14in,1920.0,1080.0,Black,9,True,True,True,True
2105,HP_i3_4GB_256GB_14-16in,HP,Notebook/Laptop,281.0,Unknown,Unknown,Intel,Intel,i3,11.0,2.9,Windows,SSD,128.0,128.0,256.0,256GB,4.0,4GB,14.0,14-16in,,,Silver,5,True,False,True,True
2106,Dell_i5_Unk_256GB_14-16in,Dell,Notebook/Laptop,307.2,Used,Used,Intel,Intel,i5,4.0,2.6,Windows,Unknown,,240.0,240.0,256GB,,Unk,14.0,14-16in,1280.0,720.0,Other,4,False,False,True,True
2107,Lenovo_celeron_4GB_32GB_14-16in,Lenovo,Notebook/Laptop,51.0,Used,Used,Intel,Intel,celeron,,1.6,Chrome,SSD,16.0,16.0,32.0,32GB,4.0,4GB,14.0,14-16in,1366.0,768.0,Black,3,False,False,True,True
2108,HP_i7_Unk_256GB_Unk,HP,Other,89.0,Used,Used,Other,Intel,i7,6.0,,Unknown,SSD,,256.0,256.0,256GB,,Unk,,Unk,,,Other,0,False,False,False,False
2109,Acer_i5_8GB_512GB_12-14in,Acer,Notebook/Laptop,199.0,Used,Used,Other,Intel,i5,6.0,2.3,Windows,SSD,256.0,256.0,512.0,512GB,8.0,8GB,12.0,12-14in,,,Other,6,False,True,True,True
2110,Dell_i7_8GB_1TB_14-16in,Dell,Notebook/Laptop,129.0,Used,Used,Other,Intel,i7,4.0,,Windows,HDD/SSD,1000.0,,1000.0,1TB,8.0,8GB,15.6,14-16in,1920.0,1080.0,Other,0,False,False,False,False
2111,Dell_celeron_4GB_16GB_Sub-12in,Dell,Notebook/Laptop,56.0,Used,Used,Intel,Intel,celeron,,1.6,Chrome,EMMC,,16.0,16.0,16GB,4.0,4GB,11.6,Sub-12in,1366.0,768.0,Black,1,False,False,True,False
2112,Other/Unbranded_Other/Unspecified_16GB_256GB_14-16in,Other/Unbranded,Notebook/Laptop,229.0,Used,Used,Other,Intel,Other/Unspecified,,,Windows,SSD,,256.0,256.0,256GB,16.0,16GB,14.0,14-16in,,,Other,1,True,False,False,False
2113,Dell_i3_16GB_2TB_12-14in,Dell,Notebook/Laptop,159.0,Used,Used,Intel,Intel,i3,4.0,1.7,Windows,SSD,,2000.0,2000.0,2TB,16.0,16GB,13.3,12-14in,,,Black,7,False,False,False,True
2114,Dell_i5_8GB_512GB_12-14in,Dell,Notebook/Laptop,120.0,Unknown,Unknown,Intel,Intel,i5,8.0,3.6,Windows,SSD,256.0,256.0,512.0,512GB,8.0,8GB,13.3,12-14in,1920.0,1080.0,Black,8,True,True,True,True
2115,Dell_Unknown_32GB+_512GB_Unk,Dell,Other,300.0,Used,Used,Other,Unknown,Unknown,,,Unknown,Unknown,256.0,256.0,512.0,512GB,256.0,32GB+,,Unk,,,Other,0,False,False,False,False
2116,Dell_i5_16GB_256GB_14-16in,Dell,Notebook/Laptop,527.0,Refurbished - Very Good,Refurbished,Other,Intel,i5,10.0,1.7,Windows,SSD,,256.0,256.0,256GB,16.0,16GB,14.0,14-16in,,,Other,0,False,False,False,False
2117,Dell_celeron_4GB_64GB_Sub-12in,Dell,Notebook/Laptop,549.0,Used,Used,Intel,Intel,celeron,,1.1,Chrome,SSD,32.0,32.0,64.0,64GB,4.0,4GB,11.6,Sub-12in,1366.0,768.0,Gray,4,False,False,True,True
2118,HP_i7_8GB_512GB_14-16in,HP,Notebook/Laptop,170.0,Unknown,Unknown,Intel,Intel,i7,6.0,2.6,Windows,SSD,8.0,256.0,264.0,512GB,8.0,8GB,15.6,14-16in,1920.0,1080.0,Silver,6,False,True,True,True
2119,Dell_i7_16GB_512GB_14-16in,Dell,Notebook/Laptop,600.0,Unknown,Unknown,Intel,Intel,i7,13.0,1.7,Windows,SSD,,512.0,512.0,512GB,16.0,16GB,15.6,14-16in,1920.0,1080.0,Black,3,True,True,True,False
2120,Dell_i5_4GB_512GB_14-16in,Dell,Notebook/Laptop,40.0,Used,Used,Other,Intel,i5,2.0,2.6,Windows,HDD/SSD,320.0,,320.0,512GB,4.0,4GB,14.0,14-16in,,,Black,2,False,False,False,True
2121,Lenovo_i7_32GB_2TB_14-16in,Lenovo,Notebook/Laptop,400.0,Refurbished - Excellent,Refurbished,Other,Intel,i7,7.0,2.8,Windows,SSD,512.0,1000.0,1512.0,2TB,32.0,32GB,14.0,14-16in,1920.0,1080.0,Other,4,False,True,True,False
2122,Other/Unbranded_Unknown_Unk_Unk_Unk,Other/Unbranded,Other,276.2,Used,Used,Intel,Unknown,Unknown,,,Unknown,Unknown,,,,Unk,,Unk,,Unk,,,Black,0,False,False,False,False
2123,HP_Other/Unspecified_8GB_256GB_14-16in,HP,Notebook/Laptop,107.56,Used,Used,Other,AMD,Other/Unspecified,,1.5,Windows,SSD,128.0,128.0,256.0,256GB,8.0,8GB,15.6,14-16in,1366.0,768.0,Other,0,False,False,False,False
2124,Other/Unbranded_pentium_Unk_1TB_14-16in,Other/Unbranded,Notebook/Laptop,300.0,Used,Used,Other,Other,pentium,,,Windows,HDD/SSD,640.0,,640.0,1TB,,Unk,15.5,14-16in,,,Silver,1,False,False,True,False
2125,Microsoft_i5_16GB_2TB_12-14in,Microsoft,Notebook/Laptop,625.0,Refurbished - Excellent,Refurbished,Other,Intel,i5,11.0,,Unknown,SSD,512.0,512.0,1024.0,2TB,16.0,16GB,13.5,12-14in,,,Multicolor,1,True,False,False,False
2126,Dell_i7_16GB_1TB_14-16in,Dell,Notebook/Laptop,469.0,Used,Used,Nvidia,Intel,i7,,2.8,Windows,OTHER,,1000.0,1000.0,1TB,16.0,16GB,15.6,14-16in,3840.0,2160.0,Silver,6,True,True,True,True
2127,Dell_Other/Unspecified_4GB_128GB_Sub-12in,Dell,Notebook/Laptop,229.6,Open Box,Like-New,Other,AMD,Other/Unspecified,,2.7,Windows,SSD,,128.0,128.0,128GB,4.0,4GB,11.6,Sub-12in,,,Gray,5,True,False,True,True
2128,Asus_celeron_4GB_32GB_Sub-12in,Asus,Other,27.98,Used,Used,Other,Intel,celeron,,1.6,Chrome,SSD,16.0,16.0,32.0,32GB,4.0,4GB,11.6,Sub-12in,1366.0,768.0,White,6,False,False,True,True
2129,Lenovo_i5_8GB_512GB_12-14in,Lenovo,Notebook/Laptop,155.0,Used,Used,Other,Intel,i5,8.0,1.6,Unknown,SSD,256.0,256.0,512.0,512GB,8.0,8GB,12.5,12-14in,1920.0,1080.0,Black,0,False,False,False,False
2130,Dell_i5_8GB_256GB_14-16in,Dell,Notebook/Laptop,160.0,Used,Used,Other,Intel,i5,5.0,2.2,Windows,SSD,,256.0,256.0,256GB,8.0,8GB,14.0,14-16in,1920.0,1080.0,Black,0,False,False,False,False
2131,Dell_i5_Unk_256GB_14-16in,Dell,Notebook/Laptop,80.0,Used,Used,Other,Intel,i5,2.0,,Windows,SSD,250.0,,250.0,256GB,,Unk,14.0,14-16in,,,Other,1,False,False,False,True
2132,Dell_i7_8GB_2TB_14-16in,Dell,Other,280.0,Used,Used,Intel,Intel,i7,6.0,2.6,Windows,SSD,512.0,512.0,1024.0,2TB,8.0,8GB,14.0,14-16in,1366.0,768.0,Black,1,False,False,False,False
2133,Dell_i5_Unk_512GB_14-16in,Dell,Other,260.0,Used,Used,Other,Intel,i5,,2.6,Unknown,SSD,256.0,256.0,512.0,512GB,,Unk,14.0,14-16in,,,Other,0,False,False,False,False
2134,Dell_Unknown_8GB_512GB_14-16in,Dell,Notebook/Laptop,399.0,Unknown,Unknown,Intel,Unknown,Unknown,,2.6,Windows,SSD,256.0,256.0,512.0,512GB,8.0,8GB,14.0,14-16in,1920.0,1080.0,Black,4,False,False,True,True
2135,Microsoft_i5_16GB_512GB_12-14in,Microsoft,Notebook/Laptop,799.0,Open Box,Like-New,Other,Intel,i5,,4.8,Windows,SSD,256.0,256.0,512.0,512GB,16.0,16GB,13.0,12-14in,2880.0,1920.0,Silver,7,True,False,True,True
2136,Asus_i3_8GB_256GB_14-16in,Asus,Notebook/Laptop,90.0,Used,Used,Intel,Intel,i3,,2.2,Windows,HDD/SSD,160.0,,160.0,256GB,8.0,8GB,15.6,14-16in,1024.0,768.0,Black,7,False,False,False,True
2137,Acer_celeron_4GB_32GB_Sub-12in,Acer,Notebook/Laptop,29.0,Unknown,Unknown,Other,Intel,celeron,,1.0,Chrome,SSD,16.0,16.0,32.0,32GB,4.0,4GB,11.6,Sub-12in,,,Gray,1,False,False,True,False
2138,HP_i7_16GB_2TB_Unk,HP,Other,170.0,Used,Used,Intel,Intel,i7,,3.4,Windows,HDD/SSD,1000.0,1000.0,2000.0,2TB,16.0,16GB,,Unk,,,Black,10,False,False,False,True
2139,Other/Unbranded_Unknown_Unk_Unk_Unk,Other/Unbranded,Other,8.85,New,New,Other,Unknown,Unknown,,,Unknown,Unknown,,,,Unk,,Unk,,Unk,,,Other,0,False,False,False,False
2140,HP_i7_16GB_512GB_14-16in,HP,Notebook/Laptop,389.0,Unknown,Unknown,Nvidia,Intel,i7,7.0,2.7,Windows,SSD,,512.0,512.0,512GB,16.0,16GB,15.6,14-16in,3840.0,2160.0,Black,6,True,True,True,True
2141,HP_i7_16GB_512GB_14-16in,HP,Notebook/Laptop,506.0,Refurbished - Very Good,Refurbished,Intel,Intel,i7,8.0,4.0,Windows,SSD,,512.0,512.0,512GB,16.0,16GB,15.6,14-16in,1920.0,1080.0,Other,6,False,False,True,True
2142,Asus_i7_16GB_2TB_14-16in,Asus,Notebook/Laptop,600.0,Unknown,Unknown,Nvidia,Intel,i7,,2.6,Windows,SSD,1000.0,1000.0,2000.0,2TB,16.0,16GB,15.6,14-16in,3840.0,2160.0,Black,5,False,True,True,True
2143,Lenovo_ryzen7_16GB_512GB_14-16in,Lenovo,Notebook/Laptop,320.5,Refurbished - Certified,Refurbished,Amd,AMD,ryzen 7,,,Windows,SSD,,512.0,512.0,512GB,16.0,16GB,14.0,14-16in,,,Black,16,False,True,True,True
2144,Other/Unbranded_Unknown_Unk_Unk_Unk,Other/Unbranded,Other,11.38,New,New,Other,Unknown,Unknown,,,Unknown,Unknown,,,,Unk,,Unk,,Unk,,,Other,0,False,False,False,False
2145,Acer_i5_8GB_512GB_12-14in,Acer,Notebook/Laptop,199.0,Used,Used,Other,Intel,i5,6.0,2.3,Windows,SSD,256.0,256.0,512.0,512GB,8.0,8GB,12.0,12-14in,,,Other,6,False,True,True,True
2146,Dell_i5_Unk_128GB_14-16in,Dell,Notebook/Laptop,286.8,Used,Used,Intel,Intel,i5,4.0,2.6,Windows,Unknown,,120.0,120.0,128GB,,Unk,14.0,14-16in,1280.0,720.0,Other,3,False,False,False,True
2147,Lenovo_i7_16GB_2TB_14-16in,Lenovo,Notebook/Laptop,550.0,Open Box,Like-New,Intel,Intel,i7,11.0,4.7,Windows,SSD,512.0,512.0,1024.0,2TB,12.0,16GB,15.6,14-16in,1920.0,1080.0,Blue,5,True,False,True,False
2148,Samsung_celeron_Unk_Unk_Unk,Samsung,Other,99.0,Used,Used,Other,Intel,celeron,,,Chrome,Unknown,,,,Unk,,Unk,,Unk,,,Silver,0,False,False,False,False
2149,Dell_i5_Unk_Unk_12-14in,Dell,Notebook/Laptop,125.0,Used,Used,Other,Intel,i5,,,Unknown,SSD,,,,Unk,,Unk,13.3,12-14in,,,Other,0,False,False,False,False
2150,Other/Unbranded_Unknown_Unk_Unk_Unk,Other/Unbranded,Other,130.5,For Parts / Not Working,End-of-Life,Other,Unknown,Unknown,,,Unknown,Unknown,,,,Unk,,Unk,,Unk,,,Other,0,False,False,False,False
2151,Lenovo_i5_8GB_2TB_12-14in,Lenovo,Notebook/Laptop,886.0,Used,Used,Other,Intel,i5,,,Windows,SSD,512.0,512.0,1024.0,2TB,8.0,8GB,13.3,12-14in,,,Other,1,True,False,False,False
2152,Other/Unbranded_Unknown_Unk_Unk_Unk,Other/Unbranded,Other,173.0,Used,Used,Amd,Unknown,Unknown,,,Unknown,Unknown,,,,Unk,,Unk,,Unk,,,Other,0,False,False,False,False
2153,LG_i7_32GB_2TB_16in+,LG,Notebook/Laptop,675.0,Used,Used,Other,Intel,i7,,,Windows,Unknown,1000.0,1000.0,2000.0,2TB,32.0,32GB,17.3,16in+,,,Other,0,False,False,False,False
2154,Dell_i5_16GB_2TB_14-16in,Dell,Notebook/Laptop,90.0,Used,Used,Intel,Intel,i5,,3.9,Unknown,SSD,512.0,512.0,1024.0,2TB,16.0,16GB,15.6,14-16in,1366.0,768.0,Black,7,False,True,False,False
2155,Dell_i3_8GB_512GB_14-16in,Dell,Notebook/Laptop,126.5,Refurbished - Very Good,Refurbished,Intel,Intel,i3,3.0,2.5,Windows,HDD/SSD,500.0,,500.0,512GB,8.0,8GB,15.0,14-16in,,,Other,5,False,False,True,True
2156,Other/Unbranded_i5_8GB_512GB_12-14in,Other/Unbranded,Notebook/Laptop,75.94,Used,Used,Other,Intel,i5,,2.5,Windows,SSD,500.0,,500.0,512GB,8.0,8GB,12.5,12-14in,,,Other,3,False,False,False,False
2157,Acer_ryzen5_8GB_512GB_14-16in,Acer,Notebook/Laptop,430.0,Used,Used,Amd,AMD,ryzen 5,,2.1,Windows,SSD,256.0,256.0,512.0,512GB,8.0,8GB,15.6,14-16in,1920.0,1080.0,Black,0,False,False,False,False
2158,Other/Unbranded_i7_16GB_512GB_14-16in,Other/Unbranded,Notebook/Laptop,650.0,Used,Used,Nvidia,Intel,i7,11.0,2.3,Windows,SSD,,512.0,512.0,512GB,16.0,16GB,15.6,14-16in,3840.0,2160.0,Black,0,False,False,False,False
2159,Lenovo_i5_8GB_512GB_14-16in,Lenovo,Notebook/Laptop,126.56,Used,Used,Other,Intel,i5,,,Windows,SSD,256.0,256.0,512.0,512GB,8.0,8GB,14.0,14-16in,,,Other,0,False,False,False,False
2160,HP_i7_16GB_256GB_Unk,HP,Notebook/Laptop,283.8,Used,Used,Intel,Intel,i7,8.0,1.8,Windows,OTHER,,256.0,256.0,256GB,16.0,16GB,,Unk,1920.0,1080.0,Other,6,False,True,True,True
2161,Lenovo_i5_16GB_2TB_12-14in,Lenovo,Notebook/Laptop,362.2,Refurbished - Certified,Refurbished,Intel,Intel,i5,10.0,4.2,Windows,SSD,512.0,512.0,1024.0,2TB,16.0,16GB,13.3,12-14in,1920.0,1080.0,Other,6,True,False,True,True
2162,Other/Unbranded_celeron_4GB_256GB_14-16in,Other/Unbranded,Notebook/Laptop,50.62,Used,Used,Intel,Intel,celeron,,1.9,Windows,HDD/SSD,128.0,128.0,256.0,256GB,4.0,4GB,15.6,14-16in,1366.0,768.0,Other,4,False,False,True,True
2163,Other/Unbranded_Unknown_Unk_Unk_Unk,Other/Unbranded,Other,739.0,Unknown,Unknown,Other,Unknown,Unknown,,,Unknown,Unknown,,,,Unk,,Unk,,Unk,,,Black,0,False,False,False,False
2164,HP_i7_32GB_1TB_14-16in,HP,Other,443.0,Used,Used,Amd,Intel,i7,8.0,1.8,Windows,SSD,,1000.0,1000.0,1TB,32.0,32GB,14.0,14-16in,,,Other,3,False,True,True,False
2165,Other/Unbranded_Unknown_Unk_Unk_Unk,Other/Unbranded,Other,34.8,Used,Used,Other,Unknown,Unknown,,,Unknown,Unknown,,,,Unk,,Unk,,Unk,,,Other,0,False,False,False,False
2166,Acer_ryzen5_8GB_256GB_14-16in,Acer,Notebook/Laptop,506.2,Used,Used,Amd,AMD,ryzen 5,3.0,2.1,Windows,SSD,,256.0,256.0,256GB,8.0,8GB,15.6,14-16in,1920.0,1080.0,Other,2,False,False,False,False
2167,Other/Unbranded_Unknown_Unk_Unk_Unk,Other/Unbranded,Other,519.5,Open Box,Like-New,Other,Unknown,Unknown,,,Unknown,Unknown,,,,Unk,,Unk,,Unk,,,Other,0,False,False,False,False
2168,Lenovo_i7_32GB_2TB_14-16in,Lenovo,Notebook/Laptop,400.0,Refurbished - Excellent,Refurbished,Other,Intel,i7,7.0,2.8,Windows,SSD,512.0,1000.0,1512.0,2TB,32.0,32GB,14.0,14-16in,1920.0,1080.0,Other,4,False,True,True,False
2169,Lenovo_celeron_4GB_64GB_Sub-12in,Lenovo,Notebook/Laptop,151.8,Unknown,Unknown,Intel,Intel,celeron,,1.1,Windows,EMMC,,64.0,64.0,64GB,4.0,4GB,10.3,Sub-12in,1920.0,1200.0,Other,6,True,False,True,True
2170,HP_i5_8GB_512GB_12-14in,HP,Notebook/Laptop,239.1,Used,Used,Amd,Intel,i5,8.0,1.6,Windows,SSD,256.0,256.0,512.0,512GB,8.0,8GB,13.3,12-14in,1920.0,1080.0,Other,4,True,False,False,True
2171,Other/Unbranded_Unknown_Unk_Unk_Unk,Other/Unbranded,Other,1115.0,Open Box,Like-New,Other,Unknown,Unknown,,,Unknown,Unknown,,,,Unk,,Unk,,Unk,,,Other,0,False,False,False,False
2172,Other/Unbranded_Unknown_Unk_Unk_Unk,Other/Unbranded,Other,54.38,Used,Used,Other,Unknown,Unknown,,,Unknown,Unknown,,,,Unk,,Unk,,Unk,,,Other,0,False,False,False,False
2173,Other/Unbranded_Unknown_Unk_Unk_Unk,Other/Unbranded,Other,129.4,Used,Used,Other,Unknown,Unknown,,,Unknown,Unknown,,,,Unk,,Unk,,Unk,,,Other,0,False,False,False,False
2174,Other/Unbranded_Unknown_Unk_Unk_Unk,Other/Unbranded,Other,326.2,New,New,Intel,Unknown,Unknown,,,Unknown,Unknown,,,,Unk,,Unk,,Unk,,,Other,0,False,False,False,False
2175,Dell_i7_16GB_512GB_12-14in,Dell,Notebook/Laptop,442.8,Refurbished - Good,Refurbished,Intel,Intel,i7,8.0,4.6,Windows,SSD,,512.0,512.0,512GB,16.0,16GB,13.3,12-14in,3840.0,2160.0,Other,7,True,True,True,True
2176,Other/Unbranded_Other/Unspecified_Unk_Unk_12-14in,Other/Unbranded,Other,872.0,Refurbished - Very Good,Refurbished,Other,Apple,Other/Unspecified,,3.2,Mac,SSD,,,,Unk,,Unk,13.0,12-14in,2560.0,1600.0,Other,8,False,True,True,True
2177,Dell_i5_Unk_128GB_14-16in,Dell,Notebook/Laptop,300.2,Used,Used,Intel,Intel,i5,4.0,2.6,Windows,Unknown,,120.0,120.0,128GB,,Unk,14.0,14-16in,1280.0,720.0,Other,3,False,False,False,True
2178,Lenovo_i5_32GB_2TB_14-16in,Lenovo,Notebook/Laptop,246.8,Used,Used,Intel,Intel,i5,6.0,3.0,Windows,SSD,,2000.0,2000.0,2TB,32.0,32GB,14.0,14-16in,1366.0,768.0,Other,1,False,False,False,True
2179,Dell_celeron_2GB_Unk_Sub-12in,Dell,Notebook/Laptop,20.0,Used,Used,Intel,Intel,celeron,,,Unknown,SSD,,,,Unk,2.0,2GB,11.6,Sub-12in,1366.0,768.0,Black,0,False,False,False,False
2180,Dell_i7_32GB_2TB_14-16in,Dell,Notebook/Laptop,340.0,Used,Used,Intel,Intel,i7,8.0,1.9,Windows,SSD,1000.0,1000.0,2000.0,2TB,32.0,32GB,15.6,14-16in,1366.0,768.0,Other,4,False,False,True,False
2181,Samsung_celeron_2GB_32GB_Sub-12in,Samsung,Notebook/Laptop,49.0,Used,Used,Intel,Intel,celeron,,1.6,Chrome,SSD,16.0,16.0,32.0,32GB,2.0,2GB,11.6,Sub-12in,1366.0,768.0,Black,3,False,False,True,True
2182,Other/Unbranded_Unknown_Unk_Unk_Unk,Other/Unbranded,Other,163.1,Used,Used,Intel,Unknown,Unknown,,,Unknown,Unknown,,,,Unk,,Unk,,Unk,,,Other,0,False,False,False,False
2183,Other/Unbranded_Unknown_Unk_Unk_Unk,Other/Unbranded,Other,456.8,New,New,Other,Unknown,Unknown,,,Unknown,Unknown,,,,Unk,,Unk,,Unk,,,Other,0,False,False,False,False
2184,Other/Unbranded_i5_16GB_1TB_16in+,Other/Unbranded,Notebook/Laptop,1035.0,New,New,Intel,Intel,i5,,,Windows,SSD,,1000.0,1000.0,1TB,16.0,16GB,16.0,16in+,,,Silver,5,False,True,True,True
2185,Dell_i5_Unk_256GB_14-16in,Dell,Notebook/Laptop,300.0,Used,Used,Intel,Intel,i5,3.0,3.0,Windows,Unknown,,240.0,240.0,256GB,,Unk,14.0,14-16in,1280.0,720.0,Other,2,False,False,False,True
2186,Dell_i5_Unk_128GB_14-16in,Dell,Notebook/Laptop,258.5,Used,Used,Intel,Intel,i5,3.0,3.0,Windows,Unknown,,120.0,120.0,128GB,,Unk,14.0,14-16in,1280.0,720.0,Other,2,False,False,False,True
2187,Other/Unbranded_Other/Unspecified_16GB_2TB_Unk,Other/Unbranded,Notebook/Laptop,151.9,Refurbished - Good,Refurbished,Other,Intel,Other/Unspecified,,2.4,Windows,SSD,1000.0,1000.0,2000.0,2TB,16.0,16GB,,Unk,,,Other,2,False,False,False,True
2188,Acer_celeron_4GB_64GB_Sub-12in,Acer,Notebook/Laptop,54.0,Used,Used,Intel,Intel,celeron,,2.48,Chrome,EMMC,32.0,32.0,64.0,64GB,4.0,4GB,11.6,Sub-12in,1366.0,768.0,Gray,1,True,False,False,False
2189,Other/Unbranded_i5_8GB_512GB_Sub-12in,Other/Unbranded,Notebook/Laptop,223.2,Used,Used,Other,Intel,i5,6.0,2.3,Windows,SSD,256.0,256.0,512.0,512GB,8.0,8GB,10.1,Sub-12in,1024.0,768.0,Other,5,True,False,True,True
2190,Other/Unbranded_Unknown_Unk_Unk_Unk,Other/Unbranded,Other,1087.0,New,New,Other,Unknown,Unknown,,,Unknown,Unknown,,,,Unk,,Unk,,Unk,,,Other,0,False,False,False,False
2191,Asus_Other/Unspecified_4GB_32GB_Sub-12in,Asus,Notebook/Laptop,31.0,For Parts / Not Working,End-of-Life,Other,Other,Other/Unspecified,,1.8,Chrome,Unknown,16.0,16.0,32.0,32GB,4.0,4GB,10.1,Sub-12in,1280.0,800.0,Silver,1,True,False,False,False
2192,Other/Unbranded_Unknown_Unk_Unk_Unk,Other/Unbranded,Other,108.75,Used,Used,Other,Unknown,Unknown,,,Unknown,Unknown,,,,Unk,,Unk,,Unk,,,Other,0,False,False,False,False
2193,Other/Unbranded_celeron_4GB_256GB_14-16in,Other/Unbranded,Notebook/Laptop,159.0,New,New,Intel,Intel,celeron,,1.1,Windows,HDD/SSD,128.0,128.0,256.0,256GB,4.0,4GB,15.6,14-16in,1366.0,768.0,Silver,3,False,False,True,False
2194,HP_i7_16GB_512GB_12-14in,HP,Notebook/Laptop,355.8,Used,Used,Intel,Intel,i7,8.0,4.6,Windows,SSD,,512.0,512.0,512GB,16.0,16GB,13.3,12-14in,1920.0,1080.0,Other,9,True,True,True,True
2195,Other/Unbranded_Unknown_Unk_Unk_Unk,Other/Unbranded,Other,187.2,Used,Used,Other,Unknown,Unknown,,,Unknown,Unknown,,,,Unk,,Unk,,Unk,,,Other,0,False,False,False,False
2196,HP_Unknown_Unk_Unk_Unk,HP,Other,8.99,Used,Used,Other,Unknown,Unknown,,,Unknown,Unknown,,,,Unk,,Unk,,Unk,,,Black,0,False,False,False,False
2197,Other/Unbranded_Unknown_Unk_Unk_Unk,Other/Unbranded,Other,163.1,Unknown,Unknown,Intel,Unknown,Unknown,,,Unknown,Unknown,,,,Unk,,Unk,,Unk,,,Other,0,False,False,False,False
2198,Other/Unbranded_Other/Unspecified_Unk_Unk_14-16in,Other/Unbranded,Other,40.0,New,New,Other,Other,Other/Unspecified,,,Unknown,Unknown,,,,Unk,,Unk,15.6,14-16in,,,Other,0,False,False,False,False
2199,Dell_i5_Unk_256GB_14-16in,Dell,Notebook/Laptop,376.0,Used,Used,Nvidia,Intel,i5,4.0,2.6,Windows,Unknown,,240.0,240.0,256GB,,Unk,14.0,14-16in,1280.0,720.0,Other,3,False,False,False,True
2200,Dell_i7_8GB_512GB_14-16in,Dell,Notebook/Laptop,750.0,Open Box,Like-New,Other,Intel,i7,,1.7,Windows,SSD,256.0,256.0,512.0,512GB,8.0,8GB,14.0,14-16in,1920.0,1080.0,Gray,6,True,False,True,True
2201,Other/Unbranded_Unknown_Unk_Unk_Unk,Other/Unbranded,Other,130.5,Used,Used,Other,Unknown,Unknown,,,Unknown,Unknown,,,,Unk,,Unk,,Unk,,,Other,0,False,False,False,False
2202,Acer_Other/Unspecified_Unk_Unk_Sub-12in,Acer,Other,49.5,Used,Used,Other,Intel,Other/Unspecified,,,Chrome,Unknown,,,,Unk,,Unk,10.2,Sub-12in,,,Other,0,False,False,False,False
2203,Other/Unbranded_Unknown_Unk_Unk_Unk,Other/Unbranded,Other,188.5,Used,Used,Other,Unknown,Unknown,,,Unknown,Unknown,,,,Unk,,Unk,,Unk,,,Other,0,False,False,False,False
2204,Asus_i9_32GB_2TB+_16in+,Asus,Notebook/Laptop,3668.0,New,New,Nvidia,Intel,i9,13.0,,Windows,SSD,2000.0,2000.0,4000.0,2TB+,32.0,32GB,18.0,16in+,2560.0,1600.0,Other,7,False,True,True,False
2205,Other/Unbranded_Unknown_Unk_Unk_Unk,Other/Unbranded,Other,214.2,Refurbished - Certified,Refurbished,Other,Unknown,Unknown,,,Unknown,Unknown,,,,Unk,,Unk,,Unk,,,Other,0,False,False,False,False
2206,HP_Other/Unspecified_Unk_2TB_14-16in,HP,Notebook/Laptop,94.94,Used,Used,Amd,AMD,Other/Unspecified,,2.0,Windows,SSD,1000.0,120.0,1120.0,2TB,,Unk,15.6,14-16in,1366.0,768.0,Other,6,False,False,True,True
2207,Dell_i5_Unk_128GB_14-16in,Dell,Notebook/Laptop,318.2,Used,Used,Nvidia,Intel,i5,4.0,2.6,Windows,Unknown,,120.0,120.0,128GB,,Unk,14.0,14-16in,1280.0,720.0,Other,3,False,False,False,True
2208,Other/Unbranded_Unknown_Unk_Unk_Unk,Other/Unbranded,Other,761.5,Used,Used,Other,Unknown,Unknown,,,Unknown,Unknown,,,,Unk,,Unk,,Unk,,,Other,0,False,False,False,False
2209,Other/Unbranded_Unknown_Unk_Unk_Unk,Other/Unbranded,Other,934.0,Open Box,Like-New,Other,Unknown,Unknown,,,Unknown,Unknown,,,,Unk,,Unk,,Unk,,,Other,0,False,False,False,False
2210,HP_i5_8GB_2TB_14-16in,HP,Other,593.5,Used,Used,Intel,Intel,i5,12.0,,Windows,SSD,512.0,512.0,1024.0,2TB,8.0,8GB,15.6,14-16in,1920.0,1080.0,Other,6,False,True,True,False
2211,HP_i7_Unk_1TB_12-14in,HP,Notebook/Laptop,227.8,For Parts / Not Working,End-of-Life,Other,Intel,i7,8.0,,Windows,SSD,,1000.0,1000.0,1TB,,Unk,13.0,12-14in,,,Other,8,True,True,True,True
2212,Acer_celeron_Unk_32GB_Sub-12in,Acer,Notebook/Laptop,63.25,Used,Used,Other,Intel,celeron,,1.4,Chrome,SSD,2.0,16.0,18.0,32GB,,Unk,11.6,Sub-12in,,,Other,3,False,False,True,True
2213,Other/Unbranded_i3_16GB_2TB_12-14in,Other/Unbranded,Notebook/Laptop,113.9,Refurbished - Good,Refurbished,Intel,Intel,i3,,1.7,Windows,HDD/SSD,1000.0,256.0,1256.0,2TB,16.0,16GB,12.5,12-14in,1366.0,768.0,Other,3,False,False,False,True
2214,Lenovo_i5_8GB_256GB_14-16in,Lenovo,Notebook/Laptop,170.9,Used,Used,Other,Intel,i5,8.0,1.6,Windows,SSD,,256.0,256.0,256GB,8.0,8GB,15.6,14-16in,1366.0,768.0,Other,4,False,False,False,True
2215,Other/Unbranded_i7_16GB_Unk_16in+,Other/Unbranded,Notebook/Laptop,443.0,Used,Used,Other,Intel,i7,6.0,2.4,Windows,HDD/SSD,,,,Unk,16.0,16GB,17.3,16in+,,,Other,5,False,True,True,False
2216,Lenovo_i5_Unk_512GB_14-16in,Lenovo,Other,67.5,Used,Used,Other,Intel,i5,4.0,1.9,Unknown,HDD/SSD,500.0,,500.0,512GB,,Unk,14.0,14-16in,,,Other,1,False,False,False,False
2217,Dell_i5_8GB_256GB_12-14in,Dell,Notebook/Laptop,110.0,Used,Used,Intel,Intel,i5,3.0,2.6,Windows,SSD,128.0,128.0,256.0,256GB,8.0,8GB,12.0,12-14in,1366.0,768.0,Blue,4,False,False,True,True
2218,HP_celeron_4GB_32GB_Sub-12in,HP,Notebook/Laptop,50.0,Used,Used,Other,Intel,celeron,,1.6,Windows,SSD,,32.0,32.0,32GB,4.0,4GB,11.6,Sub-12in,,,Purple,0,False,False,False,False
2219,Dell_i5_8GB_512GB_14-16in,Dell,Notebook/Laptop,109.94,Used,Used,Other,Intel,i5,4.0,,Windows,HDD/SSD,500.0,,500.0,512GB,8.0,8GB,14.0,14-16in,1366.0,768.0,Other,0,False,False,False,False
2220,Dell_i5_Unk_512GB_14-16in,Dell,Other,150.0,Used,Used,Other,Intel,i5,3.0,2.5,Linux,SSD,256.0,256.0,512.0,512GB,,Unk,15.6,14-16in,,,Other,0,False,False,False,False
2221,HP_celeron_4GB_512GB_14-16in,HP,Notebook/Laptop,114.94,Used,Used,Other,Intel,celeron,,1.1,Windows,HDD/SSD,500.0,,500.0,512GB,4.0,4GB,15.6,14-16in,1366.0,768.0,Black,0,False,False,False,False
2222,Lenovo_i5_Unk_128GB_12-14in,Lenovo,Other,139.2,Used,Used,Other,Intel,i5,1.0,2.4,Windows,SSD,,120.0,120.0,128GB,,Unk,12.5,12-14in,,,Other,0,False,False,False,False
2223,Lenovo_core2duo_4GB_16GB_14-16in,Lenovo,Other,50.0,Used,Used,Other,Intel,core 2 duo,,,Unknown,Unknown,3.0,,3.0,16GB,3.0,4GB,14.0,14-16in,,,Other,0,False,False,False,False
2224,Dell_core2duo_4GB_Unk_12-14in,Dell,Notebook/Laptop,99.0,Used,Used,Other,Intel,core 2 duo,,1.6,Unknown,HDD/SSD,,,,Unk,3.0,4GB,12.1,12-14in,1280.0,800.0,Other,0,False,False,False,False
2225,Asus_i3_Unk_Unk_Unk,Asus,Other,229.0,Used,Used,Other,Intel,i3,,,Unknown,Unknown,,,,Unk,,Unk,,Unk,,,Other,0,False,False,False,False
2226,Dell_i7_8GB_512GB_14-16in,Dell,Notebook/Laptop,79.94,Unknown,Unknown,Intel,Intel,i7,3.0,2.7,Windows,SSD,240.0,256.0,496.0,512GB,8.0,8GB,15.6,14-16in,1366.0,768.0,Gray,8,False,True,True,True
2227,Lenovo_i5_8GB_256GB_14-16in,Lenovo,Notebook/Laptop,179.5,Used,Used,Intel,Intel,i5,,2.4,Windows,SSD,128.0,128.0,256.0,256GB,8.0,8GB,14.0,14-16in,1920.0,1080.0,Gray,6,False,True,True,True
2228,Dell_core2duo_4GB_Unk_14-16in,Dell,Notebook/Laptop,44.97,Used,Used,Other,Intel,core 2 duo,,2.26,Unknown,Unknown,,,,Unk,4.0,4GB,15.4,14-16in,1920.0,1200.0,Black,2,False,False,False,True
2229,Lenovo_i7_32GB_2TB+_14-16in,Lenovo,Notebook/Laptop,400.0,Refurbished - Very Good,Refurbished,Other,Intel,i7,7.0,2.8,Windows,HDD/SSD,2000.0,2000.0,4000.0,2TB+,32.0,32GB,14.0,14-16in,1920.0,1080.0,Other,4,False,True,True,False
2230,HP_celeron_8GB_128GB_14-16in,HP,Notebook/Laptop,220.0,Open Box,Like-New,Intel,Intel,celeron,,1.1,Windows,SSD,,128.0,128.0,128GB,8.0,8GB,14.0,14-16in,1366.0,768.0,Black,4,False,False,False,True
2231,Dell_i5_Unk_128GB_14-16in,Dell,Notebook/Laptop,300.2,Used,Used,Intel,Intel,i5,4.0,2.6,Windows,Unknown,,120.0,120.0,128GB,,Unk,14.0,14-16in,1280.0,720.0,Other,3,False,False,False,True
2232,HP_i3_4GB_16GB_14-16in,HP,Notebook/Laptop,300.0,New,New,Other,Intel,i3,,,Windows,Unknown,4.0,,4.0,16GB,4.0,4GB,14.0,14-16in,,,Other,0,False,False,False,False
2233,Lenovo_Unknown_Unk_Unk_Sub-12in,Lenovo,Other,45.0,For Parts / Not Working,End-of-Life,Other,Unknown,Unknown,,,Unknown,Unknown,,,,Unk,,Unk,11.6,Sub-12in,,,Black,0,False,False,False,False
2234,Dell_i3_Unk_512GB_12-14in,Dell,Notebook/Laptop,150.0,Used,Used,Other,Intel,i3,6.0,2.3,Windows,SSD,,512.0,512.0,512GB,,Unk,13.3,12-14in,,,Other,3,True,True,False,False
2235,Acer_ryzen3_32GB_1TB_14-16in,Acer,Other,280.0,Used,Used,Other,AMD,ryzen 3,,,Windows,SSD,20.0,512.0,532.0,1TB,20.0,32GB,15.6,14-16in,,,Other,0,False,False,False,False
2236,Microsoft_Other/Unspecified_16GB_256GB_12-14in,Microsoft,Notebook/Laptop,599.0,Unknown,Unknown,Other,Other,Other/Unspecified,,1.8,Windows,SSD,,256.0,256.0,256GB,16.0,16GB,13.0,12-14in,2880.0,1920.0,Black,4,True,False,True,True
2237,Dell_i5_8GB_512GB_14-16in,Dell,Notebook/Laptop,269.0,Used,Used,Intel,Intel,i5,11.0,2.4,Windows,SSD,,512.0,512.0,512GB,8.0,8GB,14.0,14-16in,1920.0,1080.0,Silver,6,False,True,True,True
2238,HP_i5_8GB_512GB_14-16in,HP,Notebook/Laptop,300.0,Unknown,Unknown,Intel,Intel,i5,11.0,2.4,Windows,SSD,256.0,256.0,512.0,512GB,8.0,8GB,14.0,14-16in,1920.0,1080.0,Silver,11,True,True,True,True
2239,Lenovo_ryzen7_32GB+_2TB_14-16in,Lenovo,Notebook/Laptop,819.5,New,New,Other,AMD,ryzen 7,,,Unknown,Unknown,512.0,512.0,1024.0,2TB,512.0,32GB+,14.0,14-16in,1920.0,1200.0,Other,0,False,False,False,False
2240,Dell_i7_16GB_2TB_12-14in,Dell,Notebook/Laptop,330.0,Refurbished - Good,Refurbished,Other,Intel,i7,8.0,1.9,Windows,SSD,512.0,512.0,1024.0,2TB,16.0,16GB,13.3,12-14in,1920.0,1080.0,Other,5,False,True,True,False
2241,HP_i5_16GB_2TB_14-16in,HP,Notebook/Laptop,210.0,Refurbished - Very Good,Refurbished,Other,Intel,i5,,2.5,Windows,SSD,800.0,800.0,1600.0,2TB,16.0,16GB,14.0,14-16in,,,Other,1,False,False,False,True
2242,Dell_i7_8GB_256GB_14-16in,Dell,Notebook/Laptop,350.0,Used,Used,Other,Intel,i7,7.0,,Windows,SSD,256.0,,256.0,256GB,8.0,8GB,15.6,14-16in,,,Black,4,False,False,True,True
2243,Lenovo_ryzen7_16GB_Unk_14-16in,Lenovo,Notebook/Laptop,220.0,Used,Used,Amd,AMD,ryzen 7,,2.2,Windows,SSD,,,,Unk,16.0,16GB,15.6,14-16in,1920.0,1080.0,Black,5,False,False,True,True
2244,Dell_i5_4GB_256GB_14-16in,Dell,Notebook/Laptop,90.0,Used,Used,Intel,Intel,i5,,2.5,Windows,HDD/SSD,160.0,,160.0,256GB,4.0,4GB,14.1,14-16in,1024.0,768.0,Black,5,False,False,False,True
2245,Dell_i3_8GB_128GB_12-14in,Dell,Notebook/Laptop,248.5,Used,Used,Intel,Intel,i3,4.0,1.7,Windows,SSD,,120.0,120.0,128GB,8.0,8GB,13.3,12-14in,1366.0,768.0,Gray,5,False,False,True,False
2246,HP_i5_16GB_256GB_12-14in,HP,Notebook/Laptop,727.0,Used,Used,Other,Intel,i5,,,Unknown,Unknown,,256.0,256.0,256GB,16.0,16GB,13.5,12-14in,,,Other,0,False,False,False,False
2247,HP_i7_8GB_512GB_Sub-12in,HP,Notebook/Laptop,210.0,Used,Used,Other,Intel,i7,5.0,2.6,Windows,SSD,256.0,256.0,512.0,512GB,8.0,8GB,11.6,Sub-12in,1366.0,768.0,Silver,4,True,False,True,False
2248,Asus_ryzen7_16GB_2TB_14-16in,Asus,Notebook/Laptop,806.0,Unknown,Unknown,Nvidia,AMD,ryzen 7,,3.2,Windows,SSD,1000.0,1000.0,2000.0,2TB,16.0,16GB,14.0,14-16in,2880.0,1800.0,Blue,7,False,True,True,True
2249,Lenovo_i7_16GB_512GB_14-16in,Lenovo,Notebook/Laptop,699.0,Refurbished - Excellent,Refurbished,Other,Intel,i7,,3.0,Windows,SSD,,512.0,512.0,512GB,16.0,16GB,14.0,14-16in,,,Black,0,False,False,False,False
2250,HP_Other/Unspecified_4GB_1TB_14-16in,HP,Notebook/Laptop,99.0,Used,Used,Amd,AMD,Other/Unspecified,,2.0,Windows,HDD/SSD,750.0,,750.0,1TB,4.0,4GB,15.6,14-16in,,,Black,3,False,False,False,False
2251,Dell_i5_8GB_128GB_14-16in,Dell,Notebook/Laptop,139.0,Refurbished - Good,Refurbished,Other,Intel,i5,2.0,2.5,Windows,SSD,,128.0,128.0,128GB,8.0,8GB,14.0,14-16in,,,Gray,0,False,False,False,False
2252,Dell_i5_8GB_Unk_12-14in,Dell,Notebook/Laptop,550.0,Used,Used,Other,Intel,i5,,2.3,Unknown,OTHER,,,,Unk,8.0,8GB,12.5,12-14in,1366.0,768.0,Black,0,False,False,False,False
2253,Acer_celeron_16GB_Unk_Sub-12in,Acer,Notebook/Laptop,40.0,Used,Used,Other,Intel,celeron,,1.4,Chrome,Unknown,,,,Unk,16.0,16GB,11.6,Sub-12in,,,Black,0,False,False,False,False
2254,Dell_core2duo_4GB_Unk_14-16in,Dell,Notebook/Laptop,125.0,For Parts / Not Working,End-of-Life,Other,Intel,core 2 duo,,2.8,Unknown,OTHER,,,,Unk,4.0,4GB,14.0,14-16in,1366.0,768.0,Black,1,False,False,False,True
2255,HP_celeron_4GB_64GB_14-16in,HP,Notebook/Laptop,140.0,Used,Used,Intel,Intel,celeron,,1.1,Chrome,EMMC,32.0,32.0,64.0,64GB,4.0,4GB,14.0,14-16in,1366.0,768.0,Gray,5,True,False,True,True
2256,Lenovo_celeron_4GB_32GB_Sub-12in,Lenovo,Other,45.0,Used,Used,Other,Intel,celeron,,1.6,Chrome,SSD,16.0,16.0,32.0,32GB,4.0,4GB,11.6,Sub-12in,1366.0,768.0,Black,0,False,False,False,False
2257,Samsung_celeron_4GB_32GB_14-16in,Samsung,Notebook/Laptop,119.5,Refurbished - Excellent,Refurbished,Intel,Intel,celeron,,1.1,Chrome,EMMC,,32.0,32.0,32GB,4.0,4GB,14.0,14-16in,1366.0,768.0,Silver,3,False,False,True,True
2258,Dell_core2duo_4GB_512GB_14-16in,Dell,Notebook/Laptop,237.5,Used,Used,Other,Intel,core 2 duo,,1.66,Windows,HDD/SSD,500.0,,500.0,512GB,4.0,4GB,15.0,14-16in,,,Gray,0,False,False,False,False
2259,Dell_i7_16GB_2TB_12-14in,Dell,Notebook/Laptop,290.0,Refurbished - Very Good,Refurbished,Other,Intel,i7,8.0,1.9,Windows,SSD,512.0,512.0,1024.0,2TB,16.0,16GB,13.0,12-14in,1920.0,1080.0,Other,1,True,False,False,False
2260,Acer_i3_Unk_Unk_12-14in,Acer,Notebook/Laptop,55.0,Used,Used,Other,Intel,i3,8.0,,Unknown,Unknown,,,,Unk,,Unk,13.7,12-14in,,,Other,0,False,False,False,False
2261,Dell_i5_16GB_1TB_14-16in,Dell,Notebook/Laptop,140.0,Used,Used,Other,Intel,i5,8.0,1.7,Windows,SSD,512.0,256.0,768.0,1TB,16.0,16GB,14.0,14-16in,1920.0,1080.0,Black,4,False,True,False,True
2262,Other/Unbranded_i7_2GB_2TB_14-16in,Other/Unbranded,Other,2340.0,New,New,Nvidia,Intel,i7,11.0,3.8,Linux,SSD,1000.0,1000.0,2000.0,2TB,0.064,2GB,15.6,14-16in,3840.0,2400.0,Black,12,False,True,True,True
2263,Dell_i5_16GB_512GB_14-16in,Dell,Notebook/Laptop,159.8,Used,Used,Other,Intel,i5,7.0,2.6,Windows,SSD,256.0,256.0,512.0,512GB,16.0,16GB,14.0,14-16in,,,Orange,3,False,False,True,True
2264,Acer_i3_4GB_256GB_14-16in,Acer,Notebook/Laptop,249.9,Unknown,Unknown,Intel,Intel,i3,11.0,4.1,Windows,SSD,128.0,128.0,256.0,256GB,4.0,4GB,15.6,14-16in,1920.0,1080.0,Silver,4,False,True,True,True
2265,Other/Unbranded_Unknown_Unk_Unk_Unk,Other/Unbranded,Other,221.5,Used,Used,Other,Unknown,Unknown,,,Unknown,Unknown,,,,Unk,,Unk,,Unk,,,Other,0,False,False,False,False
2266,HP_i5_16GB_512GB_14-16in,HP,Notebook/Laptop,199.0,Used,Used,Intel,Intel,i5,5.0,2.2,Windows,SSD,256.0,256.0,512.0,512GB,16.0,16GB,15.6,14-16in,1366.0,768.0,Black,5,False,True,True,True
2267,Lenovo_i7_16GB_2TB_14-16in,Lenovo,Notebook/Laptop,570.0,Open Box,Like-New,Intel,Intel,i7,11.0,4.7,Windows,SSD,512.0,512.0,1024.0,2TB,12.0,16GB,15.6,14-16in,1920.0,1080.0,Blue,7,True,True,True,True
2268,Dell_i5_Unk_256GB_14-16in,Dell,Notebook/Laptop,347.8,Used,Used,Intel,Intel,i5,3.0,3.0,Windows,Unknown,,240.0,240.0,256GB,,Unk,14.0,14-16in,1280.0,720.0,Other,2,False,False,False,True
2269,Dell_i5_16GB_512GB_12-14in,Dell,Notebook/Laptop,167.0,Used,Used,Intel,Intel,i5,7.0,2.6,Windows,SSD,250.0,240.0,490.0,512GB,16.0,16GB,12.5,12-14in,1920.0,1080.0,Other,5,True,True,False,True
2270,Samsung_celeron_4GB_32GB_Sub-12in,Samsung,Notebook/Laptop,38.0,Used,Used,Intel,Intel,celeron,,2.5,Chrome,SSD,16.0,16.0,32.0,32GB,4.0,4GB,11.6,Sub-12in,1366.0,768.0,Black,5,True,True,True,True
2271,Asus_i7_16GB_1TB_16in+,Asus,Notebook/Laptop,1617.0,Unknown,Unknown,Intel,Intel,i7,12.0,2.3,Windows,SSD,,1000.0,1000.0,1TB,16.0,16GB,16.0,16in+,3840.0,2400.0,Black,2,False,True,True,False
2272,Dell_i5_8GB_256GB_14-16in,Dell,Notebook/Laptop,107.94,Used,Used,Intel,Intel,i5,,2.4,Windows,SSD,,256.0,256.0,256GB,8.0,8GB,14.0,14-16in,1366.0,768.0,Black,5,False,True,True,True
2273,HP_celeron_4GB_32GB_Sub-12in,HP,Notebook/Laptop,54.0,Used,Used,Intel,Intel,celeron,,1.6,Chrome,SSD,16.0,16.0,32.0,32GB,4.0,4GB,11.6,Sub-12in,1366.0,768.0,Black,2,False,False,True,False
2274,Lenovo_Other/Unspecified_Unk_Unk_14-16in,Lenovo,Notebook/Laptop,94.94,Used,Used,Other,Other,Other/Unspecified,,,Windows,Unknown,,,,Unk,,Unk,15.0,14-16in,,,Other,0,False,False,False,False
2275,Asus_i7_16GB_1TB_14-16in,Asus,Notebook/Laptop,295.0,Used,Used,Nvidia,Intel,i7,,2.4,Windows,HDD/SSD,500.0,500.0,1000.0,1TB,16.0,16GB,15.0,14-16in,1920.0,1080.0,Gray,9,True,True,True,True
2276,Other/Unbranded_Unknown_Unk_Unk_Unk,Other/Unbranded,Other,205.6,New,New,Other,Unknown,Unknown,,,Unknown,Unknown,,,,Unk,,Unk,,Unk,,,Other,0,False,False,False,False
2277,HP_i7_32GB+_2TB+_14-16in,HP,Notebook/Laptop,720.0,New,New,Intel,Intel,i7,13.0,5.0,Windows,SSD,,4000.0,4000.0,2TB+,64.0,32GB+,15.6,14-16in,1920.0,1080.0,Black,4,True,False,True,False
2278,Other/Unbranded_i7_Unk_Unk_14-16in,Other/Unbranded,Notebook/Laptop,400.0,Used,Used,Other,Intel,i7,8.0,,Unknown,Unknown,,,,Unk,,Unk,14.1,14-16in,,,Other,0,False,False,False,False
2279,Dell_i5_16GB_1TB_14-16in,Dell,Notebook/Laptop,190.0,Used,Used,Other,Intel,i5,4.0,2.1,Windows,SSD,,1000.0,1000.0,1TB,16.0,16GB,14.0,14-16in,,,Other,5,False,True,True,True
2280,Other/Unbranded_i7_16GB_256GB_14-16in,Other/Unbranded,Other,284.0,Used,Used,Amd,Intel,i7,,2.5,Windows,OTHER,,256.0,256.0,256GB,16.0,16GB,15.6,14-16in,1920.0,1080.0,Black,5,False,True,True,True
2281,Other/Unbranded_celeron_2GB_16GB_14-16in,Other/Unbranded,Notebook/Laptop,40.0,Used,Used,Other,Intel,celeron,,1.5,Unknown,HDD/SSD,2.0,,2.0,16GB,2.0,2GB,15.0,14-16in,,,Black,0,False,False,False,False
2282,Lenovo_celeron_32GB_64GB_Sub-12in,Lenovo,Other,110.0,New,New,Other,Intel,celeron,,1.1,Chrome,EMMC,32.0,32.0,64.0,64GB,32.0,32GB,11.6,Sub-12in,1366.0,768.0,Black,5,False,False,True,True
2283,Lenovo_Other/Unspecified_Unk_16GB_Sub-12in,Lenovo,Other,31.66,Used,Used,Other,Intel,Other/Unspecified,,1.83,Chrome,SSD,,16.0,16.0,16GB,,Unk,11.6,Sub-12in,1366.0,768.0,Black,0,False,False,False,False
2284,Other/Unbranded_i5_Unk_Unk_12-14in,Other/Unbranded,Other,348.0,Used,Used,Other,Intel,i5,6.0,2.4,Unknown,SSD,,,,Unk,,Unk,13.3,12-14in,,,Other,0,False,False,False,False
2285,Microsoft_i5_Unk_1TB_12-14in,Microsoft,Notebook/Laptop,24.98,Used,Used,Intel,Intel,i5,9.0,2.4,Windows,SSD,512.0,128.0,640.0,1TB,,Unk,13.0,12-14in,2256.0,1504.0,Other,0,False,False,False,False
2286,HP_i7_16GB_512GB_14-16in,HP,Notebook/Laptop,650.0,Unknown,Unknown,Intel,Intel,i7,10.0,1.8,Windows,SSD,,512.0,512.0,512GB,16.0,16GB,15.6,14-16in,3840.0,2160.0,Black,6,True,True,True,True
2287,Dell_i5_Unk_512GB_14-16in,Dell,Notebook/Laptop,368.8,Used,Used,Intel,Intel,i5,3.0,3.0,Windows,Unknown,,480.0,480.0,512GB,,Unk,14.0,14-16in,1280.0,720.0,Other,2,False,False,False,True
2288,Dell_celeron_4GB_256GB_Sub-12in,Dell,Notebook/Laptop,90.0,Unknown,Unknown,Intel,Intel,celeron,,1.1,Windows,SSD,128.0,128.0,256.0,256GB,4.0,4GB,11.6,Sub-12in,1366.0,768.0,Black,1,True,False,False,False
2289,Other/Unbranded_Unknown_Unk_Unk_Unk,Other/Unbranded,Other,184.9,Used,Used,Other,Unknown,Unknown,,,Unknown,Unknown,,,,Unk,,Unk,,Unk,,,Other,0,False,False,False,False
2290,HP_Unknown_Unk_Unk_Unk,HP,Other,101.25,Used,Used,Other,Unknown,Unknown,,,Unknown,Unknown,,,,Unk,,Unk,,Unk,,,Other,0,False,False,False,False
2291,HP_ryzen3_16GB_Unk_14-16in,HP,Notebook/Laptop,300.0,Refurbished - Very Good,Refurbished,Amd,AMD,ryzen 3,,2.0,Windows,SSD,,,,Unk,16.0,16GB,14.0,14-16in,1920.0,1080.0,Silver,1,False,False,False,True
2292,Asus_celeron_4GB_32GB_Sub-12in,Asus,Other,42.0,Used,Used,Other,Intel,celeron,,1.6,Chrome,SSD,16.0,16.0,32.0,32GB,4.0,4GB,11.6,Sub-12in,1366.0,768.0,Gray,6,False,False,True,True
2293,Asus_celeron_4GB_Unk_Sub-12in,Asus,Notebook/Laptop,25.0,Unknown,Unknown,Intel,Intel,celeron,,1.6,Chrome,EMMC,,,,Unk,4.0,4GB,11.6,Sub-12in,1366.0,768.0,Gray,7,True,False,True,True
2294,Microsoft_ryzen7_8GB_2TB_14-16in,Microsoft,Notebook/Laptop,739.0,Unknown,Unknown,Amd,AMD,ryzen 7,,2.0,Windows,SSD,512.0,512.0,1024.0,2TB,8.0,8GB,15.0,14-16in,,,Black,6,True,True,True,True
2295,HP_Unknown_Unk_Unk_Unk,HP,Notebook/Laptop,380.0,New,New,Other,Unknown,Unknown,,,Unknown,Unknown,,,,Unk,,Unk,,Unk,,,Other,0,False,False,False,False
2296,Lenovo_i5_8GB_1TB_14-16in,Lenovo,Notebook/Laptop,95.0,Used,Used,Intel,Intel,i5,6.0,2.4,Windows,SSD,465.0,256.0,721.0,1TB,8.0,8GB,14.0,14-16in,,,Black,5,False,False,True,True
2297,Other/Unbranded_Other/Unspecified_Unk_Unk_Unk,Other/Unbranded,Notebook/Laptop,95.7,For Parts / Not Working,End-of-Life,Other,Other,Other/Unspecified,,,Unknown,OTHER,,,,Unk,,Unk,,Unk,,,Other,0,False,False,False,False
2298,Other/Unbranded_atom_2GB_32GB_Sub-12in,Other/Unbranded,Notebook/Laptop,69.6,Used,Used,Intel,Intel,atom,,1.44,Linux,EMMC,,32.0,32.0,32GB,2.0,2GB,11.0,Sub-12in,1280.0,720.0,Other,5,False,False,False,True
2299,Lenovo_i7_16GB_512GB_14-16in,Lenovo,Notebook/Laptop,630.0,Refurbished - Certified,Refurbished,Intel,Intel,i7,12.0,1.3,Windows,SSD,,512.0,512.0,512GB,16.0,16GB,15.6,14-16in,1920.0,1080.0,Gray,6,False,True,True,True
2300,Dell_i5_16GB_1TB_14-16in,Dell,Notebook/Laptop,150.0,Unknown,Unknown,Intel,Intel,i5,6.0,2.4,Windows,SSD,128.0,512.0,640.0,1TB,16.0,16GB,14.0,14-16in,1920.0,1080.0,Black,15,True,True,True,True
2301,Dell_i5_8GB_128GB_12-14in,Dell,Notebook/Laptop,85.0,Used,Used,Other,Intel,i5,5.0,2.3,Windows,SSD,,128.0,128.0,128GB,8.0,8GB,12.5,12-14in,1366.0,768.0,Black,3,False,True,True,False
2302,HP_i7_16GB_512GB_14-16in,HP,Notebook/Laptop,699.5,Refurbished - Very Good,Refurbished,Intel,Intel,i7,8.0,4.1,Windows,SSD,,512.0,512.0,512GB,16.0,16GB,15.6,14-16in,3840.0,2160.0,Blue,6,True,True,True,False
2303,Dell_i5_8GB_512GB_14-16in,Dell,Notebook/Laptop,87.0,Used,Used,Intel,Intel,i5,6.0,2.4,Windows,SSD,,512.0,512.0,512GB,8.0,8GB,14.0,14-16in,1366.0,768.0,Other,2,False,True,False,True
2304,Lenovo_ryzen5_8GB_512GB_14-16in,Lenovo,Notebook/Laptop,600.0,Unknown,Unknown,Nvidia,AMD,ryzen 5,,3.3,Windows,SSD,256.0,256.0,512.0,512GB,8.0,8GB,15.6,14-16in,1920.0,1080.0,Gray,8,False,True,True,True
2305,Lenovo_i5_8GB_512GB_14-16in,Lenovo,Notebook/Laptop,84.94,Unknown,Unknown,Other,Intel,i5,4.0,2.6,Windows,HDD/SSD,500.0,,500.0,512GB,8.0,8GB,14.0,14-16in,,,Black,1,False,False,False,False
2306,Other/Unbranded_Unknown_16GB_2TB_14-16in,Other/Unbranded,Notebook/Laptop,250.0,New,New,Other,Unknown,Unknown,,,Unknown,SSD,512.0,512.0,1024.0,2TB,16.0,16GB,15.6,14-16in,,,Other,0,False,False,False,False
2307,Asus_celeron_4GB_16GB_14-16in,Asus,Other,50.0,Unknown,Unknown,Intel,Intel,celeron,,,Windows,Unknown,4.0,,4.0,16GB,4.0,4GB,14.0,14-16in,,,Other,0,False,False,False,False
2308,HP_ryzen7_8GB_2TB_14-16in,HP,Notebook/Laptop,454.2,Open Box,Like-New,Amd,AMD,ryzen 7,,4.3,Windows,SSD,512.0,512.0,1024.0,2TB,8.0,8GB,15.6,14-16in,1920.0,1080.0,Blue,8,False,False,True,True
2309,Dell_i7_16GB_2TB_16in+,Dell,Notebook/Laptop,489.0,Refurbished - Very Good,Refurbished,Nvidia,Intel,i7,8.0,1.8,Windows,HDD/SSD,2000.0,,2000.0,2TB,16.0,16GB,17.3,16in+,1920.0,1080.0,Silver,7,True,True,True,True
2310,Dell_i5_Unk_128GB_14-16in,Dell,Notebook/Laptop,291.0,Used,Used,Nvidia,Intel,i5,4.0,2.6,Windows,Unknown,,120.0,120.0,128GB,,Unk,14.0,14-16in,1280.0,720.0,Other,3,False,False,False,True
2311,Dell_i5_Unk_512GB_14-16in,Dell,Notebook/Laptop,370.8,Used,Used,Intel,Intel,i5,3.0,3.1,Windows,Unknown,,480.0,480.0,512GB,,Unk,14.0,14-16in,1280.0,720.0,Other,2,False,False,False,True
2312,Other/Unbranded_Other/Unspecified_Unk_Unk_14-16in,Other/Unbranded,Notebook/Laptop,19.95,Unknown,Unknown,Other,Intel,Other/Unspecified,,,Windows,Unknown,,,,Unk,,Unk,15.6,14-16in,,,Black,0,False,False,False,False
2313,HP_atom_2GB_1TB_Sub-12in,HP,Notebook/Laptop,27.98,Used,Used,Other,Intel,atom,,1.66,Unknown,HDD/SSD,1000.0,,1000.0,1TB,1.0,2GB,10.1,Sub-12in,,,Black,0,False,False,False,False
2314,Lenovo_i5_4GB_512GB_14-16in,Lenovo,Notebook/Laptop,225.0,Used,Used,Other,Intel,i5,,1.7,Windows,SSD,256.0,256.0,512.0,512GB,4.0,4GB,15.0,14-16in,,,Black,4,False,False,False,False
2315,Dell_i7_16GB_512GB_14-16in,Dell,Notebook/Laptop,679.0,Refurbished - Excellent,Refurbished,Other,Intel,i7,,,Unknown,Unknown,,512.0,512.0,512GB,16.0,16GB,15.6,14-16in,,,Other,0,False,False,False,False
2316,Lenovo_i5_8GB_2TB_14-16in,Lenovo,Notebook/Laptop,1012.5,Unknown,Unknown,Nvidia,Intel,i5,10.0,2.5,Windows,SSD,512.0,512.0,1024.0,2TB,8.0,8GB,15.6,14-16in,1920.0,1080.0,Other,5,False,True,True,True
2317,Lenovo_i5_8GB_512GB_12-14in,Lenovo,Notebook/Laptop,150.0,Used,Used,Intel,Intel,i5,,1.2,Unknown,SSD,256.0,256.0,512.0,512GB,8.0,8GB,12.0,12-14in,2160.0,1440.0,Black,9,True,False,True,True
2318,Asus_i7_Unk_Unk_16in+,Asus,Notebook/Laptop,600.0,For Parts / Not Working,End-of-Life,Other,Intel,i7,2.0,,Unknown,HDD/SSD,,,,Unk,,Unk,17.0,16in+,,,Other,0,False,False,False,False
2319,Asus_Other/Unspecified_4GB_32GB_Sub-12in,Asus,Notebook/Laptop,60.0,Used,Used,Other,Other,Other/Unspecified,,1.8,Chrome,EMMC,16.0,16.0,32.0,32GB,4.0,4GB,10.1,Sub-12in,1280.0,800.0,Silver,0,False,False,False,False
2320,HP_i5_Unk_Unk_14-16in,HP,Notebook/Laptop,100.0,Used,Used,Other,Intel,i5,2.0,2.5,Windows,Unknown,,,,Unk,,Unk,14.0,14-16in,,,Other,0,False,False,False,False
2321,Dell_i5_8GB_256GB_14-16in,Dell,Notebook/Laptop,144.9,Refurbished - Good,Refurbished,Intel,Intel,i5,7.0,2.6,Windows,SSD,,256.0,256.0,256GB,8.0,8GB,14.0,14-16in,1920.0,1080.0,Black,2,False,False,False,False
2322,Dell_i7_8GB_512GB_12-14in,Dell,Notebook/Laptop,375.0,Used,Used,Intel,Intel,i7,8.0,1.7,Windows,SSD,256.0,256.0,512.0,512GB,8.0,8GB,12.0,12-14in,1366.0,768.0,Black,0,False,False,False,False
2323,Dell_i7_Unk_512GB_14-16in,Dell,Notebook/Laptop,120.0,Used,Used,Other,Intel,i7,4.0,2.6,Windows,HDD/SSD,500.0,,500.0,512GB,,Unk,15.6,14-16in,,,Black,0,False,False,False,False
2324,Dell_celeron_4GB_32GB_Sub-12in,Dell,Other,35.0,Unknown,Unknown,Other,Intel,celeron,,1.4,Chrome,SSD,16.0,16.0,32.0,32GB,4.0,4GB,11.6,Sub-12in,,,Black,3,False,False,True,True
2325,Other/Unbranded_i7_8GB_1TB_14-16in,Other/Unbranded,Notebook/Laptop,147.0,For Parts / Not Working,End-of-Life,Nvidia,Intel,i7,4.0,2.4,Windows,HDD/SSD,750.0,,750.0,1TB,8.0,8GB,14.0,14-16in,1920.0,1080.0,Black,0,False,False,False,False
2326,Lenovo_i5_4GB_Unk_14-16in,Lenovo,Notebook/Laptop,65.0,Used,Used,Other,Intel,i5,4.0,1.6,Unknown,Unknown,,,,Unk,4.0,4GB,14.0,14-16in,,,Black,0,False,False,False,False
2327,Dell_i3_8GB_512GB_14-16in,Dell,Notebook/Laptop,99.94,Used,Used,Other,Intel,i3,3.0,,Windows,HDD/SSD,320.0,,320.0,512GB,8.0,8GB,14.0,14-16in,1366.0,768.0,Other,0,False,False,False,False
2328,Dell_i5_Unk_128GB_14-16in,Dell,Notebook/Laptop,313.5,Used,Used,Intel,Intel,i5,5.0,2.7,Windows,Unknown,,120.0,120.0,128GB,,Unk,14.0,14-16in,1280.0,720.0,Other,3,False,False,False,True
2329,Dell_i5_Unk_256GB_14-16in,Dell,Notebook/Laptop,302.8,Used,Used,Intel,Intel,i5,3.0,3.0,Windows,Unknown,,240.0,240.0,256GB,,Unk,14.0,14-16in,1280.0,720.0,Other,2,False,False,False,True
2330,Dell_i5_Unk_512GB_14-16in,Dell,Notebook/Laptop,375.0,Used,Used,Intel,Intel,i5,4.0,2.6,Windows,Unknown,,480.0,480.0,512GB,,Unk,14.0,14-16in,1280.0,720.0,Other,3,False,False,False,True
2331,Acer_celeron_4GB_64GB_14-16in,Acer,Notebook/Laptop,69.94,Unknown,Unknown,Intel,Intel,celeron,,1.1,Chrome,EMMC,,64.0,64.0,64GB,4.0,4GB,14.0,14-16in,1920.0,1080.0,Silver,1,False,False,False,False
2332,Asus_Unknown_Unk_Unk_Unk,Asus,Other,75.94,Used,Used,Other,Unknown,Unknown,,,Unknown,Unknown,,,,Unk,,Unk,,Unk,,,Other,0,False,False,False,False
2333,Other/Unbranded_pentium_2GB_128GB_14-16in,Other/Unbranded,Notebook/Laptop,400.0,Used,Used,Amd,Other,pentium,,1.86,Windows,HDD/SSD,80.0,,80.0,128GB,1.0,2GB,14.0,14-16in,1280.0,1024.0,Black,3,False,False,False,True
2334,Other/Unbranded_i7_16GB_2TB_12-14in,Other/Unbranded,Other,345.0,Used,Used,Other,Intel,i7,,1.9,Windows,SSD,512.0,512.0,1024.0,2TB,16.0,16GB,13.3,12-14in,,,Other,1,True,False,False,False
2335,Dell_i5_Unk_256GB_12-14in,Dell,Notebook/Laptop,422.0,Used,Used,Intel,Intel,i5,6.0,2.8,Windows,Unknown,,240.0,240.0,256GB,,Unk,12.5,12-14in,1920.0,1080.0,Other,7,True,True,True,True
2336,Dell_i7_16GB_2TB+_16in+,Dell,Notebook/Laptop,600.0,Used,Used,Intel,Intel,i7,,2.4,Windows,HDD/SSD,2000.0,2000.0,4000.0,2TB+,16.0,16GB,17.3,16in+,1920.0,1080.0,Black,6,False,True,True,True
2337,Acer_Unknown_32GB+_128GB_12-14in,Acer,Notebook/Laptop,199.9,Unknown,Unknown,Intel,Unknown,Unknown,,,Chrome,EMMC,64.0,64.0,128.0,128GB,64.0,32GB+,13.0,12-14in,,,Other,0,False,False,False,False
2338,Other/Unbranded_Other/Unspecified_Unk_Unk_Sub-12in,Other/Unbranded,Other,32.75,Open Box,Like-New,Other,AMD,Other/Unspecified,,,Unknown,Unknown,,,,Unk,,Unk,7.2,Sub-12in,,,Other,0,False,False,False,False
2339,Dell_i5_Unk_128GB_14-16in,Dell,Notebook/Laptop,289.8,Used,Used,Intel,Intel,i5,3.0,3.0,Windows,Unknown,,120.0,120.0,128GB,,Unk,14.0,14-16in,1280.0,720.0,Other,2,False,False,False,True
2340,Other/Unbranded_Unknown_Unk_Unk_Unk,Other/Unbranded,Other,284.2,Used,Used,Other,Unknown,Unknown,,,Unknown,Unknown,,,,Unk,,Unk,,Unk,,,Other,0,False,False,False,False
2341,Dell_i7_32GB_2TB_14-16in,Dell,Notebook/Laptop,420.0,Refurbished - Very Good,Refurbished,Intel,Intel,i7,8.0,1.9,Windows,SSD,1000.0,1000.0,2000.0,2TB,32.0,32GB,15.6,14-16in,1366.0,768.0,Other,4,False,False,True,False
2342,Dell_core2duo_Unk_Unk_14-16in,Dell,Notebook/Laptop,100.0,Unknown,Unknown,Other,Intel,core 2 duo,,,Unknown,Unknown,,,,Unk,,Unk,15.4,14-16in,,,Other,0,False,False,False,False
2343,Dell_i5_Unk_256GB_14-16in,Dell,Notebook/Laptop,327.8,Used,Used,Intel,Intel,i5,4.0,2.6,Windows,Unknown,,240.0,240.0,256GB,,Unk,14.0,14-16in,1280.0,720.0,Other,4,False,False,True,True
2344,Other/Unbranded_Unknown_Unk_Unk_Unk,Other/Unbranded,Other,38.0,Unknown,Unknown,Other,Unknown,Unknown,,,Unknown,Unknown,,,,Unk,,Unk,,Unk,,,Black,0,False,False,False,False
2345,Asus_pentium_4GB_128GB_14-16in,Asus,Notebook/Laptop,172.8,Unknown,Unknown,Intel,Intel,pentium,,1.1,Windows,EMMC,64.0,64.0,128.0,128GB,4.0,4GB,14.0,14-16in,1360.0,768.0,Pink,1,False,False,False,False
2346,Dell_i5_Unk_256GB_14-16in,Dell,Notebook/Laptop,345.0,Used,Used,Intel,Intel,i5,5.0,2.7,Windows,Unknown,,240.0,240.0,256GB,,Unk,14.0,14-16in,1280.0,720.0,Other,3,False,False,False,True
2347,Lenovo_i5_8GB_512GB_14-16in,Lenovo,Notebook/Laptop,188.0,Used,Used,Intel,Intel,i5,8.0,1.6,Windows,SSD,256.0,256.0,512.0,512GB,8.0,8GB,14.0,14-16in,1920.0,1080.0,Black,4,False,False,True,True
2348,HP_i5_8GB_1TB_14-16in,HP,Notebook/Laptop,100.0,Used,Used,Intel,Intel,i5,6.0,2.4,Windows,HDD/SSD,500.0,128.0,628.0,1TB,8.0,8GB,15.6,14-16in,1920.0,1080.0,Black,4,False,False,True,True
2349,Dell_i7_32GB_512GB_14-16in,Dell,Notebook/Laptop,890.0,Used,Used,Other,Intel,i7,13.0,,Unknown,SSD,,512.0,512.0,512GB,32.0,32GB,14.0,14-16in,,,Silver,5,True,True,True,True
2350,Dell_Other/Unspecified_16GB_2TB_14-16in,Dell,Other,230.0,Refurbished - Good,Refurbished,Other,Other,Other/Unspecified,,2.4,Windows,SSD,1000.0,1000.0,2000.0,2TB,16.0,16GB,14.0,14-16in,,,Black,1,True,False,False,False
2351,Dell_i7_16GB_128GB_Sub-12in,Dell,Notebook/Laptop,100.0,Used,Used,Other,Intel,i7,,2.8,Windows,SSD,64.0,64.0,128.0,128GB,16.0,16GB,11.0,Sub-12in,1920.0,1080.0,Black,1,False,False,False,True
2352,Lenovo_Other/Unspecified_16GB_256GB_14-16in,Lenovo,Other,269.8,Used,Used,Intel,Other,Other/Unspecified,,1.6,Windows,Unknown,,256.0,256.0,256GB,16.0,16GB,14.0,14-16in,1366.0,768.0,Black,2,False,False,True,True
2353,Microsoft_Unknown_Unk_Unk_12-14in,Microsoft,Other,225.5,Used,Used,Nvidia,Unknown,Unknown,,,Unknown,Unknown,,,,Unk,,Unk,13.5,12-14in,,,Silver,0,False,False,False,False
2354,Other/Unbranded_Unknown_Unk_Unk_Unk,Other/Unbranded,Other,13.8,Used,Used,Other,Unknown,Unknown,,,Unknown,Unknown,,,,Unk,,Unk,,Unk,,,Other,0,False,False,False,False
2355,Dell_i5_Unk_256GB_12-14in,Dell,Notebook/Laptop,442.8,Used,Used,Intel,Intel,i5,6.0,2.8,Windows,Unknown,,240.0,240.0,256GB,,Unk,12.5,12-14in,1920.0,1080.0,Other,7,True,True,True,True
2356,Lenovo_i5_Unk_256GB_14-16in,Lenovo,Notebook/Laptop,392.0,Used,Used,Intel,Intel,i5,6.0,2.8,Windows,Unknown,,240.0,240.0,256GB,,Unk,14.0,14-16in,1920.0,1080.0,Other,6,False,True,True,True
2357,Other/Unbranded_core2duo_2GB_128GB_14-16in,Other/Unbranded,Other,289.8,Unknown,Unknown,Other,Intel,core 2 duo,,1.8,Windows,Unknown,81.0,,81.0,128GB,1.0,2GB,15.4,14-16in,,,Other,0,False,False,False,False
2358,Lenovo_i7_16GB_2TB_14-16in,Lenovo,Notebook/Laptop,560.0,Open Box,Like-New,Other,Intel,i7,,2.8,Windows,SSD,512.0,512.0,1024.0,2TB,16.0,16GB,15.6,14-16in,1920.0,1080.0,Black,0,False,False,False,False
2359,Dell_Unknown_Unk_Unk_Unk,Dell,Other,88.56,Used,Used,Other,Unknown,Unknown,,,Unknown,Unknown,,,,Unk,,Unk,,Unk,,,Other,0,False,False,False,False
2360,Dell_ryzen5_8GB_512GB_14-16in,Dell,Notebook/Laptop,299.0,Refurbished - Good,Refurbished,Amd,AMD,ryzen 5,,2.1,Windows,SSD,256.0,256.0,512.0,512GB,8.0,8GB,14.0,14-16in,1920.0,1080.0,Bronze,7,True,True,True,True
2361,Dell_i5_8GB_512GB_12-14in,Dell,Notebook/Laptop,749.0,Refurbished - Certified,Refurbished,Intel,Intel,i5,11.0,,Windows,SSD,,512.0,512.0,512GB,8.0,8GB,13.4,12-14in,3456.0,2160.0,White,7,True,True,True,True
2362,Dell_i5_8GB_512GB_12-14in,Dell,Notebook/Laptop,249.0,Used,Used,Intel,Intel,i5,8.0,1.7,Windows,SSD,256.0,256.0,512.0,512GB,8.0,8GB,13.3,12-14in,1920.0,1080.0,Other,8,True,True,True,True
2363,Dell_i5_16GB_512GB_12-14in,Dell,Notebook/Laptop,157.5,Used,Used,Other,Intel,i5,6.0,2.4,Windows,SSD,,512.0,512.0,512GB,12.0,16GB,12.5,12-14in,,,Black,8,True,True,True,True
2364,Other/Unbranded_Unknown_Unk_Unk_Unk,Other/Unbranded,Other,173.0,New,New,Other,Unknown,Unknown,,,Unknown,Unknown,,,,Unk,,Unk,,Unk,,,Other,0,False,False,False,False
2365,Other/Unbranded_i5_Unk_256GB_14-16in,Other/Unbranded,Notebook/Laptop,433.2,Used,Used,Intel,Intel,i5,4.0,3.0,Windows,SSD,,240.0,240.0,256GB,,Unk,15.6,14-16in,1280.0,720.0,Other,4,False,False,True,True
2366,Other/Unbranded_i7_16GB_512GB_14-16in,Other/Unbranded,Notebook/Laptop,700.0,Unknown,Unknown,Nvidia,Intel,i7,9.0,2.6,Windows,SSD,,512.0,512.0,512GB,16.0,16GB,15.6,14-16in,1920.0,1080.0,Black,10,False,True,True,True
2367,Lenovo_i5_8GB_256GB_14-16in,Lenovo,Notebook/Laptop,911.0,Unknown,Unknown,Intel,Intel,i5,10.0,1.6,Windows,SSD,,256.0,256.0,256GB,8.0,8GB,15.6,14-16in,1920.0,1080.0,Black,0,False,False,False,False
2368,Dell_i5_16GB_512GB_14-16in,Dell,Notebook/Laptop,799.0,Open Box,Like-New,Intel,Intel,i5,13.0,,Windows,SSD,,512.0,512.0,512GB,16.0,16GB,14.0,14-16in,1920.0,1200.0,Silver,8,True,True,True,True
2369,Acer_ryzen3_4GB_256GB_14-16in,Acer,Notebook/Laptop,273.0,Open Box,Like-New,Other,AMD,ryzen 3,,3.5,Windows,SSD,128.0,128.0,256.0,256GB,4.0,4GB,15.6,14-16in,1920.0,1080.0,Silver,6,False,True,True,True
2370,Lenovo_ryzen7_16GB_2TB_14-16in,Lenovo,Notebook/Laptop,350.0,Used,Used,Amd,AMD,ryzen 7,,1.7,Unknown,SSD,512.0,512.0,1024.0,2TB,16.0,16GB,14.0,14-16in,1920.0,1080.0,Other,5,True,True,True,False
2371,Lenovo_i5_8GB_512GB_14-16in,Lenovo,Notebook/Laptop,160.0,Unknown,Unknown,Other,Intel,i5,,2.6,Windows,SSD,256.0,256.0,512.0,512GB,8.0,8GB,14.0,14-16in,1920.0,1080.0,Other,0,False,False,False,False
2372,Dell_celeron_4GB_512GB_14-16in,Dell,Notebook/Laptop,90.0,Used,Used,Intel,Intel,celeron,,1.6,Windows,HDD/SSD,500.0,,500.0,512GB,4.0,4GB,15.6,14-16in,1024.0,768.0,Black,7,False,False,False,True
2373,Samsung_celeron_4GB_32GB_14-16in,Samsung,Notebook/Laptop,129.5,Open Box,Like-New,Intel,Intel,celeron,,1.1,Chrome,EMMC,,32.0,32.0,32GB,4.0,4GB,14.0,14-16in,1366.0,768.0,Silver,3,False,False,True,True
2374,Dell_i5_Unk_256GB_14-16in,Dell,Notebook/Laptop,250.0,Used,Used,Other,Intel,i5,7.0,2.5,Windows,SSD,,256.0,256.0,256GB,,Unk,15.6,14-16in,,,Other,2,False,True,False,False
2375,Microsoft_i5_32GB+_256GB_12-14in,Microsoft,Other,177.1,Used,Used,Other,Intel,i5,,,Windows,SSD,128.0,128.0,256.0,256GB,128.0,32GB+,13.5,12-14in,,,Other,0,False,False,False,False
2376,Lenovo_i5_16GB_512GB_14-16in,Lenovo,Notebook/Laptop,190.0,Used,Used,Intel,Intel,i5,6.0,2.4,Windows,SSD,,512.0,512.0,512GB,16.0,16GB,14.0,14-16in,1366.0,768.0,Black,5,False,False,True,True
2377,Dell_i7_16GB_2TB_14-16in,Dell,Notebook/Laptop,180.0,Used,Used,Intel,Intel,i7,8.0,1.9,Windows,SSD,512.0,512.0,1024.0,2TB,16.0,16GB,14.0,14-16in,1920.0,1080.0,Black,1,False,False,False,True
2378,Dell_celeron_4GB_256GB_Sub-12in,Dell,Notebook/Laptop,87.3,Unknown,Unknown,Intel,Intel,celeron,,1.1,Windows,SSD,128.0,128.0,256.0,256GB,4.0,4GB,11.6,Sub-12in,1366.0,768.0,Black,1,True,False,False,False
2379,Samsung_Other/Unspecified_8GB_256GB_14-16in,Samsung,Notebook/Laptop,247.0,Open Box,Like-New,Other,Other,Other/Unspecified,,,Windows,SSD,128.0,128.0,256.0,256GB,8.0,8GB,14.0,14-16in,,,Silver,1,False,False,False,True
2380,Dell_i3_8GB_256GB_12-14in,Dell,Other,80.0,Used,Used,Intel,Intel,i3,7.0,2.3,Unknown,SSD,,256.0,256.0,256GB,8.0,8GB,13.3,12-14in,,,Other,0,False,False,False,False
2381,Lenovo_i5_16GB_512GB_14-16in,Lenovo,Notebook/Laptop,90.0,Used,Used,Intel,Intel,i5,,3.3,Windows,SSD,,512.0,512.0,512GB,16.0,16GB,14.0,14-16in,1600.0,900.0,Black,5,False,False,True,True
2382,HP_i5_4GB_1TB_Unk,HP,Notebook/Laptop,48.0,Used,Used,Other,Intel,i5,,1.9,Windows,HDD/SSD,500.0,500.0,1000.0,1TB,4.0,4GB,,Unk,,,Other,0,False,False,False,False
2383,Dell_i5_16GB_512GB_14-16in,Dell,Notebook/Laptop,220.0,Refurbished - Very Good,Refurbished,Intel,Intel,i5,8.0,,Windows,SSD,,512.0,512.0,512GB,16.0,16GB,14.0,14-16in,,,Other,5,False,False,True,True
2384,HP_celeron_4GB_32GB_14-16in,HP,Notebook/Laptop,80.0,Used,Used,Intel,Intel,celeron,,2.16,Chrome,EMMC,16.0,16.0,32.0,32GB,4.0,4GB,14.0,14-16in,1366.0,768.0,Multicolor,6,False,False,True,True
2385,Other/Unbranded_i5_8GB_256GB_Sub-12in,Other/Unbranded,Notebook/Laptop,258.0,Used,Used,Other,Intel,i5,6.0,2.3,Windows,Unknown,128.0,128.0,256.0,256GB,8.0,8GB,11.6,Sub-12in,,,Other,3,True,False,False,False
2386,Dell_celeron_4GB_16GB_Sub-12in,Dell,Notebook/Laptop,32.94,Unknown,Unknown,Intel,Intel,celeron,,1.6,Chrome,EMMC,,16.0,16.0,16GB,4.0,4GB,11.6,Sub-12in,1366.0,768.0,Black,5,False,False,True,True
2387,Lenovo_celeron_4GB_32GB_Sub-12in,Lenovo,Notebook/Laptop,23.0,Used,Used,Other,Intel,celeron,,2.4,Chrome,EMMC,32.0,,32.0,32GB,4.0,4GB,11.6,Sub-12in,,,Black,0,False,False,False,False
2388,HP_celeron_4GB_16GB_Sub-12in,HP,Notebook/Laptop,29.0,Unknown,Unknown,Intel,Intel,celeron,,1.1,Chrome,EMMC,,16.0,16.0,16GB,4.0,4GB,11.6,Sub-12in,1366.0,768.0,Black,4,False,True,True,False
2389,HP_i5_8GB_512GB_14-16in,HP,Notebook/Laptop,370.0,New,New,Intel,Intel,i5,11.0,2.4,Windows,SSD,256.0,256.0,512.0,512GB,8.0,8GB,15.6,14-16in,1920.0,1080.0,Silver,3,False,False,True,False
2390,HP_i7_16GB_512GB_14-16in,HP,Notebook/Laptop,200.0,Refurbished - Good,Refurbished,Intel,Intel,i7,8.0,1.8,Windows,SSD,256.0,256.0,512.0,512GB,16.0,16GB,15.6,14-16in,1920.0,1080.0,Multicolor,7,False,True,True,True
2391,Lenovo_i5_16GB_512GB_14-16in,Lenovo,Notebook/Laptop,170.0,Refurbished - Excellent,Refurbished,Intel,Intel,i5,6.0,2.4,Windows,SSD,256.0,256.0,512.0,512GB,12.0,16GB,14.0,14-16in,,,Other,3,False,False,True,True
2392,Lenovo_ryzen7_32GB_2TB_14-16in,Lenovo,Notebook/Laptop,370.0,Used,Used,Amd,AMD,ryzen 7,,1.7,Windows,SSD,512.0,512.0,1024.0,2TB,32.0,32GB,14.0,14-16in,,,Black,7,True,False,True,True
2393,HP_i5_Unk_2TB+_14-16in,HP,Notebook/Laptop,300.0,Refurbished - Excellent,Refurbished,Intel,Intel,i5,,3.6,Unknown,SSD,256.0,2000.0,2256.0,2TB+,,Unk,14.0,14-16in,1920.0,1080.0,Silver,11,False,False,True,True
2394,HP_celeron_4GB_32GB_14-16in,HP,Notebook/Laptop,85.0,Refurbished - Good,Refurbished,Intel,Intel,celeron,,2.16,Chrome,EMMC,16.0,16.0,32.0,32GB,4.0,4GB,14.0,14-16in,1366.0,768.0,Multicolor,6,False,False,True,True
2395,Lenovo_celeron_4GB_64GB_Sub-12in,Lenovo,Notebook/Laptop,75.0,Refurbished - Good,Refurbished,Intel,Intel,celeron,,2.4,Chrome,EMMC,32.0,32.0,64.0,64GB,4.0,4GB,11.6,Sub-12in,1366.0,768.0,Multicolor,5,False,False,True,True
2396,Microsoft_i5_8GB_256GB_12-14in,Microsoft,Notebook/Laptop,198.0,Used,Used,Intel,Intel,i5,8.0,1.7,Windows,SSD,,256.0,256.0,256GB,8.0,8GB,13.5,12-14in,2256.0,1504.0,Silver,7,True,True,True,True
2397,Acer_celeron_4GB_64GB_Sub-12in,Acer,Notebook/Laptop,70.0,Refurbished - Very Good,Refurbished,Other,Intel,celeron,,1.6,Linux,SSD,32.0,32.0,64.0,64GB,4.0,4GB,11.6,Sub-12in,1366.0,768.0,Black,5,True,False,True,True
2398,Dell_i5_16GB_256GB_14-16in,Dell,Notebook/Laptop,316.0,Used,Used,Intel,Intel,i5,10.0,1.6,Windows,SSD,,256.0,256.0,256GB,16.0,16GB,14.0,14-16in,1920.0,1080.0,Other,4,False,False,True,True
2399,Dell_i5_Unk_Unk_14-16in,Dell,Other,140.0,Used,Used,Other,Intel,i5,8.0,,Unknown,Unknown,,,,Unk,,Unk,14.1,14-16in,,,Other,0,False,False,False,False
2400,LG_i7_16GB_2TB_14-16in,LG,Notebook/Laptop,425.0,Unknown,Unknown,Intel,Intel,i7,12.0,4.7,Windows,SSD,512.0,512.0,1024.0,2TB,16.0,16GB,14.0,14-16in,1920.0,1200.0,Black,8,False,True,True,True
2401,Acer_celeron_4GB_32GB_Sub-12in,Acer,Notebook/Laptop,50.0,Refurbished - Good,Refurbished,Intel,Intel,celeron,,1.4,Chrome,SSD,16.0,16.0,32.0,32GB,4.0,4GB,11.6,Sub-12in,1366.0,768.0,Gray,6,False,False,True,True
2402,Lenovo_i3_8GB_1TB_14-16in,Lenovo,Notebook/Laptop,150.0,Used,Used,Intel,Intel,i3,10.0,2.1,Windows,HDD/SSD,500.0,128.0,628.0,1TB,8.0,8GB,14.0,14-16in,1920.0,1080.0,Black,6,False,False,True,True
2403,Microsoft_i7_16GB_512GB_12-14in,Microsoft,Notebook/Laptop,270.0,Used,Used,Intel,Intel,i7,8.0,1.9,Windows,SSD,,512.0,512.0,512GB,16.0,16GB,12.3,12-14in,2736.0,1824.0,Gray,0,False,False,False,False
2404,LG_i7_16GB_2TB_16in+,LG,Notebook/Laptop,425.0,Used,Used,Other,Intel,i7,12.0,,Windows,SSD,512.0,512.0,1024.0,2TB,16.0,16GB,17.0,16in+,,,Black,5,False,True,True,False
2405,HP_Other/Unspecified_4GB_32GB_Sub-12in,HP,Notebook/Laptop,30.48,Used,Used,Other,AMD,Other/Unspecified,,1.6,Chrome,SSD,16.0,16.0,32.0,32GB,4.0,4GB,11.6,Sub-12in,1366.0,768.0,Black,3,False,False,True,True
2406,Dell_i7_16GB_1TB_14-16in,Dell,Notebook/Laptop,440.0,Used,Used,Other,Intel,i7,,2.6,Windows,SSD,,1000.0,1000.0,1TB,16.0,16GB,15.6,14-16in,1920.0,1080.0,Silver,2,False,False,False,False
2407,LG_i7_16GB_2TB_16in+,LG,Notebook/Laptop,619.0,Used,Used,Intel,Intel,i7,13.0,,Windows,SSD,512.0,512.0,1024.0,2TB,16.0,16GB,17.0,16in+,2560.0,1600.0,Gray,5,False,False,True,True
2408,Acer_celeron_4GB_64GB_14-16in,Acer,Other,60.0,Used,Used,Other,Intel,celeron,,1.6,Chrome,Unknown,32.0,32.0,64.0,64GB,4.0,4GB,14.0,14-16in,,,Silver,0,False,False,False,False
2409,Lenovo_i5_Unk_512GB_14-16in,Lenovo,Notebook/Laptop,393.2,Used,Used,Intel,Intel,i5,6.0,2.8,Windows,Unknown,,480.0,480.0,512GB,,Unk,14.0,14-16in,1920.0,1080.0,Other,5,False,True,True,True
2410,Dell_i5_Unk_256GB_14-16in,Dell,Notebook/Laptop,327.8,Used,Used,Intel,Intel,i5,4.0,2.6,Windows,Unknown,,240.0,240.0,256GB,,Unk,14.0,14-16in,1280.0,720.0,Other,4,False,False,True,True
2411,Dell_i5_Unk_256GB_14-16in,Dell,Notebook/Laptop,279.5,Used,Used,Intel,Intel,i5,4.0,2.6,Windows,Unknown,,240.0,240.0,256GB,,Unk,14.0,14-16in,1280.0,720.0,Other,3,False,False,False,True
2412,Lenovo_i7_8GB_256GB_14-16in,Lenovo,Other,200.0,Used,Used,Other,Intel,i7,4.0,2.1,Windows,SSD,256.0,,256.0,256GB,8.0,8GB,14.0,14-16in,,,Other,7,True,True,True,True
2413,Samsung_Other/Unspecified_2GB_128GB_Sub-12in,Samsung,Other,130.0,Used,Used,Other,Intel,Other/Unspecified,,,Windows,HDD/SSD,80.0,,80.0,128GB,1.0,2GB,7.0,Sub-12in,,,Black,1,False,False,False,False
2414,Dell_i7_16GB_Unk_12-14in,Dell,Notebook/Laptop,265.0,Refurbished - Excellent,Refurbished,Other,Intel,i7,8.0,4.8,Windows,SSD,,,,Unk,16.0,16GB,13.3,12-14in,,,Black,4,False,True,True,False
2415,Other/Unbranded_pentium_4GB_256GB_14-16in,Other/Unbranded,Notebook/Laptop,148.0,Unknown,Unknown,Intel,Intel,pentium,,1.1,Windows,SSD,128.0,128.0,256.0,256GB,4.0,4GB,15.6,14-16in,1920.0,1080.0,Blue,8,False,True,True,True
2416,Lenovo_i7_16GB_512GB_14-16in,Lenovo,Notebook/Laptop,230.0,Used,Used,Intel,Intel,i7,6.0,2.6,Windows,SSD,,512.0,512.0,512GB,16.0,16GB,14.0,14-16in,2560.0,1440.0,Black,9,False,True,True,True
2417,Dell_i5_Unk_256GB_14-16in,Dell,Notebook/Laptop,345.0,Used,Used,Intel,Intel,i5,5.0,2.7,Windows,Unknown,,240.0,240.0,256GB,,Unk,14.0,14-16in,1280.0,720.0,Other,3,False,False,False,True
2418,Microsoft_i5_8GB_256GB_12-14in,Microsoft,Notebook/Laptop,255.0,Used,Used,Intel,Intel,i5,10.0,1.1,Windows,SSD,128.0,128.0,256.0,256GB,8.0,8GB,12.3,12-14in,2736.0,1824.0,Black,5,True,False,True,True
2419,Dell_i5_Unk_256GB_12-14in,Dell,Notebook/Laptop,442.8,Used,Used,Intel,Intel,i5,6.0,2.8,Windows,Unknown,,240.0,240.0,256GB,,Unk,12.5,12-14in,1920.0,1080.0,Other,7,True,True,True,True
2420,Other/Unbranded_Unknown_Unk_Unk_Unk,Other/Unbranded,Other,30.77,New,New,Other,Unknown,Unknown,,,Unknown,Unknown,,,,Unk,,Unk,,Unk,,,Other,0,False,False,False,False
2421,HP_i7_Unk_1TB_14-16in,HP,Notebook/Laptop,490.0,Used,Used,Other,Intel,i7,7.0,,Windows,Unknown,1000.0,,1000.0,1TB,,Unk,15.6,14-16in,1920.0,1080.0,Multicolor,5,False,True,True,True
2422,Asus_i7_16GB_16GB_14-16in,Asus,Notebook/Laptop,780.5,Used,Used,Nvidia,Intel,i7,10.0,2.6,Unknown,SSD,16.0,,16.0,16GB,16.0,16GB,15.6,14-16in,1920.0,1080.0,Black,1,False,False,False,True
2423,Lenovo_i5_16GB_1TB_14-16in,Lenovo,Notebook/Laptop,250.0,Refurbished - Good,Refurbished,Intel,Intel,i5,8.0,1.6,Windows,HDD/SSD,1000.0,,1000.0,1TB,16.0,16GB,15.6,14-16in,1366.0,768.0,Gray,4,False,False,True,True
2424,HP_celeron_4GB_32GB_14-16in,HP,Other,49.0,Used,Used,Intel,Intel,celeron,,1.4,Chrome,SSD,16.0,16.0,32.0,32GB,4.0,4GB,14.0,14-16in,1366.0,768.0,Other,1,False,False,True,False
2425,Other/Unbranded_Unknown_8GB_256GB_Sub-12in,Other/Unbranded,Other,1295.0,Unknown,Unknown,Intel,Unknown,Unknown,,2.6,Windows,SSD,,256.0,256.0,256GB,8.0,8GB,10.1,Sub-12in,1920.0,1200.0,Silver,7,True,False,True,True
2426,Dell_i5_Unk_128GB_14-16in,Dell,Notebook/Laptop,312.0,Used,Used,Nvidia,Intel,i5,4.0,2.6,Windows,Unknown,,120.0,120.0,128GB,,Unk,14.0,14-16in,1280.0,720.0,Other,3,False,False,False,True
2427,Acer_Unknown_Unk_Unk_Unk,Acer,Other,126.56,Used,Used,Other,Unknown,Unknown,,,Unknown,Unknown,,,,Unk,,Unk,,Unk,,,Other,0,False,False,False,False
2428,HP_ryzen7_16GB_2TB_14-16in,HP,Notebook/Laptop,519.5,Unknown,Unknown,Amd,AMD,ryzen 7,,4.2,Windows,SSD,512.0,512.0,1024.0,2TB,16.0,16GB,14.0,14-16in,1366.0,768.0,Blue,6,True,True,True,True
2429,Dell_i5_16GB_512GB_14-16in,Dell,Notebook/Laptop,349.0,Refurbished - Very Good,Refurbished,Intel,Intel,i5,10.0,1.2,Windows,SSD,,512.0,512.0,512GB,12.0,16GB,15.6,14-16in,1920.0,1080.0,Blue,6,True,True,True,True
2430,HP_Other/Unspecified_8GB_2TB_14-16in,HP,Notebook/Laptop,120.0,Used,Used,Amd,AMD,Other/Unspecified,,1.8,Windows,SSD,512.0,512.0,1024.0,2TB,8.0,8GB,14.0,14-16in,1920.0,1080.0,Silver,5,False,False,True,True
2431,HP_celeron_4GB_64GB_14-16in,HP,Notebook/Laptop,100.0,Unknown,Unknown,Intel,Intel,celeron,,1.1,Chrome,EMMC,4.0,32.0,36.0,64GB,4.0,4GB,14.0,14-16in,1366.0,768.0,White,3,True,False,False,True
2432,LG_i5_8GB_512GB_14-16in,LG,Notebook/Laptop,499.0,Unknown,Unknown,Intel,Intel,i5,8.0,3.0,Windows,SSD,256.0,256.0,512.0,512GB,8.0,8GB,14.0,14-16in,1920.0,1200.0,White,4,False,False,True,True
2433,Lenovo_Other/Unspecified_4GB_32GB_Sub-12in,Lenovo,Other,56.0,Unknown,Unknown,Other,Other,Other/Unspecified,,2.1,Chrome,EMMC,,32.0,32.0,32GB,4.0,4GB,11.6,Sub-12in,1366.0,768.0,Other,0,False,False,False,False
2434,Asus_Unknown_Unk_Unk_Unk,Asus,Other,196.1,Used,Used,Other,Unknown,Unknown,,,Unknown,Unknown,,,,Unk,,Unk,,Unk,,,Other,0,False,False,False,False
2435,Asus_i3_Unk_Unk_16in+,Asus,Notebook/Laptop,138.0,For Parts / Not Working,End-of-Life,Other,Intel,i3,,,Unknown,HDD/SSD,,,,Unk,,Unk,17.3,16in+,,,Other,4,False,False,False,False
2436,Acer_celeron_4GB_32GB_Sub-12in,Acer,Notebook/Laptop,129.0,Unknown,Unknown,Other,Intel,celeron,,2.48,Chrome,HDD/SSD,32.0,,32.0,32GB,4.0,4GB,11.6,Sub-12in,1366.0,768.0,Black,6,True,True,True,False
2437,Dell_i5_8GB_16GB_14-16in,Dell,Notebook/Laptop,160.0,Used,Used,Intel,Intel,i5,4.0,,Windows,SSD,8.0,,8.0,16GB,8.0,8GB,14.0,14-16in,1920.0,1080.0,Black,1,False,False,False,False
2438,Dell_Other/Unspecified_4GB_1TB_14-16in,Dell,Notebook/Laptop,21.95,Used,Used,Amd,AMD,Other/Unspecified,,2.0,Windows,HDD/SSD,500.0,180.0,680.0,1TB,4.0,4GB,15.4,14-16in,1280.0,800.0,Other,3,False,False,False,False
2439,Dell_i5_16GB_2TB_14-16in,Dell,Notebook/Laptop,199.0,Used,Used,Other,Intel,i5,,1.7,Windows,SSD,512.0,512.0,1024.0,2TB,16.0,16GB,15.6,14-16in,,,Silver,6,False,True,True,True
2440,HP_i5_16GB_512GB_14-16in,HP,Notebook/Laptop,190.0,Used,Used,Intel,Intel,i5,7.0,,Windows,SSD,256.0,256.0,512.0,512GB,16.0,16GB,15.0,14-16in,,,Silver,0,False,False,False,False
2441,Dell_celeron_Unk_Unk_Sub-12in,Dell,Notebook/Laptop,200.0,Unknown,Unknown,Intel,Intel,celeron,,,Windows,HDD/SSD,,,,Unk,,Unk,11.6,Sub-12in,1366.0,768.0,Blue,9,True,True,True,True
2442,Dell_i5_Unk_256GB_14-16in,Dell,Notebook/Laptop,324.0,Used,Used,Intel,Intel,i5,5.0,2.7,Windows,Unknown,,240.0,240.0,256GB,,Unk,14.0,14-16in,1280.0,720.0,Other,3,False,False,False,True
2443,Microsoft_Unknown_Unk_Unk_Unk,Microsoft,Other,75.0,For Parts / Not Working,End-of-Life,Other,Unknown,Unknown,,,Unknown,Unknown,,,,Unk,,Unk,,Unk,,,Other,0,False,False,False,False
2444,Other/Unbranded_Unknown_Unk_Unk_Unk,Other/Unbranded,Other,177.1,Used,Used,Other,Unknown,Unknown,,,Unknown,Unknown,,,,Unk,,Unk,,Unk,,,Other,0,False,False,False,False
2445,Microsoft_Other/Unspecified_16GB_256GB_12-14in,Microsoft,Notebook/Laptop,570.0,Unknown,Unknown,Other,Other,Other/Unspecified,,3.0,Windows,SSD,,256.0,256.0,256GB,16.0,16GB,13.0,12-14in,2880.0,1920.0,Black,1,True,False,False,False
2446,Dell_celeron_4GB_32GB_Sub-12in,Dell,Notebook/Laptop,154.0,Unknown,Unknown,Intel,Intel,celeron,,2.8,Chrome,EMMC,16.0,16.0,32.0,32GB,4.0,4GB,11.6,Sub-12in,1366.0,768.0,Black,8,False,True,True,True
2447,HP_Unknown_Unk_Unk_Unk,HP,Other,189.8,Used,Used,Other,Unknown,Unknown,,,Unknown,Unknown,,,,Unk,,Unk,,Unk,,,Other,0,False,False,False,False
2448,Samsung_Unknown_Unk_Unk_Unk,Samsung,Other,63.25,Used,Used,Other,Unknown,Unknown,,,Unknown,Unknown,,,,Unk,,Unk,,Unk,,,Other,0,False,False,False,False
2449,Dell_i5_Unk_128GB_14-16in,Dell,Notebook/Laptop,292.2,Used,Used,Intel,Intel,i5,3.0,3.0,Windows,Unknown,,120.0,120.0,128GB,,Unk,14.0,14-16in,1280.0,720.0,Other,2,False,False,False,True
2450,Other/Unbranded_Unknown_Unk_Unk_Unk,Other/Unbranded,Other,332.8,Refurbished - Seller Grade,Refurbished,Intel,Unknown,Unknown,,,Unknown,Unknown,,,,Unk,,Unk,,Unk,,,Black,0,False,False,False,False
2451,Lenovo_i7_Unk_256GB_14-16in,Lenovo,Notebook/Laptop,391.0,Used,Used,Intel,Intel,i7,7.0,3.5,Windows,Unknown,,240.0,240.0,256GB,,Unk,14.0,14-16in,1920.0,1080.0,Other,5,False,True,True,True
2452,Lenovo_i5_Unk_256GB_14-16in,Lenovo,Notebook/Laptop,714.5,New,New,Intel,Intel,i5,12.0,4.0,Windows,SSD,,256.0,256.0,256GB,,Unk,15.6,14-16in,1920.0,1080.0,Other,3,False,False,True,True
2453,HP_Other/Unspecified_Unk_Unk_14-16in,HP,Notebook/Laptop,50.0,Used,Used,Other,AMD,Other/Unspecified,,,Windows,Unknown,,,,Unk,,Unk,15.0,14-16in,,,Other,0,False,False,False,False
2454,HP_i7_32GB_1TB_Unk,HP,Notebook/Laptop,939.5,Refurbished - Certified,Refurbished,Nvidia,Intel,i7,13.0,5.0,Windows,SSD,,1000.0,1000.0,1TB,32.0,32GB,,Unk,1920.0,1080.0,Silver,6,True,True,True,True
2455,HP_celeron_4GB_32GB_Sub-12in,HP,Notebook/Laptop,115.0,For Parts / Not Working,End-of-Life,Intel,Intel,celeron,,2.16,Chrome,SSD,16.0,16.0,32.0,32GB,4.0,4GB,11.6,Sub-12in,1366.0,768.0,Black,7,False,True,True,True
2456,HP_i5_16GB_256GB_Unk,HP,Other,300.0,Used,Used,Intel,Intel,i5,,2.1,Unknown,SSD,,256.0,256.0,256GB,16.0,16GB,,Unk,1920.0,1080.0,Other,0,False,False,False,False
2457,Microsoft_i5_8GB_256GB_Unk,Microsoft,Notebook/Laptop,60.0,For Parts / Not Working,End-of-Life,Other,Intel,i5,,,Windows,SSD,,256.0,256.0,256GB,8.0,8GB,,Unk,,,Silver,0,False,False,False,False
2458,Lenovo_celeron_4GB_32GB_Sub-12in,Lenovo,Notebook/Laptop,115.0,Unknown,Unknown,Intel,Intel,celeron,,1.1,Chrome,EMMC,32.0,,32.0,32GB,4.0,4GB,11.6,Sub-12in,1366.0,768.0,Gray,4,True,False,True,False
2459,Lenovo_ryzen5_16GB_512GB_14-16in,Lenovo,Notebook/Laptop,300.0,Used,Used,Other,AMD,ryzen 5,,2.1,Windows,SSD,16.0,476.0,492.0,512GB,16.0,16GB,14.0,14-16in,1920.0,1080.0,Silver,1,False,False,False,False
2460,Dell_i5_Unk_256GB_14-16in,Dell,Notebook/Laptop,279.5,Used,Used,Intel,Intel,i5,4.0,2.6,Windows,Unknown,,240.0,240.0,256GB,,Unk,14.0,14-16in,1280.0,720.0,Other,3,False,False,False,True
2461,Other/Unbranded_Unknown_Unk_Unk_Unk,Other/Unbranded,Other,162.0,Used,Used,Other,Unknown,Unknown,,,Unknown,Unknown,,,,Unk,,Unk,,Unk,,,Other,0,False,False,False,False
2462,Samsung_celeron_Unk_16GB_Sub-12in,Samsung,Other,46.0,Used,Used,Other,Intel,celeron,,,Unknown,Unknown,,16.0,16.0,16GB,,Unk,11.6,Sub-12in,,,Other,0,False,False,False,False
2463,Dell_i5_8GB_Unk_14-16in,Dell,Notebook/Laptop,119.0,Used,Used,Intel,Intel,i5,,1.9,Unknown,HDD/SSD,,,,Unk,8.0,8GB,14.0,14-16in,1920.0,1080.0,Black,16,False,True,True,True
2464,HP_i5_8GB_512GB_14-16in,HP,Notebook/Laptop,110.0,Used,Used,Intel,Intel,i5,,2.4,Windows,HDD/SSD,500.0,,500.0,512GB,8.0,8GB,15.6,14-16in,1366.0,768.0,Silver,6,False,True,True,True
2465,Dell_i5_Unk_128GB_14-16in,Dell,Notebook/Laptop,303.0,Used,Used,Intel,Intel,i5,4.0,,Windows,Unknown,,120.0,120.0,128GB,,Unk,14.0,14-16in,1280.0,720.0,Other,0,False,False,False,False
2466,Dell_Unknown_16GB_2TB_12-14in,Dell,Notebook/Laptop,400.0,Unknown,Unknown,Other,Unknown,Unknown,,,Windows,SSD,512.0,512.0,1024.0,2TB,16.0,16GB,13.0,12-14in,1920.0,1280.0,Black,8,True,True,True,True
2467,Dell_i5_16GB_256GB_16in+,Dell,Notebook/Laptop,749.0,Open Box,Like-New,Intel,Intel,i5,13.0,,Windows,SSD,,256.0,256.0,256GB,16.0,16GB,16.0,16in+,1920.0,1200.0,Gray,5,False,True,True,True
2468,Lenovo_i5_8GB_512GB_14-16in,Lenovo,Other,163.2,Used,Used,Intel,Intel,i5,3.0,2.6,Windows,HDD/SSD,500.0,,500.0,512GB,8.0,8GB,15.6,14-16in,1600.0,900.0,Black,4,False,False,True,False
2469,Dell_i5_8GB_16GB_14-16in,Dell,Notebook/Laptop,240.0,Used,Used,Intel,Intel,i5,6.0,2.4,Windows,SSD,8.0,,8.0,16GB,8.0,8GB,14.0,14-16in,1920.0,1080.0,Black,1,False,False,False,False
2470,HP_Other/Unspecified_8GB_256GB_12-14in,HP,Other,69.9,Used,Used,Other,Other,Other/Unspecified,,2.4,Unknown,SSD,,256.0,256.0,256GB,8.0,8GB,13.9,12-14in,1920.0,1080.0,Other,0,False,False,False,False
2471,HP_i5_8GB_256GB_14-16in,HP,Notebook/Laptop,479.5,Refurbished - Certified,Refurbished,Intel,Intel,i5,13.0,4.6,Windows,SSD,,256.0,256.0,256GB,8.0,8GB,15.6,14-16in,1920.0,1080.0,Gray,7,True,True,True,True
2472,Dell_i7_32GB_2TB_14-16in,Dell,Notebook/Laptop,1900.0,Refurbished - Excellent,Refurbished,Intel,Intel,i7,11.0,1.8,Windows,SSD,1000.0,1000.0,2000.0,2TB,32.0,32GB,14.0,14-16in,1920.0,1080.0,Black,1,False,False,False,False
2473,Lenovo_i5_Unk_512GB_14-16in,Lenovo,Notebook/Laptop,393.2,Used,Used,Intel,Intel,i5,6.0,2.8,Windows,Unknown,,480.0,480.0,512GB,,Unk,14.0,14-16in,1920.0,1080.0,Other,5,False,True,True,True
2474,Dell_i5_Unk_128GB_14-16in,Dell,Notebook/Laptop,300.2,Used,Used,Nvidia,Intel,i5,4.0,2.6,Windows,Unknown,,120.0,120.0,128GB,,Unk,14.0,14-16in,1280.0,720.0,Other,3,False,False,False,True
2475,Lenovo_ryzen5_Unk_Unk_Unk,Lenovo,Other,500.0,Open Box,Like-New,Other,AMD,ryzen 5,,,Windows,Unknown,,,,Unk,,Unk,,Unk,,,Other,0,False,False,False,False
2476,Dell_i7_16GB_1TB_16in+,Dell,Notebook/Laptop,899.0,Refurbished - Certified,Refurbished,Nvidia,Intel,i7,13.0,,Windows,OTHER,,1000.0,1000.0,1TB,16.0,16GB,16.0,16in+,1920.0,1200.0,Multicolor,5,True,False,True,True
2477,Lenovo_core2duo_Unk_256GB_14-16in,Lenovo,Notebook/Laptop,200.0,Used,Used,Other,Intel,core 2 duo,,2.4,Windows,Unknown,160.0,,160.0,256GB,,Unk,14.1,14-16in,,,Other,0,False,False,False,False
2478,Dell_i5_16GB_512GB_12-14in,Dell,Notebook/Laptop,360.0,Refurbished - Excellent,Refurbished,Intel,Intel,i5,8.0,1.6,Windows,SSD,,512.0,512.0,512GB,16.0,16GB,13.3,12-14in,1920.0,1080.0,Gray,8,True,True,True,True
2479,HP_pentium_4GB_256GB_14-16in,HP,Notebook/Laptop,259.0,Unknown,Unknown,Intel,Intel,pentium,,1.8,Windows,SSD,128.0,128.0,256.0,256GB,4.0,4GB,15.6,14-16in,,,Red,4,False,False,True,True
2480,HP_i5_8GB_1TB_14-16in,HP,Notebook/Laptop,179.0,Used,Used,Other,Intel,i5,,2.2,Windows,HDD/SSD,750.0,,750.0,1TB,8.0,8GB,15.6,14-16in,1366.0,768.0,Other,5,False,False,True,True
2481,Lenovo_i5_16GB_1TB_14-16in,Lenovo,Notebook/Laptop,231.0,Used,Used,Intel,Intel,i5,11.0,2.4,Windows,SSD,512.0,256.0,768.0,1TB,16.0,16GB,14.0,14-16in,1920.0,1080.0,Black,4,False,True,True,False
2482,Dell_i7_16GB_512GB_14-16in,Dell,Notebook/Laptop,1050.0,Refurbished - Excellent,Refurbished,Intel,Intel,i7,11.0,2.8,Windows,SSD,256.0,256.0,512.0,512GB,16.0,16GB,15.6,14-16in,1920.0,1080.0,Silver,1,False,False,False,True
2483,Microsoft_i5_32GB+_2TB_Unk,Microsoft,Other,158.1,Unknown,Unknown,Other,Intel,i5,11.0,,Windows,Unknown,512.0,512.0,1024.0,2TB,512.0,32GB+,,Unk,2880.0,1920.0,Other,2,False,False,False,True
2484,Dell_i5_16GB_2TB_12-14in,Dell,Notebook/Laptop,200.0,Used,Used,Other,Intel,i5,,1.6,Windows,SSD,512.0,512.0,1024.0,2TB,16.0,16GB,13.3,12-14in,1920.0,1080.0,Black,10,False,False,True,True
2485,Dell_ryzen5_16GB_2TB_14-16in,Dell,Notebook/Laptop,380.0,Unknown,Unknown,Amd,AMD,ryzen 5,,4.3,Windows,SSD,512.0,512.0,1024.0,2TB,16.0,16GB,14.0,14-16in,1920.0,1080.0,Silver,6,True,True,True,True
2486,HP_celeron_16GB_32GB_Sub-12in,HP,Other,79.94,Used,Used,Other,Intel,celeron,,2.16,Chrome,EMMC,16.0,16.0,32.0,32GB,16.0,16GB,11.6,Sub-12in,,,Black,1,False,False,True,False
2487,Other/Unbranded_i5_8GB_512GB_14-16in,Other/Unbranded,Notebook/Laptop,299.0,Used,Used,Other,Intel,i5,1.0,2.5,Windows,OTHER,500.0,,500.0,512GB,8.0,8GB,14.0,14-16in,1366.0,768.0,Other,0,False,False,False,False
2488,HP_i3_8GB_512GB_14-16in,HP,Notebook/Laptop,325.0,New,New,Intel,Intel,i3,,4.1,Windows,SSD,256.0,256.0,512.0,512GB,8.0,8GB,15.6,14-16in,1366.0,768.0,Silver,5,False,False,True,True
2489,Dell_i5_Unk_256GB_14-16in,Dell,Notebook/Laptop,298.8,Used,Used,Nvidia,Intel,i5,4.0,2.6,Windows,Unknown,,240.0,240.0,256GB,,Unk,14.0,14-16in,1280.0,720.0,Other,3,False,False,False,True
2490,Dell_i5_Unk_256GB_14-16in,Dell,Notebook/Laptop,352.0,Used,Used,Intel,Intel,i5,4.0,,Windows,Unknown,,240.0,240.0,256GB,,Unk,14.0,14-16in,1280.0,720.0,Other,0,False,False,False,False
2491,Dell_i5_Unk_128GB_14-16in,Dell,Notebook/Laptop,294.0,Used,Used,Nvidia,Intel,i5,4.0,,Windows,Unknown,,120.0,120.0,128GB,,Unk,14.0,14-16in,1280.0,720.0,Other,0,False,False,False,False
2492,HP_celeron_4GB_64GB_Sub-12in,HP,Other,44.0,Used,Used,Intel,Intel,celeron,,1.6,Chrome,SSD,32.0,32.0,64.0,64GB,4.0,4GB,11.6,Sub-12in,1366.0,768.0,Other,1,False,False,True,False
2493,Acer_i7_16GB_1TB_14-16in,Acer,Notebook/Laptop,550.0,Unknown,Unknown,Other,Intel,i7,12.0,,Windows,SSD,12.0,512.0,524.0,1TB,12.0,16GB,15.6,14-16in,,,Gray,2,True,False,False,True
2494,HP_i7_16GB_512GB_14-16in,HP,Notebook/Laptop,300.0,Used,Used,Intel,Intel,i7,8.0,4.3,Windows,SSD,256.0,256.0,512.0,512GB,16.0,16GB,15.6,14-16in,1920.0,1080.0,Silver,8,False,True,True,True
2495,Samsung_Other/Unspecified_4GB_128GB_14-16in,Samsung,Notebook/Laptop,175.0,Unknown,Unknown,Intel,Other,Other/Unspecified,,2.5,Windows,SSD,,128.0,128.0,128GB,4.0,4GB,14.0,14-16in,1920.0,1080.0,Silver,1,False,False,False,True
2496,Lenovo_Other/Unspecified_Unk_1TB_14-16in,Lenovo,Notebook/Laptop,309.2,Used,Used,Intel,Intel,Other/Unspecified,,1.99,Windows,Unknown,,960.0,960.0,1TB,,Unk,14.1,14-16in,1280.0,720.0,Other,3,False,False,True,True
2497,Other/Unbranded_Unknown_Unk_Unk_Unk,Other/Unbranded,Other,13.05,Used,Used,Other,Unknown,Unknown,,,Unknown,Unknown,,,,Unk,,Unk,,Unk,,,Other,0,False,False,False,False
2498,Dell_i5_Unk_128GB_14-16in,Dell,Notebook/Laptop,334.5,Used,Used,Intel,Intel,i5,5.0,2.7,Windows,Unknown,,120.0,120.0,128GB,,Unk,14.0,14-16in,1280.0,720.0,Other,3,False,False,False,True
2499,Dell_i5_Unk_128GB_14-16in,Dell,Other,349.8,Used,Used,Intel,Intel,i5,3.0,,Windows,Unknown,,120.0,120.0,128GB,,Unk,14.0,14-16in,1280.0,720.0,Other,0,False,False,False,False
2500,Lenovo_Other/Unspecified_Unk_1TB_14-16in,Lenovo,Notebook/Laptop,340.2,Used,Used,Intel,Intel,Other/Unspecified,,1.99,Windows,Unknown,,960.0,960.0,1TB,,Unk,14.1,14-16in,1280.0,720.0,Other,3,False,False,True,True
2501,Lenovo_i5_16GB_128GB_14-16in,Lenovo,Notebook/Laptop,119.0,Used,Used,Intel,Intel,i5,,2.4,Windows,SSD,,128.0,128.0,128GB,12.0,16GB,14.0,14-16in,1920.0,1080.0,Black,2,False,False,False,False
2502,Dell_i5_Unk_512GB_14-16in,Dell,Notebook/Laptop,377.5,Used,Used,Intel,Intel,i5,3.0,3.0,Windows,SSD,,480.0,480.0,512GB,,Unk,14.0,14-16in,1280.0,720.0,Other,2,False,False,False,True
2503,Other/Unbranded_Unknown_Unk_Unk_Unk,Other/Unbranded,Other,521.0,Used,Used,Other,Unknown,Unknown,,,Unknown,Unknown,,,,Unk,,Unk,,Unk,,,Other,0,False,False,False,False
2504,Dell_i5_Unk_128GB_14-16in,Dell,Notebook/Laptop,260.8,Used,Used,Intel,Intel,i5,3.0,3.0,Windows,Unknown,,120.0,120.0,128GB,,Unk,14.0,14-16in,1280.0,720.0,Other,2,False,False,False,True
2505,HP_ryzen7_16GB_512GB_Unk,HP,Notebook/Laptop,509.5,Refurbished - Certified,Refurbished,Amd,AMD,ryzen 7,,4.5,Windows,SSD,,512.0,512.0,512GB,16.0,16GB,,Unk,1920.0,1080.0,Black,5,False,False,True,True
2506,Asus_celeron_32GB+_256GB_Sub-12in,Asus,Notebook/Laptop,199.9,Unknown,Unknown,Other,Intel,celeron,,,Windows,EMMC,128.0,128.0,256.0,256GB,128.0,32GB+,11.6,Sub-12in,1366.0,768.0,Black,0,False,False,False,False
2507,Dell_i5_8GB_1TB_14-16in,Dell,Notebook/Laptop,179.0,Refurbished - Very Good,Refurbished,Other,Intel,i5,5.0,2.2,Windows,HDD/SSD,1000.0,,1000.0,1TB,6.0,8GB,15.6,14-16in,1366.0,768.0,Black,5,True,False,True,True
2508,HP_i7_16GB_2TB_12-14in,HP,Notebook/Laptop,415.0,Used,Used,Intel,Intel,i7,8.0,1.9,Windows,SSD,1000.0,128.0,1128.0,2TB,16.0,16GB,13.0,12-14in,3000.0,2000.0,Other,4,False,False,True,False
2509,Dell_i7_16GB_256GB_14-16in,Dell,Other,209.0,Used,Used,Nvidia,Intel,i7,,2.7,Windows,SSD,,256.0,256.0,256GB,16.0,16GB,15.6,14-16in,1920.0,1080.0,Other,0,False,False,False,False
2510,Dell_i5_32GB_512GB_14-16in,Dell,Notebook/Laptop,750.0,Open Box,Like-New,Other,Intel,i5,8.0,2.6,Windows,SSD,256.0,256.0,512.0,512GB,32.0,32GB,14.0,14-16in,,,Other,0,False,False,False,False
2511,Dell_i5_Unk_Unk_14-16in,Dell,Notebook/Laptop,140.0,Refurbished - Very Good,Refurbished,Other,Intel,i5,3.0,2.6,Windows,HDD/SSD,,,,Unk,,Unk,14.0,14-16in,1600.0,900.0,Multicolor,6,False,False,False,True
2512,Dell_celeron_4GB_512GB_14-16in,Dell,Notebook/Laptop,90.0,Used,Used,Intel,Intel,celeron,,1.6,Windows,HDD/SSD,500.0,,500.0,512GB,4.0,4GB,15.6,14-16in,1024.0,768.0,Black,7,False,False,False,True
2513,LG_i5_8GB_256GB_14-16in,LG,Notebook/Laptop,310.0,Used,Used,Intel,Intel,i5,10.0,1.2,Windows,SSD,,256.0,256.0,256GB,8.0,8GB,14.0,14-16in,1920.0,1080.0,White,4,False,False,True,True
2514,Other/Unbranded_Unknown_Unk_Unk_Unk,Other/Unbranded,Other,413.2,Used,Used,Other,Unknown,Unknown,,,Unknown,Unknown,,,,Unk,,Unk,,Unk,,,Other,0,False,False,False,False
2515,Other/Unbranded_i5_4GB_Unk_14-16in,Other/Unbranded,Notebook/Laptop,105.0,Used,Used,Other,Intel,i5,3.0,2.8,Windows,SSD,,,,Unk,4.0,4GB,14.0,14-16in,1920.0,1080.0,Other,0,False,False,False,False
2516,Lenovo_i5_Unk_512GB_14-16in,Lenovo,Notebook/Laptop,899.0,Open Box,Like-New,Intel,Intel,i5,13.0,4.6,Windows,SSD,256.0,256.0,512.0,512GB,,Unk,14.0,14-16in,1920.0,1200.0,Other,2,False,False,True,True
2517,Dell_celeron_4GB_32GB_Sub-12in,Dell,Notebook/Laptop,45.0,Used,Used,Amd,Intel,celeron,,2.16,Chrome,SSD,4.0,16.0,20.0,32GB,4.0,4GB,11.6,Sub-12in,1366.0,768.0,Black,1,True,False,False,False
2518,Asus_celeron_4GB_64GB_14-16in,Asus,Notebook/Laptop,100.0,Unknown,Unknown,Intel,Intel,celeron,,1.1,Chrome,EMMC,32.0,32.0,64.0,64GB,4.0,4GB,14.0,14-16in,1366.0,768.0,Silver,8,False,True,True,True
2519,Other/Unbranded_i9_16GB_1TB_16in+,Other/Unbranded,Notebook/Laptop,1439.0,New,New,Intel,Intel,i9,,,Windows,SSD,,1000.0,1000.0,1TB,16.0,16GB,16.0,16in+,,,Silver,5,False,True,True,True
2520,Asus_celeron_32GB_64GB_Sub-12in,Asus,Other,105.0,Unknown,Unknown,Intel,Intel,celeron,,1.1,Chrome,EMMC,32.0,32.0,64.0,64GB,32.0,32GB,11.6,Sub-12in,1366.0,768.0,Gray,6,False,False,True,True
2521,Dell_i5_Unk_1TB_14-16in,Dell,Notebook/Laptop,458.5,Used,Used,Nvidia,Intel,i5,4.0,2.6,Windows,Unknown,,960.0,960.0,1TB,,Unk,14.0,14-16in,1280.0,720.0,Other,3,False,False,False,True
2522,Other/Unbranded_i5_Unk_128GB_14-16in,Other/Unbranded,Notebook/Laptop,423.0,Used,Used,Intel,Intel,i5,4.0,3.0,Windows,SSD,,120.0,120.0,128GB,,Unk,15.6,14-16in,1280.0,720.0,Other,4,False,False,True,True
2523,HP_ryzen3_8GB_256GB_16in+,HP,Notebook/Laptop,319.5,Refurbished - Certified,Refurbished,Amd,AMD,ryzen 3,,4.1,Windows,SSD,,256.0,256.0,256GB,8.0,8GB,17.0,16in+,1600.0,900.0,Silver,4,False,False,False,True
2524,Lenovo_i5_16GB_256GB_14-16in,Lenovo,Notebook/Laptop,150.0,Used,Used,Other,Intel,i5,,2.5,Windows,SSD,,256.0,256.0,256GB,16.0,16GB,15.6,14-16in,,,Black,5,False,False,True,True
2525,Other/Unbranded_Other/Unspecified_Unk_Unk_14-16in,Other/Unbranded,Notebook/Laptop,70.0,New,New,Other,Intel,Other/Unspecified,,,Windows,Unknown,,,,Unk,,Unk,14.0,14-16in,,,Other,1,True,False,False,False
2526,HP_i3_8GB_512GB_14-16in,HP,Notebook/Laptop,315.0,New,New,Intel,Intel,i3,12.0,4.1,Windows,SSD,256.0,256.0,512.0,512GB,8.0,8GB,15.6,14-16in,1366.0,768.0,Gray,5,False,False,True,True
2527,Other/Unbranded_Unknown_Unk_Unk_Unk,Other/Unbranded,Other,146.5,Unknown,Unknown,Other,Unknown,Unknown,,,Unknown,Unknown,,,,Unk,,Unk,,Unk,,,Other,0,False,False,False,False
2528,Other/Unbranded_celeron_8GB_256GB_14-16in,Other/Unbranded,Notebook/Laptop,172.0,New,New,Intel,Intel,celeron,,1.1,Windows,SSD,128.0,128.0,256.0,256GB,6.0,8GB,14.0,14-16in,1366.0,768.0,Gray,4,False,False,True,True
2529,HP_core2duo_Unk_Unk_Unk,HP,Notebook/Laptop,19.98,Unknown,Unknown,Other,Intel,core 2 duo,,,Windows,HDD/SSD,,,,Unk,,Unk,,Unk,,,Black,4,False,False,False,True
2530,Dell_i5_Unk_128GB_14-16in,Dell,Notebook/Laptop,342.0,Used,Used,Intel,Intel,i5,5.0,,Windows,Unknown,,120.0,120.0,128GB,,Unk,14.0,14-16in,1280.0,720.0,Other,0,False,False,False,False
2531,Dell_i5_Unk_128GB_14-16in,Dell,Notebook/Laptop,260.8,Used,Used,Intel,Intel,i5,3.0,3.0,Windows,Unknown,,120.0,120.0,128GB,,Unk,14.0,14-16in,1280.0,720.0,Other,2,False,False,False,True
2532,HP_i5_8GB_512GB_16in+,HP,Notebook/Laptop,650.0,New,New,Intel,Intel,i5,,2.3,Windows,SSD,256.0,256.0,512.0,512GB,8.0,8GB,17.3,16in+,1600.0,900.0,Gray,6,False,False,True,True
2533,Dell_i5_Unk_256GB_14-16in,Dell,Notebook/Laptop,298.8,Used,Used,Nvidia,Intel,i5,4.0,2.6,Windows,Unknown,,240.0,240.0,256GB,,Unk,14.0,14-16in,1280.0,720.0,Other,3,False,False,False,True
2534,Lenovo_ryzen7_32GB+_1TB_14-16in,Lenovo,Notebook/Laptop,680.0,Refurbished - Certified,Refurbished,Amd,AMD,ryzen 7,,2.0,Windows,SSD,,1000.0,1000.0,1TB,40.0,32GB+,15.6,14-16in,1920.0,1080.0,Silver,5,False,True,True,False
2535,Other/Unbranded_Unknown_Unk_Unk_Unk,Other/Unbranded,Other,412.2,Used,Used,Other,Unknown,Unknown,,,Unknown,Unknown,,,,Unk,,Unk,,Unk,,,Other,0,False,False,False,False
2536,Other/Unbranded_Unknown_Unk_Unk_Unk,Other/Unbranded,Other,238.2,Used,Used,Intel,Unknown,Unknown,,,Unknown,Unknown,,,,Unk,,Unk,,Unk,,,Other,0,False,False,False,False
2537,Lenovo_Other/Unspecified_Unk_1TB_14-16in,Lenovo,Notebook/Laptop,340.2,Used,Used,Intel,Intel,Other/Unspecified,,1.99,Windows,Unknown,,960.0,960.0,1TB,,Unk,14.1,14-16in,1280.0,720.0,Other,3,False,False,True,True
2538,Other/Unbranded_Unknown_Unk_Unk_Unk,Other/Unbranded,Other,327.8,Used,Used,Intel,Unknown,Unknown,,,Unknown,Unknown,,,,Unk,,Unk,,Unk,,,Other,0,False,False,False,False
2539,Dell_core2duo_2GB_128GB_14-16in,Dell,Notebook/Laptop,45.0,Used,Used,Other,Intel,core 2 duo,,,Unknown,Unknown,80.0,,80.0,128GB,2.0,2GB,15.4,14-16in,,,Other,0,False,False,False,False
2540,Dell_i7_Unk_Unk_14-16in,Dell,Other,198.0,Unknown,Unknown,Other,Intel,i7,8.0,,Unknown,Unknown,,,,Unk,,Unk,14.0,14-16in,,,Other,0,False,False,False,False
2541,Dell_i7_16GB_2TB_14-16in,Dell,Notebook/Laptop,350.0,Used,Used,Intel,Intel,i7,11.0,2.8,Windows,SSD,512.0,512.0,1024.0,2TB,16.0,16GB,14.0,14-16in,1366.0,768.0,Gray,5,False,False,True,True
2542,Other/Unbranded_Unknown_Unk_Unk_Unk,Other/Unbranded,Other,87.0,Used,Used,Other,Unknown,Unknown,,,Unknown,Unknown,,,,Unk,,Unk,,Unk,,,Other,0,False,False,False,False
2543,Other/Unbranded_i5_16GB_512GB_14-16in,Other/Unbranded,Other,333.2,Used,Used,Other,Intel,i5,,2.6,Windows,SSD,,500.0,500.0,512GB,16.0,16GB,14.0,14-16in,,,Blue,8,True,True,True,True
2544,Dell_i5_8GB_2TB_14-16in,Dell,Notebook/Laptop,399.0,Unknown,Unknown,Other,Intel,i5,8.0,1.6,Windows,SSD,512.0,512.0,1024.0,2TB,8.0,8GB,15.6,14-16in,,,Silver,4,False,True,True,False
2545,Other/Unbranded_i3_Unk_Unk_Sub-12in,Other/Unbranded,Other,40.0,Used,Used,Other,Intel,i3,,,Unknown,Unknown,,,,Unk,,Unk,10.8,Sub-12in,,,Other,0,False,False,False,False
2546,Other/Unbranded_celeron_4GB_Unk_14-16in,Other/Unbranded,Notebook/Laptop,24.98,For Parts / Not Working,End-of-Life,Other,Intel,celeron,,1.86,Unknown,OTHER,,,,Unk,4.0,4GB,15.6,14-16in,,,Silver,0,False,False,False,False
2547,Other/Unbranded_i3_Unk_128GB_14-16in,Other/Unbranded,Notebook/Laptop,346.8,Used,Used,Intel,Intel,i3,4.0,3.0,Windows,SSD,,120.0,120.0,128GB,,Unk,14.0,14-16in,1280.0,720.0,Other,5,False,False,True,True
2548,Lenovo_i5_16GB_512GB_14-16in,Lenovo,Notebook/Laptop,56.06,Unknown,Unknown,Intel,Intel,i5,5.0,2.9,Windows,SSD,240.0,240.0,480.0,512GB,12.0,16GB,14.0,14-16in,,,Black,1,False,False,False,False
2549,HP_Other/Unspecified_4GB_32GB_14-16in,HP,Other,22.0,Unknown,Unknown,Amd,AMD,Other/Unspecified,,1.6,Chrome,EMMC,16.0,16.0,32.0,32GB,4.0,4GB,14.0,14-16in,1366.0,768.0,Other,5,False,False,True,False
2550,HP_i3_8GB_512GB_14-16in,HP,Notebook/Laptop,330.0,New,New,Intel,Intel,i3,,1.2,Windows,SSD,256.0,256.0,512.0,512GB,8.0,8GB,15.6,14-16in,1920.0,1080.0,Silver,5,False,False,True,True
2551,Lenovo_ryzen5_32GB+_2TB+_14-16in,Lenovo,Notebook/Laptop,699.0,New,New,Amd,AMD,ryzen 5,,,Windows,SSD,2000.0,2000.0,4000.0,2TB+,40.0,32GB+,15.6,14-16in,1920.0,1080.0,Black,6,False,False,True,False
2552,Dell_i5_Unk_256GB_14-16in,Dell,Notebook/Laptop,365.8,Used,Used,Intel,Intel,i5,5.0,2.7,Windows,Unknown,,240.0,240.0,256GB,,Unk,14.0,14-16in,1280.0,720.0,Other,3,False,False,False,True
2553,Other/Unbranded_Unknown_Unk_Unk_Unk,Other/Unbranded,Other,337.0,Used,Used,Nvidia,Unknown,Unknown,,,Unknown,Unknown,,,,Unk,,Unk,,Unk,,,Other,0,False,False,False,False
2554,Dell_i7_16GB_1TB_14-16in,Dell,Notebook/Laptop,496.0,Used,Used,Other,Intel,i7,4.0,,Windows,SSD,,1000.0,1000.0,1TB,16.0,16GB,14.0,14-16in,,,Other,1,False,False,False,False
2555,Other/Unbranded_Unknown_Unk_Unk_Unk,Other/Unbranded,Other,289.0,New,New,Other,Unknown,Unknown,,,Unknown,Unknown,,,,Unk,,Unk,,Unk,,,Other,0,False,False,False,False
2556,Dell_i7_32GB_1TB_14-16in,Dell,Other,699.0,Used,Used,Other,Intel,i7,,,Windows,Unknown,,1000.0,1000.0,1TB,32.0,32GB,15.6,14-16in,,,Silver,6,True,True,True,True
2557,Other/Unbranded_atom_Unk_Unk_Sub-12in,Other/Unbranded,Notebook/Laptop,500.0,Open Box,Like-New,Other,Intel,atom,,,Windows,Unknown,,,,Unk,,Unk,11.6,Sub-12in,,,Other,0,False,False,False,False
2558,Dell_i7_16GB_512GB_14-16in,Dell,Notebook/Laptop,599.0,New,New,Intel,Intel,i7,11.0,3.0,Windows,SSD,16.0,256.0,272.0,512GB,16.0,16GB,14.0,14-16in,1920.0,1080.0,Other,2,False,False,False,False
2559,Dell_i5_Unk_128GB_14-16in,Dell,Notebook/Laptop,291.0,Used,Used,Nvidia,Intel,i5,4.0,2.6,Windows,Unknown,,120.0,120.0,128GB,,Unk,14.0,14-16in,1280.0,720.0,Other,3,False,False,False,True
2560,HP_i5_16GB_512GB_14-16in,HP,Notebook/Laptop,110.0,Used,Used,Intel,Intel,i5,6.0,2.4,Windows,SSD,256.0,256.0,512.0,512GB,16.0,16GB,14.0,14-16in,1366.0,768.0,Silver,8,True,True,True,True
2561,Dell_i7_32GB_2TB_16in+,Dell,Notebook/Laptop,600.0,Refurbished - Excellent,Refurbished,Other,Intel,i7,,3.1,Unknown,SSD,1000.0,1000.0,2000.0,2TB,32.0,32GB,17.3,16in+,1920.0,1080.0,Other,0,False,False,False,False
2562,HP_i3_8GB_512GB_14-16in,HP,Notebook/Laptop,320.0,Unknown,Unknown,Intel,Intel,i3,11.0,2.0,Windows,SSD,256.0,256.0,512.0,512GB,8.0,8GB,14.0,14-16in,1920.0,1080.0,Silver,4,False,True,True,False
2563,HP_i7_Unk_1TB_14-16in,HP,Notebook/Laptop,490.0,Used,Used,Other,Intel,i7,7.0,,Windows,Unknown,1000.0,,1000.0,1TB,,Unk,15.6,14-16in,1920.0,1080.0,Multicolor,5,False,True,True,True
2564,HP_Other/Unspecified_Unk_512GB_14-16in,HP,Notebook/Laptop,130.0,Used,Used,Other,AMD,Other/Unspecified,7.0,,Windows,Unknown,256.0,4.0,260.0,512GB,,Unk,15.6,14-16in,,,Other,0,False,False,False,False
2565,HP_celeron_4GB_16GB_Sub-12in,HP,Notebook/Laptop,150.0,Used,Used,Intel,Intel,celeron,,1.6,Chrome,SSD,,16.0,16.0,16GB,4.0,4GB,11.6,Sub-12in,1366.0,768.0,Gray,2,False,False,False,False
2566,Dell_i5_16GB_1TB_16in+,Dell,Notebook/Laptop,425.0,Used,Used,Intel,Intel,i5,,2.5,Windows,SSD,500.0,500.0,1000.0,1TB,16.0,16GB,17.3,16in+,1900.0,600.0,Gray,10,False,True,True,True
2567,Dell_i5_Unk_128GB_14-16in,Dell,Notebook/Laptop,318.2,Used,Used,Nvidia,Intel,i5,4.0,2.6,Windows,Unknown,,120.0,120.0,128GB,,Unk,14.0,14-16in,1280.0,720.0,Other,3,False,False,False,True
2568,Dell_i5_Unk_128GB_12-14in,Dell,Notebook/Laptop,396.0,Used,Used,Intel,Intel,i5,6.0,2.8,Windows,Unknown,,120.0,120.0,128GB,,Unk,12.5,12-14in,1920.0,1080.0,Other,6,True,True,True,True
2569,Dell_celeron_4GB_32GB_Sub-12in,Dell,Notebook/Laptop,53.0,Refurbished - Very Good,Refurbished,Intel,Intel,celeron,,2.16,Chrome,SSD,16.0,16.0,32.0,32GB,4.0,4GB,11.6,Sub-12in,1366.0,768.0,Black,4,False,False,True,False
2570,Other/Unbranded_i5_8GB_256GB_Sub-12in,Other/Unbranded,Other,225.0,Used,Used,Other,Intel,i5,5.0,2.4,Windows,SSD,,256.0,256.0,256GB,8.0,8GB,10.1,Sub-12in,,,Other,0,False,False,False,False
2571,HP_ryzen_8GB_512GB_14-16in,HP,Notebook/Laptop,243.0,Used,Used,Intel,AMD,ryzen,,2.1,Windows,SSD,256.0,256.0,512.0,512GB,8.0,8GB,14.0,14-16in,1920.0,1080.0,Silver,8,False,True,True,True
2572,Dell_i5_16GB_512GB_14-16in,Dell,Notebook/Laptop,740.0,Open Box,Like-New,Intel,Intel,i5,13.0,1.6,Windows,SSD,,512.0,512.0,512GB,16.0,16GB,15.6,14-16in,1920.0,1080.0,Gray,4,False,False,True,True
2573,HP_i7_16GB_2TB_14-16in,HP,Notebook/Laptop,749.5,Unknown,Unknown,Intel,Intel,i7,12.0,1.8,Windows,SSD,512.0,512.0,1024.0,2TB,16.0,16GB,14.0,14-16in,1920.0,1080.0,Silver,3,False,False,True,False
2574,HP_i7_16GB_2TB_14-16in,HP,Notebook/Laptop,260.0,Refurbished - Very Good,Refurbished,Other,Intel,i7,6.0,2.4,Windows,SSD,512.0,512.0,1024.0,2TB,16.0,16GB,14.0,14-16in,1920.0,1080.0,Other,0,False,False,False,False
2575,Lenovo_i5_16GB_512GB_12-14in,Lenovo,Notebook/Laptop,149.0,Used,Used,Other,Intel,i5,7.0,2.6,Windows,SSD,256.0,256.0,512.0,512GB,16.0,16GB,13.3,12-14in,,,Black,6,True,True,True,True
2576,Dell_i5_16GB_1TB_Sub-12in,Dell,Notebook/Laptop,450.0,Refurbished - Good,Refurbished,Intel,Intel,i5,7.0,2.6,Windows,SSD,,1000.0,1000.0,1TB,16.0,16GB,11.6,Sub-12in,1920.0,1080.0,Other,8,True,True,False,False
2577,Other/Unbranded_atom_Unk_Unk_Sub-12in,Other/Unbranded,Other,70.0,Unknown,Unknown,Other,Intel,atom,,,Unknown,Unknown,,,,Unk,,Unk,11.6,Sub-12in,,,Black,1,True,False,False,False
2578,HP_i7_16GB_1TB_16in+,HP,Notebook/Laptop,670.0,Open Box,Like-New,Intel,Intel,i7,12.0,2.1,Windows,SSD,,1000.0,1000.0,1TB,16.0,16GB,17.3,16in+,1920.0,1080.0,Silver,4,False,True,True,True
2579,Dell_i7_32GB_2TB_14-16in,Dell,Notebook/Laptop,140.0,Unknown,Unknown,Intel,Intel,i7,8.0,3.9,Windows,SSD,512.0,512.0,1024.0,2TB,32.0,32GB,14.0,14-16in,,,Black,3,False,False,True,False
2580,Dell_i7_16GB_512GB_14-16in,Dell,Notebook/Laptop,199.0,Refurbished - Very Good,Refurbished,Intel,Intel,i7,8.0,1.9,Windows,SSD,256.0,256.0,512.0,512GB,16.0,16GB,14.0,14-16in,1920.0,1080.0,Black,4,False,False,True,True
2581,Other/Unbranded_celeron_8GB_2TB_16in+,Other/Unbranded,Notebook/Laptop,253.0,New,New,Other,Intel,celeron,,2.9,Windows,SSD,512.0,512.0,1024.0,2TB,8.0,8GB,17.3,16in+,1920.0,1080.0,Gray,4,False,False,True,True
2582,Dell_i5_Unk_1TB_14-16in,Dell,Notebook/Laptop,380.2,Used,Used,Intel,Intel,i5,3.0,3.0,Windows,SSD,,960.0,960.0,1TB,,Unk,14.0,14-16in,1280.0,720.0,Other,2,False,False,False,True
2583,Other/Unbranded_Unknown_Unk_Unk_Unk,Other/Unbranded,Other,477.5,Used,Used,Other,Unknown,Unknown,,,Unknown,Unknown,,,,Unk,,Unk,,Unk,,,Other,0,False,False,False,False
2584,Other/Unbranded_Other/Unspecified_Unk_Unk_14-16in,Other/Unbranded,Notebook/Laptop,4.42,New,New,Other,Intel,Other/Unspecified,,,Windows,Unknown,,,,Unk,,Unk,15.6,14-16in,,,Other,0,False,False,False,False
2585,Dell_i5_16GB_2TB_Unk,Dell,Notebook/Laptop,700.0,Refurbished - Excellent,Refurbished,Intel,Intel,i5,11.0,2.6,Windows,SSD,512.0,512.0,1024.0,2TB,16.0,16GB,,Unk,1920.0,1080.0,Silver,4,False,True,True,False
2586,Dell_Unknown_Unk_Unk_14-16in,Dell,Notebook/Laptop,119.9,Used,Used,Other,Unknown,Unknown,,,Windows,HDD/SSD,,,,Unk,,Unk,14.1,14-16in,,,Black,0,False,False,False,False
2587,Lenovo_i5_16GB_2TB_14-16in,Lenovo,Notebook/Laptop,180.0,Refurbished - Very Good,Refurbished,Other,Intel,i5,4.0,2.6,Windows,SSD,512.0,512.0,1024.0,2TB,12.0,16GB,14.0,14-16in,,,Other,0,False,False,False,False
2588,HP_Other/Unspecified_2GB_512GB_14-16in,HP,Notebook/Laptop,30.0,Used,Used,Other,AMD,Other/Unspecified,,2.1,Linux,HDD/SSD,160.0,250.0,410.0,512GB,2.0,2GB,15.4,14-16in,,,Other,0,False,False,False,False
2589,Lenovo_i3_Unk_256GB_14-16in,Lenovo,Notebook/Laptop,565.0,New,New,Intel,Intel,i3,10.0,1.49,Windows,SSD,,256.0,256.0,256GB,,Unk,15.6,14-16in,1920.0,1080.0,Other,4,False,False,True,True
2590,Dell_i5_8GB_512GB_14-16in,Dell,Notebook/Laptop,189.0,Refurbished - Good,Refurbished,Intel,Intel,i5,4.0,2.7,Windows,SSD,,512.0,512.0,512GB,8.0,8GB,14.0,14-16in,,,Other,6,False,False,True,True
2591,HP_i5_4GB_Unk_14-16in,HP,Other,50.0,Used,Used,Other,Intel,i5,,2.5,Unknown,Unknown,,,,Unk,4.0,4GB,15.5,14-16in,,,Other,0,False,False,False,False
2592,Dell_i5_16GB_128GB_14-16in,Dell,Notebook/Laptop,234.5,Used,Used,Intel,Intel,i5,9.0,2.5,Windows,SSD,,128.0,128.0,128GB,16.0,16GB,14.0,14-16in,1920.0,1080.0,Gray,6,False,True,True,True
2593,LG_i7_16GB_512GB_14-16in,LG,Notebook/Laptop,850.0,Unknown,Unknown,Intel,Intel,i7,13.0,2.2,Windows,SSD,,512.0,512.0,512GB,16.0,16GB,15.6,14-16in,1920.0,1080.0,Blue,2,False,False,True,True
2594,Dell_Unknown_Unk_Unk_14-16in,Dell,Notebook/Laptop,29.95,For Parts / Not Working,End-of-Life,Other,Unknown,Unknown,,,Unknown,Unknown,,,,Unk,,Unk,15.6,14-16in,1920.0,1080.0,Other,0,False,False,False,False
2595,Acer_i5_16GB_512GB_14-16in,Acer,Notebook/Laptop,435.0,Used,Used,Nvidia,Intel,i5,11.0,2.6,Windows,SSD,256.0,256.0,512.0,512GB,16.0,16GB,15.6,14-16in,1920.0,1080.0,Black,4,False,True,False,True
2596,Dell_i5_Unk_512GB_14-16in,Dell,Notebook/Laptop,398.0,Used,Used,Nvidia,Intel,i5,4.0,2.6,Windows,Unknown,,480.0,480.0,512GB,,Unk,14.0,14-16in,1280.0,720.0,Other,3,False,False,False,True
2597,Dell_i5_Unk_256GB_14-16in,Dell,Notebook/Laptop,328.5,Used,Used,Nvidia,Intel,i5,4.0,2.6,Windows,Unknown,,240.0,240.0,256GB,,Unk,14.0,14-16in,1280.0,720.0,Other,3,False,False,False,True
2598,Lenovo_i5_Unk_128GB_14-16in,Lenovo,Notebook/Laptop,325.2,Used,Used,Intel,Intel,i5,6.0,2.8,Windows,Unknown,,120.0,120.0,128GB,,Unk,14.0,14-16in,1920.0,1080.0,Other,5,False,True,True,True
2599,Dell_i5_Unk_512GB_12-14in,Dell,Notebook/Laptop,588.5,Used,Used,Other,Intel,i5,4.0,2.5,Windows,HDD/SSD,320.0,,320.0,512GB,,Unk,13.3,12-14in,,,Other,1,False,False,False,False
2600,Dell_i5_Unk_256GB_14-16in,Dell,Other,360.5,Used,Used,Intel,Intel,i5,3.0,,Windows,Unknown,,240.0,240.0,256GB,,Unk,14.0,14-16in,1280.0,720.0,Other,0,False,False,False,False
2601,Lenovo_i7_16GB_256GB_12-14in,Lenovo,Notebook/Laptop,530.0,Refurbished - Excellent,Refurbished,Intel,Intel,i7,11.0,3.0,Windows,SSD,,256.0,256.0,256GB,16.0,16GB,13.3,12-14in,1920.0,1200.0,Black,6,True,False,True,True
2602,Dell_i5_8GB_1TB_12-14in,Dell,Notebook/Laptop,575.0,Open Box,Like-New,Other,Intel,i5,,2.8,Windows,SSD,,1000.0,1000.0,1TB,8.0,8GB,13.3,12-14in,1920.0,1080.0,Multicolor,0,False,False,False,False
2603,Microsoft_i5_32GB+_256GB_12-14in,Microsoft,Other,219.5,Used,Used,Other,Intel,i5,,,Windows,Unknown,128.0,128.0,256.0,256GB,128.0,32GB+,12.0,12-14in,,,Other,0,False,False,False,False
2604,HP_pentium_4GB_128GB_14-16in,HP,Notebook/Laptop,50.0,Unknown,Unknown,Intel,Intel,pentium,,2.7,Chrome,EMMC,4.0,64.0,68.0,128GB,4.0,4GB,14.0,14-16in,1366.0,768.0,Silver,4,False,False,True,True
2605,Dell_i5_Unk_1TB_14-16in,Dell,Notebook/Laptop,420.5,Used,Used,Intel,Intel,i5,3.0,3.0,Windows,Unknown,,960.0,960.0,1TB,,Unk,14.0,14-16in,1280.0,720.0,Other,2,False,False,False,True
2606,Other/Unbranded_i5_4GB_256GB_14-16in,Other/Unbranded,Notebook/Laptop,200.0,Used,Used,Other,Intel,i5,,2.4,Windows,HDD/SSD,160.0,,160.0,256GB,4.0,4GB,15.4,14-16in,1280.0,800.0,Silver,2,False,False,False,True
2607,Microsoft_i5_8GB_256GB_12-14in,Microsoft,Notebook/Laptop,255.0,Used,Used,Intel,Intel,i5,10.0,1.1,Windows,SSD,128.0,128.0,256.0,256GB,8.0,8GB,12.3,12-14in,2736.0,1824.0,Black,5,True,False,True,True
2608,Other/Unbranded_Unknown_Unk_Unk_Unk,Other/Unbranded,Other,19.58,Used,Used,Other,Unknown,Unknown,,,Unknown,Unknown,,,,Unk,,Unk,,Unk,,,Other,0,False,False,False,False
2609,Dell_i5_Unk_512GB_14-16in,Dell,Notebook/Laptop,384.0,Used,Used,Intel,Intel,i5,4.0,,Windows,Unknown,,480.0,480.0,512GB,,Unk,14.0,14-16in,1280.0,720.0,Other,0,False,False,False,False
2610,Dell_Other/Unspecified_4GB_1TB_14-16in,Dell,Notebook/Laptop,21.95,Used,Used,Amd,AMD,Other/Unspecified,,2.0,Windows,HDD/SSD,500.0,180.0,680.0,1TB,4.0,4GB,15.4,14-16in,1280.0,800.0,Other,3,False,False,False,False
2611,Dell_i5_Unk_256GB_14-16in,Dell,Notebook/Laptop,384.0,Used,Used,Intel,Intel,i5,4.0,,Windows,Unknown,,240.0,240.0,256GB,,Unk,14.0,14-16in,1280.0,720.0,Other,0,False,False,False,False
2612,Dell_Unknown_Unk_Unk_14-16in,Dell,Notebook/Laptop,19.0,For Parts / Not Working,End-of-Life,Other,Unknown,Unknown,,,Unknown,Unknown,,,,Unk,,Unk,14.0,14-16in,,,Other,0,False,False,False,False
2613,Lenovo_i5_Unk_512GB_14-16in,Lenovo,Notebook/Laptop,399.8,Used,Used,Intel,Intel,i5,6.0,,Windows,Unknown,,480.0,480.0,512GB,,Unk,14.0,14-16in,1920.0,1080.0,Other,0,False,False,False,False
2614,HP_celeron_4GB_32GB_12-14in,HP,Other,150.4,Used,Used,Intel,Intel,celeron,,1.1,Chrome,EMMC,,32.0,32.0,32GB,4.0,4GB,12.0,12-14in,1366.0,912.0,White,5,True,False,True,True
2615,Acer_i3_8GB_512GB_16in+,Acer,Notebook/Laptop,399.0,New,New,Intel,Intel,i3,11.0,3.0,Windows,SSD,256.0,256.0,512.0,512GB,8.0,8GB,17.3,16in+,1600.0,900.0,Gray,1,False,False,True,False
2616,HP_i7_Unk_512GB_14-16in,HP,Notebook/Laptop,230.0,Used,Used,Intel,Intel,i7,8.0,1.8,Windows,SSD,256.0,256.0,512.0,512GB,,Unk,14.0,14-16in,1920.0,1080.0,Silver,8,False,True,True,True
2617,Other/Unbranded_pentium_8GB_128GB_Sub-12in,Other/Unbranded,Notebook/Laptop,890.0,New,New,Intel,Intel,pentium,,1.1,Windows,SSD,,128.0,128.0,128GB,8.0,8GB,10.0,Sub-12in,1920.0,1080.0,Other,6,True,False,True,True
2618,Other/Unbranded_Unknown_Unk_Unk_Unk,Other/Unbranded,Other,412.2,Used,Used,Other,Unknown,Unknown,,,Unknown,Unknown,,,,Unk,,Unk,,Unk,,,Other,0,False,False,False,False
2619,Lenovo_ryzen7_16GB_1TB_12-14in,Lenovo,Notebook/Laptop,800.0,Unknown,Unknown,Amd,AMD,ryzen 7,,2.0,Windows,SSD,,1000.0,1000.0,1TB,16.0,16GB,13.3,12-14in,1920.0,1200.0,Green,3,True,False,False,False
2620,Dell_i5_Unk_1TB_14-16in,Dell,Notebook/Laptop,449.8,Used,Used,Nvidia,Intel,i5,4.0,2.6,Windows,Unknown,,960.0,960.0,1TB,,Unk,14.0,14-16in,1280.0,720.0,Other,3,False,False,False,True
2621,Dell_Other/Unspecified_Unk_Unk_14-16in,Dell,Other,489.5,Used,Used,Other,Intel,Other/Unspecified,,,Unknown,Unknown,,,,Unk,,Unk,14.1,14-16in,,,Other,0,False,False,False,False
2622,Dell_i7_16GB_512GB_14-16in,Dell,Notebook/Laptop,216.0,Refurbished - Good,Refurbished,Nvidia,Intel,i7,6.0,2.7,Windows,SSD,,512.0,512.0,512GB,16.0,16GB,15.6,14-16in,1366.0,768.0,Other,7,False,True,True,True
2623,Lenovo_Other/Unspecified_4GB_128GB_Sub-12in,Lenovo,Notebook/Laptop,200.0,Unknown,Unknown,Mali,Other,Other/Unspecified,,2.0,Chrome,HDD/SSD,,128.0,128.0,128GB,4.0,4GB,10.1,Sub-12in,1920.0,1200.0,Multicolor,3,False,False,True,True
2624,Dell_i7_8GB_2TB_14-16in,Dell,Notebook/Laptop,300.0,Used,Used,Nvidia,Intel,i7,7.0,2.8,Windows,HDD/SSD,1000.0,256.0,1256.0,2TB,8.0,8GB,15.0,14-16in,1920.0,1080.0,Gray,4,False,False,True,True
2625,Other/Unbranded_Unknown_Unk_Unk_Sub-12in,Other/Unbranded,Notebook/Laptop,52.0,Used,Used,Other,Unknown,Unknown,,,Unknown,Unknown,,,,Unk,,Unk,9.5,Sub-12in,,,Beige,0,False,False,False,False
2626,HP_Other/Unspecified_8GB_2TB_14-16in,HP,Notebook/Laptop,120.0,Used,Used,Amd,AMD,Other/Unspecified,,1.8,Windows,SSD,512.0,512.0,1024.0,2TB,8.0,8GB,14.0,14-16in,1920.0,1080.0,Silver,5,False,False,True,True
2627,Dell_i5_Unk_128GB_14-16in,Dell,Notebook/Laptop,358.8,Used,Used,Intel,Intel,i5,5.0,2.7,Windows,Unknown,,120.0,120.0,128GB,,Unk,14.0,14-16in,1280.0,720.0,Other,3,False,False,False,True
2628,Other/Unbranded_Unknown_Unk_Unk_Unk,Other/Unbranded,Other,65.25,For Parts / Not Working,End-of-Life,Other,Unknown,Unknown,,,Unknown,Unknown,,,,Unk,,Unk,,Unk,,,Other,0,False,False,False,False
2629,Microsoft_i7_8GB_2TB_12-14in,Microsoft,Other,220.0,Used,Used,Other,Intel,i7,,1.7,Windows,Unknown,512.0,512.0,1024.0,2TB,8.0,8GB,12.3,12-14in,,,Other,0,False,False,False,False
2630,Dell_i3_8GB_256GB_12-14in,Dell,Notebook/Laptop,300.0,Unknown,Unknown,Other,Intel,i3,8.0,2.1,Windows,SSD,128.0,128.0,256.0,256GB,8.0,8GB,13.3,12-14in,1920.0,1080.0,Silver,7,True,True,True,True
2631,Lenovo_i7_16GB_512GB_12-14in,Lenovo,Notebook/Laptop,720.0,Unknown,Unknown,Intel,Intel,i7,11.0,2.1,Windows,SSD,256.0,256.0,512.0,512GB,16.0,16GB,13.0,12-14in,2160.0,1350.0,Black,3,False,False,True,False
2632,HP_i7_16GB_1TB_14-16in,HP,Notebook/Laptop,125.0,Used,Used,Other,Intel,i7,5.0,2.6,Unknown,HDD/SSD,500.0,500.0,1000.0,1TB,16.0,16GB,15.5,14-16in,,,Other,0,False,False,False,False
2633,HP_Unknown_Unk_Unk_14-16in,HP,Notebook/Laptop,90.0,New,New,Other,Unknown,Unknown,,,Unknown,Unknown,,,,Unk,,Unk,15.6,14-16in,,,Other,0,False,False,False,False
2634,Dell_i5_Unk_128GB_14-16in,Dell,Notebook/Laptop,313.5,Used,Used,Intel,Intel,i5,5.0,2.7,Windows,Unknown,,120.0,120.0,128GB,,Unk,14.0,14-16in,1280.0,720.0,Other,3,False,False,False,True
2635,Dell_i5_Unk_256GB_14-16in,Dell,Notebook/Laptop,302.8,Used,Used,Intel,Intel,i5,3.0,3.0,Windows,Unknown,,240.0,240.0,256GB,,Unk,14.0,14-16in,1280.0,720.0,Other,2,False,False,False,True
2636,Other/Unbranded_i5_Unk_256GB_14-16in,Other/Unbranded,Notebook/Laptop,433.2,Used,Used,Intel,Intel,i5,4.0,3.0,Windows,SSD,,240.0,240.0,256GB,,Unk,15.6,14-16in,1280.0,720.0,Other,4,False,False,True,True
2637,Other/Unbranded_Unknown_Unk_Unk_Unk,Other/Unbranded,Other,194.8,Used,Used,Other,Unknown,Unknown,,,Unknown,Unknown,,,,Unk,,Unk,,Unk,,,Other,0,False,False,False,False
2638,Dell_i3_4GB_512GB_14-16in,Dell,Notebook/Laptop,103.4,Used,Used,Intel,Intel,i3,5.0,2.0,Windows,HDD/SSD,500.0,,500.0,512GB,4.0,4GB,15.6,14-16in,1366.0,768.0,Black,5,False,False,True,True
2639,Dell_i7_4GB_512GB_14-16in,Dell,Notebook/Laptop,80.0,Used,Used,Intel,Intel,i7,3.0,3.0,Windows,HDD/SSD,500.0,,500.0,512GB,4.0,4GB,14.0,14-16in,,,Black,1,False,False,False,False
2640,Other/Unbranded_pentium_Unk_1TB_14-16in,Other/Unbranded,Notebook/Laptop,285.0,Used,Used,Other,Other,pentium,,,Windows,HDD/SSD,640.0,,640.0,1TB,,Unk,15.5,14-16in,,,Silver,1,False,False,True,False
2641,Lenovo_i7_8GB_512GB_14-16in,Lenovo,Notebook/Laptop,112.5,Used,Used,Other,Intel,i7,,2.9,Windows,HDD/SSD,500.0,,500.0,512GB,8.0,8GB,14.0,14-16in,,,Black,3,False,False,False,True
2642,Other/Unbranded_i5_8GB_512GB_12-14in,Other/Unbranded,Notebook/Laptop,325.0,Used,Used,Other,Intel,i5,3.0,2.6,Unknown,SSD,256.0,256.0,512.0,512GB,8.0,8GB,13.0,12-14in,1024.0,768.0,Multicolor,4,True,False,True,True
2643,Lenovo_i5_16GB_128GB_Unk,Lenovo,Notebook/Laptop,500.0,Used,Used,Other,Intel,i5,,1.6,Windows,HDD/SSD,,128.0,128.0,128GB,16.0,16GB,,Unk,,,Other,0,False,False,False,False
2644,Dell_i7_32GB_2TB_14-16in,Dell,Notebook/Laptop,400.0,Refurbished - Excellent,Refurbished,Other,Intel,i7,7.0,2.8,Windows,SSD,1000.0,1000.0,2000.0,2TB,32.0,32GB,15.6,14-16in,1920.0,1080.0,Black,6,False,True,True,True
2645,Dell_i5_4GB_Unk_14-16in,Dell,Other,55.0,For Parts / Not Working,End-of-Life,Other,Intel,i5,,2.3,Unknown,Unknown,,,,Unk,4.0,4GB,14.0,14-16in,,,Other,0,False,False,False,False
2646,Microsoft_i5_Unk_512GB_12-14in,Microsoft,Other,150.0,Used,Used,Other,Intel,i5,8.0,2.6,Windows,SSD,256.0,256.0,512.0,512GB,,Unk,12.1,12-14in,,,Other,0,False,False,False,False
2647,Dell_i7_16GB_512GB_14-16in,Dell,Notebook/Laptop,363.0,Unknown,Unknown,Intel,Intel,i7,8.0,1.9,Windows,SSD,256.0,256.0,512.0,512GB,16.0,16GB,14.0,14-16in,1920.0,1080.0,Black,9,True,True,True,True
2648,Samsung_celeron_4GB_32GB_14-16in,Samsung,Notebook/Laptop,95.0,Unknown,Unknown,Intel,Intel,celeron,,1.1,Chrome,EMMC,,32.0,32.0,32GB,4.0,4GB,14.0,14-16in,1366.0,768.0,Silver,3,False,False,True,True
2649,Other/Unbranded_i7_16GB_512GB_14-16in,Other/Unbranded,Notebook/Laptop,700.0,Used,Used,Nvidia,Intel,i7,8.0,2.2,Windows,OTHER,,512.0,512.0,512GB,16.0,16GB,15.6,14-16in,1920.0,1080.0,Black,6,False,True,True,True
2650,Samsung_celeron_4GB_32GB_14-16in,Samsung,Notebook/Laptop,135.0,Unknown,Unknown,Intel,Intel,celeron,,1.1,Chrome,EMMC,,32.0,32.0,32GB,4.0,4GB,14.0,14-16in,1366.0,768.0,Silver,3,False,False,True,True
2651,Dell_i5_8GB_16GB_14-16in,Dell,Notebook/Laptop,100.0,For Parts / Not Working,End-of-Life,Intel,Intel,i5,5.0,2.3,Unknown,SSD,8.0,,8.0,16GB,8.0,8GB,14.0,14-16in,1366.0,768.0,Black,0,False,False,False,False
2652,Dell_i5_32GB+_2TB_14-16in,Dell,Notebook/Laptop,375.0,Used,Used,Nvidia,Intel,i5,7.0,2.5,Windows,HDD/SSD,1000.0,128.0,1128.0,2TB,128.0,32GB+,15.6,14-16in,,,Black,4,False,False,True,True
2653,HP_celeron_4GB_128GB_14-16in,HP,Notebook/Laptop,250.0,New,New,Other,Intel,celeron,,,Unknown,Unknown,64.0,64.0,128.0,128GB,4.0,4GB,14.0,14-16in,,,Other,1,True,False,False,False
2654,Other/Unbranded_i3_Unk_256GB_12-14in,Other/Unbranded,Notebook/Laptop,390.8,Used,Used,Intel,Intel,i3,4.0,3.0,Windows,SSD,,240.0,240.0,256GB,,Unk,13.3,12-14in,1280.0,720.0,Other,4,False,False,True,True
2655,Other/Unbranded_Unknown_Unk_Unk_Unk,Other/Unbranded,Other,208.9,Used,Used,Other,Unknown,Unknown,,,Unknown,Unknown,,,,Unk,,Unk,,Unk,,,Other,0,False,False,False,False
2656,HP_Unknown_Unk_Unk_Unk,HP,Other,88.56,Used,Used,Other,Unknown,Unknown,,,Unknown,Unknown,,,,Unk,,Unk,,Unk,,,Other,0,False,False,False,False
2657,HP_Unknown_Unk_Unk_Unk,HP,Other,139.2,Used,Used,Other,Unknown,Unknown,,,Unknown,Unknown,,,,Unk,,Unk,,Unk,,,Other,0,False,False,False,False
2658,Other/Unbranded_Unknown_Unk_Unk_Unk,Other/Unbranded,Other,136.0,Used,Used,Other,Unknown,Unknown,,,Unknown,Unknown,,,,Unk,,Unk,,Unk,,,Other,0,False,False,False,False
2659,Other/Unbranded_Unknown_Unk_Unk_Unk,Other/Unbranded,Other,12.59,New,New,Other,Unknown,Unknown,,,Unknown,Unknown,,,,Unk,,Unk,,Unk,,,Black,0,False,False,False,False
2660,Asus_Unknown_Unk_Unk_Unk,Asus,Other,170.9,Used,Used,Other,Unknown,Unknown,,,Unknown,Unknown,,,,Unk,,Unk,,Unk,,,Other,0,False,False,False,False
2661,Other/Unbranded_i5_Unk_1TB_12-14in,Other/Unbranded,Notebook/Laptop,462.0,Used,Used,Intel,Intel,i5,6.0,2.3,Windows,SSD,,960.0,960.0,1TB,,Unk,13.3,12-14in,1280.0,720.0,Other,4,False,False,True,True
2662,Other/Unbranded_celeron_4GB_32GB_12-14in,Other/Unbranded,Notebook/Laptop,38.0,Used,Used,Other,Intel,celeron,,2.16,Chrome,SSD,16.0,16.0,32.0,32GB,4.0,4GB,13.3,12-14in,1920.0,1080.0,Gray,5,False,False,True,True
2663,Microsoft_Other/Unspecified_8GB_256GB_12-14in,Microsoft,Notebook/Laptop,510.0,Open Box,Like-New,Other,Other,Other/Unspecified,,3.0,Windows,SSD,8.0,128.0,136.0,256GB,8.0,8GB,13.0,12-14in,2880.0,1920.0,Black,7,True,False,True,False
2664,Other/Unbranded_Unknown_Unk_Unk_Unk,Other/Unbranded,Other,113.9,Used,Used,Other,Unknown,Unknown,,,Unknown,Unknown,,,,Unk,,Unk,,Unk,,,Other,0,False,False,False,False
2665,HP_celeron_8GB_128GB_14-16in,HP,Notebook/Laptop,220.0,Open Box,Like-New,Intel,Intel,celeron,,1.1,Windows,SSD,,128.0,128.0,128GB,8.0,8GB,14.0,14-16in,1366.0,768.0,Black,4,False,False,False,True
2666,Lenovo_Unknown_Unk_Unk_Unk,Lenovo,Other,113.9,Used,Used,Other,Unknown,Unknown,,,Unknown,Unknown,,,,Unk,,Unk,,Unk,,,Other,0,False,False,False,False
2667,Dell_i5_Unk_128GB_14-16in,Dell,Notebook/Laptop,303.5,Used,Used,Intel,Intel,i5,4.0,,Windows,Unknown,,120.0,120.0,128GB,,Unk,14.0,14-16in,1280.0,720.0,Other,0,False,False,False,False
2668,Other/Unbranded_Unknown_Unk_Unk_Unk,Other/Unbranded,Other,260.0,Used,Used,Other,Unknown,Unknown,,,Unknown,Unknown,,,,Unk,,Unk,,Unk,,,Other,0,False,False,False,False
2669,HP_i5_8GB_256GB_14-16in,HP,Notebook/Laptop,100.0,Used,Used,Intel,Intel,i5,4.0,2.6,Windows,SSD,,256.0,256.0,256GB,8.0,8GB,15.6,14-16in,1366.0,768.0,Black,5,False,True,True,True
2670,Dell_i5_Unk_128GB_14-16in,Dell,Notebook/Laptop,312.0,Used,Used,Nvidia,Intel,i5,4.0,2.6,Windows,Unknown,,120.0,120.0,128GB,,Unk,14.0,14-16in,1280.0,720.0,Other,3,False,False,False,True
2671,Other/Unbranded_i3_Unk_256GB_12-14in,Other/Unbranded,Notebook/Laptop,390.8,Used,Used,Intel,Intel,i3,4.0,3.0,Windows,SSD,,240.0,240.0,256GB,,Unk,13.3,12-14in,1280.0,720.0,Other,4,False,False,True,True
2672,Dell_i7_16GB_2TB_12-14in,Dell,Other,455.5,Used,Used,Other,Intel,i7,,1.8,Windows,Unknown,512.0,512.0,1024.0,2TB,16.0,16GB,13.3,12-14in,,,Other,1,True,False,False,False
2673,Lenovo_i7_Unk_256GB_14-16in,Lenovo,Notebook/Laptop,391.0,Used,Used,Intel,Intel,i7,7.0,3.5,Windows,Unknown,,240.0,240.0,256GB,,Unk,14.0,14-16in,1920.0,1080.0,Other,5,False,True,True,True
2674,HP_ryzen7_16GB_512GB_14-16in,HP,Notebook/Laptop,325.0,Unknown,Unknown,Amd,AMD,ryzen 7,,2.0,Windows,SSD,,512.0,512.0,512GB,16.0,16GB,15.6,14-16in,1920.0,1080.0,Silver,0,False,False,False,False
2675,HP_i7_16GB_512GB_12-14in,HP,Notebook/Laptop,355.8,Used,Used,Intel,Intel,i7,8.0,4.6,Windows,SSD,,512.0,512.0,512GB,16.0,16GB,13.3,12-14in,1920.0,1080.0,Other,9,True,True,True,True
2676,Lenovo_i5_Unk_512GB_14-16in,Lenovo,Notebook/Laptop,391.0,Used,Used,Other,Intel,i5,7.0,3.1,Windows,Unknown,,480.0,480.0,512GB,,Unk,14.0,14-16in,1920.0,1080.0,Other,5,False,True,True,True
2677,Other/Unbranded_Unknown_Unk_Unk_Unk,Other/Unbranded,Other,227.2,Used,Used,Other,Unknown,Unknown,,,Unknown,Unknown,,,,Unk,,Unk,,Unk,,,Other,0,False,False,False,False
2678,Asus_i9_32GB_2TB+_16in+,Asus,Notebook/Laptop,3668.0,New,New,Nvidia,Intel,i9,13.0,,Windows,SSD,2000.0,2000.0,4000.0,2TB+,32.0,32GB,18.0,16in+,2560.0,1600.0,Other,7,False,True,True,False
2679,Microsoft_i5_8GB_128GB_12-14in,Microsoft,Notebook/Laptop,181.5,Used,Used,Other,Intel,i5,,,Unknown,SSD,128.0,,128.0,128GB,8.0,8GB,13.5,12-14in,,,Other,3,True,False,True,False
2680,HP_i7_Unk_1TB_12-14in,HP,Notebook/Laptop,227.8,For Parts / Not Working,End-of-Life,Other,Intel,i7,8.0,,Windows,SSD,,1000.0,1000.0,1TB,,Unk,13.0,12-14in,,,Other,8,True,True,True,True
2681,Lenovo_i5_8GB_256GB_14-16in,Lenovo,Notebook/Laptop,170.9,Used,Used,Other,Intel,i5,8.0,1.6,Windows,SSD,,256.0,256.0,256GB,8.0,8GB,15.6,14-16in,1366.0,768.0,Other,4,False,False,False,True
2682,HP_i5_8GB_512GB_14-16in,HP,Notebook/Laptop,619.0,Unknown,Unknown,Intel,Intel,i5,12.0,1.3,Windows,SSD,256.0,256.0,512.0,512GB,8.0,8GB,15.6,14-16in,1920.0,1080.0,Other,4,False,False,True,True
2683,Dell_i5_Unk_512GB_14-16in,Dell,Notebook/Laptop,368.5,Used,Used,Intel,Intel,i5,4.0,1.99,Windows,SSD,,360.0,360.0,512GB,,Unk,14.0,14-16in,1280.0,720.0,Other,5,False,False,True,True
2684,Lenovo_i7_32GB_256GB_14-16in,Lenovo,Notebook/Laptop,327.8,Refurbished - Good,Refurbished,Other,Intel,i7,,,Windows,Unknown,,256.0,256.0,256GB,32.0,32GB,15.6,14-16in,,,Other,5,False,False,True,True
2685,Other/Unbranded_Unknown_Unk_Unk_Unk,Other/Unbranded,Other,2718.0,New,New,Other,Unknown,Unknown,,,Unknown,Unknown,,,,Unk,,Unk,,Unk,,,Other,0,False,False,False,False
2686,Other/Unbranded_Unknown_Unk_Unk_Unk,Other/Unbranded,Other,434.0,Refurbished - Very Good,Refurbished,Other,Unknown,Unknown,,,Unknown,Unknown,,,,Unk,,Unk,,Unk,,,Other,0,False,False,False,False
2687,Lenovo_Other/Unspecified_16GB_32GB_14-16in,Lenovo,Notebook/Laptop,100.0,Used,Used,Amd,AMD,Other/Unspecified,,2.2,Windows,SSD,,32.0,32.0,32GB,16.0,16GB,14.0,14-16in,2560.0,1600.0,Gray,2,False,False,True,True
2688,Lenovo_Other/Unspecified_32GB_512GB_14-16in,Lenovo,Notebook/Laptop,445.0,Refurbished - Excellent,Refurbished,Nvidia,Intel,Other/Unspecified,,1.8,Windows,SSD,,512.0,512.0,512GB,32.0,32GB,15.6,14-16in,3840.0,2160.0,Black,5,False,True,True,True
2689,Other/Unbranded_Unknown_Unk_Unk_Unk,Other/Unbranded,Other,227.2,Unknown,Unknown,Other,Unknown,Unknown,,,Unknown,Unknown,,,,Unk,,Unk,,Unk,,,Other,0,False,False,False,False
2690,Lenovo_i5_Unk_256GB_14-16in,Lenovo,Notebook/Laptop,352.8,Used,Used,Other,Intel,i5,7.0,3.1,Windows,Unknown,,240.0,240.0,256GB,,Unk,14.0,14-16in,1920.0,1080.0,Other,5,False,True,True,True
2691,Other/Unbranded_Unknown_Unk_Unk_Unk,Other/Unbranded,Other,330.0,Refurbished - Good,Refurbished,Other,Unknown,Unknown,,,Unknown,Unknown,,,,Unk,,Unk,,Unk,,,Other,0,False,False,False,False
2692,Microsoft_i5_8GB_256GB_12-14in,Microsoft,Other,191.1,Used,Used,Other,Intel,i5,,,Windows,Unknown,128.0,128.0,256.0,256GB,8.0,8GB,13.5,12-14in,,,Other,0,False,False,False,False
2693,Other/Unbranded_Unknown_Unk_Unk_Unk,Other/Unbranded,Other,340.0,Used,Used,Intel,Unknown,Unknown,,,Unknown,Unknown,,,,Unk,,Unk,,Unk,,,Other,0,False,False,False,False
2694,Other/Unbranded_Unknown_Unk_Unk_Unk,Other/Unbranded,Other,151.9,Used,Used,Other,Unknown,Unknown,,,Unknown,Unknown,,,,Unk,,Unk,,Unk,,,Other,0,False,False,False,False
2695,Other/Unbranded_Unknown_Unk_Unk_Unk,Other/Unbranded,Other,85.94,Unknown,Unknown,Other,Unknown,Unknown,,,Unknown,Unknown,,,,Unk,,Unk,,Unk,,,Other,0,False,False,False,False
2696,Other/Unbranded_Other/Unspecified_Unk_Unk_Sub-12in,Other/Unbranded,Other,43.28,Open Box,Like-New,Other,AMD,Other/Unspecified,,,Unknown,Unknown,,,,Unk,,Unk,6.1,Sub-12in,,,Other,0,False,False,False,False
2697,LG_i7_16GB_1TB_16in+,LG,Notebook/Laptop,649.0,Unknown,Unknown,Intel,Intel,i7,12.0,3.4,Windows,SSD,,1000.0,1000.0,1TB,16.0,16GB,16.0,16in+,2560.0,1600.0,Silver,0,False,False,False,False
2698,Other/Unbranded_Unknown_Unk_Unk_Unk,Other/Unbranded,Other,436.8,Refurbished - Excellent,Refurbished,Intel,Unknown,Unknown,,,Unknown,Unknown,,,,Unk,,Unk,,Unk,,,Other,0,False,False,False,False
2699,Other/Unbranded_Unknown_Unk_Unk_Unk,Other/Unbranded,Other,164.5,Used,Used,Other,Unknown,Unknown,,,Unknown,Unknown,,,,Unk,,Unk,,Unk,,,Other,0,False,False,False,False
2700,Acer_i5_8GB_256GB_12-14in,Acer,Notebook/Laptop,350.0,Unknown,Unknown,Intel,Intel,i5,10.0,1.1,Windows,SSD,,256.0,256.0,256GB,8.0,8GB,13.5,12-14in,2256.0,1504.0,Silver,2,False,True,False,False
2701,Dell_Unknown_8GB_512GB_14-16in,Dell,Notebook/Laptop,550.0,Unknown,Unknown,Intel,Unknown,Unknown,,2.4,Windows,SSD,256.0,256.0,512.0,512GB,8.0,8GB,14.0,14-16in,1920.0,1080.0,Black,8,True,True,True,True
2702,Dell_i5_Unk_256GB_14-16in,Dell,Notebook/Laptop,317.0,Used,Used,Intel,Intel,i5,3.0,3.0,Windows,Unknown,,240.0,240.0,256GB,,Unk,14.0,14-16in,1280.0,720.0,Other,2,False,False,False,True
2703,Lenovo_i3_Unk_128GB_12-14in,Lenovo,Notebook/Laptop,419.2,Used,Used,Intel,Intel,i3,7.0,2.4,Windows,SSD,,120.0,120.0,128GB,,Unk,13.3,12-14in,1280.0,720.0,Other,3,False,False,True,True
2704,Other/Unbranded_Unknown_Unk_Unk_Unk,Other/Unbranded,Other,451.2,Used,Used,Intel,Unknown,Unknown,,,Unknown,Unknown,,,,Unk,,Unk,,Unk,,,Other,0,False,False,False,False
2705,Acer_Other/Unspecified_Unk_Unk_14-16in,Acer,Other,1265.0,Used,Used,Other,AMD,Other/Unspecified,,,Unknown,Unknown,,,,Unk,,Unk,15.0,14-16in,,,Other,0,False,False,False,False
2706,Lenovo_i5_Unk_512GB_14-16in,Lenovo,Notebook/Laptop,413.0,Used,Used,Intel,Intel,i5,6.0,2.8,Windows,Unknown,,480.0,480.0,512GB,,Unk,14.0,14-16in,1920.0,1080.0,Other,6,False,True,True,True
2707,Lenovo_celeron_8GB_64GB_Sub-12in,Lenovo,Notebook/Laptop,200.0,Unknown,Unknown,Intel,Intel,celeron,,1.1,Chrome,EMMC,,64.0,64.0,64GB,8.0,8GB,11.6,Sub-12in,1366.0,768.0,Gray,3,True,False,True,True
2708,Dell_i5_8GB_512GB_14-16in,Dell,Notebook/Laptop,360.0,Unknown,Unknown,Intel,Intel,i5,10.0,1.0,Windows,SSD,256.0,256.0,512.0,512GB,8.0,8GB,15.6,14-16in,1920.0,1080.0,Black,3,False,False,True,False
2709,Dell_i7_16GB_2TB_14-16in,Dell,Notebook/Laptop,199.0,Used,Used,Other,Intel,i7,3.0,2.7,Windows,HDD/SSD,512.0,512.0,1024.0,2TB,16.0,16GB,15.6,14-16in,1920.0,1080.0,Other,2,False,False,False,False
2710,Lenovo_i5_4GB_512GB_14-16in,Lenovo,Notebook/Laptop,125.94,Refurbished - Good,Refurbished,Intel,Intel,i5,,2.2,Windows,HDD/SSD,500.0,,500.0,512GB,4.0,4GB,14.0,14-16in,1366.0,768.0,Black,6,False,False,True,True
2711,Dell_i7_8GB_256GB_14-16in,Dell,Notebook/Laptop,119.0,Unknown,Unknown,Other,Intel,i7,8.0,1.9,Windows,SSD,,256.0,256.0,256GB,8.0,8GB,14.0,14-16in,,,Other,4,False,True,False,False
2712,Acer_Unknown_Unk_Unk_Unk,Acer,Other,75.94,Used,Used,Other,Unknown,Unknown,,,Unknown,Unknown,,,,Unk,,Unk,,Unk,,,Other,0,False,False,False,False
2713,Dell_i7_16GB_512GB_14-16in,Dell,Notebook/Laptop,675.0,Open Box,Like-New,Intel,Intel,i7,12.0,4.7,Windows,SSD,,512.0,512.0,512GB,16.0,16GB,15.6,14-16in,1920.0,1080.0,Black,4,False,True,True,False
2714,HP_i5_16GB_512GB_14-16in,HP,Notebook/Laptop,117.0,Used,Used,Intel,Intel,i5,4.0,,Windows,SSD,256.0,256.0,512.0,512GB,16.0,16GB,14.0,14-16in,1600.0,900.0,Black,5,False,False,True,True
2715,Other/Unbranded_i5_8GB_512GB_12-14in,Other/Unbranded,Notebook/Laptop,599.0,Used,Used,Intel,Intel,i5,,1.2,Mac,SSD,,512.0,512.0,512GB,8.0,8GB,12.0,12-14in,1366.0,768.0,Gold,4,False,False,True,True
2716,Lenovo_pentium_4GB_256GB_14-16in,Lenovo,Notebook/Laptop,160.0,For Parts / Not Working,End-of-Life,Intel,Intel,pentium,,1.1,Windows,SSD,128.0,128.0,256.0,256GB,4.0,4GB,14.0,14-16in,1366.0,768.0,Gray,3,False,False,True,False
2717,Dell_i5_Unk_128GB_14-16in,Dell,Notebook/Laptop,321.2,Used,Used,Nvidia,Intel,i5,4.0,2.6,Windows,Unknown,,120.0,120.0,128GB,,Unk,14.0,14-16in,1280.0,720.0,Other,3,False,False,False,True
2718,Other/Unbranded_Unknown_Unk_Unk_Unk,Other/Unbranded,Other,248.0,Refurbished - Seller Grade,Refurbished,Intel,Unknown,Unknown,,,Unknown,Unknown,,,,Unk,,Unk,,Unk,,,Black,0,False,False,False,False
2719,Lenovo_celeron_32GB_64GB_Sub-12in,Lenovo,Other,30.0,Unknown,Unknown,Other,Intel,celeron,,1.1,Chrome,EMMC,32.0,32.0,64.0,64GB,32.0,32GB,11.6,Sub-12in,1366.0,768.0,Black,5,False,False,True,True
2720,Lenovo_i3_8GB_512GB_14-16in,Lenovo,Notebook/Laptop,490.0,Unknown,Unknown,Intel,Intel,i3,10.0,1.2,Windows,SSD,256.0,256.0,512.0,512GB,8.0,8GB,15.6,14-16in,1366.0,768.0,Black,3,False,False,True,False
2721,HP_pentium_4GB_512GB_Unk,HP,Other,70.0,Used,Used,Intel,Intel,pentium,,3.0,Windows,HDD/SSD,500.0,,500.0,512GB,4.0,4GB,,Unk,,,Black,3,False,False,False,False
2722,Dell_i5_16GB_2TB_14-16in,Dell,Notebook/Laptop,1483.0,New,New,Intel,Intel,i5,11.0,2.4,Windows,SSD,512.0,512.0,1024.0,2TB,16.0,16GB,14.0,14-16in,1920.0,1080.0,Black,1,False,False,False,False
2723,Other/Unbranded_Unknown_Unk_Unk_Unk,Other/Unbranded,Other,128.4,New,New,Other,Unknown,Unknown,,,Unknown,Unknown,,,,Unk,,Unk,,Unk,,,Other,0,False,False,False,False
2724,Dell_i5_8GB_256GB_14-16in,Dell,Notebook/Laptop,129.0,Used,Used,Other,Intel,i5,,2.4,Windows,SSD,,256.0,256.0,256GB,8.0,8GB,15.0,14-16in,,,Black,1,False,False,False,False
2725,HP_Unknown_Unk_Unk_Unk,HP,Other,126.5,Used,Used,Other,Unknown,Unknown,,,Unknown,Unknown,,,,Unk,,Unk,,Unk,,,Other,0,False,False,False,False
2726,Other/Unbranded_Unknown_Unk_Unk_Unk,Other/Unbranded,Other,227.4,Used,Used,Intel,Unknown,Unknown,,,Unknown,Unknown,,,,Unk,,Unk,,Unk,,,Other,0,False,False,False,False
2727,Dell_i5_Unk_256GB_14-16in,Dell,Notebook/Laptop,351.2,Used,Used,Intel,Intel,i5,3.0,3.0,Windows,Unknown,,240.0,240.0,256GB,,Unk,14.0,14-16in,1280.0,720.0,Other,2,False,False,False,True
2728,Samsung_Other/Unspecified_2GB_16GB_Sub-12in,Samsung,Notebook/Laptop,40.0,Unknown,Unknown,Intel,Other,Other/Unspecified,,1.7,Chrome,EMMC,,16.0,16.0,16GB,2.0,2GB,11.6,Sub-12in,1366.0,768.0,Silver,4,False,False,True,True
2729,Other/Unbranded_Unknown_Unk_Unk_Unk,Other/Unbranded,Other,126.5,Used,Used,Other,Unknown,Unknown,,,Unknown,Unknown,,,,Unk,,Unk,,Unk,,,Other,0,False,False,False,False
2730,HP_i5_Unk_Unk_14-16in,HP,Other,111.25,Used,Used,Other,Intel,i5,4.0,,Unknown,Unknown,,,,Unk,,Unk,15.6,14-16in,,,Other,0,False,False,False,False
2731,Dell_i7_16GB_1TB_14-16in,Dell,Notebook/Laptop,250.0,Used,Used,Intel,Intel,i7,4.0,,Windows,SSD,,1000.0,1000.0,1TB,16.0,16GB,14.0,14-16in,1366.0,768.0,Black,8,False,False,True,True
2732,Other/Unbranded_i7_Unk_Unk_16in+,Other/Unbranded,Other,1662.0,New,New,Other,Intel,i7,,,Unknown,Unknown,,,,Unk,,Unk,16.0,16in+,,,Other,0,False,False,False,False
2733,HP_celeron_4GB_128GB_14-16in,HP,Notebook/Laptop,99.0,Used,Used,Other,Intel,celeron,,,Windows,EMMC,64.0,64.0,128.0,128GB,4.0,4GB,14.0,14-16in,1366.0,768.0,Black,0,False,False,False,False
2734,HP_celeron_4GB_Unk_14-16in,HP,Other,145.0,Unknown,Unknown,Intel,Intel,celeron,,2.6,Chrome,EMMC,,,,Unk,4.0,4GB,14.0,14-16in,1920.0,1080.0,Silver,6,True,True,True,False
2735,Dell_i7_8GB_2TB_14-16in,Dell,Notebook/Laptop,200.0,Used,Used,Intel,Intel,i7,6.0,2.5,Unknown,HDD/SSD,1000.0,1000.0,2000.0,2TB,8.0,8GB,15.6,14-16in,1366.0,768.0,Silver,5,False,True,True,True
2736,Dell_i5_Unk_1TB_14-16in,Dell,Notebook/Laptop,420.5,Used,Used,Intel,Intel,i5,3.0,3.0,Windows,Unknown,,960.0,960.0,1TB,,Unk,14.0,14-16in,1280.0,720.0,Other,2,False,False,False,True
2737,Asus_i7_Unk_1TB_12-14in,Asus,Notebook/Laptop,25.31,Open Box,Like-New,Other,Intel,i7,13.0,,Unknown,Unknown,1000.0,,1000.0,1TB,,Unk,13.3,12-14in,,,Other,0,False,False,False,False
2738,Other/Unbranded_Unknown_Unk_Unk_Unk,Other/Unbranded,Other,1087.0,Used,Used,Other,Unknown,Unknown,,,Unknown,Unknown,,,,Unk,,Unk,,Unk,,,Other,0,False,False,False,False
2739,Microsoft_pentium_Unk_Unk_Sub-12in,Microsoft,Other,118.1,Used,Used,Other,Intel,pentium,,,Windows,Unknown,,,,Unk,,Unk,10.0,Sub-12in,,,Other,0,False,False,False,False
2740,Microsoft_i5_8GB_512GB_12-14in,Microsoft,Notebook/Laptop,100.0,For Parts / Not Working,End-of-Life,Intel,Intel,i5,8.0,1.7,Windows,SSD,256.0,256.0,512.0,512GB,8.0,8GB,13.5,12-14in,3000.0,2000.0,Silver,6,True,False,True,True
2741,Dell_i7_16GB_512GB_14-16in,Dell,Notebook/Laptop,750.0,Used,Used,Nvidia,Intel,i7,10.0,2.6,Windows,OTHER,,512.0,512.0,512GB,16.0,16GB,15.6,14-16in,3840.0,2400.0,Other,3,True,True,False,False
2742,Other/Unbranded_Unknown_Unk_Unk_Unk,Other/Unbranded,Other,238.2,Used,Used,Intel,Unknown,Unknown,,,Unknown,Unknown,,,,Unk,,Unk,,Unk,,,Other,0,False,False,False,False
2743,Dell_i5_Unk_Unk_14-16in,Dell,Notebook/Laptop,253.1,Used,Used,Other,Intel,i5,,,Unknown,Unknown,,,,Unk,,Unk,15.6,14-16in,,,Other,0,False,False,False,False
2744,Other/Unbranded_Other/Unspecified_2GB_1TB_12-14in,Other/Unbranded,Notebook/Laptop,165.0,Used,Used,Intel,Intel,Other/Unspecified,,1.6,Windows,SSD,320.0,256.0,576.0,1TB,2.0,2GB,13.1,12-14in,1024.0,728.0,Silver,2,False,False,True,False
2745,Other/Unbranded_pentium_8GB_512GB_14-16in,Other/Unbranded,Notebook/Laptop,158.1,Used,Used,Other,Intel,pentium,,2.3,Windows,SSD,240.0,240.0,480.0,512GB,8.0,8GB,15.6,14-16in,1366.0,768.0,Other,8,False,False,True,True
2746,HP_i3_8GB_256GB_16in+,HP,Notebook/Laptop,260.0,Unknown,Unknown,Intel,Intel,i3,11.0,2.0,Windows,SSD,,256.0,256.0,256GB,8.0,8GB,17.3,16in+,1600.0,900.0,Silver,2,False,False,True,True
2747,Other/Unbranded_i5_16GB_2TB_14-16in,Other/Unbranded,Notebook/Laptop,600.0,Used,Used,Intel,Intel,i5,7.0,2.7,Windows,SSD,1000.0,1000.0,2000.0,2TB,16.0,16GB,14.0,14-16in,,,Silver,4,False,True,True,False
2748,Other/Unbranded_Unknown_Unk_Unk_Unk,Other/Unbranded,Other,129.4,Refurbished - Seller Grade,Refurbished,Other,Unknown,Unknown,,,Unknown,Unknown,,,,Unk,,Unk,,Unk,,,Other,0,False,False,False,False
2749,HP_i3_8GB_2TB_14-16in,HP,Notebook/Laptop,62.94,Used,Used,Intel,Intel,i3,6.0,2.3,Windows,HDD/SSD,1000.0,1000.0,2000.0,2TB,6.0,8GB,15.6,14-16in,1366.0,768.0,Black,4,True,False,False,True
2750,Other/Unbranded_Unknown_Unk_Unk_Unk,Other/Unbranded,Other,92.44,Used,Used,Other,Unknown,Unknown,,,Unknown,Unknown,,,,Unk,,Unk,,Unk,,,Other,0,False,False,False,False
2751,HP_i5_8GB_256GB_14-16in,HP,Notebook/Laptop,184.1,Used,Used,Other,Intel,i5,8.0,,Windows,SSD,,256.0,256.0,256GB,8.0,8GB,14.0,14-16in,1920.0,1080.0,Other,4,False,False,True,True
2752,Other/Unbranded_Unknown_Unk_Unk_Unk,Other/Unbranded,Other,815.5,Used,Used,Other,Unknown,Unknown,,,Unknown,Unknown,,,,Unk,,Unk,,Unk,,,Other,0,False,False,False,False
2753,Other/Unbranded_i7_Unk_1TB_12-14in,Other/Unbranded,Notebook/Laptop,226.5,Refurbished - Very Good,Refurbished,Intel,Intel,i7,,3.5,Windows,SSD,,1000.0,1000.0,1TB,,Unk,13.3,12-14in,,,Other,7,False,True,True,True
2754,Other/Unbranded_celeron_4GB_256GB_14-16in,Other/Unbranded,Notebook/Laptop,159.0,New,New,Other,Intel,celeron,,2.8,Chrome,SSD,128.0,128.0,256.0,256GB,4.0,4GB,15.6,14-16in,1920.0,1080.0,Silver,4,False,False,True,True
2755,Lenovo_i7_16GB_2TB_12-14in,Lenovo,Notebook/Laptop,1454.0,Refurbished - Excellent,Refurbished,Other,Intel,i7,13.0,,Windows,SSD,1000.0,1000.0,2000.0,2TB,16.0,16GB,13.3,12-14in,2880.0,1800.0,Teal,7,True,False,True,True
2756,Other/Unbranded_Unknown_Unk_Unk_Unk,Other/Unbranded,Other,152.2,Used,Used,Other,Unknown,Unknown,,,Unknown,Unknown,,,,Unk,,Unk,,Unk,,,Other,0,False,False,False,False
2757,Acer_i5_32GB+_512GB_16in+,Acer,Notebook/Laptop,500.0,Used,Used,Nvidia,Intel,i5,9.0,,Windows,SSD,,512.0,512.0,512GB,512.0,32GB+,17.3,16in+,1920.0,1080.0,Black,1,False,True,False,False
2758,Lenovo_i5_Unk_128GB_14-16in,Lenovo,Notebook/Laptop,292.2,Used,Used,Other,Intel,i5,7.0,3.1,Windows,Unknown,,120.0,120.0,128GB,,Unk,14.0,14-16in,1920.0,1080.0,Other,5,False,True,True,True
2759,Other/Unbranded_Unknown_Unk_Unk_Unk,Other/Unbranded,Other,65.25,New,New,Other,Unknown,Unknown,,,Unknown,Unknown,,,,Unk,,Unk,,Unk,,,Other,0,False,False,False,False
2760,Other/Unbranded_Other/Unspecified_8GB_512GB_12-14in,Other/Unbranded,Notebook/Laptop,287.0,New,New,Intel,Intel,Other/Unspecified,,1.1,Windows,SSD,256.0,256.0,512.0,512GB,8.0,8GB,13.3,12-14in,1920.0,1080.0,Gray,1,False,True,False,False
2761,HP_i7_32GB_1TB_14-16in,HP,Other,443.0,Used,Used,Amd,Intel,i7,8.0,1.8,Windows,SSD,,1000.0,1000.0,1TB,32.0,32GB,14.0,14-16in,,,Other,3,False,True,True,False
2762,Lenovo_Other/Unspecified_16GB_32GB_14-16in,Lenovo,Notebook/Laptop,100.0,Used,Used,Amd,AMD,Other/Unspecified,,2.2,Windows,SSD,,32.0,32.0,32GB,16.0,16GB,14.0,14-16in,2560.0,1600.0,Gray,2,False,False,True,True
2763,Dell_ryzen5_8GB_512GB_14-16in,Dell,Notebook/Laptop,550.0,Unknown,Unknown,Nvidia,AMD,ryzen 5,,3.3,Windows,SSD,,512.0,512.0,512GB,8.0,8GB,15.6,14-16in,1920.0,1080.0,Gray,3,False,True,False,False
2764,Lenovo_celeron_Unk_Unk_14-16in,Lenovo,Other,75.94,Used,Used,Other,Intel,celeron,,,Chrome,Unknown,,,,Unk,,Unk,14.0,14-16in,,,Other,2,False,False,True,False
2765,Dell_celeron_4GB_32GB_Sub-12in,Dell,Notebook/Laptop,154.0,Refurbished - Certified,Refurbished,Intel,Intel,celeron,,1.1,Chrome,EMMC,,32.0,32.0,32GB,4.0,4GB,11.6,Sub-12in,1366.0,768.0,Other,0,False,False,False,False
2766,Lenovo_i3_Unk_128GB_12-14in,Lenovo,Notebook/Laptop,419.2,Used,Used,Intel,Intel,i3,7.0,2.4,Windows,SSD,,120.0,120.0,128GB,,Unk,13.3,12-14in,1280.0,720.0,Other,3,False,False,True,True
2767,HP_i3_8GB_512GB_14-16in,HP,Notebook/Laptop,130.0,Used,Used,Other,Intel,i3,6.0,2.3,Unknown,HDD/SSD,320.0,,320.0,512GB,8.0,8GB,14.0,14-16in,1366.0,768.0,Other,4,False,False,True,True
2768,Other/Unbranded_Other/Unspecified_8GB_512GB_14-16in,Other/Unbranded,Notebook/Laptop,256.5,New,New,Intel,Other,Other/Unspecified,,,Windows,SSD,256.0,256.0,512.0,512GB,8.0,8GB,15.6,14-16in,1920.0,1080.0,Gray,4,False,False,True,True
2769,HP_i3_8GB_128GB_Sub-12in,HP,Notebook/Laptop,84.94,Used,Used,Intel,Intel,i3,6.0,2.3,Windows,SSD,,128.0,128.0,128GB,8.0,8GB,11.6,Sub-12in,,,Gray,1,True,False,False,False
2770,Lenovo_i5_16GB_2TB_14-16in,Lenovo,Notebook/Laptop,220.0,Refurbished - Excellent,Refurbished,Intel,Intel,i5,6.0,2.4,Windows,SSD,512.0,512.0,1024.0,2TB,12.0,16GB,14.0,14-16in,1920.0,1080.0,Other,3,False,False,True,True
2771,HP_i3_32GB_2TB_14-16in,HP,Notebook/Laptop,429.0,New,New,Intel,Intel,i3,,4.1,Windows,SSD,1000.0,1000.0,2000.0,2TB,32.0,32GB,15.6,14-16in,1366.0,768.0,Silver,1,True,False,False,False
2772,Dell_i5_8GB_512GB_12-14in,Dell,Notebook/Laptop,110.0,Used,Used,Intel,Intel,i5,8.0,1.7,Windows,SSD,256.0,256.0,512.0,512GB,8.0,8GB,12.3,12-14in,1920.0,1280.0,Black,1,True,False,False,False
2773,Dell_i7_32GB_512GB_12-14in,Dell,Other,722.0,Open Box,Like-New,Other,Intel,i7,,1.1,Windows,SSD,,512.0,512.0,512GB,32.0,32GB,13.3,12-14in,2560.0,1600.0,Gray,0,False,False,False,False
2774,Other/Unbranded_Other/Unspecified_Unk_256GB_14-16in,Other/Unbranded,Notebook/Laptop,119.0,Used,Used,Other,Intel,Other/Unspecified,,2.0,Windows,HDD/SSD,250.0,,250.0,256GB,,Unk,14.0,14-16in,,,Other,1,False,False,False,True
2775,Dell_celeron_4GB_32GB_Sub-12in,Dell,Notebook/Laptop,45.0,Used,Used,Other,Intel,celeron,,,Chrome,SSD,16.0,16.0,32.0,32GB,4.0,4GB,11.6,Sub-12in,,,Black,1,False,False,False,True
2776,HP_i5_8GB_256GB_14-16in,HP,Notebook/Laptop,164.5,Refurbished - Good,Refurbished,Other,Intel,i5,6.0,1.9,Windows,SSD,,256.0,256.0,256GB,8.0,8GB,14.0,14-16in,1600.0,900.0,Black,1,False,False,False,False
2777,Lenovo_i3_8GB_512GB_14-16in,Lenovo,Notebook/Laptop,100.0,Used,Used,Intel,Intel,i3,4.0,2.4,Windows,SSD,250.0,256.0,506.0,512GB,8.0,8GB,15.6,14-16in,1366.0,768.0,Black,5,False,False,True,False
2778,Dell_i5_8GB_256GB_14-16in,Dell,Notebook/Laptop,409.8,Unknown,Unknown,Intel,Intel,i5,11.0,2.5,Windows,SSD,,256.0,256.0,256GB,8.0,8GB,15.6,14-16in,1920.0,1080.0,Black,3,True,False,True,True
2779,HP_celeron_4GB_16GB_14-16in,HP,Notebook/Laptop,39.0,Used,Used,Other,Intel,celeron,,2.16,Windows,HDD/SSD,4.0,,4.0,16GB,4.0,4GB,15.0,14-16in,,,Other,0,False,False,False,False
2780,Dell_i7_16GB_2TB_12-14in,Dell,Notebook/Laptop,235.0,Used,Used,Other,Intel,i7,8.0,1.9,Windows,SSD,512.0,512.0,1024.0,2TB,16.0,16GB,12.0,12-14in,1920.0,1080.0,Black,8,True,False,True,True
2781,HP_ryzen5_16GB_512GB_14-16in,HP,Notebook/Laptop,240.0,Used,Used,Amd,AMD,ryzen 5,,2.3,Unknown,SSD,,512.0,512.0,512GB,16.0,16GB,14.0,14-16in,1920.0,1080.0,Silver,0,False,False,False,False
2782,Lenovo_i7_16GB_512GB_14-16in,Lenovo,Notebook/Laptop,280.0,Used,Used,Intel,Intel,i7,8.0,1.8,Windows,SSD,256.0,256.0,512.0,512GB,16.0,16GB,15.6,14-16in,1920.0,1080.0,Black,5,False,False,True,False
2783,HP_celeron_Unk_Unk_Sub-12in,HP,Other,37.0,Used,Used,Other,Intel,celeron,,,Unknown,Unknown,,,,Unk,,Unk,11.6,Sub-12in,,,Other,0,False,False,False,False
2784,Dell_i7_16GB_1TB_Unk,Dell,Notebook/Laptop,320.0,Refurbished - Excellent,Refurbished,Other,Intel,i7,8.0,1.9,Windows,SSD,500.0,500.0,1000.0,1TB,16.0,16GB,,Unk,,,Other,4,True,False,True,True
2785,Other/Unbranded_celeron_8GB_2TB_14-16in,Other/Unbranded,Notebook/Laptop,134.0,New,New,Intel,Intel,celeron,,2.6,Windows,SSD,256.0,1000.0,1256.0,2TB,8.0,8GB,14.1,14-16in,1920.0,1080.0,Gray,2,False,False,False,False
2786,HP_pentium_4GB_128GB_14-16in,HP,Notebook/Laptop,229.9,Open Box,Like-New,Other,Intel,pentium,,3.7,Windows,SSD,,128.0,128.0,128GB,4.0,4GB,15.6,14-16in,,,Red,4,False,False,True,True
2787,Other/Unbranded_Unknown_Unk_Unk_Unk,Other/Unbranded,Other,250.1,Used,Used,Other,Unknown,Unknown,,,Unknown,Unknown,,,,Unk,,Unk,,Unk,,,Other,0,False,False,False,False
2788,Asus_i3_4GB_512GB_Sub-12in,Asus,Notebook/Laptop,78.6,Used,Used,Other,Intel,i3,,1.8,Windows,HDD/SSD,500.0,,500.0,512GB,4.0,4GB,11.6,Sub-12in,1366.0,768.0,Other,1,True,False,False,False
2789,Other/Unbranded_i5_8GB_256GB_12-14in,Other/Unbranded,Notebook/Laptop,95.94,Used,Used,Other,Intel,i5,8.0,,Windows,SSD,,256.0,256.0,256GB,8.0,8GB,13.3,12-14in,1366.0,768.0,Other,0,False,False,False,False
2790,Dell_i7_16GB_1TB_16in+,Dell,Notebook/Laptop,890.0,Unknown,Unknown,Nvidia,Intel,i7,12.0,5.0,Windows,SSD,,1000.0,1000.0,1TB,16.0,16GB,16.0,16in+,2560.0,1600.0,Black,1,False,False,False,True
2791,HP_i5_16GB_512GB_14-16in,HP,Notebook/Laptop,229.0,Used,Used,Other,Intel,i5,8.0,1.6,Windows,SSD,,512.0,512.0,512GB,16.0,16GB,14.0,14-16in,,,Silver,5,False,True,True,True
2792,Acer_Unknown_8GB_64GB_Unk,Acer,Other,39.9,Used,Used,Intel,Unknown,Unknown,,,Chrome,EMMC,64.0,,64.0,64GB,8.0,8GB,,Unk,1366.0,768.0,Other,0,False,False,False,False
2793,Lenovo_i5_8GB_512GB_14-16in,Lenovo,Notebook/Laptop,89.0,Used,Used,Intel,Intel,i5,3.0,2.6,Windows,HDD/SSD,500.0,,500.0,512GB,8.0,8GB,14.0,14-16in,,,Black,0,False,False,False,False
2794,Lenovo_Unknown_Unk_Unk_14-16in,Lenovo,Other,51.0,For Parts / Not Working,End-of-Life,Other,Unknown,Unknown,,,Unknown,Unknown,,,,Unk,,Unk,14.0,14-16in,,,Other,0,False,False,False,False
2795,Lenovo_celeron_4GB_32GB_Sub-12in,Lenovo,Notebook/Laptop,31.95,Used,Used,Other,Intel,celeron,,,Chrome,SSD,16.0,16.0,32.0,32GB,4.0,4GB,11.6,Sub-12in,,,Black,2,False,False,True,True
2796,Acer_celeron_2GB_32GB_Sub-12in,Acer,Notebook/Laptop,43.0,Refurbished - Good,Refurbished,Intel,Intel,celeron,,1.4,Chrome,SSD,16.0,16.0,32.0,32GB,2.0,2GB,11.6,Sub-12in,1366.0,768.0,Gray,6,False,False,True,True
2797,Dell_i5_32GB_2TB_14-16in,Dell,Notebook/Laptop,300.0,Refurbished - Excellent,Refurbished,Intel,Intel,i5,,1.9,Windows,SSD,1000.0,1000.0,2000.0,2TB,32.0,32GB,14.0,14-16in,1920.0,1080.0,Black,1,False,False,False,True
2798,Lenovo_i7_32GB_2TB_14-16in,Lenovo,Other,400.0,Used,Used,Other,Intel,i7,,2.08,Windows,SSD,1000.0,1000.0,2000.0,2TB,32.0,32GB,15.6,14-16in,,,Black,0,False,False,False,False
2799,Dell_i5_8GB_1TB_14-16in,Dell,Notebook/Laptop,125.94,Unknown,Unknown,Intel,Intel,i5,6.0,2.4,Windows,SSD,512.0,256.0,768.0,1TB,8.0,8GB,14.0,14-16in,1920.0,1080.0,Black,8,True,True,True,True
2800,Dell_i5_8GB_256GB_14-16in,Dell,Notebook/Laptop,140.0,Used,Used,Other,Intel,i5,8.0,2.5,Unknown,Unknown,,256.0,256.0,256GB,8.0,8GB,15.6,14-16in,1366.0,768.0,Black,0,False,False,False,False
2801,HP_i5_16GB_512GB_14-16in,HP,Notebook/Laptop,495.0,New,New,Intel,Intel,i5,11.0,2.6,Windows,SSD,256.0,256.0,512.0,512GB,16.0,16GB,14.0,14-16in,,,Other,6,True,False,True,True
2802,Dell_i5_16GB_256GB_14-16in,Dell,Notebook/Laptop,130.0,Used,Used,Intel,Intel,i5,7.0,2.6,Windows,SSD,128.0,128.0,256.0,256GB,16.0,16GB,14.0,14-16in,1366.0,768.0,Black,4,True,False,True,True
2803,Other/Unbranded_i5_16GB_512GB_Sub-12in,Other/Unbranded,Notebook/Laptop,669.0,Refurbished - Excellent,Refurbished,Intel,Intel,i5,7.0,3.3,Windows,SSD,256.0,256.0,512.0,512GB,16.0,16GB,10.1,Sub-12in,1920.0,1200.0,Silver,14,True,True,True,True
2804,Other/Unbranded_i5_8GB_512GB_12-14in,Other/Unbranded,Notebook/Laptop,109.0,Used,Used,Other,Intel,i5,3.0,,Mac,HDD/SSD,500.0,,500.0,512GB,8.0,8GB,13.3,12-14in,1280.0,800.0,Other,0,False,False,False,False
2805,Dell_i5_Unk_256GB_14-16in,Dell,Notebook/Laptop,348.2,Used,Used,Intel,Intel,i5,4.0,2.6,Windows,Unknown,,240.0,240.0,256GB,,Unk,14.0,14-16in,1280.0,720.0,Other,3,False,False,False,True
2806,Other/Unbranded_Unknown_Unk_Unk_Unk,Other/Unbranded,Other,340.0,Used,Used,Other,Unknown,Unknown,,,Unknown,Unknown,,,,Unk,,Unk,,Unk,,,Other,0,False,False,False,False
2807,Other/Unbranded_i3_Unk_512GB_12-14in,Other/Unbranded,Notebook/Laptop,422.0,Used,Used,Intel,Intel,i3,4.0,3.0,Windows,SSD,,480.0,480.0,512GB,,Unk,13.3,12-14in,1280.0,720.0,Other,4,False,False,True,True
2808,Lenovo_i5_Unk_256GB_14-16in,Lenovo,Notebook/Laptop,318.2,Used,Used,Other,Intel,i5,7.0,3.1,Windows,Unknown,,240.0,240.0,256GB,,Unk,14.0,14-16in,1920.0,1080.0,Other,5,False,True,True,True
2809,HP_i7_8GB_2TB_16in+,HP,Notebook/Laptop,175.0,Used,Used,Amd,Intel,i7,2.0,2.67,Windows,HDD/SSD,1000.0,1000.0,2000.0,2TB,8.0,8GB,17.3,16in+,1600.0,900.0,Brown,3,False,False,True,False
2810,Other/Unbranded_Unknown_Unk_Unk_Unk,Other/Unbranded,Other,9.45,Used,Used,Other,Unknown,Unknown,,,Unknown,Unknown,,,,Unk,,Unk,,Unk,,,Other,0,False,False,False,False
2811,Dell_i7_16GB_2TB_14-16in,Dell,Notebook/Laptop,710.0,Refurbished - Excellent,Refurbished,Intel,Intel,i7,13.0,1.8,Windows,SSD,512.0,512.0,1024.0,2TB,16.0,16GB,15.6,14-16in,1920.0,1080.0,Gray,4,False,False,True,True
2812,Microsoft_i5_8GB_256GB_12-14in,Microsoft,Notebook/Laptop,449.0,Used,Used,Other,Intel,i5,11.0,,Windows,SSD,128.0,128.0,256.0,256GB,8.0,8GB,12.3,12-14in,,,Other,1,False,False,False,False
2813,Other/Unbranded_Unknown_Unk_Unk_Unk,Other/Unbranded,Other,7.61,Used,Used,Other,Unknown,Unknown,,,Unknown,Unknown,,,,Unk,,Unk,,Unk,,,Other,0,False,False,False,False
2814,Lenovo_i3_Unk_1TB_14-16in,Lenovo,Other,434.2,Used,Used,Intel,Intel,i3,7.0,,Windows,Unknown,400.0,128.0,528.0,1TB,,Unk,15.6,14-16in,1920.0,1080.0,Other,1,False,False,False,False
2815,HP_i5_8GB_256GB_12-14in,HP,Notebook/Laptop,799.0,Unknown,Unknown,Intel,Intel,i5,1.0,1.3,Chrome,SSD,128.0,128.0,256.0,256GB,8.0,8GB,13.5,12-14in,1920.0,1080.0,Other,1,False,False,True,False
2816,Dell_i5_16GB_2TB_14-16in,Dell,Notebook/Laptop,200.0,Unknown,Unknown,Intel,Intel,i5,,2.4,Windows,SSD,512.0,512.0,1024.0,2TB,16.0,16GB,14.0,14-16in,1920.0,1080.0,Black,0,False,False,False,False
2817,Dell_i5_Unk_1TB_14-16in,Dell,Notebook/Laptop,426.5,Used,Used,Intel,Intel,i5,4.0,2.6,Windows,Unknown,,960.0,960.0,1TB,,Unk,14.0,14-16in,1280.0,720.0,Other,3,False,False,False,True
2818,Dell_i5_Unk_1TB_14-16in,Dell,Notebook/Laptop,429.8,Used,Used,Intel,Intel,i5,3.0,3.0,Windows,SSD,,960.0,960.0,1TB,,Unk,14.0,14-16in,1280.0,720.0,Other,2,False,False,False,True
2819,Lenovo_i5_Unk_512GB_14-16in,Lenovo,Notebook/Laptop,393.2,Used,Used,Other,Intel,i5,7.0,3.1,Windows,Unknown,,480.0,480.0,512GB,,Unk,14.0,14-16in,1920.0,1080.0,Black,5,False,True,True,True
2820,Lenovo_i5_4GB_1TB_12-14in,Lenovo,Notebook/Laptop,190.0,Used,Used,Intel,Intel,i5,4.0,1.7,Windows,HDD/SSD,1000.0,,1000.0,1TB,4.0,4GB,12.1,12-14in,1366.0,768.0,Black,4,True,False,False,True
2821,Dell_i3_8GB_1TB_14-16in,Dell,Notebook/Laptop,189.0,Refurbished - Very Good,Refurbished,Intel,Intel,i3,7.0,2.4,Windows,HDD/SSD,1000.0,,1000.0,1TB,6.0,8GB,15.6,14-16in,1366.0,768.0,Black,5,False,False,True,True
2822,HP_i5_16GB_512GB_16in+,HP,Notebook/Laptop,816.0,Unknown,Unknown,Intel,Intel,i5,12.0,4.4,Windows,SSD,256.0,256.0,512.0,512GB,16.0,16GB,16.0,16in+,1920.0,1200.0,Silver,8,False,True,True,True
2823,Dell_i7_Unk_256GB_12-14in,Dell,Notebook/Laptop,135.0,Used,Used,Other,Intel,i7,6.0,2.6,Windows,SSD,256.0,,256.0,256GB,,Unk,12.5,12-14in,,,Other,0,False,False,False,False
2824,Other/Unbranded_Unknown_Unk_Unk_Unk,Other/Unbranded,Other,91.5,New,New,Other,Unknown,Unknown,,,Unknown,Unknown,,,,Unk,,Unk,,Unk,,,Other,0,False,False,False,False
2825,Dell_i3_4GB_2TB_14-16in,Dell,Notebook/Laptop,115.9,Used,Used,Other,Intel,i3,,1.9,Windows,Unknown,1000.0,1000.0,2000.0,2TB,4.0,4GB,15.6,14-16in,,,Other,3,False,False,True,False
2826,Lenovo_i3_8GB_256GB_14-16in,Lenovo,Notebook/Laptop,299.0,Open Box,Like-New,Intel,Intel,i3,11.0,1.7,Windows,SSD,,256.0,256.0,256GB,8.0,8GB,14.0,14-16in,1920.0,1080.0,Blue,3,False,True,True,True
2827,Acer_ryzen5_16GB_2TB_14-16in,Acer,Notebook/Laptop,499.5,Unknown,Unknown,Amd,AMD,ryzen 5,,2.8,Windows,SSD,512.0,512.0,1024.0,2TB,16.0,16GB,15.6,14-16in,1920.0,1080.0,Silver,9,True,True,True,True
2828,LG_Unknown_Unk_Unk_Unk,LG,Other,899.0,New,New,Other,Unknown,Unknown,,,Unknown,Unknown,,,,Unk,,Unk,,Unk,,,Other,0,False,False,False,False
2829,Other/Unbranded_Unknown_Unk_Unk_Unk,Other/Unbranded,Other,10.54,Used,Used,Other,Unknown,Unknown,,,Unknown,Unknown,,,,Unk,,Unk,,Unk,,,Other,0,False,False,False,False
2830,Dell_i5_16GB_512GB_14-16in,Dell,Notebook/Laptop,260.0,Refurbished - Good,Refurbished,Intel,Intel,i5,11.0,2.4,Windows,SSD,,512.0,512.0,512GB,16.0,16GB,14.0,14-16in,1366.0,768.0,Other,6,False,False,False,True
2831,Other/Unbranded_Unknown_Unk_Unk_Unk,Other/Unbranded,Other,63.84,New,New,Other,Unknown,Unknown,,,Unknown,Unknown,,,,Unk,,Unk,,Unk,,,Other,0,False,False,False,False
2832,Dell_i5_Unk_1TB_14-16in,Dell,Notebook/Laptop,381.5,Used,Used,Intel,Intel,i5,3.0,3.0,Windows,SSD,,960.0,960.0,1TB,,Unk,14.0,14-16in,1280.0,720.0,Other,2,False,False,False,True
2833,HP_Other/Unspecified_4GB_32GB_14-16in,HP,Notebook/Laptop,100.0,Unknown,Unknown,Other,AMD,Other/Unspecified,,2.5,Chrome,EMMC,32.0,,32.0,32GB,4.0,4GB,14.0,14-16in,,,Gray,2,False,False,True,False
2834,Acer_celeron_4GB_32GB_Sub-12in,Acer,Other,65.0,Unknown,Unknown,Intel,Intel,celeron,,1.1,Chrome,EMMC,,32.0,32.0,32GB,4.0,4GB,11.6,Sub-12in,1366.0,768.0,Silver,2,False,False,True,True
2835,Acer_pentium_Unk_Unk_Sub-12in,Acer,Other,349.0,New,New,Other,Intel,pentium,,,Unknown,Unknown,,,,Unk,,Unk,11.6,Sub-12in,,,Other,0,False,False,False,False
2836,Samsung_celeron_2GB_16GB_Sub-12in,Samsung,Notebook/Laptop,119.0,Unknown,Unknown,Intel,Intel,celeron,,1.6,Chrome,EMMC,,16.0,16.0,16GB,2.0,2GB,11.6,Sub-12in,1366.0,768.0,Black,3,False,False,True,True
2837,HP_i5_16GB_256GB_14-16in,HP,Notebook/Laptop,160.0,Used,Used,Intel,Intel,i5,6.0,2.4,Windows,SSD,,256.0,256.0,256GB,16.0,16GB,14.0,14-16in,,,Silver,4,False,True,True,False
2838,Dell_celeron_4GB_64GB_Sub-12in,Dell,Notebook/Laptop,49.0,Used,Used,Amd,Intel,celeron,,1.6,Chrome,SSD,32.0,32.0,64.0,64GB,4.0,4GB,11.6,Sub-12in,1366.0,768.0,Black,6,True,False,True,True
2839,Dell_i5_16GB_256GB_Unk,Dell,Notebook/Laptop,386.5,Used,Used,Other,Intel,i5,,2.4,Windows,Unknown,,256.0,256.0,256GB,16.0,16GB,,Unk,,,Other,0,False,False,False,False
2840,Dell_i5_Unk_256GB_14-16in,Dell,Notebook/Laptop,292.2,Used,Used,Intel,Intel,i5,3.0,3.0,Windows,Unknown,,240.0,240.0,256GB,,Unk,14.0,14-16in,1280.0,720.0,Other,2,False,False,False,True
2841,Other/Unbranded_Unknown_Unk_Unk_Unk,Other/Unbranded,Other,364.8,Used,Used,Intel,Unknown,Unknown,,,Unknown,Unknown,,,,Unk,,Unk,,Unk,,,Other,0,False,False,False,False
2842,Acer_celeron_4GB_128GB_14-16in,Acer,Notebook/Laptop,100.0,Unknown,Unknown,Intel,Intel,celeron,,1.1,Chrome,EMMC,64.0,64.0,128.0,128GB,4.0,4GB,15.6,14-16in,1920.0,1080.0,Silver,2,False,False,False,False
2843,Other/Unbranded_Unknown_Unk_Unk_Unk,Other/Unbranded,Other,22.4,For Parts / Not Working,End-of-Life,Other,Unknown,Unknown,,,Unknown,Unknown,,,,Unk,,Unk,,Unk,,,Other,0,False,False,False,False
2844,Dell_celeron_2GB_Unk_Sub-12in,Dell,Notebook/Laptop,65.0,Used,Used,Other,Intel,celeron,,1.6,Windows,EMMC,,,,Unk,2.0,2GB,11.6,Sub-12in,1366.0,768.0,Blue,4,False,False,True,True
2845,Other/Unbranded_Unknown_Unk_Unk_Unk,Other/Unbranded,Other,223.0,Used,Used,Other,Unknown,Unknown,,,Unknown,Unknown,,,,Unk,,Unk,,Unk,,,Black,0,False,False,False,False
2846,Other/Unbranded_Unknown_Unk_Unk_Unk,Other/Unbranded,Other,53.72,New,New,Other,Unknown,Unknown,,,Unknown,Unknown,,,,Unk,,Unk,,Unk,,,Other,0,False,False,False,False
2847,Other/Unbranded_Unknown_Unk_Unk_Unk,Other/Unbranded,Other,13.05,New,New,Other,Unknown,Unknown,,,Unknown,Unknown,,,,Unk,,Unk,,Unk,,,Other,0,False,False,False,False
2848,Dell_ryzen5_32GB+_2TB_Unk,Dell,Notebook/Laptop,690.0,New,New,Other,AMD,ryzen 5,,,Windows,SSD,512.0,512.0,1024.0,2TB,512.0,32GB+,,Unk,1920.0,1200.0,Multicolor,0,False,False,False,False
2849,Other/Unbranded_Unknown_Unk_Unk_Unk,Other/Unbranded,Other,10.88,Used,Used,Other,Unknown,Unknown,,,Unknown,Unknown,,,,Unk,,Unk,,Unk,,,Other,0,False,False,False,False
2850,Lenovo_i5_Unk_128GB_14-16in,Lenovo,Notebook/Laptop,348.2,Used,Used,Intel,Intel,i5,6.0,2.8,Windows,Unknown,,120.0,120.0,128GB,,Unk,14.0,14-16in,1920.0,1080.0,Other,6,False,True,True,True
2851,Other/Unbranded_i7_8GB_256GB_12-14in,Other/Unbranded,Notebook/Laptop,200.0,Used,Used,Amd,Intel,i7,,2.7,Windows,SSD,0.0,256.0,256.0,256GB,8.0,8GB,13.3,12-14in,1366.0,768.0,Gray,1,False,False,False,False
2852,Dell_i5_32GB+_256GB_12-14in,Dell,Notebook/Laptop,284.8,Used,Used,Intel,Intel,i5,,2.3,Windows,SSD,,256.0,256.0,256GB,256.0,32GB+,13.3,12-14in,1920.0,1080.0,Other,4,False,True,True,False
2853,Other/Unbranded_i5_4GB_512GB_Unk,Other/Unbranded,Notebook/Laptop,126.5,Refurbished - Good,Refurbished,Intel,Intel,i5,,,Windows,HDD/SSD,250.0,120.0,370.0,512GB,4.0,4GB,,Unk,,,Other,3,False,False,False,True
2854,Dell_i7_Unk_Unk_14-16in,Dell,Notebook/Laptop,21.52,For Parts / Not Working,End-of-Life,Other,Intel,i7,,,Unknown,Unknown,,,,Unk,,Unk,15.6,14-16in,,,Other,0,False,False,False,False
2855,Acer_i9_32GB_2TB_16in+,Acer,Notebook/Laptop,2348.0,Unknown,Unknown,Nvidia,Intel,i9,,5.0,Windows,SSD,1000.0,1000.0,2000.0,2TB,32.0,32GB,16.0,16in+,2560.0,1600.0,Gray,8,False,True,True,True
2856,Other/Unbranded_i7_8GB_256GB_12-14in,Other/Unbranded,Notebook/Laptop,198.0,Used,Used,Intel,Intel,i7,8.0,1.8,Windows,SSD,,256.0,256.0,256GB,8.0,8GB,12.5,12-14in,1920.0,1080.0,Other,7,True,True,True,True
2857,Other/Unbranded_Unknown_Unk_Unk_Unk,Other/Unbranded,Other,310.5,Refurbished - Good,Refurbished,Intel,Unknown,Unknown,,,Unknown,Unknown,,,,Unk,,Unk,,Unk,,,Other,0,False,False,False,False
2858,Dell_i3_4GB_512GB_14-16in,Dell,Notebook/Laptop,40.0,Used,Used,Other,Intel,i3,2.0,2.3,Windows,HDD/SSD,320.0,,320.0,512GB,4.0,4GB,14.0,14-16in,1920.0,1080.0,Black,0,False,False,False,False
2859,Other/Unbranded_pentium_Unk_Unk_12-14in,Other/Unbranded,Notebook/Laptop,37.94,For Parts / Not Working,End-of-Life,Other,Intel,pentium,,,Windows,Unknown,,,,Unk,,Unk,12.1,12-14in,,,Other,0,False,False,False,False
2860,Dell_i7_Unk_128GB_14-16in,Dell,Notebook/Laptop,163.2,Refurbished - Very Good,Refurbished,Intel,Intel,i7,,3.5,Windows,SSD,,128.0,128.0,128GB,,Unk,14.0,14-16in,,,Other,6,False,False,True,True
2861,Dell_i5_Unk_256GB_14-16in,Dell,Notebook/Laptop,310.8,Used,Used,Nvidia,Intel,i5,4.0,2.6,Windows,Unknown,,240.0,240.0,256GB,,Unk,14.0,14-16in,1280.0,720.0,Other,3,False,False,False,True
2862,Dell_i5_Unk_128GB_14-16in,Dell,Notebook/Laptop,271.2,Used,Used,Intel,Intel,i5,3.0,3.0,Windows,Unknown,,120.0,120.0,128GB,,Unk,14.0,14-16in,1280.0,720.0,Other,2,False,False,False,True
2863,Other/Unbranded_Unknown_Unk_Unk_Unk,Other/Unbranded,Other,132.5,Used,Used,Other,Unknown,Unknown,,,Unknown,Unknown,,,,Unk,,Unk,,Unk,,,Other,0,False,False,False,False
2864,Dell_i5_Unk_512GB_14-16in,Dell,Notebook/Laptop,411.0,Used,Used,Nvidia,Intel,i5,4.0,2.6,Windows,Unknown,,480.0,480.0,512GB,,Unk,14.0,14-16in,1280.0,720.0,Other,3,False,False,False,True
2865,Other/Unbranded_Unknown_Unk_Unk_Unk,Other/Unbranded,Other,217.5,New,New,Other,Unknown,Unknown,,,Unknown,Unknown,,,,Unk,,Unk,,Unk,,,Other,0,False,False,False,False
2866,Lenovo_i7_32GB_512GB_14-16in,Lenovo,Notebook/Laptop,250.0,Used,Used,Intel,Intel,i7,,1.9,Windows,SSD,256.0,256.0,512.0,512GB,24.0,32GB,14.0,14-16in,1920.0,1080.0,Black,10,False,True,True,True
2867,Other/Unbranded_Unknown_Unk_Unk_Unk,Other/Unbranded,Other,407.8,Used,Used,Other,Unknown,Unknown,,,Unknown,Unknown,,,,Unk,,Unk,,Unk,,,Other,0,False,False,False,False
2868,Other/Unbranded_Unknown_Unk_Unk_Unk,Other/Unbranded,Other,146.9,Used,Used,Other,Unknown,Unknown,,,Unknown,Unknown,,,,Unk,,Unk,,Unk,,,Other,0,False,False,False,False
2869,Dell_i7_16GB_2TB_14-16in,Dell,Notebook/Laptop,500.0,Used,Used,Intel,Intel,i7,11.0,2.8,Windows,SSD,1000.0,1000.0,2000.0,2TB,16.0,16GB,15.6,14-16in,3840.0,2160.0,Black,9,True,True,True,True
2870,Other/Unbranded_i5_8GB_512GB_12-14in,Other/Unbranded,Notebook/Laptop,75.94,Used,Used,Other,Intel,i5,,2.5,Windows,SSD,500.0,,500.0,512GB,8.0,8GB,12.5,12-14in,,,Other,3,False,False,False,False
2871,Other/Unbranded_Unknown_Unk_Unk_Unk,Other/Unbranded,Other,65.25,Used,Used,Other,Unknown,Unknown,,,Unknown,Unknown,,,,Unk,,Unk,,Unk,,,Other,0,False,False,False,False
2872,Dell_i5_8GB_512GB_14-16in,Dell,Notebook/Laptop,189.8,Used,Used,Other,Intel,i5,8.0,2.2,Windows,HDD/SSD,256.0,256.0,512.0,512GB,8.0,8GB,14.0,14-16in,,,Other,0,False,False,False,False
2873,Dell_i5_16GB_2TB_14-16in,Dell,Notebook/Laptop,296.2,Refurbished - Excellent,Refurbished,Intel,Intel,i5,8.0,1.6,Windows,SSD,512.0,512.0,1024.0,2TB,16.0,16GB,14.0,14-16in,1920.0,1080.0,Other,6,True,False,True,True
2874,Dell_i5_4GB_512GB_14-16in,Dell,Notebook/Laptop,588.5,Used,Used,Other,Intel,i5,,0.399,Windows,HDD/SSD,500.0,,500.0,512GB,4.0,4GB,15.6,14-16in,,,Other,4,False,False,True,False
2875,Dell_i7_16GB_512GB_12-14in,Dell,Notebook/Laptop,759.0,Refurbished - Very Good,Refurbished,Intel,Intel,i7,10.0,4.9,Windows,SSD,,512.0,512.0,512GB,16.0,16GB,13.3,12-14in,3840.0,2160.0,Other,7,True,True,True,True
2876,HP_i7_32GB+_2TB+_14-16in,HP,Notebook/Laptop,1200.0,Used,Used,Nvidia,Intel,i7,9.0,4.7,Windows,HDD/SSD,4000.0,2000.0,6000.0,2TB+,64.0,32GB+,15.6,14-16in,3840.0,2160.0,Black,6,False,True,True,True
2877,Other/Unbranded_Unknown_Unk_Unk_Unk,Other/Unbranded,Other,238.2,Used,Used,Other,Unknown,Unknown,,,Unknown,Unknown,,,,Unk,,Unk,,Unk,,,Other,0,False,False,False,False
2878,Lenovo_i5_8GB_256GB_14-16in,Lenovo,Notebook/Laptop,253.1,Used,Used,Intel,Intel,i5,10.0,3.7,Windows,SSD,,256.0,256.0,256GB,8.0,8GB,15.6,14-16in,1920.0,1080.0,Other,6,False,False,True,True
2879,Other/Unbranded_Unknown_Unk_Unk_Unk,Other/Unbranded,Other,114.2,Refurbished - Seller Grade,Refurbished,Other,Unknown,Unknown,,,Unknown,Unknown,,,,Unk,,Unk,,Unk,,,Other,0,False,False,False,False
2880,Other/Unbranded_i3_8GB_256GB_14-16in,Other/Unbranded,Other,177.1,Used,Used,Other,Intel,i3,11.0,,Unknown,Unknown,,256.0,256.0,256GB,8.0,8GB,15.6,14-16in,,,Other,0,False,False,False,False
2881,Other/Unbranded_Unknown_Unk_Unk_Unk,Other/Unbranded,Other,239.2,Used,Used,Other,Unknown,Unknown,,,Unknown,Unknown,,,,Unk,,Unk,,Unk,,,Other,0,False,False,False,False
2882,Dell_celeron_4GB_64GB_Sub-12in,Dell,Notebook/Laptop,125.25,New,New,Intel,Intel,celeron,,1.1,Windows,EMMC,,64.0,64.0,64GB,4.0,4GB,11.6,Sub-12in,1366.0,768.0,Other,5,False,False,True,True
2883,Other/Unbranded_Unknown_Unk_Unk_Unk,Other/Unbranded,Other,193.0,Used,Used,Other,Unknown,Unknown,,,Unknown,Unknown,,,,Unk,,Unk,,Unk,,,Other,0,False,False,False,False
2884,Other/Unbranded_Unknown_Unk_Unk_Unk,Other/Unbranded,Other,190.4,Refurbished - Good,Refurbished,Intel,Unknown,Unknown,,,Unknown,Unknown,,,,Unk,,Unk,,Unk,,,Other,0,False,False,False,False
2885,Other/Unbranded_Unknown_Unk_Unk_Unk,Other/Unbranded,Other,325.2,Used,Used,Other,Unknown,Unknown,,,Unknown,Unknown,,,,Unk,,Unk,,Unk,,,Other,0,False,False,False,False
2886,Other/Unbranded_i5_Unk_256GB_14-16in,Other/Unbranded,Notebook/Laptop,620.0,New,New,Other,Intel,i5,12.0,,Unknown,Unknown,256.0,,256.0,256GB,,Unk,15.6,14-16in,,,Other,0,False,False,False,False
2887,Dell_i7_4GB_Unk_12-14in,Dell,Notebook/Laptop,150.0,For Parts / Not Working,End-of-Life,Other,Intel,i7,7.0,,Unknown,Unknown,,,,Unk,4.0,4GB,12.5,12-14in,1366.0,768.0,Black,0,False,False,False,False
2888,Other/Unbranded_Unknown_Unk_Unk_Unk,Other/Unbranded,Other,147.4,Refurbished - Excellent,Refurbished,Other,Unknown,Unknown,,,Unknown,Unknown,,,,Unk,,Unk,,Unk,,,Other,0,False,False,False,False
2889,Dell_i5_Unk_128GB_12-14in,Dell,Notebook/Laptop,396.0,Used,Used,Intel,Intel,i5,6.0,2.8,Windows,Unknown,,120.0,120.0,128GB,,Unk,12.5,12-14in,1920.0,1080.0,Other,6,True,True,True,True
2890,Dell_i5_Unk_128GB_12-14in,Dell,Notebook/Laptop,396.0,Used,Used,Intel,Intel,i5,6.0,2.8,Windows,Unknown,,120.0,120.0,128GB,,Unk,12.5,12-14in,1920.0,1080.0,Other,5,True,False,True,True
2891,Lenovo_i5_Unk_128GB_14-16in,Lenovo,Notebook/Laptop,348.2,Used,Used,Intel,Intel,i5,6.0,2.8,Windows,Unknown,,120.0,120.0,128GB,,Unk,14.0,14-16in,1920.0,1080.0,Other,6,False,True,True,True
2892,Asus_celeron_4GB_Unk_Sub-12in,Asus,Notebook/Laptop,39.0,Unknown,Unknown,Intel,Intel,celeron,,1.6,Chrome,EMMC,,,,Unk,4.0,4GB,11.6,Sub-12in,1366.0,768.0,Gray,7,True,False,True,True
2893,Lenovo_Other/Unspecified_4GB_Unk_Sub-12in,Lenovo,Notebook/Laptop,49.0,Unknown,Unknown,Intel,Other,Other/Unspecified,,2.0,Chrome,EMMC,,,,Unk,4.0,4GB,11.6,Sub-12in,1366.0,768.0,Black,8,True,True,True,False
2894,Dell_i5_32GB_256GB_14-16in,Dell,Notebook/Laptop,882.0,Refurbished - Certified,Refurbished,Other,Intel,i5,13.0,,Windows,SSD,,256.0,256.0,256GB,32.0,32GB,15.6,14-16in,1920.0,1080.0,Gray,0,False,False,False,False
2895,Dell_i5_Unk_256GB_14-16in,Dell,Notebook/Laptop,301.5,Used,Used,Nvidia,Intel,i5,4.0,2.6,Windows,Unknown,,240.0,240.0,256GB,,Unk,14.0,14-16in,1280.0,720.0,Other,3,False,False,False,True
2896,Dell_i5_Unk_1TB_14-16in,Dell,Notebook/Laptop,424.8,Used,Used,Intel,Intel,i5,3.0,3.0,Windows,Unknown,,960.0,960.0,1TB,,Unk,14.0,14-16in,1280.0,720.0,Other,2,False,False,False,True
2897,Other/Unbranded_Unknown_Unk_Unk_Unk,Other/Unbranded,Other,317.0,Refurbished - Seller Grade,Refurbished,Intel,Unknown,Unknown,,,Unknown,Unknown,,,,Unk,,Unk,,Unk,,,Black,0,False,False,False,False
2898,Dell_i7_16GB_2TB_16in+,Dell,Notebook/Laptop,400.0,Used,Used,Nvidia,Intel,i7,11.0,2.8,Windows,SSD,512.0,512.0,1024.0,2TB,16.0,16GB,17.0,16in+,2560.0,1600.0,Silver,7,True,True,False,True
2899,HP_i5_8GB_512GB_14-16in,HP,Notebook/Laptop,65.0,Used,Used,Intel,Intel,i5,2.0,2.5,Windows,HDD/SSD,500.0,,500.0,512GB,8.0,8GB,14.0,14-16in,1366.0,768.0,Brown,5,False,False,False,True
2900,Dell_i5_8GB_2TB_14-16in,Dell,Notebook/Laptop,200.0,Unknown,Unknown,Intel,Intel,i5,4.0,2.7,Windows,SSD,1000.0,1000.0,2000.0,2TB,8.0,8GB,14.1,14-16in,,,Black,3,False,False,False,True
2901,Dell_celeron_8GB_256GB_12-14in,Dell,Notebook/Laptop,98.7,Used,Used,Intel,Intel,celeron,,1.8,Windows,SSD,,160.0,160.0,256GB,8.0,8GB,13.0,12-14in,1366.0,768.0,Gray,4,False,False,True,True
2902,Dell_i7_8GB_1TB_14-16in,Dell,Other,120.0,Used,Used,Other,Intel,i7,,2.5,Windows,HDD/SSD,1000.0,,1000.0,1TB,8.0,8GB,15.5,14-16in,,,Silver,0,False,False,False,False
2903,Dell_i7_8GB_128GB_14-16in,Dell,Notebook/Laptop,300.0,Used,Used,Other,Intel,i7,7.0,,Windows,SSD,128.0,,128.0,128GB,8.0,8GB,15.6,14-16in,,,Black,5,True,False,True,True
2904,Other/Unbranded_Unknown_Unk_Unk_Unk,Other/Unbranded,Other,13.05,Used,Used,Other,Unknown,Unknown,,,Unknown,Unknown,,,,Unk,,Unk,,Unk,,,Other,0,False,False,False,False
2905,Dell_celeron_4GB_128GB_Sub-12in,Dell,Notebook/Laptop,199.0,Unknown,Unknown,Intel,Intel,celeron,,2.6,Windows,EMMC,64.0,64.0,128.0,128GB,4.0,4GB,11.6,Sub-12in,1366.0,768.0,Black,3,False,False,True,True
2906,Lenovo_i7_16GB_512GB_14-16in,Lenovo,Notebook/Laptop,230.0,Used,Used,Intel,Intel,i7,6.0,2.6,Windows,SSD,,512.0,512.0,512GB,16.0,16GB,14.0,14-16in,2560.0,1440.0,Black,9,False,True,True,True
2907,Other/Unbranded_Unknown_Unk_Unk_Unk,Other/Unbranded,Other,1149.0,New,New,Other,Unknown,Unknown,,,Windows,Unknown,,,,Unk,,Unk,,Unk,,,Gray,0,False,False,False,False
2908,Lenovo_Other/Unspecified_8GB_128GB_12-14in,Lenovo,Notebook/Laptop,375.0,Unknown,Unknown,Other,Other,Other/Unspecified,,,Chrome,EMMC,,128.0,128.0,128GB,8.0,8GB,13.3,12-14in,1920.0,1080.0,Blue,2,False,False,True,False
2909,HP_i5_Unk_Unk_14-16in,HP,Notebook/Laptop,100.0,Used,Used,Other,Intel,i5,3.0,2.5,Windows,Unknown,,,,Unk,,Unk,14.0,14-16in,,,Other,0,False,False,False,False
2910,Dell_i7_8GB_16GB_14-16in,Dell,Notebook/Laptop,140.0,Used,Used,Intel,Intel,i7,4.0,2.7,Windows,SSD,8.0,,8.0,16GB,8.0,8GB,14.0,14-16in,1920.0,1080.0,Black,1,True,False,False,False
2911,Acer_celeron_4GB_Unk_Sub-12in,Acer,Notebook/Laptop,52.0,Unknown,Unknown,Intel,Intel,celeron,,2.48,Chrome,EMMC,,,,Unk,4.0,4GB,11.6,Sub-12in,1366.0,768.0,Gray,1,True,False,False,False
2912,Other/Unbranded_Other/Unspecified_Unk_Unk_Unk,Other/Unbranded,Other,80.0,New,New,Other,Other,Other/Unspecified,,,Unknown,Unknown,,,,Unk,,Unk,,Unk,,,Other,0,False,False,False,False
2913,Dell_i7_8GB_512GB_14-16in,Dell,Notebook/Laptop,99.0,Used,Used,Intel,Intel,i7,2.0,,Windows,SSD,256.0,256.0,512.0,512GB,8.0,8GB,14.0,14-16in,1366.0,768.0,Black,3,False,False,True,False
2914,HP_i7_8GB_512GB_14-16in,HP,Notebook/Laptop,170.0,Used,Used,Amd,Intel,i7,6.0,2.6,Windows,SSD,256.0,256.0,512.0,512GB,8.0,8GB,15.6,14-16in,,,Silver,6,False,True,True,True
2915,Lenovo_i5_Unk_128GB_14-16in,Lenovo,Notebook/Laptop,313.5,Used,Used,Intel,Intel,i5,6.0,2.8,Windows,Unknown,,120.0,120.0,128GB,,Unk,14.0,14-16in,1920.0,1080.0,Other,0,False,False,False,False
2916,Other/Unbranded_i5_Unk_256GB_14-16in,Other/Unbranded,Notebook/Laptop,435.0,Used,Used,Intel,Intel,i5,4.0,3.0,Windows,SSD,,240.0,240.0,256GB,,Unk,15.6,14-16in,1280.0,720.0,Other,4,False,False,True,True
2917,Other/Unbranded_i7_32GB_2TB_14-16in,Other/Unbranded,Other,1780.0,New,New,Other,Intel,i7,11.0,,Unknown,SSD,2.0,1000.0,1002.0,2TB,32.0,32GB,14.2,14-16in,,,Other,0,False,False,False,False
2918,HP_celeron_4GB_128GB_Sub-12in,HP,Notebook/Laptop,174.0,Unknown,Unknown,Intel,Intel,celeron,,1.1,Windows,EMMC,64.0,64.0,128.0,128GB,4.0,4GB,11.6,Sub-12in,1366.0,768.0,Blue,4,False,False,True,True
2919,HP_i7_16GB_2TB_12-14in,HP,Notebook/Laptop,415.0,Used,Used,Intel,Intel,i7,8.0,1.9,Windows,SSD,1000.0,128.0,1128.0,2TB,16.0,16GB,13.0,12-14in,3000.0,2000.0,Other,4,False,False,True,False
2920,Dell_i5_Unk_256GB_12-14in,Dell,Notebook/Laptop,426.2,Used,Used,Intel,Intel,i5,6.0,2.8,Windows,Unknown,,240.0,240.0,256GB,,Unk,12.5,12-14in,1920.0,1080.0,Other,7,True,True,True,True
2921,Asus_celeron_4GB_256GB_14-16in,Asus,Notebook/Laptop,380.0,Open Box,Like-New,Intel,Intel,celeron,,-2.8,Linux,EMMC,128.0,128.0,256.0,256GB,4.0,4GB,15.6,14-16in,1920.0,1080.0,Other,6,False,True,True,True
2922,Dell_i5_8GB_Unk_14-16in,Dell,Notebook/Laptop,105.0,Used,Used,Other,Intel,i5,8.0,,Unknown,Unknown,,,,Unk,8.0,8GB,14.0,14-16in,,,Black,0,False,False,False,False
2923,Other/Unbranded_Unknown_Unk_Unk_Unk,Other/Unbranded,Other,75.06,Used,Used,Other,Unknown,Unknown,,,Unknown,Unknown,,,,Unk,,Unk,,Unk,,,Other,0,False,False,False,False
2924,Other/Unbranded_Unknown_Unk_Unk_Unk,Other/Unbranded,Other,191.6,Used,Used,Other,Unknown,Unknown,,,Unknown,Unknown,,,,Unk,,Unk,,Unk,,,Other,0,False,False,False,False
2925,Other/Unbranded_Unknown_Unk_Unk_Unk,Other/Unbranded,Other,59.97,New,New,Other,Unknown,Unknown,,,Unknown,Unknown,,,,Unk,,Unk,,Unk,,,Other,0,False,False,False,False
2926,Dell_i7_16GB_512GB_12-14in,Dell,Notebook/Laptop,125.0,Used,Used,Intel,Intel,i7,6.0,2.6,Windows,SSD,256.0,256.0,512.0,512GB,16.0,16GB,12.5,12-14in,1366.0,768.0,Black,9,True,True,True,True
2927,Lenovo_i5_8GB_512GB_14-16in,Lenovo,Notebook/Laptop,419.0,Unknown,Unknown,Intel,Intel,i5,11.0,,Windows,SSD,,512.0,512.0,512GB,8.0,8GB,15.6,14-16in,1920.0,1080.0,Blue,4,False,False,True,True
2928,Dell_i5_Unk_256GB_14-16in,Dell,Notebook/Laptop,331.8,Used,Used,Intel,Intel,i5,4.0,2.6,Windows,Unknown,,240.0,240.0,256GB,,Unk,14.0,14-16in,1280.0,720.0,Other,3,False,False,False,True
2929,Acer_celeron_Unk_32GB_Sub-12in,Acer,Notebook/Laptop,40.0,Unknown,Unknown,Intel,Intel,celeron,,2.16,Chrome,SSD,16.0,16.0,32.0,32GB,,Unk,11.6,Sub-12in,1366.0,768.0,Black,3,False,False,True,True
2930,Dell_core2duo_4GB_256GB_14-16in,Dell,Notebook/Laptop,100.0,Used,Used,Other,Intel,core 2 duo,,2.8,Windows,OTHER,160.0,,160.0,256GB,3.0,4GB,14.0,14-16in,1440.0,900.0,Black,0,False,False,False,False
2931,Other/Unbranded_Unknown_Unk_Unk_Unk,Other/Unbranded,Other,878.0,New,New,Other,Unknown,Unknown,,,Windows,Unknown,,,,Unk,,Unk,,Unk,,,Grey,0,False,False,False,False
2932,Dell_i7_16GB_2TB_12-14in,Dell,Notebook/Laptop,670.0,Unknown,Unknown,Other,Intel,i7,12.0,3.6,Windows,SSD,512.0,512.0,1024.0,2TB,16.0,16GB,13.3,12-14in,1920.0,1080.0,Gray,0,False,False,False,False
2933,HP_Unknown_Unk_Unk_Unk,HP,Other,164.5,Used,Used,Other,Unknown,Unknown,,,Unknown,Unknown,,,,Unk,,Unk,,Unk,,,Other,0,False,False,False,False
2934,HP_i7_32GB+_2TB_14-16in,HP,Notebook/Laptop,940.0,Refurbished - Excellent,Refurbished,Intel,Intel,i7,12.0,3.5,Windows,SSD,,2000.0,2000.0,2TB,64.0,32GB+,15.6,14-16in,1920.0,1080.0,Silver,1,False,False,False,False
2935,Other/Unbranded_Unknown_Unk_Unk_Unk,Other/Unbranded,Other,333.8,Used,Used,Intel,Unknown,Unknown,,,Unknown,Unknown,,,,Unk,,Unk,,Unk,,,Other,0,False,False,False,False
2936,Other/Unbranded_i5_Unk_512GB_12-14in,Other/Unbranded,Notebook/Laptop,429.2,Used,Used,Intel,Intel,i5,6.0,3.0,Windows,SSD,,480.0,480.0,512GB,,Unk,13.3,12-14in,1280.0,720.0,Other,4,False,False,True,True
2937,Other/Unbranded_Other/Unspecified_Unk_Unk_Sub-12in,Other/Unbranded,Other,50.3,Open Box,Like-New,Other,AMD,Other/Unspecified,,,Unknown,Unknown,,,,Unk,,Unk,7.0,Sub-12in,,,Other,0,False,False,False,False
2938,Lenovo_i5_16GB_128GB_14-16in,Lenovo,Other,189.0,Used,Used,Other,Intel,i5,,,Windows,SSD,,120.0,120.0,128GB,16.0,16GB,15.6,14-16in,,,Other,0,False,False,False,False
2939,Dell_i5_8GB_128GB_12-14in,Dell,Notebook/Laptop,130.0,Used,Used,Intel,Intel,i5,7.0,2.5,Windows,SSD,,128.0,128.0,128GB,8.0,8GB,12.4,12-14in,1920.0,1080.0,Black,4,False,False,True,False
2940,Dell_i5_Unk_256GB_12-14in,Dell,Notebook/Laptop,422.0,Used,Used,Intel,Intel,i5,6.0,2.8,Windows,Unknown,,240.0,240.0,256GB,,Unk,12.5,12-14in,1920.0,1080.0,Other,6,True,True,True,True
2941,Other/Unbranded_Unknown_Unk_Unk_Unk,Other/Unbranded,Other,335.5,Used,Used,Intel,Unknown,Unknown,,,Unknown,Unknown,,,,Unk,,Unk,,Unk,,,Black,0,False,False,False,False
2942,HP_i5_8GB_256GB_14-16in,HP,Notebook/Laptop,479.5,Refurbished - Certified,Refurbished,Intel,Intel,i5,13.0,4.6,Windows,SSD,,256.0,256.0,256GB,8.0,8GB,15.6,14-16in,1920.0,1080.0,Gray,7,True,True,True,True
2943,Microsoft_i3_4GB_128GB_12-14in,Microsoft,Notebook/Laptop,70.0,Used,Used,Other,Intel,i3,4.0,1.5,Windows,EMMC,64.0,64.0,128.0,128GB,4.0,4GB,12.0,12-14in,2160.0,1440.0,Other,4,True,False,True,False
2944,Other/Unbranded_Unknown_Unk_Unk_Unk,Other/Unbranded,Other,87.06,Unknown,Unknown,Other,Unknown,Unknown,,,Unknown,Unknown,,,,Unk,,Unk,,Unk,,,Other,0,False,False,False,False
2945,Dell_i7_16GB_2TB_14-16in,Dell,Notebook/Laptop,458.8,Unknown,Unknown,Intel,Intel,i7,,4.7,Unknown,Unknown,512.0,512.0,1024.0,2TB,16.0,16GB,15.6,14-16in,1920.0,1080.0,Black,0,False,False,False,False
2946,Dell_i5_Unk_256GB_14-16in,Dell,Notebook/Laptop,347.8,Used,Used,Intel,Intel,i5,3.0,3.0,Windows,Unknown,,240.0,240.0,256GB,,Unk,14.0,14-16in,1280.0,720.0,Other,2,False,False,False,True
2947,Dell_i5_Unk_1TB_Sub-12in,Dell,Notebook/Laptop,467.0,Used,Used,Intel,Intel,i5,4.0,1.99,Windows,SSD,,960.0,960.0,1TB,,Unk,10.8,Sub-12in,1920.0,1080.0,Other,7,True,False,True,True
2948,Dell_i5_Unk_512GB_14-16in,Dell,Notebook/Laptop,382.8,Used,Used,Intel,Intel,i5,3.0,3.0,Windows,Unknown,,480.0,480.0,512GB,,Unk,14.0,14-16in,1280.0,720.0,Other,2,False,False,False,True
2949,Other/Unbranded_i9_32GB_2TB+_16in+,Other/Unbranded,Notebook/Laptop,3408.0,New,New,Nvidia,Intel,i9,,,Windows,SSD,2000.0,2000.0,4000.0,2TB+,32.0,32GB,16.0,16in+,2560.0,1600.0,Other,0,False,False,False,False
2950,Other/Unbranded_Unknown_Unk_Unk_Unk,Other/Unbranded,Other,43.5,Used,Used,Other,Unknown,Unknown,,,Unknown,Unknown,,,,Unk,,Unk,,Unk,,,Other,0,False,False,False,False
2951,Microsoft_i7_Unk_256GB_12-14in,Microsoft,Notebook/Laptop,1047.0,Refurbished - Seller Grade,Refurbished,Intel,Intel,i7,7.0,3.0,Windows,SSD,,256.0,256.0,256GB,,Unk,13.5,12-14in,2256.0,1504.0,Other,4,False,True,True,True
2952,Other/Unbranded_pentium_Unk_Unk_14-16in,Other/Unbranded,Other,22.14,For Parts / Not Working,End-of-Life,Other,Intel,pentium,,,Unknown,Unknown,,,,Unk,,Unk,15.4,14-16in,,,Other,0,False,False,False,False
2953,Dell_i5_Unk_256GB_14-16in,Dell,Notebook/Laptop,331.8,Used,Used,Intel,Intel,i5,4.0,2.6,Windows,Unknown,,240.0,240.0,256GB,,Unk,14.0,14-16in,1280.0,720.0,Other,3,False,False,False,True
2954,Other/Unbranded_Unknown_Unk_Unk_Unk,Other/Unbranded,Other,263.2,Used,Used,Other,Unknown,Unknown,,,Unknown,Unknown,,,,Unk,,Unk,,Unk,,,Other,0,False,False,False,False
2955,Other/Unbranded_Unknown_Unk_Unk_Unk,Other/Unbranded,Other,1030.0,Refurbished - Seller Grade,Refurbished,Intel,Unknown,Unknown,,,Unknown,Unknown,,,,Unk,,Unk,,Unk,,,Other,0,False,False,False,False
2956,Other/Unbranded_Unknown_Unk_Unk_Unk,Other/Unbranded,Other,116.5,New,New,Other,Unknown,Unknown,,,Unknown,Unknown,,,,Unk,,Unk,,Unk,,,Other,0,False,False,False,False
2957,Dell_i5_Unk_128GB_14-16in,Dell,Notebook/Laptop,281.8,Used,Used,Intel,Intel,i5,3.0,3.0,Windows,Unknown,,120.0,120.0,128GB,,Unk,14.0,14-16in,1280.0,720.0,Other,2,False,False,False,True
2958,Other/Unbranded_Unknown_Unk_Unk_Unk,Other/Unbranded,Other,322.8,Refurbished - Good,Refurbished,Intel,Unknown,Unknown,,,Unknown,Unknown,,,,Unk,,Unk,,Unk,,,Other,0,False,False,False,False
2959,Other/Unbranded_i3_Unk_512GB_14-16in,Other/Unbranded,Notebook/Laptop,478.8,Used,Used,Intel,Intel,i3,6.0,3.0,Windows,SSD,,480.0,480.0,512GB,,Unk,14.0,14-16in,1280.0,720.0,Black,5,False,False,True,True
2960,Other/Unbranded_Unknown_Unk_Unk_Unk,Other/Unbranded,Other,82.06,New,New,Other,Unknown,Unknown,,,Unknown,Unknown,,,,Unk,,Unk,,Unk,,,Other,0,False,False,False,False
2961,Other/Unbranded_Unknown_Unk_Unk_Unk,Other/Unbranded,Other,15.01,Used,Used,Other,Unknown,Unknown,,,Unknown,Unknown,,,,Unk,,Unk,,Unk,,,Other,0,False,False,False,False
2962,Microsoft_i7_Unk_256GB_12-14in,Microsoft,Notebook/Laptop,1047.0,Refurbished - Seller Grade,Refurbished,Intel,Intel,i7,7.0,3.0,Windows,SSD,,256.0,256.0,256GB,,Unk,13.5,12-14in,2256.0,1504.0,Other,4,False,True,True,True
2963,Other/Unbranded_Unknown_Unk_Unk_Unk,Other/Unbranded,Other,114.0,New,New,Other,Unknown,Unknown,,,Unknown,Unknown,,,,Unk,,Unk,,Unk,,,Other,0,False,False,False,False
2964,Other/Unbranded_pentium_Unk_Unk_14-16in,Other/Unbranded,Other,21.66,For Parts / Not Working,End-of-Life,Other,Other,pentium,,,Unknown,Unknown,,,,Unk,,Unk,14.0,14-16in,,,Other,0,False,False,False,False
2965,Acer_pentium_Unk_Unk_14-16in,Acer,Other,27.1,For Parts / Not Working,End-of-Life,Other,Intel,pentium,,,Unknown,Unknown,,,,Unk,,Unk,14.0,14-16in,,,Other,0,False,False,False,False
2966,Other/Unbranded_Unknown_Unk_Unk_Unk,Other/Unbranded,Other,2686.0,Refurbished - Seller Grade,Refurbished,Intel,Unknown,Unknown,,,Unknown,Unknown,,,,Unk,,Unk,,Unk,,,Other,0,False,False,False,False
2967,Lenovo_i3_Unk_512GB_12-14in,Lenovo,Notebook/Laptop,466.0,Used,Used,Intel,Intel,i3,7.0,2.4,Windows,SSD,,480.0,480.0,512GB,,Unk,13.0,12-14in,1280.0,720.0,Other,3,False,False,True,True
2968,Dell_i5_Unk_128GB_14-16in,Dell,Notebook/Laptop,355.2,Used,Used,Intel,Intel,i5,5.0,2.7,Windows,Unknown,,120.0,120.0,128GB,,Unk,14.0,14-16in,1280.0,720.0,Other,3,False,False,False,True
2969,Other/Unbranded_Other/Unspecified_Unk_Unk_Unk,Other/Unbranded,Other,200.4,Used,Used,Other,Intel,Other/Unspecified,,,Unknown,Unknown,,,,Unk,,Unk,,Unk,1024.0,768.0,Other,1,False,False,False,False
2970,Dell_i5_Unk_256GB_12-14in,Dell,Notebook/Laptop,226.2,Used,Used,Other,Intel,i5,,2.4,Windows,SSD,,256.0,256.0,256GB,,Unk,12.5,12-14in,1920.0,1080.0,Black,4,False,False,True,False
2971,Other/Unbranded_Unknown_Unk_Unk_Unk,Other/Unbranded,Other,21.75,For Parts / Not Working,End-of-Life,Other,Unknown,Unknown,,,Unknown,Unknown,,,,Unk,,Unk,,Unk,,,Other,0,False,False,False,False
2972,Other/Unbranded_Unknown_Unk_Unk_Unk,Other/Unbranded,Other,103.44,New,New,Other,Unknown,Unknown,,,Unknown,Unknown,,,,Unk,,Unk,,Unk,,,Other,0,False,False,False,False
2973,Other/Unbranded_Unknown_Unk_Unk_Unk,Other/Unbranded,Other,46.62,New,New,Other,Unknown,Unknown,,,Unknown,Unknown,,,,Unk,,Unk,,Unk,,,Other,0,False,False,False,False
2974,HP_Unknown_Unk_Unk_14-16in,HP,Notebook/Laptop,120.0,New,New,Other,Unknown,Unknown,,,Unknown,Unknown,,,,Unk,,Unk,15.6,14-16in,,,Other,0,False,False,False,False
2975,Other/Unbranded_Unknown_Unk_Unk_Unk,Other/Unbranded,Other,328.2,Used,Used,Other,Unknown,Unknown,,,Unknown,Unknown,,,,Unk,,Unk,,Unk,,,Other,0,False,False,False,False
2976,Other/Unbranded_Unknown_Unk_Unk_Unk,Other/Unbranded,Other,58.7,New,New,Other,Unknown,Unknown,,,Unknown,Unknown,,,,Unk,,Unk,,Unk,,,Other,0,False,False,False,False
2977,Other/Unbranded_Unknown_Unk_Unk_Unk,Other/Unbranded,Other,10.54,Used,Used,Amd,Unknown,Unknown,,,Unknown,Unknown,,,,Unk,,Unk,,Unk,,,Other,0,False,False,False,False
2978,HP_Unknown_Unk_Unk_14-16in,HP,Other,90.0,New,New,Other,Unknown,Unknown,,,Unknown,Unknown,,,,Unk,,Unk,15.6,14-16in,,,Other,0,False,False,False,False
2979,Other/Unbranded_Unknown_Unk_Unk_Unk,Other/Unbranded,Other,105.25,Unknown,Unknown,Other,Unknown,Unknown,,,Unknown,Unknown,,,,Unk,,Unk,,Unk,,,Other,0,False,False,False,False
2980,Other/Unbranded_Unknown_Unk_Unk_Unk,Other/Unbranded,Other,2102.0,Refurbished - Seller Grade,Refurbished,Intel,Unknown,Unknown,,,Unknown,Unknown,,,,Unk,,Unk,,Unk,,,Other,0,False,False,False,False
2981,Other/Unbranded_Unknown_Unk_Unk_Unk,Other/Unbranded,Other,45.38,New,New,Other,Unknown,Unknown,,,Unknown,Unknown,,,,Unk,,Unk,,Unk,,,Other,0,False,False,False,False
2982,Other/Unbranded_Unknown_Unk_Unk_Unk,Other/Unbranded,Other,39.47,New,New,Other,Unknown,Unknown,,,Unknown,Unknown,,,,Unk,,Unk,,Unk,,,Other,0,False,False,False,False
2983,Dell_i5_Unk_128GB_14-16in,Dell,Notebook/Laptop,355.2,Used,Used,Intel,Intel,i5,5.0,2.7,Windows,Unknown,,120.0,120.0,128GB,,Unk,14.0,14-16in,1280.0,720.0,Other,3,False,False,False,True
2984,Dell_i5_Unk_256GB_14-16in,Dell,Notebook/Laptop,375.0,Used,Used,Intel,Intel,i5,4.0,2.6,Windows,Unknown,,240.0,240.0,256GB,,Unk,14.0,14-16in,1280.0,720.0,Other,4,False,False,True,True
2985,Lenovo_i3_Unk_128GB_12-14in,Lenovo,Notebook/Laptop,419.2,Used,Used,Intel,Intel,i3,7.0,2.4,Windows,SSD,,120.0,120.0,128GB,,Unk,13.0,12-14in,1280.0,720.0,Other,3,False,False,True,True
2986,Other/Unbranded_Unknown_Unk_Unk_Unk,Other/Unbranded,Other,87.9,New,New,Other,Unknown,Unknown,,,Unknown,Unknown,,,,Unk,,Unk,,Unk,,,Other,0,False,False,False,False
2987,LG_Unknown_Unk_Unk_Unk,LG,Other,92.06,New,New,Other,Unknown,Unknown,,,Unknown,Unknown,,,,Unk,,Unk,,Unk,,,Other,0,False,False,False,False
2988,Other/Unbranded_Unknown_Unk_Unk_Unk,Other/Unbranded,Other,5.44,Used,Used,Other,Unknown,Unknown,,,Unknown,Unknown,,,,Unk,,Unk,,Unk,,,Other,0,False,False,False,False
2989,Other/Unbranded_Unknown_Unk_Unk_Unk,Other/Unbranded,Other,371.0,Used,Used,Other,Unknown,Unknown,,,Unknown,Unknown,,,,Unk,,Unk,,Unk,,,Other,0,False,False,False,False
2990,Other/Unbranded_Unknown_Unk_Unk_Unk,Other/Unbranded,Other,2664.0,Refurbished - Seller Grade,Refurbished,Intel,Unknown,Unknown,,,Unknown,Unknown,,,,Unk,,Unk,,Unk,,,Other,0,False,False,False,False
2991,HP_celeron_4GB_16GB_14-16in,HP,Notebook/Laptop,139.0,Used,Used,Intel,Intel,celeron,,2.16,Chrome,SSD,,16.0,16.0,16GB,4.0,4GB,14.0,14-16in,1366.0,768.0,Other,4,False,False,True,True
2992,Other/Unbranded_Unknown_Unk_Unk_Unk,Other/Unbranded,Other,333.8,Used,Used,Other,Unknown,Unknown,,,Unknown,Unknown,,,,Unk,,Unk,,Unk,,,Other,0,False,False,False,False
2993,Dell_i5_Unk_2TB_14-16in,Dell,Notebook/Laptop,484.0,Used,Used,Nvidia,Intel,i5,4.0,2.6,Windows,Unknown,,2000.0,2000.0,2TB,,Unk,14.0,14-16in,1280.0,720.0,Other,3,False,False,False,True
2994,Other/Unbranded_i3_Unk_128GB_12-14in,Other/Unbranded,Notebook/Laptop,428.0,Used,Used,Intel,Intel,i3,4.0,3.0,Windows,SSD,,120.0,120.0,128GB,,Unk,13.3,12-14in,1280.0,720.0,Other,4,False,False,True,True
2995,Other/Unbranded_i3_Unk_128GB_14-16in,Other/Unbranded,Notebook/Laptop,385.5,Used,Used,Intel,Intel,i3,6.0,3.0,Windows,SSD,,120.0,120.0,128GB,,Unk,14.0,14-16in,1280.0,720.0,Other,5,False,False,True,True
2996,Other/Unbranded_i7_Unk_2TB+_14-16in,Other/Unbranded,Notebook/Laptop,2730.0,Refurbished - Seller Grade,Refurbished,Intel,Intel,i7,,1.8,Windows,SSD,,4000.0,4000.0,2TB+,,Unk,14.0,14-16in,1920.0,1080.0,Other,6,False,False,True,True
2997,Asus_i7_32GB_1TB_14-16in,Asus,Notebook/Laptop,1500.0,Unknown,Unknown,Nvidia,Intel,i7,10.0,2.3,Windows,SSD,,1000.0,1000.0,1TB,32.0,32GB,15.6,14-16in,1920.0,1080.0,Black,3,False,True,True,True
2998,Dell_i7_8GB_256GB_12-14in,Dell,Notebook/Laptop,234.1,Refurbished - Good,Refurbished,Intel,Intel,i7,5.0,2.6,Windows,SSD,,256.0,256.0,256GB,8.0,8GB,12.5,12-14in,,,Other,2,False,True,False,False
2999,Other/Unbranded_Unknown_Unk_Unk_Unk,Other/Unbranded,Other,728.5,Used,Used,Intel,Unknown,Unknown,,,Unknown,Unknown,,,,Unk,,Unk,,Unk,,,Other,0,False,False,False,False
3000,Dell_i5_8GB_16GB_14-16in,Dell,Notebook/Laptop,160.0,Used,Used,Other,Intel,i5,2.0,,Windows,HDD/SSD,8.0,,8.0,16GB,8.0,8GB,14.0,14-16in,,,Other,0,False,False,False,False
3001,Other/Unbranded_Unknown_Unk_Unk_Unk,Other/Unbranded,Other,987.5,Refurbished - Seller Grade,Refurbished,Intel,Unknown,Unknown,,,Unknown,Unknown,,,,Unk,,Unk,,Unk,,,Other,0,False,False,False,False
3002,Other/Unbranded_Unknown_Unk_Unk_Unk,Other/Unbranded,Other,21.75,Used,Used,Other,Unknown,Unknown,,,Unknown,Unknown,,,,Unk,,Unk,,Unk,,,Other,0,False,False,False,False
3003,Other/Unbranded_Unknown_Unk_Unk_Unk,Other/Unbranded,Other,21.75,Used,Used,Other,Unknown,Unknown,,,Unknown,Unknown,,,,Unk,,Unk,,Unk,,,Other,0,False,False,False,False
3004,Lenovo_i5_Unk_128GB_14-16in,Lenovo,Notebook/Laptop,297.5,Used,Used,Intel,Intel,i5,6.0,,Windows,Unknown,,120.0,120.0,128GB,,Unk,14.0,14-16in,1920.0,1080.0,Other,0,False,False,False,False
3005,Other/Unbranded_Unknown_Unk_Unk_Unk,Other/Unbranded,Other,59.25,New,New,Other,Unknown,Unknown,,,Unknown,Unknown,,,,Unk,,Unk,,Unk,,,Other,0,False,False,False,False
3006,Asus_celeron_32GB+_128GB_14-16in,Asus,Notebook/Laptop,164.5,Unknown,Unknown,Intel,Intel,celeron,,1.1,Chrome,EMMC,64.0,64.0,128.0,128GB,64.0,32GB+,14.0,14-16in,1920.0,1080.0,Silver,5,False,False,True,True
3007,HP_i5_8GB_256GB_12-14in,HP,Notebook/Laptop,90.0,Used,Used,Intel,Intel,i5,,2.5,Windows,SSD,128.0,128.0,256.0,256GB,8.0,8GB,12.3,12-14in,2736.0,1824.0,Silver,1,True,False,False,False
3008,AUO_Unknown_Unk_Unk_Unk,AUO,Other,69.94,New,New,Other,Unknown,Unknown,,,Unknown,Unknown,,,,Unk,,Unk,,Unk,,,Other,0,False,False,False,False
3009,Other/Unbranded_Unknown_Unk_Unk_Unk,Other/Unbranded,Other,109.0,New,New,Other,Unknown,Unknown,,,Unknown,Unknown,,,,Unk,,Unk,,Unk,,,Other,0,False,False,False,False
3010,HP_Unknown_Unk_Unk_14-16in,HP,Other,120.0,New,New,Other,Unknown,Unknown,,,Unknown,Unknown,,,,Unk,,Unk,15.6,14-16in,,,Other,0,False,False,False,False
3011,Other/Unbranded_Unknown_Unk_Unk_Unk,Other/Unbranded,Other,298.5,Refurbished - Good,Refurbished,Intel,Unknown,Unknown,,,Unknown,Unknown,,,,Unk,,Unk,,Unk,,,Other,0,False,False,False,False
3012,Other/Unbranded_Unknown_Unk_Unk_Unk,Other/Unbranded,Other,436.0,Refurbished - Good,Refurbished,Intel,Unknown,Unknown,,,Unknown,Unknown,,,,Unk,,Unk,,Unk,,,Other,0,False,False,False,False
3013,Other/Unbranded_Unknown_Unk_Unk_Unk,Other/Unbranded,Other,64.2,New,New,Other,Unknown,Unknown,,,Unknown,Unknown,,,,Unk,,Unk,,Unk,,,Other,0,False,False,False,False
3014,Other/Unbranded_Unknown_Unk_Unk_Unk,Other/Unbranded,Other,6.53,Used,Used,Other,Unknown,Unknown,,,Unknown,Unknown,,,,Unk,,Unk,,Unk,,,Other,0,False,False,False,False
3015,Other/Unbranded_Unknown_Unk_Unk_Unk,Other/Unbranded,Other,191.6,Unknown,Unknown,Other,Unknown,Unknown,,,Unknown,Unknown,,,,Unk,,Unk,,Unk,,,Black,0,False,False,False,False
3016,Other/Unbranded_Unknown_Unk_Unk_Unk,Other/Unbranded,Other,39.2,Unknown,Unknown,Other,Unknown,Unknown,,,Unknown,Unknown,,,,Unk,,Unk,,Unk,,,Other,0,False,False,False,False
3017,Other/Unbranded_Unknown_Unk_Unk_Unk,Other/Unbranded,Other,26.22,New,New,Other,Unknown,Unknown,,,Unknown,Unknown,,,,Unk,,Unk,,Unk,,,Other,0,False,False,False,False
3018,Other/Unbranded_Unknown_Unk_Unk_Unk,Other/Unbranded,Other,17.06,Used,Used,Other,Unknown,Unknown,,,Unknown,Unknown,,,,Unk,,Unk,,Unk,,,Other,0,False,False,False,False
3019,Lenovo_i5_8GB_16GB_14-16in,Lenovo,Notebook/Laptop,65.0,Used,Used,Other,Intel,i5,6.0,,Unknown,Unknown,8.0,,8.0,16GB,8.0,8GB,14.0,14-16in,,,Other,0,False,False,False,False
3020,Other/Unbranded_i5_16GB_512GB_Sub-12in,Other/Unbranded,Notebook/Laptop,668.0,Refurbished - Excellent,Refurbished,Intel,Intel,i5,7.0,3.3,Windows,SSD,256.0,256.0,512.0,512GB,16.0,16GB,10.1,Sub-12in,1920.0,1200.0,Silver,14,True,True,True,True
3021,Other/Unbranded_Unknown_Unk_Unk_Unk,Other/Unbranded,Other,266.8,Refurbished - Seller Grade,Refurbished,Intel,Unknown,Unknown,,,Unknown,Unknown,,,,Unk,,Unk,,Unk,,,Black,0,False,False,False,False
3022,Dell_i5_Unk_512GB_14-16in,Dell,Notebook/Laptop,370.2,Used,Used,Intel,Intel,i5,3.0,3.0,Windows,Unknown,,480.0,480.0,512GB,,Unk,14.0,14-16in,1280.0,720.0,Black,2,False,False,False,True
3023,Other/Unbranded_Unknown_Unk_Unk_Unk,Other/Unbranded,Other,331.2,Used,Used,Other,Unknown,Unknown,,,Unknown,Unknown,,,,Unk,,Unk,,Unk,,,Other,0,False,False,False,False
3024,Other/Unbranded_Unknown_Unk_Unk_Unk,Other/Unbranded,Other,97.9,Used,Used,Other,Unknown,Unknown,,,Unknown,Unknown,,,,Unk,,Unk,,Unk,,,Other,0,False,False,False,False
3025,Other/Unbranded_Unknown_Unk_Unk_Unk,Other/Unbranded,Other,19.58,Used,Used,Other,Unknown,Unknown,,,Unknown,Unknown,,,,Unk,,Unk,,Unk,,,Other,0,False,False,False,False
3026,Dell_i5_Unk_128GB_14-16in,Dell,Notebook/Laptop,312.8,Used,Used,Intel,Intel,i5,5.0,2.7,Windows,Unknown,,120.0,120.0,128GB,,Unk,14.0,14-16in,1280.0,720.0,Other,3,False,False,False,True
3027,Other/Unbranded_Unknown_Unk_Unk_Unk,Other/Unbranded,Other,15.98,Used,Used,Other,Unknown,Unknown,,,Unknown,Unknown,,,,Unk,,Unk,,Unk,,,Other,0,False,False,False,False
3028,Other/Unbranded_Unknown_Unk_Unk_Unk,Other/Unbranded,Other,112.56,New,New,Other,Unknown,Unknown,,,Unknown,Unknown,,,,Unk,,Unk,,Unk,,,Other,0,False,False,False,False
3029,Dell_i5_Unk_512GB_14-16in,Dell,Notebook/Laptop,375.0,Used,Used,Intel,Intel,i5,4.0,2.6,Windows,Unknown,,480.0,480.0,512GB,,Unk,14.0,14-16in,1280.0,720.0,Other,3,False,False,False,True
3030,Acer_celeron_Unk_Unk_Sub-12in,Acer,Other,38.0,Used,Used,Other,Intel,celeron,,,Unknown,Unknown,,,,Unk,,Unk,11.6,Sub-12in,,,Other,0,False,False,False,False
3031,Samsung_Unknown_Unk_Unk_Unk,Samsung,Other,69.25,New,New,Other,Unknown,Unknown,,,Unknown,Unknown,,,,Unk,,Unk,,Unk,,,Other,0,False,False,False,False
3032,Other/Unbranded_Unknown_Unk_Unk_Unk,Other/Unbranded,Other,347.0,Used,Used,Nvidia,Unknown,Unknown,,,Unknown,Unknown,,,,Unk,,Unk,,Unk,,,Other,0,False,False,False,False
3033,Other/Unbranded_Unknown_Unk_Unk_Unk,Other/Unbranded,Other,7.28,Used,Used,Other,Unknown,Unknown,,,Unknown,Unknown,,,,Unk,,Unk,,Unk,,,Other,0,False,False,False,False
3034,Other/Unbranded_Unknown_Unk_Unk_Unk,Other/Unbranded,Other,70.75,New,New,Other,Unknown,Unknown,,,Unknown,Unknown,,,,Unk,,Unk,,Unk,,,Other,0,False,False,False,False
3035,Lenovo_i5_Unk_Unk_14-16in,Lenovo,Notebook/Laptop,999.5,Used,Used,Intel,Intel,i5,12.0,,Windows,SSD,,,,Unk,,Unk,15.6,14-16in,1920.0,1080.0,Black,1,False,False,False,False
3036,Other/Unbranded_Unknown_Unk_Unk_Unk,Other/Unbranded,Other,61.03,Unknown,Unknown,Other,Unknown,Unknown,,,Unknown,Unknown,,,,Unk,,Unk,,Unk,,,Other,0,False,False,False,False
3037,Other/Unbranded_Unknown_Unk_Unk_Unk,Other/Unbranded,Other,29.94,New,New,Other,Unknown,Unknown,,,Unknown,Unknown,,,,Unk,,Unk,,Unk,,,Other,0,False,False,False,False
3038,Other/Unbranded_Unknown_Unk_Unk_Unk,Other/Unbranded,Other,20.48,New,New,Other,Unknown,Unknown,,,Unknown,Unknown,,,,Unk,,Unk,,Unk,,,Other,0,False,False,False,False
3040,AUO_Unknown_Unk_Unk_Unk,AUO,Other,117.0,New,New,Other,Unknown,Unknown,,,Unknown,Unknown,,,,Unk,,Unk,,Unk,,,Other,0,False,False,False,False
3041,Samsung_celeron_4GB_64GB_14-16in,Samsung,Notebook/Laptop,50.0,Unknown,Unknown,Intel,Intel,celeron,,1.1,Chrome,EMMC,32.0,32.0,64.0,64GB,4.0,4GB,14.0,14-16in,1366.0,768.0,Silver,0,False,False,False,False
3042,Dell_i5_Unk_512GB_14-16in,Dell,Notebook/Laptop,584.5,Used,Used,Amd,Intel,i5,4.0,3.0,Windows,Unknown,,480.0,480.0,512GB,,Unk,15.6,14-16in,1280.0,720.0,Other,4,False,False,True,True
3043,Dell_i5_Unk_128GB_14-16in,Dell,Notebook/Laptop,297.8,Used,Used,Intel,Intel,i5,4.0,2.6,Windows,Unknown,,120.0,120.0,128GB,,Unk,14.0,14-16in,1280.0,720.0,Other,4,False,False,True,True
3044,Other/Unbranded_Unknown_Unk_Unk_Unk,Other/Unbranded,Other,27.66,Unknown,Unknown,Other,Unknown,Unknown,,,Unknown,Unknown,,,,Unk,,Unk,,Unk,,,Other,0,False,False,False,False
3045,Other/Unbranded_Unknown_Unk_Unk_Unk,Other/Unbranded,Other,20.67,New,New,Other,Unknown,Unknown,,,Unknown,Unknown,,,,Unk,,Unk,,Unk,,,Other,0,False,False,False,False
3046,LG_Unknown_Unk_Unk_14-16in,LG,Other,73.44,Unknown,Unknown,Other,Unknown,Unknown,,,Unknown,Unknown,,,,Unk,,Unk,15.6,14-16in,1366.0,768.0,Other,0,False,False,False,False
3047,Dell_core2duo_4GB_128GB_14-16in,Dell,Notebook/Laptop,165.0,Used,Used,Other,Intel,core 2 duo,,2.0,Windows,HDD/SSD,80.0,,80.0,128GB,3.0,4GB,14.1,14-16in,,,Other,0,False,False,False,False
3048,Other/Unbranded_Unknown_Unk_Unk_Unk,Other/Unbranded,Other,1271.0,Refurbished - Seller Grade,Refurbished,Intel,Unknown,Unknown,,,Unknown,Unknown,,,,Unk,,Unk,,Unk,,,Other,0,False,False,False,False
3049,Dell_i5_Unk_256GB_14-16in,Dell,Notebook/Laptop,276.2,Used,Used,Intel,Intel,i5,4.0,2.6,Windows,Unknown,,240.0,240.0,256GB,,Unk,14.0,14-16in,1280.0,720.0,Other,3,False,False,False,True
3050,Other/Unbranded_Unknown_Unk_Unk_Unk,Other/Unbranded,Other,59.56,New,New,Other,Unknown,Unknown,,,Unknown,Unknown,,,,Unk,,Unk,,Unk,,,Other,0,False,False,False,False
3051,Other/Unbranded_Unknown_Unk_Unk_Unk,Other/Unbranded,Other,1022.0,Refurbished - Seller Grade,Refurbished,Intel,Unknown,Unknown,,,Unknown,Unknown,,,,Unk,,Unk,,Unk,,,Other,0,False,False,False,False
3052,Other/Unbranded_i7_Unk_1TB_14-16in,Other/Unbranded,Notebook/Laptop,2332.0,Refurbished - Seller Grade,Refurbished,Intel,Intel,i7,,1.8,Windows,SSD,,960.0,960.0,1TB,,Unk,14.0,14-16in,1920.0,1080.0,Other,6,False,False,True,True
3053,Other/Unbranded_Unknown_Unk_Unk_Unk,Other/Unbranded,Other,2274.0,Refurbished - Seller Grade,Refurbished,Intel,Unknown,Unknown,,,Unknown,Unknown,,,,Unk,,Unk,,Unk,,,Other,0,False,False,False,False
3054,Other/Unbranded_Unknown_Unk_Unk_Unk,Other/Unbranded,Other,2294.0,Refurbished - Seller Grade,Refurbished,Intel,Unknown,Unknown,,,Unknown,Unknown,,,,Unk,,Unk,,Unk,,,Other,0,False,False,False,False
3055,Other/Unbranded_Unknown_Unk_Unk_Unk,Other/Unbranded,Other,2114.0,Refurbished - Seller Grade,Refurbished,Intel,Unknown,Unknown,,,Unknown,Unknown,,,,Unk,,Unk,,Unk,,,Other,0,False,False,False,False
3056,Dell_i5_Unk_512GB_14-16in,Dell,Notebook/Laptop,584.5,Used,Used,Amd,Intel,i5,4.0,3.0,Windows,Unknown,,480.0,480.0,512GB,,Unk,15.6,14-16in,1280.0,720.0,Other,4,False,False,True,True
3057,Other/Unbranded_i5_4GB_512GB_Unk,Other/Unbranded,Notebook/Laptop,126.5,Refurbished - Good,Refurbished,Intel,Intel,i5,,,Windows,HDD/SSD,250.0,120.0,370.0,512GB,4.0,4GB,,Unk,,,Other,3,False,False,False,True
3058,Other/Unbranded_Unknown_Unk_Unk_Unk,Other/Unbranded,Other,72.1,New,New,Other,Unknown,Unknown,,,Unknown,Unknown,,,,Unk,,Unk,,Unk,,,Other,0,False,False,False,False
3059,Other/Unbranded_Unknown_Unk_Unk_Unk,Other/Unbranded,Other,2084.0,Refurbished - Seller Grade,Refurbished,Intel,Unknown,Unknown,,,Unknown,Unknown,,,,Unk,,Unk,,Unk,,,Other,0,False,False,False,False
3060,Other/Unbranded_i7_Unk_128GB_14-16in,Other/Unbranded,Notebook/Laptop,2136.0,Refurbished - Seller Grade,Refurbished,Intel,Intel,i7,,1.8,Windows,SSD,,120.0,120.0,128GB,,Unk,14.0,14-16in,1920.0,1080.0,Other,6,False,False,True,True
3061,Other/Unbranded_Unknown_Unk_Unk_Unk,Other/Unbranded,Other,331.2,Used,Used,Intel,Unknown,Unknown,,,Unknown,Unknown,,,,Unk,,Unk,,Unk,,,Other,0,False,False,False,False
3062,Microsoft_i7_Unk_256GB_12-14in,Microsoft,Notebook/Laptop,1047.0,Refurbished - Seller Grade,Refurbished,Intel,Intel,i7,8.0,3.0,Windows,SSD,,256.0,256.0,256GB,,Unk,13.5,12-14in,2256.0,1504.0,Other,4,False,True,True,True
3063,Dell_Other/Unspecified_16GB_512GB_14-16in,Dell,Other,254.8,Used,Used,Intel,Other,Other/Unspecified,,1.6,Windows,Unknown,,512.0,512.0,512GB,16.0,16GB,14.0,14-16in,1366.0,768.0,Black,2,False,False,True,True
3064,Other/Unbranded_Unknown_Unk_Unk_Unk,Other/Unbranded,Other,92.8,New,New,Other,Unknown,Unknown,,,Unknown,Unknown,,,,Unk,,Unk,,Unk,,,Other,0,False,False,False,False
3065,Dell_i5_Unk_512GB_14-16in,Dell,Other,149.0,Used,Used,Other,Intel,i5,6.0,2.4,Unknown,SSD,256.0,256.0,512.0,512GB,,Unk,14.0,14-16in,,,Other,1,False,False,False,False
3066,Other/Unbranded_i7_Unk_256GB_14-16in,Other/Unbranded,Notebook/Laptop,2148.0,Refurbished - Seller Grade,Refurbished,Intel,Intel,i7,,1.99,Windows,SSD,,240.0,240.0,256GB,,Unk,14.0,14-16in,1920.0,1080.0,Other,6,False,False,True,True
3067,Other/Unbranded_Unknown_Unk_Unk_Unk,Other/Unbranded,Other,13.05,Used,Used,Other,Unknown,Unknown,,,Unknown,Unknown,,,,Unk,,Unk,,Unk,,,Other,0,False,False,False,False
3068,Lenovo_i5_Unk_128GB_12-14in,Lenovo,Notebook/Laptop,446.8,Used,Used,Intel,Intel,i5,4.0,1.99,Windows,SSD,,120.0,120.0,128GB,,Unk,12.5,12-14in,1280.0,720.0,Other,6,False,False,True,True
3069,Lenovo_i5_Unk_256GB_14-16in,Lenovo,Notebook/Laptop,324.2,Used,Used,Intel,Intel,i5,6.0,,Windows,Unknown,,240.0,240.0,256GB,,Unk,14.0,14-16in,1920.0,1080.0,Other,0,False,False,False,False
3070,Other/Unbranded_Unknown_Unk_Unk_Unk,Other/Unbranded,Other,2686.0,Refurbished - Seller Grade,Refurbished,Intel,Unknown,Unknown,,,Unknown,Unknown,,,,Unk,,Unk,,Unk,,,Black,0,False,False,False,False
3071,Other/Unbranded_Unknown_Unk_Unk_Unk,Other/Unbranded,Other,10.88,Used,Used,Other,Unknown,Unknown,,,Unknown,Unknown,,,,Unk,,Unk,,Unk,,,Other,0,False,False,False,False
3073,Other/Unbranded_Unknown_Unk_Unk_Unk,Other/Unbranded,Other,64.2,Unknown,Unknown,Other,Unknown,Unknown,,,Unknown,Unknown,,,,Unk,,Unk,,Unk,,,Other,0,False,False,False,False
3074,Other/Unbranded_Unknown_Unk_Unk_Unk,Other/Unbranded,Other,1281.0,Refurbished - Seller Grade,Refurbished,Intel,Unknown,Unknown,,,Unknown,Unknown,,,,Unk,,Unk,,Unk,,,Other,0,False,False,False,False
3075,Other/Unbranded_Unknown_Unk_Unk_Unk,Other/Unbranded,Other,632.0,Used,Used,Other,Unknown,Unknown,,,Unknown,Unknown,,,,Unk,,Unk,,Unk,,,Other,0,False,False,False,False
3076,Other/Unbranded_Unknown_Unk_Unk_Unk,Other/Unbranded,Other,128.8,New,New,Other,Unknown,Unknown,,,Unknown,Unknown,,,,Unk,,Unk,,Unk,,,Other,0,False,False,False,False
3077,Other/Unbranded_Unknown_Unk_Unk_Unk,Other/Unbranded,Other,594.0,New,New,Intel,Unknown,Unknown,,,Unknown,Unknown,,,,Unk,,Unk,,Unk,,,Other,0,False,False,False,False
3078,AUO_Unknown_Unk_Unk_Unk,AUO,Other,70.4,New,New,Other,Unknown,Unknown,,,Unknown,Unknown,,,,Unk,,Unk,,Unk,,,Other,0,False,False,False,False
3079,Other/Unbranded_Unknown_Unk_Unk_Unk,Other/Unbranded,Other,145.6,Used,Used,Intel,Unknown,Unknown,,,Unknown,Unknown,,,,Unk,,Unk,,Unk,,,Other,0,False,False,False,False
3080,Other/Unbranded_Unknown_Unk_Unk_Unk,Other/Unbranded,Other,34.12,New,New,Other,Unknown,Unknown,,,Unknown,Unknown,,,,Unk,,Unk,,Unk,,,Other,0,False,False,False,False
3081,Other/Unbranded_Unknown_Unk_Unk_Unk,Other/Unbranded,Other,23.94,Used,Used,Other,Unknown,Unknown,,,Unknown,Unknown,,,,Unk,,Unk,,Unk,,,Other,0,False,False,False,False
3082,Microsoft_i7_Unk_128GB_12-14in,Microsoft,Notebook/Laptop,1302.0,Refurbished - Seller Grade,Refurbished,Intel,Intel,i7,10.0,3.0,Windows,SSD,,120.0,120.0,128GB,,Unk,13.5,12-14in,2256.0,1504.0,Other,4,False,True,True,True
3083,Dell_i5_Unk_256GB_12-14in,Dell,Notebook/Laptop,442.8,Used,Used,Intel,Intel,i5,6.0,2.8,Windows,Unknown,,240.0,240.0,256GB,,Unk,12.5,12-14in,1920.0,1080.0,Other,6,True,True,True,True
3084,Lenovo_i5_Unk_256GB_14-16in,Lenovo,Notebook/Laptop,349.5,Used,Used,Other,Intel,i5,7.0,3.1,Windows,Unknown,,240.0,240.0,256GB,,Unk,14.0,14-16in,1920.0,1080.0,Other,5,False,True,True,True
3085,Other/Unbranded_Unknown_Unk_Unk_Unk,Other/Unbranded,Other,250.1,Used,Used,Other,Unknown,Unknown,,,Unknown,Unknown,,,,Unk,,Unk,,Unk,,,Other,0,False,False,False,False
3086,Other/Unbranded_i3_Unk_512GB_12-14in,Other/Unbranded,Notebook/Laptop,422.0,Used,Used,Intel,Intel,i3,4.0,3.0,Windows,SSD,,480.0,480.0,512GB,,Unk,13.3,12-14in,1280.0,720.0,Other,4,False,False,True,True
3087,HP_ryzen7_16GB_512GB_Unk,HP,Notebook/Laptop,509.5,Refurbished - Certified,Refurbished,Amd,AMD,ryzen 7,,4.5,Windows,SSD,,512.0,512.0,512GB,16.0,16GB,,Unk,1920.0,1080.0,Black,5,False,False,True,True
3088,Other/Unbranded_Unknown_Unk_Unk_Unk,Other/Unbranded,Other,11.91,New,New,Other,Unknown,Unknown,,,Unknown,Unknown,,,,Unk,,Unk,,Unk,,,Other,0,False,False,False,False
3089,Lenovo_celeron_4GB_32GB_Sub-12in,Lenovo,Notebook/Laptop,25.5,Used,Used,Intel,Intel,celeron,,1.83,Chrome,SSD,16.0,16.0,32.0,32GB,4.0,4GB,11.6,Sub-12in,1366.0,768.0,Black,5,False,False,True,True
3090,HP_pentium_4GB_128GB_14-16in,HP,Notebook/Laptop,35.0,Unknown,Unknown,Amd,Intel,pentium,,1.1,Chrome,SSD,64.0,64.0,128.0,128GB,4.0,4GB,14.0,14-16in,1366.0,768.0,Silver,3,False,False,True,True
3091,Dell_i5_Unk_2TB_14-16in,Dell,Notebook/Laptop,484.0,Used,Used,Nvidia,Intel,i5,4.0,2.6,Windows,Unknown,,2000.0,2000.0,2TB,,Unk,14.0,14-16in,1280.0,720.0,Other,3,False,False,False,True
3092,Dell_i7_16GB_2TB_14-16in,Dell,Notebook/Laptop,889.0,New,New,Other,Intel,i7,13.0,5.0,Windows,SSD,512.0,512.0,1024.0,2TB,16.0,16GB,14.0,14-16in,1920.0,1080.0,Silver,5,False,True,True,True
3093,Dell_core2duo_4GB_128GB_14-16in,Dell,Notebook/Laptop,150.0,Used,Used,Other,Intel,core 2 duo,,2.0,Windows,HDD/SSD,80.0,,80.0,128GB,3.0,4GB,14.1,14-16in,,,Other,0,False,False,False,False
3094,Other/Unbranded_i5_16GB_512GB_Sub-12in,Other/Unbranded,Notebook/Laptop,668.0,Refurbished - Excellent,Refurbished,Intel,Intel,i5,7.0,3.3,Windows,SSD,256.0,256.0,512.0,512GB,16.0,16GB,10.1,Sub-12in,1920.0,1200.0,Silver,14,True,True,True,True
3095,Asus_Unknown_Unk_Unk_Unk,Asus,Other,72.8,New,New,Other,Unknown,Unknown,,,Unknown,Unknown,,,,Unk,,Unk,,Unk,,,Other,0,False,False,False,False
3096,Dell_i5_Unk_256GB_14-16in,Dell,Notebook/Laptop,326.2,Used,Used,Nvidia,Intel,i5,4.0,,Windows,Unknown,,240.0,240.0,256GB,,Unk,14.0,14-16in,1280.0,720.0,Other,0,False,False,False,False
3097,Dell_i5_Unk_256GB_12-14in,Dell,Notebook/Laptop,422.0,Used,Used,Intel,Intel,i5,6.0,2.8,Windows,Unknown,,240.0,240.0,256GB,,Unk,12.5,12-14in,1920.0,1080.0,Other,6,True,True,True,True
3098,HP_celeron_Unk_128GB_14-16in,HP,Notebook/Laptop,255.0,New,New,Other,Intel,celeron,,1.1,Windows,EMMC,64.0,64.0,128.0,128GB,,Unk,14.0,14-16in,,,Pink,0,False,False,False,False
3099,Asus_Unknown_Unk_Unk_Unk,Asus,Other,113.9,Used,Used,Other,Unknown,Unknown,,,Unknown,Unknown,,,,Unk,,Unk,,Unk,,,Other,0,False,False,False,False
3100,Acer_celeron_4GB_32GB_14-16in,Acer,Notebook/Laptop,55.0,Used,Used,Intel,Intel,celeron,,1.6,Chrome,EMMC,,32.0,32.0,32GB,4.0,4GB,14.0,14-16in,,,Silver,4,False,False,True,True
3101,Dell_i5_8GB_256GB_12-14in,Dell,Notebook/Laptop,35.0,For Parts / Not Working,End-of-Life,Other,Intel,i5,5.0,2.3,Unknown,SSD,128.0,128.0,256.0,256GB,8.0,8GB,12.5,12-14in,1366.0,768.0,Black,0,False,False,False,False
3102,Other/Unbranded_i3_Unk_128GB_14-16in,Other/Unbranded,Notebook/Laptop,385.5,Used,Used,Intel,Intel,i3,6.0,3.0,Windows,SSD,,120.0,120.0,128GB,,Unk,14.0,14-16in,1280.0,720.0,Other,5,False,False,True,True
3103,HP_i3_16GB_16GB_14-16in,HP,Other,135.0,Used,Used,Other,Intel,i3,8.0,2.1,Windows,SSD,16.0,,16.0,16GB,16.0,16GB,14.0,14-16in,,,Other,0,False,False,False,False
3104,Dell_i7_16GB_1TB_14-16in,Dell,Notebook/Laptop,100.0,Used,Used,Other,Intel,i7,,2.8,Windows,SSD,512.0,64.0,576.0,1TB,16.0,16GB,14.0,14-16in,1920.0,1080.0,Black,1,False,False,False,True
3105,Samsung_celeron_4GB_32GB_Sub-12in,Samsung,Notebook/Laptop,120.0,Unknown,Unknown,Intel,Intel,celeron,,,Chrome,OTHER,16.0,16.0,32.0,32GB,4.0,4GB,11.6,Sub-12in,1366.0,768.0,Gray,6,False,False,True,True
3106,Dell_i5_8GB_512GB_16in+,Dell,Notebook/Laptop,570.0,Open Box,Like-New,Other,Intel,i5,13.0,1.3,Windows,SSD,,512.0,512.0,512GB,8.0,8GB,16.0,16in+,1920.0,1200.0,Multicolor,0,False,False,False,False
3107,Dell_i5_Unk_512GB_Sub-12in,Dell,Notebook/Laptop,410.0,Used,Used,Intel,Intel,i5,4.0,1.99,Windows,SSD,,480.0,480.0,512GB,,Unk,10.8,Sub-12in,1920.0,1080.0,Other,7,True,False,True,True
3108,Dell_i5_Unk_256GB_14-16in,Dell,Notebook/Laptop,340.8,Used,Used,Intel,Intel,i5,3.0,3.0,Windows,Unknown,,240.0,240.0,256GB,,Unk,14.0,14-16in,1280.0,720.0,Other,2,False,False,False,True
3109,Dell_i5_Unk_256GB_14-16in,Dell,Notebook/Laptop,323.0,Used,Used,Intel,Intel,i5,5.0,2.7,Windows,Unknown,,240.0,240.0,256GB,,Unk,14.0,14-16in,1280.0,720.0,Other,3,False,False,False,True
3110,Lenovo_i5_Unk_256GB_12-14in,Lenovo,Notebook/Laptop,458.5,Used,Used,Intel,Intel,i5,4.0,1.99,Windows,SSD,,240.0,240.0,256GB,,Unk,12.5,12-14in,1280.0,720.0,Other,6,False,False,True,True
3111,Microsoft_i7_Unk_256GB_12-14in,Microsoft,Notebook/Laptop,1047.0,Refurbished - Seller Grade,Refurbished,Intel,Intel,i7,8.0,3.0,Windows,SSD,,256.0,256.0,256GB,,Unk,13.5,12-14in,2256.0,1504.0,Other,4,False,True,True,True
3112,LG_Unknown_Unk_Unk_Unk,LG,Other,292.5,Open Box,Like-New,Other,Unknown,Unknown,,,Unknown,Unknown,,,,Unk,,Unk,,Unk,,,Other,0,False,False,False,False
3113,Other/Unbranded_i7_Unk_1TB_14-16in,Other/Unbranded,Notebook/Laptop,2332.0,Refurbished - Seller Grade,Refurbished,Intel,Intel,i7,,1.99,Windows,SSD,,960.0,960.0,1TB,,Unk,14.0,14-16in,1920.0,1080.0,Other,6,False,False,True,True
3114,Other/Unbranded_i7_Unk_256GB_14-16in,Other/Unbranded,Notebook/Laptop,2148.0,Refurbished - Seller Grade,Refurbished,Intel,Intel,i7,,1.99,Windows,SSD,,240.0,240.0,256GB,,Unk,14.0,14-16in,1920.0,1080.0,Other,6,False,False,True,True
3115,Dell_i5_Unk_256GB_14-16in,Dell,Notebook/Laptop,344.0,Used,Used,Intel,Intel,i5,5.0,2.7,Windows,Unknown,,240.0,240.0,256GB,,Unk,14.0,14-16in,1280.0,720.0,Other,3,False,False,False,True
3116,Dell_i5_Unk_256GB_14-16in,Dell,Notebook/Laptop,379.8,Used,Used,Nvidia,Intel,i5,4.0,2.6,Windows,Unknown,,240.0,240.0,256GB,,Unk,14.0,14-16in,1280.0,720.0,Other,3,False,False,False,True
3117,Other/Unbranded_Unknown_Unk_Unk_Unk,Other/Unbranded,Other,358.5,Used,Used,Intel,Unknown,Unknown,,,Unknown,Unknown,,,,Unk,,Unk,,Unk,,,Other,0,False,False,False,False
3118,AUO_Unknown_Unk_Unk_Unk,AUO,Other,94.44,New,New,Other,Unknown,Unknown,,,Unknown,Unknown,,,,Unk,,Unk,,Unk,,,Other,0,False,False,False,False
3119,Other/Unbranded_Unknown_Unk_Unk_Unk,Other/Unbranded,Other,82.6,New,New,Other,Unknown,Unknown,,,Unknown,Unknown,,,,Unk,,Unk,,Unk,,,Other,0,False,False,False,False
3120,Other/Unbranded_Unknown_Unk_Unk_Unk,Other/Unbranded,Other,329.5,Refurbished - Seller Grade,Refurbished,Intel,Unknown,Unknown,,,Unknown,Unknown,,,,Unk,,Unk,,Unk,,,Black,0,False,False,False,False
3121,Other/Unbranded_Unknown_Unk_Unk_Unk,Other/Unbranded,Other,527.5,Used,Used,Other,Unknown,Unknown,,,Unknown,Unknown,,,,Unk,,Unk,,Unk,,,Other,0,False,False,False,False
3122,Other/Unbranded_Unknown_Unk_Unk_Unk,Other/Unbranded,Other,614.5,Refurbished - Seller Grade,Refurbished,Intel,Unknown,Unknown,,,Unknown,Unknown,,,,Unk,,Unk,,Unk,,,Other,0,False,False,False,False
3123,Other/Unbranded_Unknown_Unk_Unk_Unk,Other/Unbranded,Other,75.06,New,New,Other,Unknown,Unknown,,,Unknown,Unknown,,,,Unk,,Unk,,Unk,,,Other,0,False,False,False,False
3124,Other/Unbranded_Unknown_Unk_Unk_Unk,Other/Unbranded,Other,107.9,New,New,Other,Unknown,Unknown,,,Unknown,Unknown,,,,Unk,,Unk,,Unk,,,Other,0,False,False,False,False
3125,Other/Unbranded_Unknown_Unk_Unk_Unk,Other/Unbranded,Other,1058.0,Used,Used,Other,Unknown,Unknown,,,Unknown,Unknown,,,,Unk,,Unk,,Unk,,,Other,0,False,False,False,False
3126,Other/Unbranded_Unknown_Unk_Unk_Unk,Other/Unbranded,Other,106.0,New,New,Other,Unknown,Unknown,,,Unknown,Unknown,,,,Unk,,Unk,,Unk,,,Other,0,False,False,False,False
3127,Other/Unbranded_Unknown_Unk_Unk_Unk,Other/Unbranded,Other,3364.0,New,New,Intel,Unknown,Unknown,,,Unknown,Unknown,,,,Unk,,Unk,,Unk,,,Other,0,False,False,False,False
3128,Dell_i5_Unk_256GB_12-14in,Dell,Notebook/Laptop,447.2,Used,Used,Intel,Intel,i5,6.0,2.8,Windows,Unknown,,240.0,240.0,256GB,,Unk,12.5,12-14in,1920.0,1080.0,Other,7,True,True,True,True
3129,Other/Unbranded_Unknown_Unk_Unk_Unk,Other/Unbranded,Other,109.3,New,New,Other,Unknown,Unknown,,,Unknown,Unknown,,,,Unk,,Unk,,Unk,,,Other,0,False,False,False,False
3130,Other/Unbranded_Unknown_Unk_Unk_Unk,Other/Unbranded,Other,960.5,Used,Used,Other,Unknown,Unknown,,,Unknown,Unknown,,,,Unk,,Unk,,Unk,,,Other,0,False,False,False,False
3131,Other/Unbranded_Unknown_Unk_Unk_Unk,Other/Unbranded,Other,1000.0,Refurbished - Seller Grade,Refurbished,Intel,Unknown,Unknown,,,Unknown,Unknown,,,,Unk,,Unk,,Unk,,,Other,0,False,False,False,False
3132,Other/Unbranded_Unknown_Unk_Unk_Unk,Other/Unbranded,Other,59.56,Unknown,Unknown,Other,Unknown,Unknown,,,Unknown,Unknown,,,,Unk,,Unk,,Unk,,,Other,0,False,False,False,False
3133,Other/Unbranded_Unknown_Unk_Unk_Unk,Other/Unbranded,Other,264.8,Refurbished - Seller Grade,Refurbished,Intel,Unknown,Unknown,,,Unknown,Unknown,,,,Unk,,Unk,,Unk,,,Other,0,False,False,False,False
3134,Other/Unbranded_Unknown_Unk_Unk_Unk,Other/Unbranded,Other,266.8,Refurbished - Seller Grade,Refurbished,Intel,Unknown,Unknown,,,Unknown,Unknown,,,,Unk,,Unk,,Unk,,,Other,0,False,False,False,False
3135,Lenovo_celeron_4GB_64GB_Sub-12in,Lenovo,Notebook/Laptop,75.0,Refurbished - Good,Refurbished,Intel,Intel,celeron,,2.4,Chrome,EMMC,32.0,32.0,64.0,64GB,4.0,4GB,11.6,Sub-12in,1366.0,768.0,Multicolor,5,False,False,True,True
3136,Other/Unbranded_Other/Unspecified_4GB_128GB_Unk,Other/Unbranded,Other,111.75,Used,Used,Other,Other,Other/Unspecified,,2.16,Windows,SSD,,128.0,128.0,128GB,4.0,4GB,,Unk,,,Other,1,False,False,False,False
3137,Acer_celeron_2GB_32GB_Sub-12in,Acer,Notebook/Laptop,50.0,Unknown,Unknown,Intel,Intel,celeron,,1.4,Chrome,SSD,16.0,16.0,32.0,32GB,2.0,2GB,11.6,Sub-12in,1366.0,768.0,Gray,8,True,True,True,True
3138,Acer_Other/Unspecified_4GB_64GB_12-14in,Acer,Notebook/Laptop,63.0,Refurbished - Good,Refurbished,Other,Other,Other/Unspecified,,2.1,Chrome,SSD,32.0,32.0,64.0,64GB,4.0,4GB,13.3,12-14in,,,Other,1,True,False,False,False
3139,Other/Unbranded_atom_8GB_256GB_Sub-12in,Other/Unbranded,Other,200.0,Used,Used,Other,Intel,atom,,1.6,Windows,EMMC,128.0,128.0,256.0,256GB,8.0,8GB,8.1,Sub-12in,1280.0,800.0,Black,4,False,False,True,False
3140,Dell_celeron_4GB_256GB_Sub-12in,Dell,Notebook/Laptop,99.0,Used,Used,Intel,Intel,celeron,,1.1,Windows,SSD,128.0,128.0,256.0,256GB,4.0,4GB,11.6,Sub-12in,1366.0,768.0,Black,1,True,False,False,False
3141,Dell_i5_8GB_256GB_12-14in,Dell,Notebook/Laptop,175.0,Used,Used,Other,Intel,i5,8.0,,Windows,SSD,,256.0,256.0,256GB,8.0,8GB,12.3,12-14in,1920.0,1080.0,Other,0,False,False,False,False
3142,HP_ryzen7_16GB_2TB_14-16in,HP,Notebook/Laptop,539.0,Refurbished - Certified,Refurbished,Amd,AMD,ryzen 7,,1.9,Unknown,SSD,1000.0,1000.0,2000.0,2TB,16.0,16GB,14.0,14-16in,1920.0,1080.0,Silver,2,False,False,True,False
3143,Lenovo_i5_16GB_512GB_14-16in,Lenovo,Notebook/Laptop,119.94,Used,Used,Other,Intel,i5,2.0,,Linux,HDD/SSD,500.0,,500.0,512GB,16.0,16GB,14.0,14-16in,,,Black,3,False,False,False,True
3144,HP_ryzen5_16GB_512GB_14-16in,HP,Other,339.0,Used,Used,Other,AMD,ryzen 5,,2.1,Windows,SSD,256.0,256.0,512.0,512GB,16.0,16GB,15.6,14-16in,,,Black,0,False,False,False,False
3145,Other/Unbranded_i7_16GB_256GB_14-16in,Other/Unbranded,Notebook/Laptop,250.0,Used,Used,Intel,Intel,i7,6.0,2.6,Windows,SSD,128.0,128.0,256.0,256GB,16.0,16GB,14.1,14-16in,,,Other,7,True,True,True,True
3146,Microsoft_i5_Unk_Unk_12-14in,Microsoft,Other,149.0,Used,Used,Other,Intel,i5,,,Unknown,Unknown,,,,Unk,,Unk,13.5,12-14in,,,Other,0,False,False,False,False
3147,Lenovo_Other/Unspecified_16GB_2TB_12-14in,Lenovo,Notebook/Laptop,530.0,Unknown,Unknown,Other,Other,Other/Unspecified,,3.0,Windows,SSD,512.0,512.0,1024.0,2TB,16.0,16GB,13.3,12-14in,1920.0,1200.0,Black,7,True,True,True,True
3148,Microsoft_i5_8GB_512GB_12-14in,Microsoft,Notebook/Laptop,150.0,Used,Used,Other,Intel,i5,7.0,2.6,Unknown,SSD,256.0,256.0,512.0,512GB,8.0,8GB,13.3,12-14in,3000.0,2000.0,Other,0,False,False,False,False
3149,Dell_i7_32GB+_2TB_16in+,Dell,Notebook/Laptop,575.0,Unknown,Unknown,Intel,Intel,i7,12.0,4.7,Windows,SSD,1000.0,1000.0,2000.0,2TB,40.0,32GB+,16.0,16in+,3072.0,1920.0,Green,7,False,True,True,True
3150,Lenovo_i5_16GB_512GB_14-16in,Lenovo,Notebook/Laptop,190.0,Used,Used,Intel,Intel,i5,6.0,2.4,Windows,SSD,,512.0,512.0,512GB,16.0,16GB,14.0,14-16in,1366.0,768.0,Black,5,False,False,True,True
3151,Other/Unbranded_i5_32GB+_512GB_12-14in,Other/Unbranded,Other,442.8,Used,Used,Other,Intel,i5,6.0,2.4,Windows,SSD,,512.0,512.0,512GB,512.0,32GB+,13.3,12-14in,,,Other,0,False,False,False,False
3152,Lenovo_i5_16GB_2TB_14-16in,Lenovo,Notebook/Laptop,220.0,Refurbished - Excellent,Refurbished,Intel,Intel,i5,6.0,2.4,Windows,SSD,512.0,512.0,1024.0,2TB,12.0,16GB,14.0,14-16in,1920.0,1080.0,Other,3,False,False,True,True
3153,Dell_i7_8GB_16GB_14-16in,Dell,Notebook/Laptop,95.0,Used,Used,Other,Intel,i7,,2.7,Unknown,SSD,8.0,,8.0,16GB,8.0,8GB,15.6,14-16in,1920.0,1080.0,Black,6,False,False,True,True
3154,HP_Other/Unspecified_4GB_64GB_Sub-12in,HP,Other,99.94,Used,Used,Other,Other,Other/Unspecified,,2.0,Chrome,EMMC,4.0,32.0,36.0,64GB,4.0,4GB,11.6,Sub-12in,1366.0,768.0,Black,4,True,False,True,False
3155,Dell_i5_16GB_512GB_14-16in,Dell,Notebook/Laptop,263.2,Refurbished - Very Good,Refurbished,Intel,Intel,i5,,1.6,Windows,SSD,256.0,256.0,512.0,512GB,16.0,16GB,14.0,14-16in,,,Other,2,False,False,False,False
3156,Lenovo_i3_8GB_512GB_14-16in,Lenovo,Notebook/Laptop,100.0,Used,Used,Intel,Intel,i3,4.0,2.4,Windows,SSD,250.0,256.0,506.0,512GB,8.0,8GB,15.6,14-16in,1366.0,768.0,Black,5,False,False,True,False
3157,Microsoft_i5_8GB_256GB_12-14in,Microsoft,Notebook/Laptop,355.0,Refurbished - Good,Refurbished,Other,Intel,i5,10.0,1.1,Windows,SSD,,256.0,256.0,256GB,8.0,8GB,12.3,12-14in,2736.0,1824.0,Platinum,4,True,False,True,False
3158,Asus_celeron_4GB_16GB_Sub-12in,Asus,Notebook/Laptop,29.98,Used,Used,Intel,Intel,celeron,,1.6,Chrome,EMMC,4.0,,4.0,16GB,4.0,4GB,11.6,Sub-12in,1366.0,768.0,Gray,4,False,False,True,True
3159,Dell_i5_Unk_128GB_14-16in,Dell,Notebook/Laptop,319.0,Used,Used,Intel,Intel,i5,5.0,2.7,Windows,Unknown,,120.0,120.0,128GB,,Unk,14.0,14-16in,1280.0,720.0,Other,3,False,False,False,True
3160,Dell_i5_Unk_128GB_14-16in,Dell,Notebook/Laptop,324.0,Used,Used,Intel,Intel,i5,4.0,2.6,Windows,Unknown,,120.0,120.0,128GB,,Unk,14.0,14-16in,1280.0,720.0,Other,3,False,False,False,True
3161,Dell_i5_Unk_1TB_14-16in,Dell,Notebook/Laptop,389.5,Used,Used,Intel,Intel,i5,3.0,3.0,Windows,SSD,,960.0,960.0,1TB,,Unk,14.0,14-16in,1280.0,720.0,Other,2,False,False,False,True
3162,Other/Unbranded_Unknown_Unk_Unk_Unk,Other/Unbranded,Other,372.0,Used,Used,Intel,Unknown,Unknown,,,Unknown,Unknown,,,,Unk,,Unk,,Unk,,,Other,0,False,False,False,False
3163,HP_i5_Unk_Unk_14-16in,HP,Notebook/Laptop,250.0,Used,Used,Other,Intel,i5,6.0,,Unknown,Unknown,,,,Unk,,Unk,14.1,14-16in,,,Other,0,False,False,False,False
3164,Dell_i5_Unk_128GB_14-16in,Dell,Notebook/Laptop,320.2,Used,Used,Intel,Intel,i5,5.0,,Windows,Unknown,,120.0,120.0,128GB,,Unk,14.0,14-16in,1280.0,720.0,Other,0,False,False,False,False
3165,Other/Unbranded_Unknown_Unk_Unk_Unk,Other/Unbranded,Other,225.2,Used,Used,Other,Unknown,Unknown,,,Unknown,Unknown,,,,Unk,,Unk,,Unk,,,Other,0,False,False,False,False
3166,Other/Unbranded_Unknown_Unk_Unk_Unk,Other/Unbranded,Other,3104.0,New,New,Intel,Unknown,Unknown,,,Unknown,Unknown,,,,Unk,,Unk,,Unk,,,Other,0,False,False,False,False
3167,Other/Unbranded_Unknown_Unk_Unk_Unk,Other/Unbranded,Other,72.2,Unknown,Unknown,Other,Unknown,Unknown,,,Unknown,Unknown,,,,Unk,,Unk,,Unk,,,Other,0,False,False,False,False
3168,Other/Unbranded_celeron_32GB_2TB_14-16in,Other/Unbranded,Notebook/Laptop,299.0,New,New,Other,Intel,celeron,,2.4,Windows,SSD,24.0,1024.0,1048.0,2TB,24.0,32GB,15.6,14-16in,1920.0,1080.0,Gray,2,False,False,True,True
3169,Dell_Unknown_Unk_512GB_14-16in,Dell,Notebook/Laptop,588.5,Used,Used,Other,Unknown,Unknown,,2.4,Windows,HDD/SSD,500.0,,500.0,512GB,,Unk,15.6,14-16in,,,Black,2,False,False,True,False
3170,Other/Unbranded_Unknown_Unk_Unk_Unk,Other/Unbranded,Other,589.5,Refurbished - Excellent,Refurbished,Intel,Unknown,Unknown,,,Unknown,Unknown,,,,Unk,,Unk,,Unk,,,Other,0,False,False,False,False
3171,Other/Unbranded_Unknown_Unk_Unk_Unk,Other/Unbranded,Other,254.0,New,New,Other,Unknown,Unknown,,,Windows,Unknown,,,,Unk,,Unk,,Unk,,,Gray,0,False,False,False,False
3172,Other/Unbranded_Unknown_Unk_Unk_Unk,Other/Unbranded,Other,156.1,Used,Used,Other,Unknown,Unknown,,,Unknown,Unknown,,,,Unk,,Unk,,Unk,,,Other,0,False,False,False,False
3173,Other/Unbranded_Unknown_Unk_Unk_Unk,Other/Unbranded,Other,31.55,New,New,Other,Unknown,Unknown,,,Unknown,Unknown,,,,Unk,,Unk,,Unk,,,Other,0,False,False,False,False
3174,Dell_i5_Unk_256GB_14-16in,Dell,Notebook/Laptop,329.8,Used,Used,Intel,Intel,i5,5.0,2.7,Windows,Unknown,,240.0,240.0,256GB,,Unk,14.0,14-16in,1280.0,720.0,Other,3,False,False,False,True
3175,Other/Unbranded_Unknown_Unk_Unk_Unk,Other/Unbranded,Other,33.66,New,New,Other,Unknown,Unknown,,,Unknown,Unknown,,,,Unk,,Unk,,Unk,,,Other,0,False,False,False,False
3176,Other/Unbranded_Unknown_Unk_Unk_Unk,Other/Unbranded,Other,16.31,Used,Used,Other,Unknown,Unknown,,,Unknown,Unknown,,,,Unk,,Unk,,Unk,,,Other,0,False,False,False,False
3177,Other/Unbranded_Unknown_Unk_Unk_Unk,Other/Unbranded,Other,105.25,New,New,Other,Unknown,Unknown,,,Unknown,Unknown,,,,Unk,,Unk,,Unk,,,Other,0,False,False,False,False
3178,Other/Unbranded_Unknown_Unk_Unk_Unk,Other/Unbranded,Other,547.5,Refurbished - Seller Grade,Refurbished,Intel,Unknown,Unknown,,,Unknown,Unknown,,,,Unk,,Unk,,Unk,,,Black,0,False,False,False,False
3179,Other/Unbranded_Unknown_Unk_Unk_Unk,Other/Unbranded,Other,488.2,Used,Used,Other,Unknown,Unknown,,,Unknown,Unknown,,,,Unk,,Unk,,Unk,,,Other,0,False,False,False,False
3180,Lenovo_i5_Unk_128GB_14-16in,Lenovo,Notebook/Laptop,323.5,Used,Used,Other,Intel,i5,7.0,3.1,Windows,Unknown,,120.0,120.0,128GB,,Unk,14.0,14-16in,1920.0,1080.0,Other,5,False,True,True,True
3181,Dell_celeron_4GB_Unk_Sub-12in,Dell,Notebook/Laptop,90.0,For Parts / Not Working,End-of-Life,Other,Intel,celeron,,1.86,Unknown,HDD/SSD,,,,Unk,4.0,4GB,11.6,Sub-12in,,,Other,0,False,False,False,False
3182,Other/Unbranded_Unknown_Unk_Unk_Unk,Other/Unbranded,Other,36.97,New,New,Other,Unknown,Unknown,,,Unknown,Unknown,,,,Unk,,Unk,,Unk,,,Other,0,False,False,False,False
3183,Dell_i5_Unk_128GB_14-16in,Dell,Other,325.8,Used,Used,Intel,Intel,i5,6.0,,Windows,Unknown,,120.0,120.0,128GB,,Unk,14.0,14-16in,1280.0,720.0,Black,1,False,False,False,False
3184,Other/Unbranded_Unknown_Unk_Unk_Unk,Other/Unbranded,Other,97.9,Used,Used,Other,Unknown,Unknown,,,Unknown,Unknown,,,,Unk,,Unk,,Unk,,,Other,0,False,False,False,False
3185,Other/Unbranded_Unknown_Unk_Unk_Unk,Other/Unbranded,Other,201.4,Refurbished - Seller Grade,Refurbished,Intel,Unknown,Unknown,,,Unknown,Unknown,,,,Unk,,Unk,,Unk,,,Black,0,False,False,False,False
3187,Other/Unbranded_Unknown_Unk_Unk_Unk,Other/Unbranded,Other,15.23,Used,Used,Other,Unknown,Unknown,,,Unknown,Unknown,,,,Unk,,Unk,,Unk,,,Other,0,False,False,False,False
3188,HP_i3_Unk_Unk_14-16in,HP,Notebook/Laptop,380.0,Used,Used,Other,Intel,i3,,,Unknown,Unknown,,,,Unk,,Unk,14.0,14-16in,,,Blue,0,False,False,False,False
3189,Dell_i5_4GB_16GB_14-16in,Dell,Other,150.0,Used,Used,Other,Intel,i5,,2.3,Unknown,Unknown,4.0,,4.0,16GB,4.0,4GB,14.0,14-16in,,,Other,0,False,False,False,False
3190,Other/Unbranded_Unknown_Unk_Unk_Unk,Other/Unbranded,Other,210.2,Refurbished - Seller Grade,Refurbished,Intel,Unknown,Unknown,,,Unknown,Unknown,,,,Unk,,Unk,,Unk,,,Black,0,False,False,False,False
3191,Microsoft_i5_8GB_512GB_12-14in,Microsoft,Other,240.0,Used,Used,Other,Intel,i5,,1.7,Windows,SSD,256.0,256.0,512.0,512GB,8.0,8GB,12.1,12-14in,2736.0,1824.0,Black,5,True,False,True,True
3192,Other/Unbranded_celeron_4GB_64GB_Sub-12in,Other/Unbranded,Notebook/Laptop,180.0,Unknown,Unknown,Other,Intel,celeron,,1.1,Windows,EMMC,64.0,,64.0,64GB,4.0,4GB,11.6,Sub-12in,1366.0,768.0,Black,1,True,False,False,False
3193,Other/Unbranded_i5_Unk_Unk_12-14in,Other/Unbranded,Other,1235.0,Used,Used,Other,Intel,i5,8.0,,Unknown,Unknown,,,,Unk,,Unk,13.3,12-14in,,,Other,0,False,False,False,False
3194,Other/Unbranded_i5_8GB_512GB_14-16in,Other/Unbranded,Notebook/Laptop,700.0,Unknown,Unknown,Nvidia,Intel,i5,11.0,2.7,Windows,SSD,,512.0,512.0,512GB,8.0,8GB,15.6,14-16in,1920.0,1080.0,Gray,2,False,False,True,True
3195,Dell_i3_4GB_256GB_14-16in,Dell,Notebook/Laptop,40.0,Used,Used,Other,Intel,i3,5.0,2.0,Unknown,HDD/SSD,250.0,,250.0,256GB,4.0,4GB,15.6,14-16in,,,Other,0,False,False,False,False
3196,Dell_i5_32GB_2TB_14-16in,Dell,Notebook/Laptop,1450.0,Refurbished - Excellent,Refurbished,Intel,Intel,i5,11.0,2.4,Windows,SSD,512.0,512.0,1024.0,2TB,32.0,32GB,14.0,14-16in,1920.0,1080.0,Black,1,False,False,False,False
3197,Dell_i5_Unk_512GB_12-14in,Dell,Other,330.0,Used,Used,Other,Intel,i5,,2.6,Unknown,SSD,256.0,256.0,512.0,512GB,,Unk,12.5,12-14in,,,Other,0,False,False,False,False
3198,Dell_i5_Unk_256GB_12-14in,Dell,Notebook/Laptop,442.8,Used,Used,Intel,Intel,i5,6.0,2.8,Windows,Unknown,,240.0,240.0,256GB,,Unk,12.5,12-14in,1920.0,1080.0,Other,6,True,True,True,True
3199,Microsoft_i5_8GB_512GB_12-14in,Microsoft,Notebook/Laptop,250.0,Used,Used,Other,Intel,i5,10.0,1.2,Windows,OTHER,256.0,256.0,512.0,512GB,8.0,8GB,13.5,12-14in,,,Silver,1,True,False,False,False
3200,HP_i7_8GB_2TB_12-14in,HP,Notebook/Laptop,820.0,New,New,Intel,Intel,i7,10.0,1.6,Windows,SSD,1000.0,1000.0,2000.0,2TB,8.0,8GB,13.3,12-14in,3840.0,2160.0,Silver,6,True,True,True,True
3201,Other/Unbranded_Unknown_Unk_Unk_Unk,Other/Unbranded,Other,304.0,Used,Used,Other,Unknown,Unknown,,,Unknown,Unknown,,,,Unk,,Unk,,Unk,,,Other,0,False,False,False,False
3202,Dell_i5_Unk_Unk_14-16in,Dell,Notebook/Laptop,100.0,Used,Used,Other,Intel,i5,2.0,,Windows,Unknown,,,,Unk,,Unk,15.6,14-16in,,,Other,0,False,False,False,False
3203,Dell_i5_4GB_256GB_14-16in,Dell,Notebook/Laptop,170.0,Used,Used,Intel,Intel,i5,1.0,2.4,Windows,HDD/SSD,160.0,,160.0,256GB,4.0,4GB,14.1,14-16in,1280.0,800.0,Multicolor,6,False,False,False,True
3204,Other/Unbranded_celeron_Unk_Unk_Sub-12in,Other/Unbranded,Other,185.0,Used,Used,Other,Intel,celeron,,,Unknown,Unknown,,,,Unk,,Unk,11.6,Sub-12in,,,Other,0,False,False,False,False
3205,Lenovo_ryzen5_16GB_2TB_14-16in,Lenovo,Notebook/Laptop,199.0,Used,Used,Amd,AMD,ryzen 5,,2.0,Windows,SSD,512.0,512.0,1024.0,2TB,16.0,16GB,14.0,14-16in,1920.0,1080.0,Black,5,False,True,True,True
3206,HP_core2duo_4GB_Unk_14-16in,HP,Notebook/Laptop,19.98,Used,Used,Other,Intel,core 2 duo,,,Unknown,OTHER,,,,Unk,4.0,4GB,15.6,14-16in,,,Black,0,False,False,False,False
3207,Asus_celeron_4GB_128GB_14-16in,Asus,Notebook/Laptop,197.0,Unknown,Unknown,Intel,Intel,celeron,,1.1,Windows,EMMC,64.0,64.0,128.0,128GB,4.0,4GB,14.0,14-16in,1366.0,768.0,Blue,7,True,True,True,True
3208,Other/Unbranded_i5_8GB_512GB_12-14in,Other/Unbranded,Notebook/Laptop,530.0,Refurbished - Good,Refurbished,Intel,Intel,i5,,2.3,Mac,SSD,,512.0,512.0,512GB,8.0,8GB,13.3,12-14in,1366.0,768.0,Silver,2,False,False,False,True
3209,Other/Unbranded_Unknown_8GB_512GB_Sub-12in,Other/Unbranded,Notebook/Laptop,260.0,Used,Used,Other,Unknown,Unknown,,2.2,Windows,SSD,256.0,256.0,512.0,512GB,8.0,8GB,10.1,Sub-12in,,,Other,1,False,False,False,False
3210,Lenovo_i5_Unk_1TB_14-16in,Lenovo,Notebook/Laptop,448.2,Used,Used,Other,Intel,i5,7.0,3.1,Windows,Unknown,,960.0,960.0,1TB,,Unk,14.0,14-16in,1920.0,1080.0,Other,5,False,True,True,True
3211,Other/Unbranded_i5_Unk_Unk_12-14in,Other/Unbranded,Notebook/Laptop,710.0,For Parts / Not Working,End-of-Life,Other,Intel,i5,8.0,,Unknown,SSD,,,,Unk,,Unk,13.0,12-14in,,,Gray,0,False,False,False,False
3212,Dell_i7_Unk_Unk_14-16in,Dell,Other,310.0,Used,Used,Other,Intel,i7,9.0,,Unknown,Unknown,,,,Unk,,Unk,15.6,14-16in,,,Other,0,False,False,False,False
3213,HP_i5_8GB_16GB_14-16in,HP,Notebook/Laptop,160.0,For Parts / Not Working,End-of-Life,Other,Intel,i5,6.0,2.4,Unknown,HDD/SSD,8.0,,8.0,16GB,8.0,8GB,15.6,14-16in,1920.0,1080.0,Silver,3,False,False,False,True
3214,Lenovo_Unknown_16GB_Unk_14-16in,Lenovo,Notebook/Laptop,250.0,Used,Used,Other,Unknown,Unknown,,,Windows,SSD,,,,Unk,16.0,16GB,14.0,14-16in,,,Black,0,False,False,False,False
3215,Other/Unbranded_Unknown_Unk_Unk_Unk,Other/Unbranded,Other,27.19,Used,Used,Other,Unknown,Unknown,,,Unknown,Unknown,,,,Unk,,Unk,,Unk,,,Other,0,False,False,False,False
3216,Dell_i7_16GB_512GB_14-16in,Dell,Notebook/Laptop,450.0,Used,Used,Intel,Intel,i7,11.0,3.0,Unknown,SSD,256.0,256.0,512.0,512GB,16.0,16GB,14.0,14-16in,1920.0,1080.0,Black,3,False,False,True,True
3217,HP_celeron_Unk_Unk_14-16in,HP,Other,200.0,Refurbished - Good,Refurbished,Other,Intel,celeron,,1.1,Chrome,SSD,,,,Unk,,Unk,14.0,14-16in,1366.0,768.0,Other,0,False,False,False,False
3218,Lenovo_Other/Unspecified_4GB_256GB_Sub-12in,Lenovo,Other,115.0,Unknown,Unknown,Other,Other,Other/Unspecified,,2.0,Chrome,SSD,128.0,128.0,256.0,256GB,4.0,4GB,10.1,Sub-12in,1920.0,1200.0,Gray,5,True,False,True,True
3219,Dell_i5_8GB_512GB_12-14in,Dell,Notebook/Laptop,749.0,Refurbished - Certified,Refurbished,Intel,Intel,i5,11.0,,Windows,SSD,,512.0,512.0,512GB,8.0,8GB,13.4,12-14in,3456.0,2160.0,White,7,True,True,True,True
3220,Dell_i5_Unk_512GB_14-16in,Dell,Notebook/Laptop,424.2,Used,Used,Intel,Intel,i5,5.0,2.7,Windows,Unknown,,480.0,480.0,512GB,,Unk,14.0,14-16in,1280.0,720.0,Other,3,False,False,False,True
3221,Asus_Unknown_Unk_Unk_Unk,Asus,Other,83.6,New,New,Other,Unknown,Unknown,,,Unknown,Unknown,,,,Unk,,Unk,,Unk,,,Other,0,False,False,False,False
3222,Dell_i5_Unk_256GB_14-16in,Dell,Notebook/Laptop,344.8,Used,Used,Intel,Intel,i5,5.0,2.7,Windows,Unknown,,240.0,240.0,256GB,,Unk,14.0,14-16in,1280.0,720.0,Other,3,False,False,False,True
3223,Other/Unbranded_Unknown_Unk_Unk_Unk,Other/Unbranded,Other,352.0,Used,Used,Intel,Unknown,Unknown,,,Unknown,Unknown,,,,Unk,,Unk,,Unk,,,Other,0,False,False,False,False
3224,HP_i5_16GB_512GB_14-16in,HP,Notebook/Laptop,190.0,Used,Used,Intel,Intel,i5,8.0,1.6,Windows,SSD,256.0,256.0,512.0,512GB,16.0,16GB,14.0,14-16in,1920.0,1080.0,Silver,3,False,True,False,True
3225,Lenovo_celeron_4GB_64GB_Sub-12in,Lenovo,Notebook/Laptop,50.0,Used,Used,Intel,Intel,celeron,,1.1,Chrome,EMMC,32.0,32.0,64.0,64GB,4.0,4GB,11.6,Sub-12in,,,Black,0,False,False,False,False
3226,Lenovo_Other/Unspecified_16GB_256GB_14-16in,Lenovo,Other,269.8,Used,Used,Intel,Other,Other/Unspecified,,1.9,Windows,Unknown,,256.0,256.0,256GB,16.0,16GB,14.0,14-16in,1366.0,768.0,Black,2,False,False,True,True
3227,Lenovo_ryzen5_8GB_256GB_14-16in,Lenovo,Notebook/Laptop,500.0,Unknown,Unknown,Nvidia,AMD,ryzen 5,,3.0,Windows,SSD,,256.0,256.0,256GB,8.0,8GB,15.6,14-16in,1920.0,1080.0,Black,3,False,False,True,True
3228,Microsoft_i5_8GB_512GB_12-14in,Microsoft,Notebook/Laptop,299.0,Unknown,Unknown,Intel,Intel,i5,7.0,2.6,Windows,SSD,256.0,256.0,512.0,512GB,8.0,8GB,12.3,12-14in,2736.0,1824.0,Silver,9,False,True,True,True
3229,Other/Unbranded_Unknown_Unk_Unk_Unk,Other/Unbranded,Other,369.2,Used,Used,Other,Unknown,Unknown,,,Unknown,Unknown,,,,Unk,,Unk,,Unk,,,Other,0,False,False,False,False
3230,Other/Unbranded_Unknown_Unk_Unk_Unk,Other/Unbranded,Other,229.1,Refurbished - Seller Grade,Refurbished,Intel,Unknown,Unknown,,,Unknown,Unknown,,,,Unk,,Unk,,Unk,,,Black,0,False,False,False,False
3231,Dell_i5_Unk_512GB_14-16in,Dell,Notebook/Laptop,375.8,Used,Used,Intel,Intel,i5,4.0,1.99,Windows,SSD,,360.0,360.0,512GB,,Unk,14.0,14-16in,1280.0,720.0,Other,5,False,False,True,True
3232,Microsoft_i3_4GB_256GB_12-14in,Microsoft,Notebook/Laptop,150.0,For Parts / Not Working,End-of-Life,Intel,Intel,i3,10.0,1.2,Windows,SSD,128.0,128.0,256.0,256GB,4.0,4GB,12.3,12-14in,2736.0,1824.0,Silver,3,True,False,True,True
3233,Other/Unbranded_Unknown_Unk_Unk_Unk,Other/Unbranded,Other,215.0,Used,Used,Intel,Unknown,Unknown,,,Unknown,Unknown,,,,Unk,,Unk,,Unk,,,Other,0,False,False,False,False
3234,Dell_i5_8GB_2TB_14-16in,Dell,Notebook/Laptop,450.0,Used,Used,Nvidia,Intel,i5,7.0,2.5,Windows,SSD,1000.0,256.0,1256.0,2TB,8.0,8GB,15.6,14-16in,1920.0,1080.0,Multicolor,4,False,False,True,True
3235,Dell_i7_16GB_2TB_14-16in,Dell,Notebook/Laptop,199.0,Used,Used,Other,Intel,i7,3.0,2.7,Windows,HDD/SSD,512.0,512.0,1024.0,2TB,16.0,16GB,15.6,14-16in,1920.0,1080.0,Other,2,False,False,False,False
3236,Other/Unbranded_i5_Unk_256GB_12-14in,Other/Unbranded,Notebook/Laptop,398.5,Used,Used,Intel,Intel,i5,6.0,3.0,Windows,SSD,,240.0,240.0,256GB,,Unk,13.3,12-14in,1280.0,720.0,Other,4,False,False,True,True
3237,Other/Unbranded_Unknown_Unk_Unk_Unk,Other/Unbranded,Other,379.5,Refurbished - Very Good,Refurbished,Other,Unknown,Unknown,,,Unknown,Unknown,,,,Unk,,Unk,,Unk,,,Other,0,False,False,False,False
3238,Lenovo_i5_16GB_512GB_14-16in,Lenovo,Notebook/Laptop,800.0,Used,Used,Other,Intel,i5,,,Unknown,SSD,256.0,256.0,512.0,512GB,16.0,16GB,15.6,14-16in,,,Other,0,False,False,False,False
3239,Dell_i7_16GB_512GB_14-16in,Dell,Notebook/Laptop,860.0,Used,Used,Other,Intel,i7,13.0,,Unknown,SSD,,512.0,512.0,512GB,16.0,16GB,14.0,14-16in,,,Silver,5,True,True,True,True
3240,Dell_i7_16GB_2TB_14-16in,Dell,Notebook/Laptop,169.0,Unknown,Unknown,Intel,Intel,i7,8.0,1.9,Windows,SSD,512.0,512.0,1024.0,2TB,16.0,16GB,14.0,14-16in,1920.0,1080.0,Black,7,False,True,True,True
3241,Acer_celeron_4GB_64GB_12-14in,Acer,Notebook/Laptop,375.2,Unknown,Unknown,Intel,Intel,celeron,,1.1,Chrome,SSD,32.0,32.0,64.0,64GB,4.0,4GB,12.0,12-14in,1366.0,912.0,Black,4,True,False,True,True
3242,Dell_i5_Unk_1TB_14-16in,Dell,Notebook/Laptop,467.5,Used,Used,Nvidia,Intel,i5,4.0,2.6,Windows,Unknown,,960.0,960.0,1TB,,Unk,14.0,14-16in,1280.0,720.0,Other,3,False,False,False,True
3243,Lenovo_i7_8GB_2TB_14-16in,Lenovo,Notebook/Laptop,1019.0,Unknown,Unknown,Intel,Intel,i7,12.0,1.7,Windows,SSD,512.0,512.0,1024.0,2TB,8.0,8GB,14.0,14-16in,1920.0,1080.0,Gray,6,False,True,True,True
3244,Dell_i7_8GB_256GB_14-16in,Dell,Notebook/Laptop,180.0,Used,Used,Intel,Intel,i7,7.0,2.8,Windows,SSD,,256.0,256.0,256GB,8.0,8GB,15.6,14-16in,1920.0,1080.0,Black,5,False,True,True,True
3245,Acer_celeron_2GB_32GB_Sub-12in,Acer,Notebook/Laptop,40.0,For Parts / Not Working,End-of-Life,Other,Intel,celeron,,,Chrome,SSD,16.0,16.0,32.0,32GB,2.0,2GB,11.5,Sub-12in,1366.0,768.0,White,2,False,False,False,True
3246,Other/Unbranded_Unknown_Unk_Unk_Unk,Other/Unbranded,Other,93.2,New,New,Other,Unknown,Unknown,,,Unknown,Unknown,,,,Unk,,Unk,,Unk,,,Other,0,False,False,False,False
3247,Other/Unbranded_Unknown_Unk_Unk_Unk,Other/Unbranded,Other,637.5,New,New,Intel,Unknown,Unknown,,,Unknown,Unknown,,,,Unk,,Unk,,Unk,,,Other,0,False,False,False,False
3248,Lenovo_i5_Unk_128GB_14-16in,Lenovo,Notebook/Laptop,295.0,Used,Used,Other,Intel,i5,7.0,3.1,Windows,Unknown,,120.0,120.0,128GB,,Unk,14.0,14-16in,1920.0,1080.0,Other,5,False,True,True,True
3249,Dell_Unknown_16GB_2TB_12-14in,Dell,Notebook/Laptop,400.0,Unknown,Unknown,Other,Unknown,Unknown,,,Windows,SSD,512.0,512.0,1024.0,2TB,16.0,16GB,13.0,12-14in,1920.0,1280.0,Black,8,True,True,True,True
3250,HP_Other/Unspecified_4GB_128GB_14-16in,HP,Notebook/Laptop,218.9,Unknown,Unknown,Amd,AMD,Other/Unspecified,,2.4,Windows,SSD,,128.0,128.0,128GB,4.0,4GB,14.0,14-16in,1366.0,768.0,Black,4,False,False,True,True
3251,Dell_i7_8GB_2TB_14-16in,Dell,Notebook/Laptop,200.0,Used,Used,Intel,Intel,i7,6.0,2.5,Unknown,HDD/SSD,1000.0,1000.0,2000.0,2TB,8.0,8GB,15.6,14-16in,1366.0,768.0,Silver,5,False,True,True,True
3252,HP_i5_8GB_512GB_14-16in,HP,Other,200.0,Used,Used,Other,Intel,i5,,2.5,Unknown,SSD,256.0,256.0,512.0,512GB,8.0,8GB,15.6,14-16in,,,Other,3,False,False,False,True
3253,HP_Other/Unspecified_4GB_128GB_14-16in,HP,Other,90.0,Used,Used,Amd,AMD,Other/Unspecified,,,Chrome,EMMC,64.0,64.0,128.0,128GB,4.0,4GB,14.0,14-16in,1366.0,768.0,Silver,1,False,False,True,False
3254,Lenovo_i7_16GB_512GB_14-16in,Lenovo,Notebook/Laptop,175.0,Used,Used,Other,Intel,i7,6.0,2.5,Windows,SSD,256.0,256.0,512.0,512GB,16.0,16GB,14.0,14-16in,,,Other,1,False,True,False,False
3255,Acer_Unknown_Unk_Unk_Unk,Acer,Other,98.25,New,New,Other,Unknown,Unknown,,,Unknown,Unknown,,,,Unk,,Unk,,Unk,,,Other,0,False,False,False,False
3256,Other/Unbranded_Unknown_Unk_Unk_Unk,Other/Unbranded,Notebook/Laptop,288.2,Refurbished - Good,Refurbished,Other,Unknown,Unknown,,,Unknown,Unknown,,,,Unk,,Unk,,Unk,,,Other,0,False,False,False,False
3257,Other/Unbranded_Unknown_Unk_Unk_Unk,Other/Unbranded,Other,130.6,New,New,Other,Unknown,Unknown,,,Unknown,Unknown,,,,Unk,,Unk,,Unk,,,Other,0,False,False,False,False
3258,Dell_i5_Unk_128GB_14-16in,Dell,Notebook/Laptop,314.2,Used,Used,Intel,Intel,i5,5.0,2.7,Windows,Unknown,,120.0,120.0,128GB,,Unk,14.0,14-16in,1280.0,720.0,Black,3,False,False,False,True
3259,Other/Unbranded_Unknown_Unk_Unk_Unk,Other/Unbranded,Other,10.88,Used,Used,Other,Unknown,Unknown,,,Unknown,Unknown,,,,Unk,,Unk,,Unk,,,Other,0,False,False,False,False
3260,Other/Unbranded_Unknown_Unk_Unk_Unk,Other/Unbranded,Other,85.44,New,New,Other,Unknown,Unknown,,,Unknown,Unknown,,,,Unk,,Unk,,Unk,,,Other,0,False,False,False,False
3261,Other/Unbranded_Unknown_Unk_Unk_Unk,Other/Unbranded,Other,112.25,New,New,Other,Unknown,Unknown,,,Unknown,Unknown,,,,Unk,,Unk,,Unk,,,Other,0,False,False,False,False
3262,Dell_i5_Unk_512GB_14-16in,Dell,Notebook/Laptop,403.0,Used,Used,Nvidia,Intel,i5,4.0,2.6,Windows,Unknown,,480.0,480.0,512GB,,Unk,14.0,14-16in,1280.0,720.0,Black,3,False,False,False,True
3263,Dell_Other/Unspecified_8GB_512GB_14-16in,Dell,Other,234.8,Used,Used,Intel,Other,Other/Unspecified,,1.6,Windows,Unknown,,500.0,500.0,512GB,8.0,8GB,14.0,14-16in,1366.0,768.0,Black,2,False,False,True,True
3264,Other/Unbranded_Unknown_Unk_Unk_Unk,Other/Unbranded,Other,79.0,New,New,Other,Unknown,Unknown,,,Unknown,Unknown,,,,Unk,,Unk,,Unk,,,Other,0,False,False,False,False
3265,Other/Unbranded_Unknown_Unk_Unk_Unk,Other/Unbranded,Other,426.5,Used,Used,Intel,Unknown,Unknown,,,Unknown,Unknown,,,,Unk,,Unk,,Unk,,,Other,0,False,False,False,False
3266,Dell_i5_Unk_512GB_14-16in,Dell,Notebook/Laptop,375.8,Used,Used,Intel,Intel,i5,4.0,1.99,Windows,SSD,,360.0,360.0,512GB,,Unk,14.0,14-16in,1280.0,720.0,Other,5,False,False,True,True
3267,Dell_Unknown_Unk_Unk_Unk,Dell,Other,57.94,New,New,Other,Unknown,Unknown,,,Unknown,Unknown,,,,Unk,,Unk,,Unk,,,Other,0,False,False,False,False
3268,Other/Unbranded_Unknown_Unk_Unk_Unk,Other/Unbranded,Other,204.2,Unknown,Unknown,Intel,Unknown,Unknown,,,Unknown,Unknown,,,,Unk,,Unk,,Unk,,,Black,0,False,False,False,False
3269,Other/Unbranded_Unknown_Unk_Unk_Unk,Other/Unbranded,Other,227.8,Refurbished - Seller Grade,Refurbished,Intel,Unknown,Unknown,,,Unknown,Unknown,,,,Unk,,Unk,,Unk,,,Black,0,False,False,False,False
3270,Other/Unbranded_Unknown_Unk_Unk_Unk,Other/Unbranded,Other,10.95,Used,Used,Other,Unknown,Unknown,,2.53,Unknown,Unknown,,,,Unk,,Unk,,Unk,,,Other,0,False,False,False,False
3271,Other/Unbranded_Unknown_Unk_Unk_Unk,Other/Unbranded,Other,76.7,New,New,Other,Unknown,Unknown,,,Unknown,Unknown,,,,Unk,,Unk,,Unk,,,Other,0,False,False,False,False
3272,Lenovo_i3_Unk_1TB_14-16in,Lenovo,Notebook/Laptop,574.5,Used,Used,Intel,Intel,i3,7.0,3.0,Windows,HDD/SSD,400.0,128.0,528.0,1TB,,Unk,15.6,14-16in,1920.0,1080.0,Other,5,False,False,True,True
3273,LG_Unknown_Unk_Unk_Unk,LG,Other,93.9,New,New,Other,Unknown,Unknown,,,Unknown,Unknown,,,,Unk,,Unk,,Unk,,,Other,0,False,False,False,False
3274,Other/Unbranded_Unknown_Unk_Unk_Unk,Other/Unbranded,Other,8.7,Used,Used,Other,Unknown,Unknown,,,Unknown,Unknown,,,,Unk,,Unk,,Unk,,,Other,0,False,False,False,False
3275,Other/Unbranded_Unknown_Unk_Unk_Unk,Other/Unbranded,Other,9.79,Used,Used,Other,Unknown,Unknown,,,Unknown,Unknown,,,,Unk,,Unk,,Unk,,,Other,0,False,False,False,False
3276,Other/Unbranded_Unknown_Unk_Unk_Unk,Other/Unbranded,Other,103.75,Unknown,Unknown,Other,Unknown,Unknown,,,Unknown,Unknown,,,,Unk,,Unk,,Unk,,,Other,0,False,False,False,False
3277,Other/Unbranded_Unknown_Unk_Unk_Unk,Other/Unbranded,Other,90.4,New,New,Other,Unknown,Unknown,,,Unknown,Unknown,,,,Unk,,Unk,,Unk,,,Other,0,False,False,False,False
3278,Other/Unbranded_Unknown_Unk_Unk_Unk,Other/Unbranded,Other,152.2,New,New,Other,Unknown,Unknown,,,Unknown,Unknown,,,,Unk,,Unk,,Unk,,,Other,0,False,False,False,False
3279,Other/Unbranded_Unknown_Unk_Unk_Unk,Other/Unbranded,Other,127.6,New,New,Other,Unknown,Unknown,,,Unknown,Unknown,,,,Unk,,Unk,,Unk,,,Other,0,False,False,False,False
3280,Other/Unbranded_Unknown_Unk_Unk_Unk,Other/Unbranded,Other,79.56,New,New,Other,Unknown,Unknown,,,Unknown,Unknown,,,,Unk,,Unk,,Unk,,,Other,0,False,False,False,False
3281,Dell_i5_Unk_256GB_14-16in,Dell,Notebook/Laptop,334.8,Used,Used,Nvidia,Intel,i5,4.0,2.6,Windows,Unknown,,240.0,240.0,256GB,,Unk,14.0,14-16in,1280.0,720.0,Other,3,False,False,False,True
3282,Other/Unbranded_i5_Unk_256GB_12-14in,Other/Unbranded,Notebook/Laptop,337.8,Used,Used,Intel,Intel,i5,6.0,2.3,Windows,SSD,,240.0,240.0,256GB,,Unk,13.3,12-14in,1280.0,720.0,Other,4,False,False,True,True
3283,AUO_Unknown_Unk_Unk_Unk,AUO,Other,92.75,New,New,Other,Unknown,Unknown,,,Unknown,Unknown,,,,Unk,,Unk,,Unk,,,Other,0,False,False,False,False
3284,Other/Unbranded_Unknown_Unk_Unk_Unk,Other/Unbranded,Other,337.5,Used,Used,Other,Unknown,Unknown,,,Unknown,Unknown,,,,Unk,,Unk,,Unk,,,Other,0,False,False,False,False
3285,Dell_i5_Unk_256GB_14-16in,Dell,Notebook/Laptop,324.0,Used,Used,Intel,Intel,i5,5.0,2.7,Windows,Unknown,,240.0,240.0,256GB,,Unk,14.0,14-16in,1280.0,720.0,Other,3,False,False,False,True
3286,Other/Unbranded_Unknown_Unk_Unk_Unk,Other/Unbranded,Other,131.5,New,New,Other,Unknown,Unknown,,,Unknown,Unknown,,,,Unk,,Unk,,Unk,,,Other,0,False,False,False,False
3287,Other/Unbranded_Unknown_Unk_Unk_Unk,Other/Unbranded,Other,121.06,New,New,Other,Unknown,Unknown,,,Unknown,Unknown,,,,Unk,,Unk,,Unk,,,Other,0,False,False,False,False
3288,Other/Unbranded_Unknown_Unk_Unk_Unk,Other/Unbranded,Other,206.4,New,New,Other,Unknown,Unknown,,,Unknown,Unknown,,,,Unk,,Unk,,Unk,,,Other,0,False,False,False,False
3289,Other/Unbranded_Unknown_Unk_Unk_Unk,Other/Unbranded,Other,295.5,Refurbished - Good,Refurbished,Intel,Unknown,Unknown,,,Unknown,Unknown,,,,Unk,,Unk,,Unk,,,Other,0,False,False,False,False
3290,Other/Unbranded_Unknown_Unk_Unk_Unk,Other/Unbranded,Other,47.2,New,New,Other,Unknown,Unknown,,,Unknown,Unknown,,,,Unk,,Unk,,Unk,,,Other,0,False,False,False,False
3291,Other/Unbranded_Unknown_Unk_Unk_Unk,Other/Unbranded,Other,81.8,New,New,Other,Unknown,Unknown,,,Unknown,Unknown,,,,Unk,,Unk,,Unk,,,Other,0,False,False,False,False
3292,Other/Unbranded_i7_Unk_2TB+_14-16in,Other/Unbranded,Notebook/Laptop,2730.0,Refurbished - Seller Grade,Refurbished,Intel,Intel,i7,,1.99,Windows,SSD,,4000.0,4000.0,2TB+,,Unk,14.0,14-16in,1920.0,1080.0,Other,6,False,False,True,True
3293,Other/Unbranded_Unknown_Unk_Unk_Unk,Other/Unbranded,Other,292.0,Refurbished - Seller Grade,Refurbished,Intel,Unknown,Unknown,,,Unknown,Unknown,,,,Unk,,Unk,,Unk,,,Black,0,False,False,False,False
3294,Other/Unbranded_Unknown_Unk_Unk_Unk,Other/Unbranded,Other,342.2,Refurbished - Seller Grade,Refurbished,Nvidia,Unknown,Unknown,,,Unknown,Unknown,,,,Unk,,Unk,,Unk,,,Black,0,False,False,False,False
3295,AUO_Unknown_Unk_Unk_Unk,AUO,Other,50.7,New,New,Other,Unknown,Unknown,,,Unknown,Unknown,,,,Unk,,Unk,,Unk,,,Other,0,False,False,False,False
3296,Other/Unbranded_Unknown_Unk_Unk_Unk,Other/Unbranded,Other,476.5,Refurbished - Seller Grade,Refurbished,Intel,Unknown,Unknown,,,Unknown,Unknown,,,,Unk,,Unk,,Unk,,,Other,0,False,False,False,False
3297,Other/Unbranded_Unknown_Unk_Unk_Unk,Other/Unbranded,Other,372.8,New,New,Other,Unknown,Unknown,,,Unknown,Unknown,,,,Unk,,Unk,,Unk,,,Other,0,False,False,False,False
3298,Other/Unbranded_Unknown_Unk_Unk_Unk,Other/Unbranded,Other,376.8,Refurbished - Seller Grade,Refurbished,Intel,Unknown,Unknown,,,Unknown,Unknown,,,,Unk,,Unk,,Unk,,,Black,0,False,False,False,False
3299,Other/Unbranded_Unknown_Unk_Unk_Unk,Other/Unbranded,Other,60.9,New,New,Other,Unknown,Unknown,,,Unknown,Unknown,,,,Unk,,Unk,,Unk,,,Other,0,False,False,False,False
3300,LG_Unknown_Unk_Unk_Unk,LG,Other,93.1,New,New,Other,Unknown,Unknown,,,Unknown,Unknown,,,,Unk,,Unk,,Unk,,,Other,0,False,False,False,False
3301,Other/Unbranded_Unknown_Unk_Unk_Unk,Other/Unbranded,Other,368.2,Used,Used,Intel,Unknown,Unknown,,,Unknown,Unknown,,,,Unk,,Unk,,Unk,,,Other,0,False,False,False,False
3302,Other/Unbranded_Unknown_Unk_Unk_Unk,Other/Unbranded,Other,304.5,Refurbished - Good,Refurbished,Intel,Unknown,Unknown,,,Unknown,Unknown,,,,Unk,,Unk,,Unk,,,Other,0,False,False,False,False
3303,Other/Unbranded_i7_Unk_256GB_14-16in,Other/Unbranded,Notebook/Laptop,2148.0,Refurbished - Seller Grade,Refurbished,Intel,Intel,i7,,1.8,Windows,SSD,,240.0,240.0,256GB,,Unk,14.0,14-16in,1920.0,1080.0,Other,6,False,False,True,True
3304,Other/Unbranded_i7_Unk_2TB_14-16in,Other/Unbranded,Notebook/Laptop,2332.0,Refurbished - Seller Grade,Refurbished,Intel,Intel,i7,,1.8,Windows,SSD,,2000.0,2000.0,2TB,,Unk,14.0,14-16in,1920.0,1080.0,Other,6,False,False,True,True
3305,Dell_i5_Unk_128GB_12-14in,Dell,Notebook/Laptop,400.0,Used,Used,Intel,Intel,i5,6.0,2.8,Windows,Unknown,,120.0,120.0,128GB,,Unk,12.5,12-14in,1920.0,1080.0,Other,5,True,False,True,True
3306,AUO_Unknown_Unk_Unk_Unk,AUO,Other,114.6,New,New,Other,Unknown,Unknown,,,Unknown,Unknown,,,,Unk,,Unk,,Unk,,,Other,0,False,False,False,False
3307,Other/Unbranded_Unknown_Unk_Unk_Unk,Other/Unbranded,Other,103.75,New,New,Other,Unknown,Unknown,,,Unknown,Unknown,,,,Unk,,Unk,,Unk,,,Other,0,False,False,False,False
3308,Other/Unbranded_Unknown_Unk_Unk_Unk,Other/Unbranded,Other,117.7,New,New,Other,Unknown,Unknown,,,Unknown,Unknown,,,,Unk,,Unk,,Unk,,,Other,0,False,False,False,False
3309,Other/Unbranded_Unknown_Unk_Unk_Unk,Other/Unbranded,Other,318.5,New,New,Other,Unknown,Unknown,,,Unknown,Unknown,,,,Unk,,Unk,,Unk,,,Other,0,False,False,False,False
3310,Other/Unbranded_Unknown_Unk_Unk_Unk,Other/Unbranded,Other,53.28,New,New,Other,Unknown,Unknown,,,Unknown,Unknown,,,,Unk,,Unk,,Unk,,,Other,0,False,False,False,False
3311,Dell_i7_16GB_2TB_14-16in,Dell,Notebook/Laptop,329.0,Unknown,Unknown,Nvidia,Intel,i7,6.0,2.7,Windows,SSD,512.0,512.0,1024.0,2TB,16.0,16GB,15.6,14-16in,3840.0,2160.0,Silver,5,True,True,True,False
3312,Microsoft_i7_16GB_2TB_12-14in,Microsoft,Notebook/Laptop,250.0,Unknown,Unknown,Nvidia,Intel,i7,6.0,2.6,Windows,SSD,512.0,512.0,1024.0,2TB,16.0,16GB,13.5,12-14in,3000.0,2000.0,Silver,5,True,True,True,True
3313,Other/Unbranded_Unknown_Unk_Unk_Unk,Other/Unbranded,Other,195.8,Used,Used,Other,Unknown,Unknown,,,Unknown,Unknown,,,,Unk,,Unk,,Unk,,,Other,0,False,False,False,False
3314,Dell_i5_8GB_128GB_12-14in,Dell,Notebook/Laptop,89.0,Used,Used,Other,Intel,i5,6.0,2.4,Windows,SSD,,128.0,128.0,128GB,8.0,8GB,12.5,12-14in,1366.0,768.0,Black,6,False,True,True,True
3315,Dell_i5_Unk_256GB_14-16in,Dell,Notebook/Laptop,281.8,Used,Used,Intel,Intel,i5,4.0,2.6,Windows,Unknown,,240.0,240.0,256GB,,Unk,14.0,14-16in,1280.0,720.0,Other,3,False,False,False,True
3316,Other/Unbranded_celeron_4GB_64GB_Sub-12in,Other/Unbranded,Notebook/Laptop,80.0,Unknown,Unknown,Intel,Intel,celeron,,1.1,Windows,EMMC,64.0,,64.0,64GB,4.0,4GB,11.6,Sub-12in,1366.0,768.0,Blue,6,True,False,True,True
3317,Dell_i5_16GB_256GB_Unk,Dell,Notebook/Laptop,695.0,Refurbished - Certified,Refurbished,Other,Intel,i5,13.0,,Windows,SSD,,256.0,256.0,256GB,16.0,16GB,,Unk,1920.0,1080.0,Silver,0,False,False,False,False
3318,Dell_i7_8GB_512GB_14-16in,Dell,Notebook/Laptop,350.0,Used,Used,Other,Intel,i7,6.0,2.7,Windows,OTHER,500.0,,500.0,512GB,8.0,8GB,15.6,14-16in,1920.0,1080.0,Black,5,False,True,True,True
3319,Dell_i5_Unk_256GB_14-16in,Dell,Notebook/Laptop,374.5,Used,Used,Intel,Intel,i5,5.0,,Windows,Unknown,,240.0,240.0,256GB,,Unk,14.0,14-16in,1280.0,720.0,Other,0,False,False,False,False
3320,Other/Unbranded_Unknown_Unk_Unk_Unk,Other/Unbranded,Other,380.5,Unknown,Unknown,Intel,Unknown,Unknown,,,Unknown,Unknown,,,,Unk,,Unk,,Unk,,,Other,0,False,False,False,False
3321,Dell_Other/Unspecified_2GB_128GB_16in+,Dell,Notebook/Laptop,125.0,Used,Used,Other,Intel,Other/Unspecified,,2.16,Windows,SSD,,128.0,128.0,128GB,2.0,2GB,17.0,16in+,,,Silver,1,False,False,False,False
3322,Other/Unbranded_i5_Unk_128GB_Unk,Other/Unbranded,Other,260.0,Used,Used,Intel,Intel,i5,,1.9,Windows,Unknown,128.0,,128.0,128GB,,Unk,,Unk,1920.0,1080.0,Other,2,False,False,False,False
3323,Other/Unbranded_Other/Unspecified_Unk_Unk_Unk,Other/Unbranded,Other,11.88,New,New,Other,AMD,Other/Unspecified,,,Unknown,Unknown,,,,Unk,,Unk,,Unk,,,Other,0,False,False,False,False
3324,HP_i5_8GB_512GB_14-16in,HP,Notebook/Laptop,24.98,Unknown,Unknown,Intel,Intel,i5,6.0,2.3,Windows,SSD,240.0,240.0,480.0,512GB,8.0,8GB,14.0,14-16in,1920.0,1080.0,Silver,1,False,False,True,False
3325,Lenovo_i5_8GB_512GB_14-16in,Lenovo,Notebook/Laptop,119.0,Used,Used,Intel,Intel,i5,,1.9,Windows,SSD,256.0,256.0,512.0,512GB,8.0,8GB,14.0,14-16in,1600.0,900.0,Black,2,False,False,False,True
3326,Acer_celeron_4GB_32GB_Sub-12in,Acer,Notebook/Laptop,49.0,Refurbished - Good,Refurbished,Intel,Intel,celeron,,2.16,Chrome,SSD,16.0,16.0,32.0,32GB,4.0,4GB,11.6,Sub-12in,1024.0,480.0,Black,3,False,False,True,True
3327,Other/Unbranded_i7_16GB_2TB_14-16in,Other/Unbranded,Notebook/Laptop,539.0,Used,Used,Nvidia,Intel,i7,,2.8,Windows,SSD,512.0,512.0,1024.0,2TB,16.0,16GB,14.0,14-16in,,,Blue,0,False,False,False,False
3328,Lenovo_pentium_4GB_512GB_14-16in,Lenovo,Notebook/Laptop,288.2,Unknown,Unknown,Intel,Intel,pentium,,2.0,Windows,SSD,256.0,256.0,512.0,512GB,4.0,4GB,15.6,14-16in,1920.0,1080.0,Gray,7,False,True,True,True
3329,Other/Unbranded_i5_8GB_256GB_Sub-12in,Other/Unbranded,Other,225.0,Used,Used,Other,Intel,i5,4.0,2.4,Windows,SSD,8.0,128.0,136.0,256GB,8.0,8GB,10.1,Sub-12in,,,Other,1,True,False,False,False
3330,Acer_Unknown_Unk_Unk_Sub-12in,Acer,Notebook/Laptop,120.0,For Parts / Not Working,End-of-Life,Other,Unknown,Unknown,,,Chrome,Unknown,,,,Unk,,Unk,11.6,Sub-12in,,,White,5,False,False,True,True
3331,Lenovo_Other/Unspecified_16GB_Unk_Sub-12in,Lenovo,Other,45.0,Unknown,Unknown,Other,Other,Other/Unspecified,,1.3,Android,Unknown,,,,Unk,16.0,16GB,7.0,Sub-12in,1024.0,600.0,Black,13,False,False,True,False
3332,Asus_celeron_4GB_32GB_Sub-12in,Asus,Other,86.0,Used,Used,Other,Intel,celeron,,,Chrome,EMMC,32.0,,32.0,32GB,4.0,4GB,11.6,Sub-12in,,,Other,0,False,False,False,False
3333,Asus_atom_Unk_Unk_Sub-12in,Asus,Notebook/Laptop,28.5,For Parts / Not Working,End-of-Life,Other,Intel,atom,,,Unknown,Unknown,,,,Unk,,Unk,11.6,Sub-12in,,,Other,0,False,False,False,False
3334,Acer_i5_8GB_512GB_14-16in,Acer,Notebook/Laptop,89.94,Used,Used,Other,Intel,i5,3.0,1.8,Unknown,HDD/SSD,500.0,,500.0,512GB,6.0,8GB,14.0,14-16in,,,Other,0,False,False,False,False
3335,Dell_i5_8GB_512GB_14-16in,Dell,Notebook/Laptop,1250.0,Refurbished - Very Good,Refurbished,Intel,Intel,i5,11.0,2.4,Windows,SSD,256.0,256.0,512.0,512GB,8.0,8GB,14.0,14-16in,1920.0,1080.0,Black,1,False,False,False,False
3336,Dell_i5_Unk_256GB_14-16in,Dell,Notebook/Laptop,313.5,Used,Used,Intel,Intel,i5,4.0,2.6,Windows,Unknown,,240.0,240.0,256GB,,Unk,14.0,14-16in,1280.0,720.0,Other,4,False,False,True,True
3337,Lenovo_i5_Unk_512GB_14-16in,Lenovo,Notebook/Laptop,396.0,Used,Used,Other,Intel,i5,7.0,3.1,Windows,Unknown,,480.0,480.0,512GB,,Unk,14.0,14-16in,1920.0,1080.0,Other,5,False,True,True,True
3338,Dell_i5_Unk_256GB_14-16in,Dell,Other,294.8,Used,Used,Intel,Intel,i5,3.0,,Windows,Unknown,,240.0,240.0,256GB,,Unk,14.0,14-16in,1280.0,720.0,Other,0,False,False,False,False
3339,Lenovo_i5_Unk_256GB_14-16in,Lenovo,Notebook/Laptop,333.5,Used,Used,Intel,Intel,i5,6.0,2.8,Windows,Unknown,,240.0,240.0,256GB,,Unk,14.0,14-16in,1920.0,1080.0,Other,5,False,True,True,True
3340,Dell_i5_Unk_128GB_14-16in,Dell,Notebook/Laptop,314.2,Used,Used,Intel,Intel,i5,5.0,2.7,Windows,Unknown,,120.0,120.0,128GB,,Unk,14.0,14-16in,1280.0,720.0,Black,3,False,False,False,True
3341,HP_i5_4GB_1TB_14-16in,HP,Notebook/Laptop,569.0,Unknown,Unknown,Other,Intel,i5,8.0,1.6,Windows,HDD/SSD,1000.0,,1000.0,1TB,4.0,4GB,15.6,14-16in,,,Silver,5,True,False,True,False
3342,Dell_i7_16GB_1TB_16in+,Dell,Notebook/Laptop,820.0,Refurbished - Excellent,Refurbished,Nvidia,Intel,i7,12.0,2.3,Windows,SSD,,1000.0,1000.0,1TB,16.0,16GB,16.0,16in+,2560.0,1600.0,Black,5,False,True,True,True
3343,HP_atom_2GB_64GB_Sub-12in,HP,Notebook/Laptop,45.0,For Parts / Not Working,End-of-Life,Other,Intel,atom,,,Windows,SSD,2.0,32.0,34.0,64GB,2.0,2GB,10.1,Sub-12in,1280.0,800.0,Silver,1,True,False,False,False
3344,Dell_i7_16GB_512GB_14-16in,Dell,Notebook/Laptop,307.0,Refurbished - Very Good,Refurbished,Intel,Intel,i7,8.0,1.9,Windows,SSD,,512.0,512.0,512GB,16.0,16GB,15.6,14-16in,1920.0,1080.0,Black,4,False,False,True,True
3345,Dell_i3_8GB_512GB_14-16in,Dell,Notebook/Laptop,200.0,Used,Used,Other,Intel,i3,1.0,3.3,Windows,HDD/SSD,500.0,,500.0,512GB,8.0,8GB,14.1,14-16in,,,Silver,1,False,False,False,True
3346,Other/Unbranded_Unknown_Unk_Unk_Unk,Other/Unbranded,Other,364.2,Refurbished - Seller Grade,Refurbished,Intel,Unknown,Unknown,,,Unknown,Unknown,,,,Unk,,Unk,,Unk,,,Black,0,False,False,False,False
3347,HP_i7_32GB_2TB+_14-16in,HP,Notebook/Laptop,834.5,Used,Used,Nvidia,Intel,i7,,2.8,Windows,HDD/SSD,2000.0,1000.0,3000.0,2TB+,32.0,32GB,15.6,14-16in,1920.0,1080.0,Gray,6,False,True,True,False
3348,HP_i7_32GB_2TB_Unk,HP,Notebook/Laptop,450.0,Used,Used,Intel,Intel,i7,,1.9,Windows,SSD,512.0,512.0,1024.0,2TB,32.0,32GB,,Unk,1920.0,1080.0,Silver,1,False,False,False,False
3349,Other/Unbranded_Unknown_Unk_Unk_Unk,Other/Unbranded,Other,193.1,Used,Used,Intel,Unknown,Unknown,,,Unknown,Unknown,,,,Unk,,Unk,,Unk,,,Other,0,False,False,False,False
3350,Dell_i5_Unk_256GB_12-14in,Dell,Notebook/Laptop,490.8,Used,Used,Intel,Intel,i5,6.0,2.8,Windows,Unknown,,240.0,240.0,256GB,,Unk,12.5,12-14in,1920.0,1080.0,Other,6,True,True,True,True
3351,Other/Unbranded_Unknown_Unk_Unk_Unk,Other/Unbranded,Other,205.6,Used,Used,Other,Unknown,Unknown,,,Unknown,Unknown,,,,Unk,,Unk,,Unk,,,Other,0,False,False,False,False
3352,Lenovo_i5_8GB_256GB_14-16in,Lenovo,Notebook/Laptop,171.5,Used,Used,Other,Intel,i5,,2.4,Windows,SSD,,256.0,256.0,256GB,8.0,8GB,14.0,14-16in,,,Black,1,False,False,False,False
3353,Lenovo_i5_8GB_256GB_16in+,Lenovo,Notebook/Laptop,799.0,Open Box,Like-New,Intel,Intel,i5,12.0,4.4,Windows,SSD,,256.0,256.0,256GB,8.0,8GB,16.0,16in+,1920.0,1200.0,Black,2,False,False,True,True
3354,Dell_i7_32GB_512GB_14-16in,Dell,Notebook/Laptop,289.2,Used,Used,Other,Intel,i7,,,Windows,OTHER,24.0,256.0,280.0,512GB,24.0,32GB,15.6,14-16in,,,Other,1,False,True,False,False
3355,Acer_i5_8GB_512GB_14-16in,Acer,Notebook/Laptop,400.0,Unknown,Unknown,Intel,Intel,i5,8.0,2.3,Windows,SSD,256.0,256.0,512.0,512GB,8.0,8GB,15.6,14-16in,1920.0,1080.0,Black,9,True,True,True,True
3356,Other/Unbranded_i5_8GB_2TB_Sub-12in,Other/Unbranded,Other,316.2,Used,Used,Other,Intel,i5,,2.3,Windows,SSD,512.0,512.0,1024.0,2TB,8.0,8GB,10.1,Sub-12in,1920.0,1200.0,Silver,10,True,False,True,True
3357,HP_pentium_4GB_512GB_Sub-12in,HP,Notebook/Laptop,300.0,Unknown,Unknown,Other,Intel,pentium,,2.0,Windows,Unknown,500.0,,500.0,512GB,4.0,4GB,11.6,Sub-12in,,,Silver,0,False,False,False,False
3358,HP_Unknown_Unk_Unk_14-16in,HP,Other,230.0,Used,Used,Other,Unknown,Unknown,,,Unknown,Unknown,,,,Unk,,Unk,15.6,14-16in,,,Other,2,True,False,False,False
3359,Dell_i7_16GB_2TB_14-16in,Dell,Notebook/Laptop,500.0,Used,Used,Other,Intel,i7,,2.8,Windows,SSD,1000.0,1000.0,2000.0,2TB,16.0,16GB,15.6,14-16in,,,Black,1,False,False,False,True
3360,Dell_i5_8GB_Unk_14-16in,Dell,Notebook/Laptop,60.0,For Parts / Not Working,End-of-Life,Other,Intel,i5,,2.0,Unknown,Unknown,,,,Unk,8.0,8GB,15.6,14-16in,,,Black,2,False,False,False,True
3361,HP_i7_16GB_512GB_14-16in,HP,Notebook/Laptop,593.0,For Parts / Not Working,End-of-Life,Nvidia,Intel,i7,10.0,1.8,Windows,SSD,,512.0,512.0,512GB,16.0,16GB,15.6,14-16in,3840.0,2160.0,Gray,6,True,False,True,True
3362,Other/Unbranded_i5_8GB_1TB_14-16in,Other/Unbranded,Notebook/Laptop,70.0,Used,Used,Other,Intel,i5,1.0,2.53,Windows,HDD/SSD,500.0,128.0,628.0,1TB,8.0,8GB,15.0,14-16in,,,Black,3,False,False,False,True
3363,Dell_i5_Unk_2TB_14-16in,Dell,Notebook/Laptop,169.0,Used,Used,Intel,Intel,i5,8.0,,Windows,Unknown,512.0,512.0,1024.0,2TB,,Unk,14.0,14-16in,,,Other,1,False,False,False,False
3364,Dell_celeron_4GB_Unk_Sub-12in,Dell,Notebook/Laptop,49.0,Unknown,Unknown,Intel,Intel,celeron,,1.6,Chrome,EMMC,,,,Unk,4.0,4GB,11.6,Sub-12in,1366.0,768.0,Black,1,False,False,True,False
3365,Dell_i5_Unk_512GB_14-16in,Dell,Notebook/Laptop,383.0,Used,Used,Intel,Intel,i5,4.0,2.6,Windows,Unknown,,480.0,480.0,512GB,,Unk,14.0,14-16in,1280.0,720.0,Other,3,False,False,False,True
3366,Dell_i5_8GB_256GB_14-16in,Dell,Notebook/Laptop,249.0,Refurbished - Very Good,Refurbished,Intel,Intel,i5,,1.2,Windows,SSD,,256.0,256.0,256GB,8.0,8GB,15.6,14-16in,1366.0,768.0,Black,4,False,False,True,True
3367,Lenovo_i7_8GB_512GB_14-16in,Lenovo,Notebook/Laptop,280.0,Used,Used,Intel,Intel,i7,10.0,1.8,Windows,SSD,256.0,256.0,512.0,512GB,8.0,8GB,14.0,14-16in,1920.0,1080.0,Gray,4,False,False,True,True
3368,Dell_Other/Unspecified_8GB_256GB_12-14in,Dell,Notebook/Laptop,130.0,Used,Used,Other,Other,Other/Unspecified,,1.23,Windows,SSD,,256.0,256.0,256GB,8.0,8GB,12.5,12-14in,1920.0,1080.0,Other,6,True,True,True,False
3369,HP_i7_16GB_2TB_14-16in,HP,Notebook/Laptop,389.0,Used,Used,Intel,Intel,i7,,2.8,Windows,SSD,512.0,512.0,1024.0,2TB,16.0,16GB,15.6,14-16in,1920.0,1080.0,Silver,4,False,False,True,True
3370,Lenovo_i5_8GB_512GB_14-16in,Lenovo,Notebook/Laptop,490.0,New,New,Intel,Intel,i5,11.0,,Windows,SSD,,512.0,512.0,512GB,8.0,8GB,14.0,14-16in,1920.0,1080.0,Gray,4,False,False,True,True
3371,Dell_celeron_4GB_32GB_Sub-12in,Dell,Other,40.0,Unknown,Unknown,Other,Intel,celeron,,1.4,Chrome,SSD,16.0,16.0,32.0,32GB,4.0,4GB,11.6,Sub-12in,,,Black,3,False,False,True,True
3372,Other/Unbranded_Unknown_Unk_Unk_Unk,Other/Unbranded,Other,12.5,New,New,Other,Unknown,Unknown,,,Unknown,Unknown,,,,Unk,,Unk,,Unk,,,Other,0,False,False,False,False
3373,HP_i5_4GB_128GB_14-16in,HP,Notebook/Laptop,96.94,Used,Used,Other,Intel,i5,6.0,2.4,Unknown,Unknown,,128.0,128.0,128GB,4.0,4GB,14.0,14-16in,,,Other,0,False,False,False,False
3374,Lenovo_i5_Unk_128GB_14-16in,Lenovo,Notebook/Laptop,325.8,Used,Used,Intel,Intel,i5,6.0,2.8,Windows,Unknown,,120.0,120.0,128GB,,Unk,14.0,14-16in,1920.0,1080.0,Black,5,False,True,True,True
3375,Other/Unbranded_Unknown_Unk_Unk_Unk,Other/Unbranded,Other,193.1,Used,Used,Other,Unknown,Unknown,,,Unknown,Unknown,,,,Unk,,Unk,,Unk,,,Other,0,False,False,False,False
3376,Dell_i5_Unk_512GB_12-14in,Dell,Notebook/Laptop,465.0,Used,Used,Intel,Intel,i5,6.0,2.3,Windows,SSD,,480.0,480.0,512GB,,Unk,12.5,12-14in,1920.0,1080.0,Black,4,True,False,True,True
3377,Other/Unbranded_Unknown_Unk_Unk_Unk,Other/Unbranded,Other,174.0,Used,Used,Other,Unknown,Unknown,,,Unknown,Unknown,,,,Unk,,Unk,,Unk,,,Other,0,False,False,False,False
3378,Lenovo_i5_Unk_2TB_14-16in,Lenovo,Other,1135.0,Used,Used,Intel,Intel,i5,6.0,,Windows,Unknown,,2000.0,2000.0,2TB,,Unk,14.0,14-16in,,,Black,0,False,False,False,False
3379,Other/Unbranded_Unknown_Unk_Unk_Unk,Other/Unbranded,Other,279.2,Refurbished - Seller Grade,Refurbished,Intel,Unknown,Unknown,,,Unknown,Unknown,,,,Unk,,Unk,,Unk,,,Black,0,False,False,False,False
3380,Other/Unbranded_Unknown_Unk_Unk_Unk,Other/Unbranded,Other,28.88,New,New,Other,Unknown,Unknown,,,Unknown,Unknown,,,,Unk,,Unk,,Unk,,,Other,0,False,False,False,False
3381,Lenovo_Unknown_Unk_Unk_Unk,Lenovo,Other,45.38,New,New,Other,Unknown,Unknown,,,Unknown,Unknown,,,,Unk,,Unk,,Unk,,,Other,0,False,False,False,False
3382,Lenovo_Unknown_Unk_Unk_Unk,Lenovo,Other,62.28,New,New,Other,Unknown,Unknown,,,Unknown,Unknown,,,,Unk,,Unk,,Unk,,,Other,0,False,False,False,False
3383,Lenovo_i5_Unk_512GB_14-16in,Lenovo,Notebook/Laptop,394.8,Used,Used,Intel,Intel,i5,6.0,2.8,Windows,Unknown,,480.0,480.0,512GB,,Unk,14.0,14-16in,1920.0,1080.0,Other,5,False,True,True,True
3384,LG_Unknown_Unk_Unk_Unk,LG,Other,112.5,New,New,Other,Unknown,Unknown,,,Unknown,Unknown,,,,Unk,,Unk,,Unk,,,Other,0,False,False,False,False
3385,Dell_i5_Unk_1TB_14-16in,Dell,Notebook/Laptop,472.2,Used,Used,Nvidia,Intel,i5,4.0,2.6,Windows,Unknown,,960.0,960.0,1TB,,Unk,14.0,14-16in,1280.0,720.0,Other,3,False,False,False,True
3386,Other/Unbranded_Unknown_Unk_Unk_Unk,Other/Unbranded,Other,128.4,Unknown,Unknown,Other,Unknown,Unknown,,,Unknown,Unknown,,,,Unk,,Unk,,Unk,,,Other,0,False,False,False,False
3387,Dell_i5_Unk_512GB_Sub-12in,Dell,Notebook/Laptop,410.0,Used,Used,Intel,Intel,i5,4.0,1.99,Windows,SSD,,480.0,480.0,512GB,,Unk,10.8,Sub-12in,1920.0,1080.0,Other,7,True,False,True,True
3388,Samsung_Unknown_Unk_Unk_Unk,Samsung,Other,96.44,New,New,Other,Unknown,Unknown,,,Unknown,Unknown,,,,Unk,,Unk,,Unk,,,Other,0,False,False,False,False
3389,Other/Unbranded_Unknown_Unk_Unk_Unk,Other/Unbranded,Other,235.4,Refurbished - Seller Grade,Refurbished,Intel,Unknown,Unknown,,,Unknown,Unknown,,,,Unk,,Unk,,Unk,,,Black,0,False,False,False,False
3390,Dell_i5_Unk_128GB_12-14in,Dell,Notebook/Laptop,421.0,Used,Used,Intel,Intel,i5,6.0,2.8,Windows,Unknown,,120.0,120.0,128GB,,Unk,12.5,12-14in,1920.0,1080.0,Other,7,True,True,True,True
3391,Other/Unbranded_i7_Unk_512GB_14-16in,Other/Unbranded,Notebook/Laptop,2186.0,Refurbished - Seller Grade,Refurbished,Intel,Intel,i7,,1.99,Windows,SSD,,480.0,480.0,512GB,,Unk,14.0,14-16in,1920.0,1080.0,Other,6,False,False,True,True
3392,Other/Unbranded_Unknown_Unk_Unk_Unk,Other/Unbranded,Other,348.0,Refurbished - Seller Grade,Refurbished,Intel,Unknown,Unknown,,,Unknown,Unknown,,,,Unk,,Unk,,Unk,,,Other,0,False,False,False,False
3393,Other/Unbranded_Unknown_Unk_Unk_Unk,Other/Unbranded,Other,311.2,New,New,Other,Unknown,Unknown,,,Unknown,Unknown,,,,Unk,,Unk,,Unk,,,Other,0,False,False,False,False
3394,Dell_i5_Unk_128GB_14-16in,Dell,Notebook/Laptop,324.0,Used,Used,Intel,Intel,i5,4.0,2.6,Windows,Unknown,,120.0,120.0,128GB,,Unk,14.0,14-16in,1280.0,720.0,Other,3,False,False,False,True
3395,Lenovo_i5_Unk_256GB_14-16in,Lenovo,Notebook/Laptop,396.0,Used,Used,Intel,Intel,i5,6.0,2.8,Windows,Unknown,,240.0,240.0,256GB,,Unk,14.0,14-16in,1920.0,1080.0,Other,6,False,True,True,True
3396,Samsung_Unknown_Unk_Unk_Unk,Samsung,Other,134.5,New,New,Other,Unknown,Unknown,,,Unknown,Unknown,,,,Unk,,Unk,,Unk,,,Other,0,False,False,False,False
3397,AUO_Unknown_Unk_Unk_Unk,AUO,Other,54.94,New,New,Other,Unknown,Unknown,,,Unknown,Unknown,,,,Unk,,Unk,,Unk,,,Other,0,False,False,False,False
3398,Other/Unbranded_Unknown_Unk_Unk_Unk,Other/Unbranded,Other,11.96,Used,Used,Other,Unknown,Unknown,,,Unknown,Unknown,,,,Unk,,Unk,,Unk,,,Other,0,False,False,False,False
3399,Dell_i5_Unk_128GB_14-16in,Dell,Notebook/Laptop,303.0,Used,Used,Intel,Intel,i5,4.0,2.6,Windows,Unknown,,120.0,120.0,128GB,,Unk,14.0,14-16in,1280.0,720.0,Other,4,False,False,True,True
3400,Other/Unbranded_i5_4GB_Unk_12-14in,Other/Unbranded,Other,55.0,For Parts / Not Working,End-of-Life,Other,Intel,i5,2.0,1.7,Unknown,OTHER,,,,Unk,4.0,4GB,13.3,12-14in,1366.0,768.0,Gray,0,False,False,False,False
3401,Lenovo_i7_Unk_Unk_14-16in,Lenovo,Notebook/Laptop,400.0,Refurbished - Very Good,Refurbished,Other,Intel,i7,,1.8,Windows,SSD,,,,Unk,,Unk,14.0,14-16in,1920.0,1080.0,Black,0,False,False,False,False
3402,Samsung_Other/Unspecified_2GB_16GB_Sub-12in,Samsung,Notebook/Laptop,25.0,Unknown,Unknown,Intel,Other,Other/Unspecified,,1.7,Chrome,EMMC,,16.0,16.0,16GB,2.0,2GB,11.6,Sub-12in,1366.0,768.0,Silver,4,False,False,True,True
3403,Other/Unbranded_i7_16GB_1TB_12-14in,Other/Unbranded,Notebook/Laptop,549.0,Used,Used,Intel,Intel,i7,8.0,,Mac,SSD,,1000.0,1000.0,1TB,16.0,16GB,13.3,12-14in,2560.0,1600.0,Gray,0,False,False,False,False
3404,Asus_ryzen5_8GB_512GB_14-16in,Asus,Notebook/Laptop,490.0,New,New,Other,AMD,ryzen 5,,4.3,Windows,OTHER,,512.0,512.0,512GB,8.0,8GB,15.6,14-16in,1920.0,1080.0,Black,1,False,False,False,False
3405,Dell_i5_Unk_256GB_14-16in,Dell,Notebook/Laptop,303.0,Used,Used,Intel,Intel,i5,4.0,2.6,Windows,Unknown,,240.0,240.0,256GB,,Unk,14.0,14-16in,1280.0,720.0,Other,3,False,False,False,True
3406,Dell_i7_8GB_128GB_14-16in,Dell,Notebook/Laptop,85.0,Used,Used,Nvidia,Intel,i7,2.0,2.2,Windows,SSD,,128.0,128.0,128GB,8.0,8GB,15.6,14-16in,1366.0,768.0,Other,4,False,True,True,True
3407,Acer_celeron_4GB_64GB_14-16in,Acer,Notebook/Laptop,50.0,Used,Used,Intel,Intel,celeron,,1.1,Chrome,EMMC,32.0,32.0,64.0,64GB,4.0,4GB,14.0,14-16in,,,Silver,0,False,False,False,False
3408,Dell_i5_8GB_256GB_12-14in,Dell,Notebook/Laptop,329.0,Refurbished - Excellent,Refurbished,Intel,Intel,i5,,2.4,Windows,SSD,,256.0,256.0,256GB,8.0,8GB,13.3,12-14in,1920.0,1080.0,Silver,5,False,True,True,True
3409,HP_i7_16GB_2TB_14-16in,HP,Notebook/Laptop,205.0,Used,Used,Other,Intel,i7,,,Unknown,SSD,512.0,512.0,1024.0,2TB,16.0,16GB,14.0,14-16in,,,Other,0,False,False,False,False
3410,HP_i3_8GB_512GB_14-16in,HP,Notebook/Laptop,360.0,Unknown,Unknown,Other,Intel,i3,,4.1,Windows,SSD,256.0,256.0,512.0,512GB,8.0,8GB,15.6,14-16in,,,Silver,0,False,False,False,False
3411,Other/Unbranded_Unknown_Unk_Unk_Unk,Other/Unbranded,Other,627.5,New,New,Intel,Unknown,Unknown,,,Unknown,Unknown,,,,Unk,,Unk,,Unk,,,Other,0,False,False,False,False
3412,Dell_i5_Unk_1TB_12-14in,Dell,Notebook/Laptop,656.5,Used,Used,Intel,Intel,i5,6.0,2.8,Windows,Unknown,,960.0,960.0,1TB,,Unk,12.5,12-14in,1920.0,1080.0,Other,7,True,True,True,True
3413,Samsung_celeron_4GB_32GB_Sub-12in,Samsung,Notebook/Laptop,33.0,Used,Used,Intel,Intel,celeron,,2.5,Chrome,SSD,16.0,16.0,32.0,32GB,4.0,4GB,11.6,Sub-12in,1366.0,768.0,Black,4,False,True,True,True
3414,HP_Other/Unspecified_4GB_1TB_14-16in,HP,Notebook/Laptop,184.2,Used,Used,Other,AMD,Other/Unspecified,,2.3,Windows,HDD/SSD,500.0,500.0,1000.0,1TB,4.0,4GB,15.6,14-16in,1366.0,768.0,Silver,1,False,False,True,False
3415,Samsung_i5_8GB_16GB_14-16in,Samsung,Notebook/Laptop,100.0,Used,Used,Other,Intel,i5,3.0,2.6,Unknown,HDD/SSD,6.0,,6.0,16GB,6.0,8GB,15.6,14-16in,,,Other,0,False,False,False,False
3416,Asus_i7_Unk_Unk_16in+,Asus,Other,1617.0,New,New,Intel,Intel,i7,,,Windows,Unknown,,,,Unk,,Unk,16.0,16in+,,,Black,0,False,False,False,False
3417,Acer_celeron_2GB_16GB_Sub-12in,Acer,Other,35.0,Unknown,Unknown,Other,Intel,celeron,,2.0,Chrome,Unknown,16.0,,16.0,16GB,2.0,2GB,11.6,Sub-12in,,,White,0,False,False,False,False
3418,HP_i5_Unk_Unk_14-16in,HP,Other,110.0,For Parts / Not Working,End-of-Life,Other,Intel,i5,,,Unknown,Unknown,,,,Unk,,Unk,15.6,14-16in,,,Other,0,False,False,False,False
3419,Dell_pentium_2GB_32GB_14-16in,Dell,Notebook/Laptop,140.0,Used,Used,Nvidia,Intel,pentium,,2.66,Windows,HDD/SSD,20.0,,20.0,32GB,0.512,2GB,15.0,14-16in,,,Blue,0,False,False,False,False
3420,Microsoft_i7_16GB_512GB_12-14in,Microsoft,Notebook/Laptop,899.0,Used,Used,Other,Intel,i7,11.0,4.8,Windows,SSD,16.0,256.0,272.0,512GB,16.0,16GB,13.0,12-14in,2880.0,1920.0,Silver,7,True,False,True,True
3421,Dell_i5_8GB_64GB_12-14in,Dell,Notebook/Laptop,115.0,Used,Used,Intel,Intel,i5,,2.3,Chrome,SSD,32.0,32.0,64.0,64GB,8.0,8GB,13.3,12-14in,1920.0,1080.0,Black,4,False,False,True,True
3422,Other/Unbranded_i5_Unk_128GB_14-16in,Other/Unbranded,Notebook/Laptop,423.5,Used,Used,Intel,Intel,i5,4.0,3.0,Windows,SSD,,120.0,120.0,128GB,,Unk,15.6,14-16in,1280.0,720.0,Other,4,False,False,True,True
3423,Dell_i5_Unk_256GB_12-14in,Dell,Notebook/Laptop,442.8,Used,Used,Intel,Intel,i5,6.0,2.8,Windows,Unknown,,240.0,240.0,256GB,,Unk,12.5,12-14in,1920.0,1080.0,Other,5,True,False,True,True
3424,Lenovo_i7_8GB_Unk_14-16in,Lenovo,Notebook/Laptop,88.0,For Parts / Not Working,End-of-Life,Amd,Intel,i7,5.0,2.4,Unknown,OTHER,,,,Unk,8.0,8GB,15.6,14-16in,1920.0,1080.0,Black,7,False,False,True,True
3425,Dell_i5_8GB_128GB_14-16in,Dell,Notebook/Laptop,165.0,Used,Used,Intel,Intel,i5,8.0,1.7,Windows,SSD,,128.0,128.0,128GB,8.0,8GB,14.0,14-16in,1366.0,768.0,Black,2,False,False,False,False
3426,Lenovo_i5_8GB_256GB_14-16in,Lenovo,Notebook/Laptop,219.0,Used,Used,Other,Intel,i5,8.0,1.7,Windows,SSD,,256.0,256.0,256GB,8.0,8GB,14.0,14-16in,1920.0,1080.0,Other,7,False,True,True,True
3427,Other/Unbranded_Unknown_Unk_Unk_Unk,Other/Unbranded,Other,152.2,Refurbished - Seller Grade,Refurbished,Other,Unknown,Unknown,,,Unknown,Unknown,,,,Unk,,Unk,,Unk,,,Other,0,False,False,False,False
3428,Dell_core2duo_2GB_512GB_14-16in,Dell,Notebook/Laptop,100.0,Used,Used,Intel,Intel,core 2 duo,,2.0,Windows,HDD/SSD,250.0,250.0,500.0,512GB,2.0,2GB,15.4,14-16in,,,Gray,1,False,False,False,False
3429,Dell_i5_8GB_1TB_14-16in,Dell,Notebook/Laptop,296.8,Used,Used,Other,Intel,i5,,4.2,Windows,SSD,8.0,512.0,520.0,1TB,8.0,8GB,15.6,14-16in,1920.0,1080.0,Silver,7,False,True,True,True
3430,Dell_i5_16GB_2TB_14-16in,Dell,Notebook/Laptop,759.0,Unknown,Unknown,Intel,Intel,i5,12.0,4.4,Windows,SSD,512.0,512.0,1024.0,2TB,16.0,16GB,14.0,14-16in,1920.0,1080.0,Gray,5,False,True,True,True
3431,Other/Unbranded_Unknown_Unk_Unk_Unk,Other/Unbranded,Other,409.2,Used,Used,Intel,Unknown,Unknown,,,Unknown,Unknown,,,,Unk,,Unk,,Unk,,,Other,0,False,False,False,False
3432,Other/Unbranded_celeron_32GB_2TB_14-16in,Other/Unbranded,Notebook/Laptop,299.0,New,New,Other,Intel,celeron,,2.4,Windows,SSD,24.0,1024.0,1048.0,2TB,24.0,32GB,15.6,14-16in,1920.0,1080.0,Gray,2,False,False,True,True
3433,HP_i7_16GB_2TB_16in+,HP,Notebook/Laptop,700.0,Open Box,Like-New,Intel,Intel,i7,12.0,2.3,Windows,SSD,16.0,1000.0,1016.0,2TB,16.0,16GB,16.0,16in+,2560.0,1600.0,Black,5,False,True,True,False
3434,Acer_celeron_4GB_64GB_14-16in,Acer,Notebook/Laptop,50.0,Used,Used,Intel,Intel,celeron,,1.6,Chrome,EMMC,32.0,32.0,64.0,64GB,4.0,4GB,14.0,14-16in,,,Silver,0,False,False,False,False
3435,Other/Unbranded_i7_16GB_256GB_14-16in,Other/Unbranded,Other,264.0,Used,Used,Intel,Intel,i7,,2.6,Windows,OTHER,,256.0,256.0,256GB,16.0,16GB,14.0,14-16in,2560.0,1440.0,Black,4,True,False,False,True
3436,Dell_i5_16GB_256GB_14-16in,Dell,Other,199.0,Used,Used,Other,Intel,i5,,1.6,Windows,SSD,,256.0,256.0,256GB,16.0,16GB,14.0,14-16in,1920.0,1080.0,Other,0,False,False,False,False
3437,Dell_i7_16GB_512GB_12-14in,Dell,Other,249.0,Used,Used,Other,Intel,i7,,1.9,Windows,OTHER,,512.0,512.0,512GB,16.0,16GB,13.3,12-14in,1920.0,1080.0,Other,0,False,False,False,False
3438,Dell_i7_16GB_512GB_12-14in,Dell,Other,239.0,Used,Used,Other,Intel,i7,,1.9,Windows,OTHER,,512.0,512.0,512GB,16.0,16GB,13.3,12-14in,1920.0,1080.0,Other,0,False,False,False,False
3439,Acer_i5_8GB_2TB_14-16in,Acer,Notebook/Laptop,250.0,Unknown,Unknown,Other,Intel,i5,,2.5,Windows,HDD/SSD,1000.0,1000.0,2000.0,2TB,8.0,8GB,15.6,14-16in,1920.0,1080.0,Gray,7,True,True,True,True
3440,Dell_i7_16GB_256GB_14-16in,Dell,Other,329.0,Used,Used,Other,Intel,i7,,1.8,Windows,OTHER,,256.0,256.0,256GB,16.0,16GB,14.0,14-16in,1920.0,1080.0,Other,0,False,False,False,False
3441,Lenovo_i3_16GB_Unk_14-16in,Lenovo,Notebook/Laptop,60.0,For Parts / Not Working,End-of-Life,Intel,Intel,i3,6.0,2.3,Unknown,OTHER,,,,Unk,12.0,16GB,15.6,14-16in,1366.0,768.0,Black,6,False,False,True,True
3442,Other/Unbranded_Other/Unspecified_Unk_Unk_Unk,Other/Unbranded,Notebook/Laptop,120.2,For Parts / Not Working,End-of-Life,Other,Other,Other/Unspecified,,,Unknown,Unknown,,,,Unk,,Unk,,Unk,,,Other,0,False,False,False,False
3443,HP_i7_16GB_2TB_14-16in,HP,Notebook/Laptop,200.0,Used,Used,Intel,Intel,i7,6.0,2.6,Windows,SSD,512.0,512.0,1024.0,2TB,16.0,16GB,14.0,14-16in,2560.0,1440.0,Silver,4,False,False,False,False
3444,HP_i5_Unk_Unk_14-16in,HP,Other,313.0,For Parts / Not Working,End-of-Life,Other,Intel,i5,11.0,,Unknown,SSD,,,,Unk,,Unk,14.0,14-16in,,,Other,0,False,False,False,False
3445,Other/Unbranded_Unknown_Unk_Unk_Unk,Other/Unbranded,Other,16.02,Used,Used,Other,Unknown,Unknown,,,Unknown,Unknown,,,,Unk,,Unk,,Unk,,,Other,0,False,False,False,False
3446,Lenovo_Other/Unspecified_4GB_256GB_Sub-12in,Lenovo,Other,175.0,Unknown,Unknown,Other,Other,Other/Unspecified,,2.0,Chrome,SSD,128.0,128.0,256.0,256GB,4.0,4GB,10.1,Sub-12in,1920.0,1200.0,Gray,5,True,False,True,True
3447,Other/Unbranded_i7_16GB_256GB_14-16in,Other/Unbranded,Other,284.0,Used,Used,Amd,Intel,i7,,2.5,Windows,OTHER,,256.0,256.0,256GB,16.0,16GB,15.6,14-16in,1920.0,1080.0,Black,5,False,True,True,True
3448,HP_ryzen5_16GB_512GB_12-14in,HP,Notebook/Laptop,444.0,Open Box,Like-New,Amd,AMD,ryzen 5,,2.3,Windows,SSD,,512.0,512.0,512GB,16.0,16GB,13.3,12-14in,1920.0,1200.0,Silver,5,False,True,True,True
3449,Other/Unbranded_Unknown_Unk_Unk_Unk,Other/Unbranded,Other,434.0,Refurbished - Very Good,Refurbished,Other,Unknown,Unknown,,,Unknown,Unknown,,,,Unk,,Unk,,Unk,,,Other,0,False,False,False,False
3450,Acer_celeron_4GB_32GB_14-16in,Acer,Notebook/Laptop,55.0,Used,Used,Intel,Intel,celeron,,1.6,Chrome,EMMC,,32.0,32.0,32GB,4.0,4GB,14.0,14-16in,,,Silver,4,False,False,True,True
3451,Asus_ryzen5_8GB_512GB_14-16in,Asus,Notebook/Laptop,439.0,Unknown,Unknown,Other,AMD,ryzen 5,,3.0,Windows,SSD,256.0,256.0,512.0,512GB,8.0,8GB,15.6,14-16in,1920.0,1080.0,Blue,7,False,True,True,True
3452,Lenovo_i5_8GB_1TB_14-16in,Lenovo,Notebook/Laptop,149.0,Used,Used,Intel,Intel,i5,,2.3,Windows,SSD,500.0,500.0,1000.0,1TB,8.0,8GB,15.6,14-16in,1366.0,768.0,Black,6,False,False,True,True
3453,Lenovo_i7_8GB_512GB_12-14in,Lenovo,Notebook/Laptop,160.0,Used,Used,Other,Intel,i7,,2.3,Windows,SSD,256.0,256.0,512.0,512GB,8.0,8GB,12.5,12-14in,,,Other,2,True,False,False,False
3454,HP_i7_32GB_1TB_14-16in,HP,Notebook/Laptop,365.0,Refurbished - Very Good,Refurbished,Intel,Intel,i7,8.0,1.8,Windows,SSD,,1000.0,1000.0,1TB,32.0,32GB,15.6,14-16in,,,Silver,5,False,False,True,True
3455,HP_i7_4GB_512GB_14-16in,HP,Notebook/Laptop,106.94,Used,Used,Other,Intel,i7,3.0,,Windows,HDD/SSD,500.0,,500.0,512GB,4.0,4GB,14.0,14-16in,1366.0,768.0,Other,0,False,False,False,False
3456,Asus_i5_8GB_2TB_14-16in,Asus,Notebook/Laptop,529.0,Open Box,Like-New,Intel,Intel,i5,12.0,2.5,Windows,SSD,512.0,512.0,1024.0,2TB,8.0,8GB,14.0,14-16in,2880.0,1800.0,Black,3,False,False,True,True
3457,Dell_i7_16GB_2TB_14-16in,Dell,Notebook/Laptop,239.0,Unknown,Unknown,Nvidia,Intel,i7,6.0,2.7,Windows,SSD,512.0,512.0,1024.0,2TB,16.0,16GB,15.6,14-16in,3840.0,2160.0,Silver,5,True,True,True,False
3458,Samsung_Other/Unspecified_4GB_512GB_14-16in,Samsung,Notebook/Laptop,203.8,Unknown,Unknown,Intel,Other,Other/Unspecified,,3.2,Windows,SSD,256.0,256.0,512.0,512GB,4.0,4GB,14.0,14-16in,1920.0,1080.0,Silver,6,False,False,True,True
3459,HP_ryzen7_32GB_2TB_14-16in,HP,Notebook/Laptop,240.0,Used,Used,Amd,AMD,ryzen 7,,2.3,Windows,SSD,512.0,512.0,1024.0,2TB,32.0,32GB,14.0,14-16in,1920.0,1080.0,Silver,5,False,True,True,True
3460,Microsoft_Other/Unspecified_8GB_128GB_12-14in,Microsoft,Notebook/Laptop,380.0,Unknown,Unknown,Other,Other,Other/Unspecified,,1.8,Windows,SSD,,128.0,128.0,128GB,8.0,8GB,13.0,12-14in,2880.0,1920.0,Black,4,True,False,True,True
3461,Microsoft_i5_8GB_512GB_12-14in,Microsoft,Other,188.5,Used,Used,Other,Intel,i5,,,Unknown,Unknown,256.0,256.0,512.0,512GB,8.0,8GB,12.5,12-14in,,,Other,0,False,False,False,False
3462,Dell_celeron_4GB_32GB_Sub-12in,Dell,Notebook/Laptop,44.0,Used,Used,Other,Intel,celeron,,,Chrome,SSD,16.0,16.0,32.0,32GB,4.0,4GB,11.6,Sub-12in,,,Black,1,False,False,False,True
3463,Dell_i7_Unk_512GB_12-14in,Dell,Notebook/Laptop,288.0,Used,Used,Intel,Intel,i7,,2.8,Windows,SSD,,512.0,512.0,512GB,,Unk,12.5,12-14in,,,Other,3,True,False,False,True
3464,Acer_Other/Unspecified_4GB_64GB_Sub-12in,Acer,Other,65.0,Refurbished - Very Good,Refurbished,Other,Other,Other/Unspecified,,,Chrome,EMMC,32.0,32.0,64.0,64GB,4.0,4GB,9.7,Sub-12in,1536.0,2048.0,Blue,6,True,False,True,True
3465,Dell_i7_16GB_1TB_14-16in,Dell,Notebook/Laptop,825.0,Used,Used,Amd,Intel,i7,,1.9,Windows,SSD,,1000.0,1000.0,1TB,16.0,16GB,14.0,14-16in,1920.0,1080.0,Black,10,True,True,True,True
3466,Dell_i7_16GB_1TB_14-16in,Dell,Notebook/Laptop,800.0,Used,Used,Amd,Intel,i7,8.0,3.1,Windows,SSD,,1000.0,1000.0,1TB,16.0,16GB,15.6,14-16in,1920.0,1080.0,Silver,7,True,True,True,True
3467,Acer_celeron_4GB_Unk_Sub-12in,Acer,Notebook/Laptop,41.0,Unknown,Unknown,Intel,Intel,celeron,,2.48,Chrome,EMMC,,,,Unk,4.0,4GB,11.6,Sub-12in,1366.0,768.0,Gray,1,True,False,False,False
3468,Microsoft_Other/Unspecified_8GB_128GB_Unk,Microsoft,Notebook/Laptop,150.0,Used,Used,Intel,Intel,Other/Unspecified,8.0,1.1,Windows,SSD,,128.0,128.0,128GB,8.0,8GB,,Unk,1920.0,1080.0,Gray,0,False,False,False,False
3469,Dell_i7_8GB_512GB_12-14in,Dell,Notebook/Laptop,130.0,Unknown,Unknown,Intel,Intel,i7,6.0,2.6,Windows,SSD,256.0,256.0,512.0,512GB,8.0,8GB,12.5,12-14in,1920.0,1080.0,Black,8,True,True,True,True
3470,Lenovo_i7_16GB_512GB_12-14in,Lenovo,Notebook/Laptop,350.0,Refurbished - Good,Refurbished,Intel,Intel,i7,8.0,1.8,Windows,SSD,256.0,256.0,512.0,512GB,16.0,16GB,13.0,12-14in,3000.0,2000.0,Black,1,False,False,False,False
3471,Dell_i7_8GB_512GB_12-14in,Dell,Notebook/Laptop,159.0,Used,Used,Other,Intel,i7,8.0,1.9,Windows,SSD,8.0,256.0,264.0,512GB,8.0,8GB,12.5,12-14in,,,Black,6,False,True,True,False
3472,Lenovo_atom_4GB_128GB_Sub-12in,Lenovo,Other,65.0,Used,Used,Other,Intel,atom,,1.6,Windows,SSD,,115.0,115.0,128GB,4.0,4GB,10.1,Sub-12in,,,Black,3,False,False,True,True
3473,Acer_Other/Unspecified_Unk_Unk_14-16in,Acer,Other,66.0,Used,Used,Other,AMD,Other/Unspecified,,,Windows,Unknown,,,,Unk,,Unk,15.6,14-16in,1366.0,768.0,Other,0,False,False,False,False
3474,HP_pentium_4GB_256GB_12-14in,HP,Notebook/Laptop,155.0,New,New,Intel,Intel,pentium,,1.2,Windows,SSD,128.0,128.0,256.0,256GB,4.0,4GB,12.0,12-14in,1920.0,1280.0,Black,1,True,False,False,False
3475,Lenovo_celeron_2GB_64GB_Sub-12in,Lenovo,Notebook/Laptop,90.0,Used,Used,Intel,Intel,celeron,,1.1,Chrome,EMMC,4.0,32.0,36.0,64GB,0.004,2GB,11.6,Sub-12in,1366.0,768.0,Black,6,False,False,True,True
3476,Dell_i7_8GB_256GB_14-16in,Dell,Notebook/Laptop,90.0,Used,Used,Other,Intel,i7,,2.6,Windows,SSD,128.0,128.0,256.0,256GB,8.0,8GB,15.6,14-16in,,,Other,0,False,False,False,False
3477,Microsoft_i5_8GB_256GB_12-14in,Microsoft,Notebook/Laptop,180.0,Used,Used,Intel,Intel,i5,6.0,2.4,Windows,SSD,,256.0,256.0,256GB,8.0,8GB,12.3,12-14in,2736.0,1824.0,Silver,6,True,False,True,True
3478,HP_i7_16GB_512GB_14-16in,HP,Notebook/Laptop,200.0,Refurbished - Good,Refurbished,Intel,Intel,i7,8.0,1.8,Windows,SSD,256.0,256.0,512.0,512GB,16.0,16GB,15.6,14-16in,1920.0,1080.0,Multicolor,7,False,True,True,True
3479,Lenovo_i5_8GB_256GB_12-14in,Lenovo,Notebook/Laptop,95.0,Used,Used,Other,Intel,i5,6.0,2.4,Unknown,SSD,,256.0,256.0,256GB,8.0,8GB,12.5,12-14in,1366.0,768.0,Black,5,False,False,True,True
3480,Lenovo_i5_16GB_2TB_14-16in,Lenovo,Notebook/Laptop,220.0,Used,Used,Intel,Intel,i5,8.0,1.6,Windows,SSD,512.0,512.0,1024.0,2TB,16.0,16GB,14.0,14-16in,1920.0,1080.0,Black,3,False,False,True,False
3481,Lenovo_i5_8GB_Unk_14-16in,Lenovo,Notebook/Laptop,114.94,Used,Used,Other,Intel,i5,8.0,1.7,Unknown,Unknown,,,,Unk,8.0,8GB,14.0,14-16in,1920.0,1080.0,Black,5,True,True,False,True
3482,Dell_i5_8GB_256GB_14-16in,Dell,Notebook/Laptop,82.0,Used,Used,Intel,Intel,i5,6.0,2.4,Windows,SSD,,256.0,256.0,256GB,8.0,8GB,14.0,14-16in,1366.0,768.0,Other,2,False,True,False,True
3483,Lenovo_i3_8GB_256GB_14-16in,Lenovo,Notebook/Laptop,338.8,New,New,Intel,Intel,i3,11.0,,Windows,SSD,,256.0,256.0,256GB,8.0,8GB,15.6,14-16in,1920.0,1080.0,Grey,4,True,False,False,True
3484,Other/Unbranded_Unknown_Unk_Unk_Unk,Other/Unbranded,Other,205.8,New,New,Other,Unknown,Unknown,,,Unknown,Unknown,,,,Unk,,Unk,,Unk,,,Other,0,False,False,False,False
3485,Other/Unbranded_Unknown_Unk_Unk_Unk,Other/Unbranded,Other,324.5,Used,Used,Nvidia,Unknown,Unknown,,,Unknown,Unknown,,,,Unk,,Unk,,Unk,,,Other,0,False,False,False,False
3486,Other/Unbranded_Unknown_Unk_Unk_Unk,Other/Unbranded,Other,88.75,New,New,Other,Unknown,Unknown,,,Unknown,Unknown,,,,Unk,,Unk,,Unk,,,Other,0,False,False,False,False
3487,Other/Unbranded_Unknown_Unk_Unk_Unk,Other/Unbranded,Other,203.5,Used,Used,Other,Unknown,Unknown,,,Unknown,Unknown,,,,Unk,,Unk,,Unk,,,Black,0,False,False,False,False
3488,Other/Unbranded_Unknown_Unk_Unk_Unk,Other/Unbranded,Other,38.06,For Parts / Not Working,End-of-Life,Other,Unknown,Unknown,,,Unknown,Unknown,,,,Unk,,Unk,,Unk,,,Other,0,False,False,False,False
3489,Other/Unbranded_Unknown_Unk_Unk_Unk,Other/Unbranded,Other,337.5,Used,Used,Intel,Unknown,Unknown,,,Unknown,Unknown,,,,Unk,,Unk,,Unk,,,Other,0,False,False,False,False
3490,Other/Unbranded_Unknown_Unk_Unk_Unk,Other/Unbranded,Other,65.06,Unknown,Unknown,Other,Unknown,Unknown,,,Unknown,Unknown,,,,Unk,,Unk,,Unk,,,Other,0,False,False,False,False
3491,LG_Unknown_Unk_Unk_Unk,LG,Other,97.7,New,New,Other,Unknown,Unknown,,,Unknown,Unknown,,,,Unk,,Unk,,Unk,,,Other,0,False,False,False,False
3492,LG_Unknown_Unk_Unk_Unk,LG,Other,112.3,New,New,Other,Unknown,Unknown,,,Unknown,Unknown,,,,Unk,,Unk,,Unk,,,Other,0,False,False,False,False
3493,Dell_i5_Unk_512GB_Sub-12in,Dell,Notebook/Laptop,410.5,Used,Used,Intel,Intel,i5,4.0,1.99,Windows,SSD,,480.0,480.0,512GB,,Unk,10.8,Sub-12in,1920.0,1080.0,Other,7,True,False,True,True
3494,Dell_i5_Unk_256GB_14-16in,Dell,Notebook/Laptop,331.0,Used,Used,Intel,Intel,i5,5.0,,Windows,Unknown,,240.0,240.0,256GB,,Unk,14.0,14-16in,1280.0,720.0,Other,0,False,False,False,False
3495,Dell_i5_Unk_512GB_14-16in,Dell,Notebook/Laptop,348.0,Used,Used,Intel,Intel,i5,3.0,3.0,Windows,Unknown,,480.0,480.0,512GB,,Unk,14.0,14-16in,1280.0,720.0,Other,2,False,False,False,True
3496,Other/Unbranded_Unknown_Unk_Unk_Unk,Other/Unbranded,Other,107.2,Unknown,Unknown,Other,Unknown,Unknown,,,Unknown,Unknown,,,,Unk,,Unk,,Unk,,,Black,0,False,False,False,False
3497,Other/Unbranded_Unknown_Unk_Unk_Unk,Other/Unbranded,Other,347.2,Refurbished - Excellent,Refurbished,Intel,Unknown,Unknown,,,Unknown,Unknown,,,,Unk,,Unk,,Unk,,,Other,0,False,False,False,False
3498,Other/Unbranded_Unknown_Unk_Unk_Unk,Other/Unbranded,Other,92.3,New,New,Other,Unknown,Unknown,,,Unknown,Unknown,,,,Unk,,Unk,,Unk,,,Other,0,False,False,False,False
3499,AUO_Unknown_Unk_Unk_Unk,AUO,Other,91.75,New,New,Other,Unknown,Unknown,,,Unknown,Unknown,,,,Unk,,Unk,,Unk,,,Other,0,False,False,False,False
3500,Other/Unbranded_Unknown_Unk_Unk_Unk,Other/Unbranded,Other,28.52,New,New,Other,Unknown,Unknown,,,Unknown,Unknown,,,,Unk,,Unk,,Unk,,,Other,0,False,False,False,False
3501,Other/Unbranded_Unknown_Unk_Unk_Unk,Other/Unbranded,Other,8.7,Used,Used,Other,Unknown,Unknown,,,Unknown,Unknown,,,,Unk,,Unk,,Unk,,,Other,0,False,False,False,False
3502,Dell_i5_Unk_1TB_14-16in,Dell,Notebook/Laptop,467.5,Used,Used,Intel,Intel,i5,4.0,2.6,Windows,Unknown,,960.0,960.0,1TB,,Unk,14.0,14-16in,1280.0,720.0,Other,4,False,False,True,True
3503,Dell_i5_Unk_Unk_14-16in,Dell,Notebook/Laptop,281.8,Used,Used,Intel,Intel,i5,3.0,3.0,Windows,Unknown,,,,Unk,,Unk,14.0,14-16in,1280.0,720.0,Other,2,False,False,False,True
3505,Other/Unbranded_Unknown_Unk_Unk_Unk,Other/Unbranded,Other,102.9,Unknown,Unknown,Other,Unknown,Unknown,,,Unknown,Unknown,,,,Unk,,Unk,,Unk,,,Other,0,False,False,False,False
3506,Other/Unbranded_Unknown_Unk_Unk_Unk,Other/Unbranded,Other,58.75,Unknown,Unknown,Other,Unknown,Unknown,,,Unknown,Unknown,,,,Unk,,Unk,,Unk,,,Other,0,False,False,False,False
3507,Other/Unbranded_Unknown_Unk_Unk_Unk,Other/Unbranded,Other,178.9,Refurbished - Seller Grade,Refurbished,Intel,Unknown,Unknown,,,Unknown,Unknown,,,,Unk,,Unk,,Unk,,,Other,0,False,False,False,False
3508,AUO_Unknown_Unk_Unk_Unk,AUO,Other,92.06,Unknown,Unknown,Other,Unknown,Unknown,,,Unknown,Unknown,,,,Unk,,Unk,,Unk,,,Other,0,False,False,False,False
3509,Dell_i5_Unk_256GB_14-16in,Dell,Notebook/Laptop,323.8,Used,Used,Intel,Intel,i5,5.0,2.7,Windows,Unknown,,240.0,240.0,256GB,,Unk,14.0,14-16in,1280.0,720.0,Other,3,False,False,False,True
3510,Other/Unbranded_i5_Unk_128GB_14-16in,Other/Unbranded,Notebook/Laptop,423.5,Used,Used,Intel,Intel,i5,4.0,3.0,Windows,SSD,,120.0,120.0,128GB,,Unk,15.6,14-16in,1280.0,720.0,Other,4,False,False,True,True
3511,Other/Unbranded_Unknown_Unk_Unk_Unk,Other/Unbranded,Other,85.94,New,New,Other,Unknown,Unknown,,,Unknown,Unknown,,,,Unk,,Unk,,Unk,,,Other,0,False,False,False,False
3512,Samsung_Unknown_Unk_Unk_Unk,Samsung,Other,69.94,New,New,Other,Unknown,Unknown,,,Unknown,Unknown,,,,Unk,,Unk,,Unk,,,Other,0,False,False,False,False
3513,Other/Unbranded_Unknown_Unk_Unk_Unk,Other/Unbranded,Other,7.61,Used,Used,Other,Unknown,Unknown,,,Unknown,Unknown,,,,Unk,,Unk,,Unk,,,Other,0,False,False,False,False
3514,Other/Unbranded_pentium_Unk_Unk_14-16in,Other/Unbranded,Other,21.94,For Parts / Not Working,End-of-Life,Other,Intel,pentium,,,Unknown,Unknown,,,,Unk,,Unk,15.0,14-16in,,,Other,0,False,False,False,False
3515,Other/Unbranded_Unknown_Unk_Unk_Unk,Other/Unbranded,Other,304.5,Refurbished - Seller Grade,Refurbished,Intel,Unknown,Unknown,,,Unknown,Unknown,,,,Unk,,Unk,,Unk,,,Black,0,False,False,False,False
3516,Other/Unbranded_Unknown_Unk_Unk_Unk,Other/Unbranded,Other,330.2,Used,Used,Intel,Unknown,Unknown,,,Unknown,Unknown,,,,Unk,,Unk,,Unk,,,Other,0,False,False,False,False
3517,Dell_i5_Unk_256GB_14-16in,Dell,Notebook/Laptop,334.8,Used,Used,Nvidia,Intel,i5,4.0,2.6,Windows,Unknown,,240.0,240.0,256GB,,Unk,14.0,14-16in,1280.0,720.0,Other,3,False,False,False,True
3518,Lenovo_i7_Unk_Unk_14-16in,Lenovo,Notebook/Laptop,68.0,New,New,Other,Intel,i7,4.0,,Unknown,Unknown,,,,Unk,,Unk,15.6,14-16in,,,Other,0,False,False,False,False
3519,Lenovo_i7_16GB_512GB_14-16in,Lenovo,Other,330.0,Used,Used,Other,Intel,i7,8.0,,Unknown,SSD,,512.0,512.0,512GB,16.0,16GB,15.6,14-16in,,,Other,0,False,False,False,False
3520,HP_Unknown_Unk_Unk_14-16in,HP,Other,300.0,Used,Used,Other,Unknown,Unknown,,,Unknown,Unknown,,,,Unk,,Unk,15.6,14-16in,1920.0,1080.0,Silver,2,True,False,False,False
3521,Other/Unbranded_Unknown_Unk_Unk_Unk,Other/Unbranded,Other,107.7,Used,Used,Other,Unknown,Unknown,,,Unknown,Unknown,,,,Unk,,Unk,,Unk,,,Other,0,False,False,False,False
3522,Dell_i7_32GB_Unk_14-16in,Dell,Other,375.0,Used,Used,Other,Intel,i7,,,Windows,SSD,,,,Unk,32.0,32GB,14.0,14-16in,,,Other,0,False,False,False,False
3523,Dell_i5_16GB_512GB_12-14in,Dell,Notebook/Laptop,175.0,Used,Used,Intel,Intel,i5,7.0,2.6,Windows,SSD,256.0,256.0,512.0,512GB,16.0,16GB,12.5,12-14in,1366.0,768.0,Black,7,True,True,True,True
3524,Other/Unbranded_i5_8GB_256GB_14-16in,Other/Unbranded,Other,1500.0,New,New,Other,Intel,i5,,,Windows,Unknown,,256.0,256.0,256GB,8.0,8GB,14.0,14-16in,,,Black,0,False,False,False,False
3525,Other/Unbranded_i3_4GB_128GB_14-16in,Other/Unbranded,Notebook/Laptop,198.0,Used,Used,Other,Intel,i3,11.0,4.1,Windows,SSD,,128.0,128.0,128GB,4.0,4GB,15.6,14-16in,,,Blue,3,False,False,True,False
3526,Dell_Unknown_Unk_128GB_14-16in,Dell,Notebook/Laptop,160.0,Used,Used,Other,Unknown,Unknown,,,Windows,HDD/SSD,64.0,64.0,128.0,128GB,,Unk,15.4,14-16in,,,Gray,0,False,False,False,False
3527,Dell_i5_16GB_512GB_14-16in,Dell,Notebook/Laptop,599.0,Unknown,Unknown,Intel,Intel,i5,11.0,2.6,Windows,SSD,256.0,256.0,512.0,512GB,16.0,16GB,14.0,14-16in,1920.0,1080.0,Black,6,True,True,True,True
3528,Dell_i7_Unk_256GB_12-14in,Dell,Notebook/Laptop,135.0,Used,Used,Other,Intel,i7,,2.6,Windows,SSD,256.0,,256.0,256GB,,Unk,12.5,12-14in,,,Other,0,False,False,False,False
3529,Lenovo_i5_4GB_16GB_14-16in,Lenovo,Notebook/Laptop,40.0,For Parts / Not Working,End-of-Life,Other,Intel,i5,,2.3,Unknown,SSD,4.0,,4.0,16GB,4.0,4GB,14.0,14-16in,,,Black,0,False,False,False,False
3530,HP_i7_16GB_512GB_14-16in,HP,Notebook/Laptop,800.0,Unknown,Unknown,Intel,Intel,i7,11.0,2.8,Windows,SSD,,512.0,512.0,512GB,16.0,16GB,15.6,14-16in,1920.0,1080.0,Silver,3,False,True,False,True
3531,HP_Unknown_Unk_Unk_14-16in,HP,Other,230.0,Used,Used,Other,Unknown,Unknown,,,Unknown,Unknown,,,,Unk,,Unk,15.6,14-16in,,,Other,2,True,False,False,False
3532,Dell_i5_8GB_512GB_14-16in,Dell,Notebook/Laptop,60.0,Used,Used,Other,Intel,i5,5.0,2.3,Windows,HDD/SSD,500.0,,500.0,512GB,8.0,8GB,14.0,14-16in,1366.0,768.0,Black,4,False,False,True,True
3533,Dell_i5_8GB_256GB_14-16in,Dell,Notebook/Laptop,119.0,Used,Used,Other,Intel,i5,,2.4,Windows,SSD,,256.0,256.0,256GB,8.0,8GB,14.0,14-16in,,,Black,2,False,False,False,False
3534,Other/Unbranded_i3_Unk_256GB_12-14in,Other/Unbranded,Notebook/Laptop,400.8,Used,Used,Intel,Intel,i3,4.0,3.0,Windows,SSD,,240.0,240.0,256GB,,Unk,13.3,12-14in,1280.0,720.0,Other,4,False,False,True,True
3535,Dell_i5_16GB_512GB_14-16in,Dell,Notebook/Laptop,260.0,Refurbished - Good,Refurbished,Intel,Intel,i5,11.0,2.4,Windows,SSD,,512.0,512.0,512GB,16.0,16GB,14.0,14-16in,1366.0,768.0,Other,6,False,False,False,True
3536,Asus_Unknown_Unk_Unk_Unk,Asus,Other,70.1,Unknown,Unknown,Other,Unknown,Unknown,,,Unknown,Unknown,,,,Unk,,Unk,,Unk,,,Other,0,False,False,False,False
3537,Asus_Other/Unspecified_4GB_16GB_Sub-12in,Asus,Notebook/Laptop,219.0,Used,Used,Other,Other,Other/Unspecified,,1.8,Chrome,SSD,,16.0,16.0,16GB,4.0,4GB,10.1,Sub-12in,1280.0,800.0,Silver,7,True,False,True,True
3538,Lenovo_Other/Unspecified_4GB_128GB_14-16in,Lenovo,Notebook/Laptop,149.0,Unknown,Unknown,Amd,AMD,Other/Unspecified,,1.6,Windows,EMMC,64.0,64.0,128.0,128GB,4.0,4GB,14.0,14-16in,1366.0,768.0,Gray,4,False,False,True,True
3539,Lenovo_i3_4GB_256GB_14-16in,Lenovo,Notebook/Laptop,129.0,Used,Used,Intel,Intel,i3,7.0,2.4,Windows,SSD,,180.0,180.0,256GB,4.0,4GB,15.6,14-16in,1366.0,768.0,Black,6,False,False,True,True
3540,Other/Unbranded_Unknown_Unk_Unk_Unk,Other/Unbranded,Other,275.2,Used,Used,Intel,Unknown,Unknown,,,Unknown,Unknown,,,,Unk,,Unk,,Unk,,,Other,0,False,False,False,False
3541,Dell_i5_Unk_128GB_14-16in,Dell,Notebook/Laptop,320.8,Used,Used,Intel,Intel,i5,4.0,2.6,Windows,Unknown,,120.0,120.0,128GB,,Unk,14.0,14-16in,1280.0,720.0,Other,3,False,False,False,True
3542,Dell_i5_Unk_512GB_Sub-12in,Dell,Notebook/Laptop,406.2,Used,Used,Intel,Intel,i5,4.0,1.99,Windows,SSD,,480.0,480.0,512GB,,Unk,10.8,Sub-12in,1920.0,1080.0,Other,7,True,False,True,True
3543,Dell_i5_Unk_1TB_14-16in,Dell,Notebook/Laptop,462.8,Used,Used,Intel,Intel,i5,4.0,2.6,Windows,Unknown,,960.0,960.0,1TB,,Unk,14.0,14-16in,1280.0,720.0,Other,4,False,False,True,True
3544,Lenovo_i5_Unk_1TB_14-16in,Lenovo,Notebook/Laptop,446.2,Used,Used,Intel,Intel,i5,6.0,2.8,Windows,Unknown,,960.0,960.0,1TB,,Unk,14.0,14-16in,1920.0,1080.0,Other,5,False,True,True,True
3545,Samsung_Unknown_Unk_Unk_Unk,Samsung,Other,66.44,New,New,Other,Unknown,Unknown,,,Unknown,Unknown,,,,Unk,,Unk,,Unk,,,Other,0,False,False,False,False
3546,Other/Unbranded_Unknown_Unk_Unk_Unk,Other/Unbranded,Other,82.44,Unknown,Unknown,Other,Unknown,Unknown,,,Unknown,Unknown,,,,Unk,,Unk,,Unk,,,Other,0,False,False,False,False
3547,Other/Unbranded_Unknown_Unk_Unk_Unk,Other/Unbranded,Other,154.5,Used,Used,Other,Unknown,Unknown,,,Unknown,Unknown,,,,Unk,,Unk,,Unk,,,Other,0,False,False,False,False
3548,Other/Unbranded_Unknown_Unk_Unk_Unk,Other/Unbranded,Other,326.2,Used,Used,Nvidia,Unknown,Unknown,,,Unknown,Unknown,,,,Unk,,Unk,,Unk,,,Other,0,False,False,False,False
3549,Lenovo_i5_Unk_256GB_14-16in,Lenovo,Notebook/Laptop,726.5,New,New,Intel,Intel,i5,12.0,4.0,Windows,SSD,,256.0,256.0,256GB,,Unk,15.6,14-16in,1920.0,1080.0,Other,3,False,False,True,True
3550,Other/Unbranded_Unknown_Unk_Unk_Unk,Other/Unbranded,Other,336.8,Used,Used,Other,Unknown,Unknown,,,Unknown,Unknown,,,,Unk,,Unk,,Unk,,,Other,0,False,False,False,False
3551,Other/Unbranded_i7_Unk_2TB+_14-16in,Other/Unbranded,Notebook/Laptop,2722.0,Refurbished - Seller Grade,Refurbished,Intel,Intel,i7,,1.8,Windows,SSD,,4000.0,4000.0,2TB+,,Unk,14.0,14-16in,1920.0,1080.0,Other,6,False,False,True,True
3552,Other/Unbranded_Unknown_Unk_Unk_Unk,Other/Unbranded,Other,6.51,Used,Used,Other,Unknown,Unknown,,,Unknown,Unknown,,,,Unk,,Unk,,Unk,,,Other,0,False,False,False,False
3553,Other/Unbranded_Unknown_Unk_Unk_Unk,Other/Unbranded,Other,85.2,Unknown,Unknown,Other,Unknown,Unknown,,,Unknown,Unknown,,,,Unk,,Unk,,Unk,,,Other,0,False,False,False,False
3554,Other/Unbranded_Unknown_Unk_Unk_Unk,Other/Unbranded,Other,117.4,New,New,Other,Unknown,Unknown,,,Unknown,Unknown,,,,Unk,,Unk,,Unk,,,Other,0,False,False,False,False
3555,Other/Unbranded_pentium_Unk_Unk_14-16in,Other/Unbranded,Other,21.6,For Parts / Not Working,End-of-Life,Other,Intel,pentium,,,Unknown,Unknown,,,,Unk,,Unk,14.0,14-16in,,,Other,0,False,False,False,False
3556,Other/Unbranded_i5_8GB_512GB_12-14in,Other/Unbranded,Notebook/Laptop,316.5,New,New,Other,Intel,i5,11.0,,Windows,SSD,256.0,256.0,512.0,512GB,8.0,8GB,13.3,12-14in,,,Other,0,False,False,False,False
3557,Other/Unbranded_Unknown_Unk_Unk_Unk,Other/Unbranded,Other,130.2,New,New,Other,Unknown,Unknown,,,Unknown,Unknown,,,,Unk,,Unk,,Unk,,,Other,0,False,False,False,False
3558,Acer_core2duo_Unk_Unk_16in+,Acer,Other,32.4,For Parts / Not Working,End-of-Life,Other,Intel,core 2 duo,,,Unknown,Unknown,,,,Unk,,Unk,17.3,16in+,,,Other,0,False,False,False,False
3559,Other/Unbranded_Unknown_Unk_Unk_Unk,Other/Unbranded,Other,58.5,Unknown,Unknown,Other,Unknown,Unknown,,,Unknown,Unknown,,,,Unk,,Unk,,Unk,,,Other,0,False,False,False,False
3560,Other/Unbranded_Unknown_Unk_Unk_Unk,Other/Unbranded,Other,85.7,New,New,Other,Unknown,Unknown,,,Unknown,Unknown,,,,Unk,,Unk,,Unk,,,Other,0,False,False,False,False
3561,Other/Unbranded_Unknown_Unk_Unk_Unk,Other/Unbranded,Other,419.2,Refurbished - Excellent,Refurbished,Intel,Unknown,Unknown,,,Unknown,Unknown,,,,Unk,,Unk,,Unk,,,Other,0,False,False,False,False
3562,Other/Unbranded_i5_Unk_256GB_14-16in,Other/Unbranded,Notebook/Laptop,359.8,Used,Used,Intel,Intel,i5,6.0,3.0,Windows,SSD,,256.0,256.0,256GB,,Unk,14.0,14-16in,1280.0,720.0,Other,4,False,False,True,True
3563,AUO_Unknown_Unk_Unk_Unk,AUO,Other,92.56,New,New,Other,Unknown,Unknown,,,Unknown,Unknown,,,,Unk,,Unk,,Unk,,,Other,0,False,False,False,False
3565,LG_Unknown_Unk_Unk_Unk,LG,Other,90.6,New,New,Other,Unknown,Unknown,,,Unknown,Unknown,,,,Unk,,Unk,,Unk,,,Other,0,False,False,False,False
3566,HP_Other/Unspecified_Unk_Unk_14-16in,HP,Other,37.8,For Parts / Not Working,End-of-Life,Other,Intel,Other/Unspecified,,,Unknown,Unknown,,,,Unk,,Unk,15.4,14-16in,,,Other,0,False,False,False,False
3567,Other/Unbranded_Unknown_Unk_Unk_Unk,Other/Unbranded,Other,411.5,Refurbished - Seller Grade,Refurbished,Nvidia,Unknown,Unknown,,,Unknown,Unknown,,,,Unk,,Unk,,Unk,,,Black,0,False,False,False,False
3568,Dell_i5_Unk_256GB_14-16in,Dell,Notebook/Laptop,320.8,Used,Used,Intel,Intel,i5,5.0,2.7,Windows,Unknown,,240.0,240.0,256GB,,Unk,14.0,14-16in,1280.0,720.0,Other,3,False,False,False,True
3569,Other/Unbranded_Unknown_Unk_Unk_Unk,Other/Unbranded,Other,294.8,Refurbished - Good,Refurbished,Intel,Unknown,Unknown,,,Unknown,Unknown,,,,Unk,,Unk,,Unk,,,Other,0,False,False,False,False
3570,HP_celeron_4GB_16GB_14-16in,HP,Notebook/Laptop,120.0,Used,Used,Intel,Intel,celeron,,1.1,Chrome,EMMC,,4.0,4.0,16GB,4.0,4GB,14.0,14-16in,1366.0,768.0,Silver,3,False,False,True,False
3571,HP_celeron_8GB_64GB_14-16in,HP,Notebook/Laptop,145.0,Unknown,Unknown,Intel,Intel,celeron,,1.1,Chrome,EMMC,,64.0,64.0,64GB,8.0,8GB,14.0,14-16in,1920.0,1080.0,Other,1,False,True,False,False
3572,Dell_i7_32GB+_2TB_16in+,Dell,Notebook/Laptop,425.0,Unknown,Unknown,Intel,Intel,i7,12.0,4.7,Windows,SSD,1000.0,1000.0,2000.0,2TB,40.0,32GB+,16.0,16in+,3072.0,1920.0,Green,7,False,True,True,True
3573,HP_i7_8GB_512GB_14-16in,HP,Notebook/Laptop,290.0,Refurbished - Very Good,Refurbished,Intel,Intel,i7,4.0,3.2,Windows,HDD/SSD,500.0,,500.0,512GB,8.0,8GB,15.6,14-16in,1366.0,768.0,Gray,4,False,False,True,True
3574,HP_i7_16GB_256GB_14-16in,HP,Notebook/Laptop,573.0,Unknown,Unknown,Intel,Intel,i7,10.0,1.3,Windows,SSD,,256.0,256.0,256GB,12.0,16GB,15.6,14-16in,1920.0,1080.0,Silver,4,True,False,True,False
3575,Asus_Unknown_Unk_Unk_Unk,Asus,Notebook/Laptop,29.98,For Parts / Not Working,End-of-Life,Other,Unknown,Unknown,,,Unknown,Unknown,,,,Unk,,Unk,,Unk,,,Other,0,False,False,False,False
3576,Microsoft_i7_16GB_512GB_12-14in,Microsoft,Notebook/Laptop,485.0,Used,Used,Intel,Intel,i7,11.0,3.0,Windows,SSD,,512.0,512.0,512GB,16.0,16GB,13.5,12-14in,2256.0,1504.0,Silver,0,False,False,False,False
3577,Other/Unbranded_Unknown_Unk_Unk_Unk,Other/Unbranded,Notebook/Laptop,287.5,Refurbished - Good,Refurbished,Other,Unknown,Unknown,,,Unknown,Unknown,,,,Unk,,Unk,,Unk,,,Other,0,False,False,False,False
3578,Other/Unbranded_i5_4GB_256GB_12-14in,Other/Unbranded,Notebook/Laptop,99.0,Used,Used,Nvidia,Intel,i5,4.0,2.5,Windows,HDD/SSD,120.0,120.0,240.0,256GB,4.0,4GB,12.5,12-14in,1920.0,1080.0,Multicolor,3,True,False,True,False
3579,Other/Unbranded_Unknown_Unk_Unk_Unk,Other/Unbranded,Other,341.2,Refurbished - Seller Grade,Refurbished,Nvidia,Unknown,Unknown,,,Unknown,Unknown,,,,Unk,,Unk,,Unk,,,Black,0,False,False,False,False
3580,Dell_i7_Unk_Unk_Unk,Dell,Notebook/Laptop,410.0,Used,Used,Intel,Intel,i7,8.0,1.9,Windows,SSD,,,,Unk,,Unk,,Unk,1920.0,1080.0,Other,7,True,True,True,True
3581,AUO_Unknown_Unk_Unk_Unk,AUO,Other,59.84,New,New,Other,Unknown,Unknown,,,Unknown,Unknown,,,,Unk,,Unk,,Unk,,,Other,0,False,False,False,False
3582,Dell_i7_16GB_1TB_12-14in,Dell,Notebook/Laptop,775.0,Open Box,Like-New,Other,Intel,i7,,3.6,Windows,SSD,,1000.0,1000.0,1TB,16.0,16GB,13.3,12-14in,1920.0,1080.0,Multicolor,7,True,True,True,True
3583,Asus_i5_Unk_Unk_14-16in,Asus,Notebook/Laptop,70.0,For Parts / Not Working,End-of-Life,Other,Intel,i5,,2.5,Unknown,Unknown,,,,Unk,,Unk,15.6,14-16in,,,Other,0,False,False,False,False
3584,Dell_i5_32GB_2TB_14-16in,Dell,Notebook/Laptop,400.0,Used,Used,Nvidia,Intel,i5,8.0,2.5,Windows,SSD,512.0,512.0,1024.0,2TB,32.0,32GB,15.6,14-16in,1920.0,1080.0,Black,4,False,True,False,False
3585,Lenovo_celeron_4GB_32GB_Sub-12in,Lenovo,Other,170.9,Unknown,Unknown,Intel,Intel,celeron,,1.1,Chrome,EMMC,32.0,,32.0,32GB,4.0,4GB,11.6,Sub-12in,1366.0,768.0,Other,4,False,False,True,True
3586,Dell_i5_8GB_128GB_Unk,Dell,Notebook/Laptop,167.8,Used,Used,Intel,Intel,i5,,2.4,Windows,SSD,,128.0,128.0,128GB,8.0,8GB,,Unk,3200.0,1800.0,Silver,7,True,True,True,True
3587,Dell_i7_16GB_512GB_14-16in,Dell,Notebook/Laptop,980.0,Refurbished - Certified,Refurbished,Other,Intel,i7,,5.2,Windows,SSD,256.0,256.0,512.0,512GB,16.0,16GB,15.6,14-16in,1920.0,1080.0,Silver,4,False,False,True,True
3588,HP_Unknown_Unk_Unk_Unk,HP,Notebook/Laptop,190.0,Used,Used,Other,Unknown,Unknown,,,Unknown,Unknown,,,,Unk,,Unk,,Unk,,,Other,0,False,False,False,False
3589,Other/Unbranded_Unknown_Unk_Unk_Unk,Other/Unbranded,Other,344.5,Refurbished - Seller Grade,Refurbished,Other,Unknown,Unknown,,,Unknown,Unknown,,,,Unk,,Unk,,Unk,,,Black,0,False,False,False,False
3590,Other/Unbranded_atom_2GB_32GB_Sub-12in,Other/Unbranded,Notebook/Laptop,69.6,Used,Used,Intel,Intel,atom,,1.44,Linux,EMMC,,32.0,32.0,32GB,2.0,2GB,11.0,Sub-12in,1280.0,720.0,Other,5,False,False,False,True
3591,Other/Unbranded_i5_8GB_Unk_Sub-12in,Other/Unbranded,Other,789.0,Used,Used,Other,Intel,i5,6.0,2.9,Windows,SSD,,,,Unk,8.0,8GB,10.1,Sub-12in,,,Black,6,False,False,True,False
3592,Lenovo_i5_16GB_512GB_14-16in,Lenovo,Notebook/Laptop,368.0,Used,Used,Intel,Intel,i5,10.0,1.7,Windows,SSD,,512.0,512.0,512GB,16.0,16GB,14.0,14-16in,1920.0,1080.0,Black,4,False,False,True,True
3593,Other/Unbranded_Unknown_Unk_Unk_Unk,Other/Unbranded,Other,1409.0,Unknown,Unknown,Other,Unknown,Unknown,,,Unknown,Unknown,,,,Unk,,Unk,,Unk,,,Other,0,False,False,False,False
3594,Acer_i5_8GB_2TB_12-14in,Acer,Notebook/Laptop,439.0,New,New,Intel,Intel,i5,,,Unknown,SSD,512.0,512.0,1024.0,2TB,8.0,8GB,13.5,12-14in,,,Silver,0,False,False,False,False
3595,HP_celeron_4GB_128GB_14-16in,HP,Notebook/Laptop,195.0,Unknown,Unknown,Intel,Intel,celeron,,1.1,Windows,EMMC,64.0,64.0,128.0,128GB,4.0,4GB,14.0,14-16in,1366.0,768.0,White,1,False,False,False,False
3596,Other/Unbranded_Unknown_Unk_Unk_Unk,Other/Unbranded,Other,367.2,Used,Used,Intel,Unknown,Unknown,,,Unknown,Unknown,,,,Unk,,Unk,,Unk,,,Other,0,False,False,False,False
3597,HP_Other/Unspecified_8GB_512GB_14-16in,HP,Notebook/Laptop,49.0,Used,Used,Other,AMD,Other/Unspecified,,2.5,Windows,Unknown,320.0,,320.0,512GB,8.0,8GB,14.0,14-16in,,,Other,0,False,False,False,False
3598,Dell_i7_16GB_2TB_14-16in,Dell,Notebook/Laptop,300.0,Used,Used,Intel,Intel,i7,11.0,2.8,Windows,SSD,512.0,512.0,1024.0,2TB,16.0,16GB,14.0,14-16in,1920.0,1080.0,Silver,0,False,False,False,False
3599,Other/Unbranded_Other/Unspecified_4GB_512GB_14-16in,Other/Unbranded,Notebook/Laptop,94.94,Used,Used,Intel,Intel,Other/Unspecified,,1.87,Windows,HDD/SSD,500.0,,500.0,512GB,4.0,4GB,15.6,14-16in,1366.0,768.0,Other,5,False,False,False,True
3600,Dell_i5_Unk_128GB_14-16in,Dell,Notebook/Laptop,360.0,Used,Used,Intel,Intel,i5,5.0,,Windows,Unknown,,120.0,120.0,128GB,,Unk,14.0,14-16in,1280.0,720.0,Other,0,False,False,False,False
3601,Other/Unbranded_Unknown_Unk_Unk_Unk,Other/Unbranded,Other,9.76,Used,Used,Other,Unknown,Unknown,,,Unknown,Unknown,,,,Unk,,Unk,,Unk,,,Other,0,False,False,False,False
3602,Dell_i5_Unk_128GB_12-14in,Dell,Notebook/Laptop,396.2,Used,Used,Intel,Intel,i5,6.0,2.8,Windows,Unknown,,120.0,120.0,128GB,,Unk,12.5,12-14in,1920.0,1080.0,Other,5,True,False,True,True
3603,Lenovo_Unknown_Unk_Unk_Unk,Lenovo,Other,61.62,New,New,Other,Unknown,Unknown,,,Unknown,Unknown,,,,Unk,,Unk,,Unk,,,Other,0,False,False,False,False
3604,Other/Unbranded_Unknown_Unk_Unk_Unk,Other/Unbranded,Other,41.7,New,New,Other,Unknown,Unknown,,,Unknown,Unknown,,,,Unk,,Unk,,Unk,,,Other,0,False,False,False,False
3605,Other/Unbranded_Unknown_Unk_Unk_Unk,Other/Unbranded,Other,419.2,Used,Used,Other,Unknown,Unknown,,,Unknown,Unknown,,,,Unk,,Unk,,Unk,,,Other,0,False,False,False,False
3606,Other/Unbranded_i7_Unk_256GB_14-16in,Other/Unbranded,Notebook/Laptop,2144.0,Refurbished - Seller Grade,Refurbished,Intel,Intel,i7,,1.99,Windows,SSD,,240.0,240.0,256GB,,Unk,14.0,14-16in,1920.0,1080.0,Other,6,False,False,True,True
3607,Dell_i5_Unk_512GB_14-16in,Dell,Other,372.8,Used,Used,Intel,Intel,i5,3.0,,Windows,Unknown,,480.0,480.0,512GB,,Unk,14.0,14-16in,1280.0,720.0,Other,0,False,False,False,False
3608,Other/Unbranded_Unknown_Unk_Unk_Unk,Other/Unbranded,Other,632.5,Refurbished - Seller Grade,Refurbished,Intel,Unknown,Unknown,,,Unknown,Unknown,,,,Unk,,Unk,,Unk,,,Black,0,False,False,False,False
3609,Lenovo_i3_Unk_128GB_14-16in,Lenovo,Notebook/Laptop,522.5,Used,Used,Intel,Intel,i3,7.0,,Windows,Unknown,,120.0,120.0,128GB,,Unk,15.6,14-16in,1920.0,1080.0,Black,1,False,False,False,False
3610,Lenovo_i3_Unk_512GB_12-14in,Lenovo,Notebook/Laptop,573.0,Used,Used,Intel,Intel,i3,6.0,3.0,Windows,SSD,,480.0,480.0,512GB,,Unk,12.5,12-14in,1280.0,720.0,Black,5,False,False,True,True
3611,Dell_i5_Unk_256GB_14-16in,Dell,Notebook/Laptop,299.8,Used,Used,Intel,Intel,i5,3.0,3.0,Windows,Unknown,,240.0,240.0,256GB,,Unk,14.0,14-16in,1280.0,720.0,Other,2,False,False,False,True
3612,Other/Unbranded_Unknown_Unk_Unk_Unk,Other/Unbranded,Other,58.6,New,New,Other,Unknown,Unknown,,,Unknown,Unknown,,,,Unk,,Unk,,Unk,,,Other,0,False,False,False,False
3613,AUO_Unknown_Unk_Unk_Unk,AUO,Other,92.2,New,New,Other,Unknown,Unknown,,,Unknown,Unknown,,,,Unk,,Unk,,Unk,,,Other,0,False,False,False,False
3614,Other/Unbranded_Unknown_Unk_Unk_Unk,Other/Unbranded,Other,678.5,Refurbished - Seller Grade,Refurbished,Intel,Unknown,Unknown,,,Unknown,Unknown,,,,Unk,,Unk,,Unk,,,Black,0,False,False,False,False
3615,Other/Unbranded_Unknown_Unk_Unk_Unk,Other/Unbranded,Other,139.9,New,New,Other,Unknown,Unknown,,,Unknown,Unknown,,,,Unk,,Unk,,Unk,,,Other,0,False,False,False,False
3616,Other/Unbranded_Unknown_Unk_Unk_Unk,Other/Unbranded,Other,111.44,New,New,Other,Unknown,Unknown,,,Unknown,Unknown,,,,Unk,,Unk,,Unk,,,Other,0,False,False,False,False
3617,AUO_Unknown_Unk_Unk_Unk,AUO,Other,127.9,New,New,Other,Unknown,Unknown,,,Unknown,Unknown,,,,Unk,,Unk,,Unk,,,Other,0,False,False,False,False
3618,Samsung_Unknown_Unk_Unk_Unk,Samsung,Other,135.0,New,New,Other,Unknown,Unknown,,,Unknown,Unknown,,,,Unk,,Unk,,Unk,,,Other,0,False,False,False,False
3619,Other/Unbranded_Unknown_Unk_Unk_Unk,Other/Unbranded,Other,303.8,Unknown,Unknown,Other,Unknown,Unknown,,,Unknown,Unknown,,,,Unk,,Unk,,Unk,,,Other,0,False,False,False,False
3620,Other/Unbranded_Unknown_Unk_Unk_Unk,Other/Unbranded,Other,571.5,Unknown,Unknown,Other,Unknown,Unknown,,,Unknown,Unknown,,,,Unk,,Unk,,Unk,,,Black,0,False,False,False,False
3621,Dell_i5_Unk_256GB_12-14in,Dell,Notebook/Laptop,485.8,Used,Used,Intel,Intel,i5,6.0,2.8,Windows,Unknown,,240.0,240.0,256GB,,Unk,12.5,12-14in,1920.0,1080.0,Other,6,True,True,True,True
3622,Dell_i5_Unk_512GB_Sub-12in,Dell,Notebook/Laptop,406.2,Used,Used,Intel,Intel,i5,4.0,1.99,Windows,SSD,,480.0,480.0,512GB,,Unk,10.8,Sub-12in,1920.0,1080.0,Other,7,True,False,True,True
3623,Lenovo_i5_Unk_256GB_12-14in,Lenovo,Notebook/Laptop,452.5,Used,Used,Intel,Intel,i5,4.0,1.99,Windows,SSD,,240.0,240.0,256GB,,Unk,12.5,12-14in,1280.0,720.0,Other,6,False,False,True,True
3624,Other/Unbranded_Unknown_Unk_Unk_Unk,Other/Unbranded,Other,747.5,Open Box,Like-New,Other,Unknown,Unknown,,,Unknown,Unknown,,,,Unk,,Unk,,Unk,,,Other,0,False,False,False,False
3625,Other/Unbranded_Unknown_Unk_Unk_Unk,Other/Unbranded,Other,51.0,New,New,Other,Unknown,Unknown,,,Unknown,Unknown,,,,Unk,,Unk,,Unk,,,Other,0,False,False,False,False
3626,Lenovo_i5_Unk_256GB_14-16in,Lenovo,Notebook/Laptop,422.0,Used,Used,Intel,Intel,i5,4.0,4.0,Windows,SSD,,240.0,240.0,256GB,,Unk,14.0,14-16in,1280.0,720.0,Other,6,False,False,True,True
3627,Dell_i5_Unk_128GB_14-16in,Dell,Notebook/Laptop,270.0,Refurbished - Seller Grade,Refurbished,Intel,Intel,i5,3.0,3.1,Windows,SSD,,120.0,120.0,128GB,,Unk,14.0,14-16in,1280.0,720.0,Other,2,False,False,False,True
3628,Other/Unbranded_Unknown_Unk_Unk_Unk,Other/Unbranded,Other,41.6,New,New,Other,Unknown,Unknown,,,Unknown,Unknown,,,,Unk,,Unk,,Unk,,,Other,0,False,False,False,False
3629,Other/Unbranded_Unknown_Unk_Unk_Unk,Other/Unbranded,Other,201.4,New,New,Other,Unknown,Unknown,,,Unknown,Unknown,,,,Unk,,Unk,,Unk,,,Other,0,False,False,False,False
3630,LG_Unknown_Unk_Unk_Unk,LG,Other,95.56,New,New,Other,Unknown,Unknown,,,Unknown,Unknown,,,,Unk,,Unk,,Unk,,,Other,0,False,False,False,False
3631,Other/Unbranded_Unknown_Unk_Unk_Unk,Other/Unbranded,Other,47.38,New,New,Other,Unknown,Unknown,,,Unknown,Unknown,,,,Unk,,Unk,,Unk,,,Other,0,False,False,False,False
3632,Dell_Other/Unspecified_Unk_Unk_14-16in,Dell,Other,489.5,Used,Used,Other,Intel,Other/Unspecified,,,Unknown,Unknown,,,,Unk,,Unk,14.1,14-16in,,,Other,0,False,False,False,False
3633,Asus_Unknown_Unk_Unk_Unk,Asus,Other,94.5,New,New,Other,Unknown,Unknown,,,Unknown,Unknown,,,,Unk,,Unk,,Unk,,,Other,0,False,False,False,False
3634,LG_Unknown_Unk_Unk_Unk,LG,Other,99.7,New,New,Other,Unknown,Unknown,,,Unknown,Unknown,,,,Unk,,Unk,,Unk,,,Other,0,False,False,False,False
3635,Other/Unbranded_Unknown_Unk_Unk_Unk,Other/Unbranded,Other,408.2,Used,Used,Intel,Unknown,Unknown,,,Unknown,Unknown,,,,Unk,,Unk,,Unk,,,Other,0,False,False,False,False
3636,Other/Unbranded_pentium_Unk_Unk_14-16in,Other/Unbranded,Other,21.98,For Parts / Not Working,End-of-Life,Other,Intel,pentium,,,Unknown,Unknown,,,,Unk,,Unk,15.0,14-16in,,,Other,0,False,False,False,False
3637,Acer_Unknown_Unk_Unk_Unk,Acer,Other,66.8,New,New,Other,Unknown,Unknown,,,Unknown,Unknown,,,,Unk,,Unk,,Unk,,,Other,0,False,False,False,False
3638,Other/Unbranded_Unknown_Unk_Unk_Unk,Other/Unbranded,Other,266.8,New,New,Other,Unknown,Unknown,,,Unknown,Unknown,,,,Unk,,Unk,,Unk,,,Other,0,False,False,False,False
3639,LG_Unknown_Unk_Unk_Unk,LG,Other,124.6,New,New,Other,Unknown,Unknown,,,Unknown,Unknown,,,,Unk,,Unk,,Unk,,,Other,0,False,False,False,False
3640,Other/Unbranded_Unknown_Unk_Unk_Unk,Other/Unbranded,Other,31.33,New,New,Other,Unknown,Unknown,,,Unknown,Unknown,,,,Unk,,Unk,,Unk,,,Other,0,False,False,False,False
3641,Other/Unbranded_Unknown_Unk_Unk_Unk,Other/Unbranded,Other,58.6,Unknown,Unknown,Other,Unknown,Unknown,,,Unknown,Unknown,,,,Unk,,Unk,,Unk,,,Other,0,False,False,False,False
3642,Other/Unbranded_i3_Unk_128GB_14-16in,Other/Unbranded,Notebook/Laptop,380.5,Used,Used,Intel,Intel,i3,6.0,3.0,Windows,SSD,,120.0,120.0,128GB,,Unk,14.0,14-16in,1280.0,720.0,Other,5,False,False,True,True
3643,Dell_i5_Unk_256GB_14-16in,Dell,Notebook/Laptop,331.2,Used,Used,Intel,Intel,i5,4.0,2.6,Windows,Unknown,,240.0,240.0,256GB,,Unk,14.0,14-16in,1280.0,720.0,Other,4,False,False,True,True
3644,Other/Unbranded_Unknown_Unk_Unk_Unk,Other/Unbranded,Other,5.42,Used,Used,Other,Unknown,Unknown,,,Unknown,Unknown,,,,Unk,,Unk,,Unk,,,Other,0,False,False,False,False
3645,AUO_Unknown_Unk_Unk_Unk,AUO,Other,71.6,New,New,Other,Unknown,Unknown,,,Unknown,Unknown,,,,Unk,,Unk,,Unk,,,Other,0,False,False,False,False
3646,Dell_i5_Unk_256GB_14-16in,Dell,Notebook/Laptop,331.2,Used,Used,Intel,Intel,i5,4.0,2.6,Windows,Unknown,,240.0,240.0,256GB,,Unk,14.0,14-16in,1280.0,720.0,Other,4,False,False,True,True
3647,Lenovo_i5_Unk_128GB_14-16in,Lenovo,Notebook/Laptop,326.5,Used,Used,Other,Intel,i5,7.0,,Windows,Unknown,,120.0,120.0,128GB,,Unk,14.0,14-16in,1920.0,1080.0,Other,0,False,False,False,False
3648,Other/Unbranded_Unknown_Unk_Unk_Sub-12in,Other/Unbranded,Other,41.6,Used,Used,Other,Unknown,Unknown,,,Unknown,Unknown,,,,Unk,,Unk,11.6,Sub-12in,,,Other,0,False,False,False,False
3649,Other/Unbranded_Unknown_Unk_Unk_Unk,Other/Unbranded,Other,110.5,New,New,Other,Unknown,Unknown,,,Unknown,Unknown,,,,Unk,,Unk,,Unk,,,Other,0,False,False,False,False
3650,Acer_Unknown_Unk_Unk_Unk,Acer,Other,46.12,New,New,Other,Unknown,Unknown,,,Unknown,Unknown,,,,Unk,,Unk,,Unk,,,Other,0,False,False,False,False
3651,Lenovo_i5_Unk_256GB_14-16in,Lenovo,Notebook/Laptop,339.5,Used,Used,Intel,Intel,i5,6.0,2.8,Windows,Unknown,,240.0,240.0,256GB,,Unk,14.0,14-16in,1920.0,1080.0,Other,6,False,True,True,True
3652,Other/Unbranded_Unknown_Unk_Unk_Unk,Other/Unbranded,Other,38.56,Unknown,Unknown,Other,Unknown,Unknown,,,Unknown,Unknown,,,,Unk,,Unk,,Unk,,,Other,0,False,False,False,False
3653,AUO_Unknown_Unk_Unk_Unk,AUO,Other,81.4,New,New,Other,Unknown,Unknown,,,Unknown,Unknown,,,,Unk,,Unk,,Unk,,,Other,0,False,False,False,False
3654,Dell_i5_Unk_256GB_14-16in,Dell,Notebook/Laptop,316.2,Used,Used,Nvidia,Intel,i5,4.0,2.6,Windows,Unknown,,240.0,240.0,256GB,,Unk,14.0,14-16in,1280.0,720.0,Other,3,False,False,False,True
3655,Other/Unbranded_Unknown_Unk_Unk_Unk,Other/Unbranded,Other,370.0,Used,Used,Intel,Unknown,Unknown,,,Unknown,Unknown,,,,Unk,,Unk,,Unk,,,Other,0,False,False,False,False
3656,Acer_Unknown_Unk_Unk_Unk,Acer,Other,91.1,New,New,Other,Unknown,Unknown,,,Unknown,Unknown,,,,Unk,,Unk,,Unk,,,Other,0,False,False,False,False
3657,Other/Unbranded_Unknown_Unk_Unk_Unk,Other/Unbranded,Other,5.42,Used,Used,Other,Unknown,Unknown,,,Unknown,Unknown,,,,Unk,,Unk,,Unk,,,Other,0,False,False,False,False
3658,Other/Unbranded_Unknown_Unk_Unk_Unk,Other/Unbranded,Other,19.19,Used,Used,Other,Unknown,Unknown,,,Unknown,Unknown,,,,Unk,,Unk,,Unk,,,Other,0,False,False,False,False
3659,Other/Unbranded_Unknown_Unk_Unk_Unk,Other/Unbranded,Other,78.8,New,New,Other,Unknown,Unknown,,,Unknown,Unknown,,,,Unk,,Unk,,Unk,,,Other,0,False,False,False,False
3660,Other/Unbranded_Unknown_Unk_Unk_Unk,Other/Unbranded,Other,31.45,Used,Used,Other,Unknown,Unknown,,,Unknown,Unknown,,,,Unk,,Unk,,Unk,,,Other,0,False,False,False,False
3661,Other/Unbranded_Unknown_Unk_Unk_Unk,Other/Unbranded,Other,764.5,Unknown,Unknown,Other,Unknown,Unknown,,,Unknown,Unknown,,,,Unk,,Unk,,Unk,,,Black,0,False,False,False,False
3662,Dell_i5_Unk_512GB_14-16in,Dell,Notebook/Laptop,348.2,Used,Used,Intel,Intel,i5,3.0,3.0,Windows,Unknown,,480.0,480.0,512GB,,Unk,14.0,14-16in,1280.0,720.0,Other,2,False,False,False,True
3663,Other/Unbranded_i5_Unk_256GB_12-14in,Other/Unbranded,Notebook/Laptop,404.0,Used,Used,Intel,Intel,i5,6.0,3.0,Windows,SSD,,240.0,240.0,256GB,,Unk,13.3,12-14in,1280.0,720.0,Other,4,False,False,True,True
3664,Other/Unbranded_Unknown_Unk_Unk_Unk,Other/Unbranded,Other,101.5,New,New,Other,Unknown,Unknown,,,Unknown,Unknown,,,,Unk,,Unk,,Unk,,,Other,0,False,False,False,False
3665,Other/Unbranded_Unknown_Unk_Unk_Unk,Other/Unbranded,Other,90.8,New,New,Other,Unknown,Unknown,,,Unknown,Unknown,,,,Unk,,Unk,,Unk,,,Other,0,False,False,False,False
3666,Other/Unbranded_Unknown_Unk_Unk_Unk,Other/Unbranded,Other,289.0,Refurbished - Seller Grade,Refurbished,Intel,Unknown,Unknown,,,Unknown,Unknown,,,,Unk,,Unk,,Unk,,,Other,0,False,False,False,False
3667,Other/Unbranded_Unknown_Unk_Unk_Unk,Other/Unbranded,Other,328.8,Refurbished - Seller Grade,Refurbished,Nvidia,Unknown,Unknown,,,Unknown,Unknown,,,,Unk,,Unk,,Unk,,,Black,0,False,False,False,False
3668,Dell_i5_Unk_128GB_14-16in,Dell,Notebook/Laptop,320.8,Used,Used,Intel,Intel,i5,4.0,2.6,Windows,Unknown,,120.0,120.0,128GB,,Unk,14.0,14-16in,1280.0,720.0,Other,4,False,False,True,True
3669,Asus_Unknown_Unk_Unk_Unk,Asus,Other,83.1,New,New,Other,Unknown,Unknown,,,Unknown,Unknown,,,,Unk,,Unk,,Unk,,,Other,0,False,False,False,False
3670,Other/Unbranded_Unknown_Unk_Unk_Unk,Other/Unbranded,Other,15.94,Used,Used,Other,Unknown,Unknown,,,Unknown,Unknown,,,,Unk,,Unk,,Unk,,,Other,0,False,False,False,False
3671,Other/Unbranded_Unknown_Unk_Unk_Unk,Other/Unbranded,Other,8.68,Used,Used,Other,Unknown,Unknown,,,Unknown,Unknown,,,,Unk,,Unk,,Unk,,,Other,0,False,False,False,False
3672,Other/Unbranded_Unknown_Unk_Unk_Unk,Other/Unbranded,Other,217.0,Used,Used,Other,Unknown,Unknown,,,Unknown,Unknown,,,,Unk,,Unk,,Unk,,,Other,0,False,False,False,False
3673,LG_Unknown_Unk_Unk_Unk,LG,Other,78.25,New,New,Other,Unknown,Unknown,,,Unknown,Unknown,,,,Unk,,Unk,,Unk,,,Other,0,False,False,False,False
3674,Acer_Unknown_Unk_Unk_Unk,Acer,Other,95.1,Unknown,Unknown,Other,Unknown,Unknown,,,Unknown,Unknown,,,,Unk,,Unk,,Unk,,,Other,0,False,False,False,False
3675,LG_Unknown_Unk_Unk_Unk,LG,Other,91.56,New,New,Other,Unknown,Unknown,,,Unknown,Unknown,,,,Unk,,Unk,,Unk,,,Other,0,False,False,False,False
3676,Other/Unbranded_Other/Unspecified_Unk_Unk_Unk,Other/Unbranded,Other,125.0,Used,Used,Other,AMD,Other/Unspecified,,,Unknown,Unknown,,,,Unk,,Unk,,Unk,,,Other,0,False,False,False,False
3677,Other/Unbranded_Unknown_Unk_Unk_Unk,Other/Unbranded,Other,228.5,Refurbished - Seller Grade,Refurbished,Intel,Unknown,Unknown,,,Unknown,Unknown,,,,Unk,,Unk,,Unk,,,Black,0,False,False,False,False
3678,HP_celeron_4GB_32GB_Sub-12in,HP,Notebook/Laptop,45.0,Used,Used,Intel,Intel,celeron,,2.16,Chrome,SSD,16.0,16.0,32.0,32GB,4.0,4GB,11.6,Sub-12in,1280.0,800.0,Gray,2,False,False,False,True
3679,Other/Unbranded_Unknown_Unk_Unk_Unk,Other/Unbranded,Other,23.88,Used,Used,Other,Unknown,Unknown,,,Unknown,Unknown,,,,Unk,,Unk,,Unk,,,Other,0,False,False,False,False
3680,Other/Unbranded_Other/Unspecified_8GB_Unk_16in+,Other/Unbranded,Notebook/Laptop,150.0,Unknown,Unknown,Other,AMD,Other/Unspecified,,1.5,Unknown,HDD/SSD,,,,Unk,6.0,8GB,17.3,16in+,,,Other,0,False,False,False,False
3681,Other/Unbranded_Unknown_Unk_Unk_Unk,Other/Unbranded,Other,636.0,New,New,Intel,Unknown,Unknown,,,Unknown,Unknown,,,,Unk,,Unk,,Unk,,,Other,0,False,False,False,False
3682,Other/Unbranded_i3_Unk_Unk_12-14in,Other/Unbranded,Notebook/Laptop,285.0,Used,Used,Other,Intel,i3,,,Unknown,Unknown,,,,Unk,,Unk,13.3,12-14in,,,Black,0,False,False,False,False
3683,Other/Unbranded_celeron_4GB_256GB_14-16in,Other/Unbranded,Notebook/Laptop,149.0,New,New,Intel,Intel,celeron,,1.1,Windows,HDD/SSD,128.0,128.0,256.0,256GB,4.0,4GB,15.6,14-16in,1366.0,768.0,Silver,3,False,False,True,False
3684,Dell_i5_16GB_256GB_14-16in,Dell,Notebook/Laptop,300.0,Used,Used,Intel,Intel,i5,4.0,2.0,Windows,SSD,,256.0,256.0,256GB,12.0,16GB,14.0,14-16in,1366.0,768.0,Black,6,True,True,True,True
3685,Dell_i5_Unk_256GB_12-14in,Dell,Notebook/Laptop,470.0,Used,Used,Intel,Intel,i5,6.0,2.8,Windows,Unknown,,240.0,240.0,256GB,,Unk,12.5,12-14in,1920.0,1080.0,Other,7,True,True,True,True
3686,Dell_i7_16GB_512GB_16in+,Dell,Notebook/Laptop,695.0,Refurbished - Good,Refurbished,Nvidia,Intel,i7,10.0,2.6,Windows,SSD,,512.0,512.0,512GB,16.0,16GB,17.3,16in+,1920.0,1080.0,Black,4,False,False,True,True
3687,Other/Unbranded_Other/Unspecified_4GB_512GB_14-16in,Other/Unbranded,Notebook/Laptop,94.94,Used,Used,Intel,Intel,Other/Unspecified,,1.87,Windows,HDD/SSD,500.0,,500.0,512GB,4.0,4GB,15.6,14-16in,1366.0,768.0,Other,5,False,False,False,True
3688,Other/Unbranded_Unknown_Unk_Unk_Unk,Other/Unbranded,Other,10.51,Used,Used,Other,Unknown,Unknown,,,Unknown,Unknown,,,,Unk,,Unk,,Unk,,,Other,0,False,False,False,False
3689,Asus_celeron_4GB_128GB_Sub-12in,Asus,Notebook/Laptop,70.0,Used,Used,Other,Intel,celeron,,1.1,Windows,EMMC,62.0,64.0,126.0,128GB,4.0,4GB,11.6,Sub-12in,,,Blue,4,False,False,True,True
3690,Other/Unbranded_Unknown_Unk_Unk_Unk,Other/Unbranded,Other,36.88,Unknown,Unknown,Other,Unknown,Unknown,,,Unknown,Unknown,,,,Unk,,Unk,,Unk,,,Other,0,False,False,False,False
3691,Other/Unbranded_i5_4GB_1TB_14-16in,Other/Unbranded,Notebook/Laptop,550.0,Unknown,Unknown,Other,Intel,i5,3.0,2.6,Windows,SSD,500.0,500.0,1000.0,1TB,4.0,4GB,14.0,14-16in,1366.0,768.0,Multicolor,8,True,False,True,True
3692,Samsung_celeron_4GB_64GB_Sub-12in,Samsung,Notebook/Laptop,99.5,Unknown,Unknown,Intel,Intel,celeron,,1.1,Chrome,EMMC,32.0,32.0,64.0,64GB,4.0,4GB,11.6,Sub-12in,1366.0,768.0,Silver,4,False,False,True,True
3693,Other/Unbranded_Unknown_Unk_Unk_Sub-12in,Other/Unbranded,Notebook/Laptop,2374.0,Used,Used,Other,Unknown,Unknown,,,Unknown,Unknown,,,,Unk,,Unk,11.0,Sub-12in,,,Brown,0,False,False,False,False
3694,Acer_celeron_2GB_32GB_Sub-12in,Acer,Notebook/Laptop,40.0,For Parts / Not Working,End-of-Life,Other,Intel,celeron,,,Chrome,SSD,16.0,16.0,32.0,32GB,2.0,2GB,11.5,Sub-12in,1366.0,768.0,White,2,False,False,False,True
3695,Lenovo_i5_Unk_256GB_14-16in,Lenovo,Notebook/Laptop,318.0,Used,Used,Other,Intel,i5,7.0,3.1,Windows,Unknown,,240.0,240.0,256GB,,Unk,14.0,14-16in,1920.0,1080.0,Other,5,False,True,True,True
3696,Lenovo_i7_32GB_2TB_14-16in,Lenovo,Notebook/Laptop,695.0,Used,Used,Nvidia,Intel,i7,,2.6,Windows,SSD,512.0,512.0,1024.0,2TB,32.0,32GB,15.6,14-16in,,,Black,0,False,False,False,False
3697,HP_i5_8GB_512GB_14-16in,HP,Notebook/Laptop,120.0,Used,Used,Intel,Intel,i5,3.0,2.5,Windows,SSD,240.0,240.0,480.0,512GB,8.0,8GB,14.0,14-16in,1366.0,768.0,Silver,5,False,False,True,True
3698,Other/Unbranded_i5_16GB_1TB_14-16in,Other/Unbranded,Notebook/Laptop,650.0,Used,Used,Intel,Intel,i5,6.0,2.4,Windows,SSD,,1000.0,1000.0,1TB,16.0,16GB,14.0,14-16in,,,Silver,1,False,False,False,False
3699,Dell_i3_2GB_256GB_14-16in,Dell,Notebook/Laptop,37.0,For Parts / Not Working,End-of-Life,Other,Intel,i3,,2.4,Unknown,HDD/SSD,250.0,,250.0,256GB,2.0,2GB,14.0,14-16in,,,Black,0,False,False,False,False
3700,Other/Unbranded_Unknown_Unk_Unk_Unk,Other/Unbranded,Other,354.2,Used,Used,Intel,Unknown,Unknown,,,Unknown,Unknown,,,,Unk,,Unk,,Unk,,,Other,0,False,False,False,False
3701,Other/Unbranded_Unknown_Unk_Unk_Unk,Other/Unbranded,Other,9.43,Used,Used,Amd,Unknown,Unknown,,,Unknown,Unknown,,,,Unk,,Unk,,Unk,,,Other,0,False,False,False,False
3702,Dell_i5_32GB_256GB_14-16in,Dell,Notebook/Laptop,630.0,Refurbished - Good,Refurbished,Intel,Intel,i5,10.0,2.5,Windows,SSD,,256.0,256.0,256GB,32.0,32GB,15.6,14-16in,1920.0,1200.0,Silver,4,False,False,True,True
3703,Lenovo_Other/Unspecified_4GB_32GB_Sub-12in,Lenovo,Other,149.6,Unknown,Unknown,Other,Other,Other/Unspecified,,2.1,Chrome,EMMC,32.0,,32.0,32GB,4.0,4GB,11.6,Sub-12in,1366.0,768.0,Gray,6,True,False,True,True
3704,Other/Unbranded_Unknown_Unk_Unk_Unk,Other/Unbranded,Other,348.5,Used,Used,Nvidia,Unknown,Unknown,,,Unknown,Unknown,,,,Unk,,Unk,,Unk,,,Other,0,False,False,False,False
3705,Other/Unbranded_Unknown_Unk_Unk_Unk,Other/Unbranded,Other,353.8,Refurbished - Seller Grade,Refurbished,Intel,Unknown,Unknown,,,Unknown,Unknown,,,,Unk,,Unk,,Unk,,,Black,0,False,False,False,False
3706,Other/Unbranded_i5_Unk_256GB_12-14in,Other/Unbranded,Other,376.2,Used,Used,Intel,Intel,i5,4.0,,Windows,Unknown,,256.0,256.0,256GB,,Unk,13.3,12-14in,1280.0,720.0,Other,1,False,False,False,False
3707,Lenovo_Unknown_Unk_Unk_Unk,Lenovo,Other,44.9,New,New,Other,Unknown,Unknown,,,Unknown,Unknown,,,,Unk,,Unk,,Unk,,,Other,0,False,False,False,False
3708,Other/Unbranded_Unknown_Unk_Unk_Unk,Other/Unbranded,Other,114.44,New,New,Other,Unknown,Unknown,,,Unknown,Unknown,,,,Unk,,Unk,,Unk,,,Other,0,False,False,False,False
3709,Dell_Other/Unspecified_8GB_512GB_14-16in,Dell,Other,239.8,Used,Used,Intel,Other,Other/Unspecified,,1.6,Windows,Unknown,,512.0,512.0,512GB,8.0,8GB,14.0,14-16in,1366.0,768.0,Black,2,False,False,True,True
3710,Samsung_Unknown_Unk_Unk_Unk,Samsung,Other,50.25,New,New,Other,Unknown,Unknown,,,Unknown,Unknown,,,,Unk,,Unk,,Unk,,,Other,0,False,False,False,False
3711,Dell_i5_Unk_512GB_12-14in,Dell,Notebook/Laptop,463.8,Used,Used,Intel,Intel,i5,6.0,2.3,Windows,SSD,,480.0,480.0,512GB,,Unk,12.5,12-14in,1920.0,1080.0,Black,4,True,False,True,True
3712,Other/Unbranded_Unknown_Unk_Unk_Unk,Other/Unbranded,Other,7.59,Used,Used,Other,Unknown,Unknown,,,Unknown,Unknown,,,,Unk,,Unk,,Unk,,,Other,0,False,False,False,False
3713,Other/Unbranded_Unknown_Unk_Unk_Unk,Other/Unbranded,Other,133.0,New,New,Other,Unknown,Unknown,,,Unknown,Unknown,,,,Unk,,Unk,,Unk,,,Other,0,False,False,False,False
3714,Dell_i5_Unk_1TB_Sub-12in,Dell,Notebook/Laptop,360.0,Used,Used,Intel,Intel,i5,4.0,1.99,Windows,SSD,,960.0,960.0,1TB,,Unk,10.8,Sub-12in,1920.0,1080.0,Other,7,True,False,True,True
3715,Other/Unbranded_Unknown_Unk_Unk_Unk,Other/Unbranded,Other,340.0,Refurbished - Excellent,Refurbished,Intel,Unknown,Unknown,,,Unknown,Unknown,,,,Unk,,Unk,,Unk,,,Other,0,False,False,False,False
3716,Lenovo_i5_Unk_128GB_14-16in,Lenovo,Notebook/Laptop,323.2,Used,Used,Other,Intel,i5,7.0,3.1,Windows,Unknown,,120.0,120.0,128GB,,Unk,14.0,14-16in,1920.0,1080.0,Other,5,False,True,True,True
3717,Other/Unbranded_Unknown_Unk_Unk_Unk,Other/Unbranded,Other,336.8,Used,Used,Intel,Unknown,Unknown,,,Unknown,Unknown,,,,Unk,,Unk,,Unk,,,Other,0,False,False,False,False
3718,Other/Unbranded_Unknown_Unk_Unk_Unk,Other/Unbranded,Other,461.8,Refurbished - Seller Grade,Refurbished,Intel,Unknown,Unknown,,,Unknown,Unknown,,,,Unk,,Unk,,Unk,,,Black,0,False,False,False,False
3719,Other/Unbranded_Unknown_Unk_Unk_Unk,Other/Unbranded,Other,134.1,New,New,Other,Unknown,Unknown,,,Unknown,Unknown,,,,Unk,,Unk,,Unk,,,Other,0,False,False,False,False
3720,Other/Unbranded_i5_Unk_256GB_14-16in,Other/Unbranded,Notebook/Laptop,433.8,Used,Used,Intel,Intel,i5,4.0,3.0,Windows,SSD,,240.0,240.0,256GB,,Unk,15.6,14-16in,1280.0,720.0,Black,4,False,False,True,True
3721,Lenovo_i3_Unk_1TB_14-16in,Lenovo,Notebook/Laptop,603.5,Used,Used,Intel,Intel,i3,7.0,3.0,Windows,SSD,,960.0,960.0,1TB,,Unk,15.6,14-16in,1920.0,1080.0,Black,5,False,False,True,True
3722,Other/Unbranded_Unknown_Unk_Unk_Unk,Other/Unbranded,Other,806.5,New,New,Intel,Unknown,Unknown,,,Unknown,Unknown,,,,Unk,,Unk,,Unk,,,Other,0,False,False,False,False
3723,Other/Unbranded_Unknown_Unk_Unk_Unk,Other/Unbranded,Other,108.6,Unknown,Unknown,Other,Unknown,Unknown,,,Unknown,Unknown,,,,Unk,,Unk,,Unk,,,Other,0,False,False,False,False
3725,Other/Unbranded_Unknown_Unk_Unk_Unk,Other/Unbranded,Other,203.6,Unknown,Unknown,Other,Unknown,Unknown,,,Unknown,Unknown,,,,Unk,,Unk,,Unk,,,Other,0,False,False,False,False
3726,Lenovo_i3_Unk_512GB_14-16in,Lenovo,Notebook/Laptop,551.0,Used,Used,Intel,Intel,i3,7.0,3.0,Windows,HDD/SSD,,480.0,480.0,512GB,,Unk,15.6,14-16in,1920.0,1080.0,Black,6,False,False,True,True
3727,AUO_Unknown_Unk_Unk_Unk,AUO,Other,99.44,New,New,Other,Unknown,Unknown,,,Unknown,Unknown,,,,Unk,,Unk,,Unk,,,Other,0,False,False,False,False
3728,Other/Unbranded_Unknown_Unk_Unk_Unk,Other/Unbranded,Other,80.7,New,New,Other,Unknown,Unknown,,,Unknown,Unknown,,,,Unk,,Unk,,Unk,,,Other,0,False,False,False,False
3729,Lenovo_i3_Unk_128GB_14-16in,Lenovo,Notebook/Laptop,460.8,Used,Used,Intel,Intel,i3,7.0,3.0,Windows,HDD/SSD,,120.0,120.0,128GB,,Unk,15.6,14-16in,1920.0,1080.0,Black,6,False,False,True,True
3730,Other/Unbranded_Unknown_Unk_Unk_Unk,Other/Unbranded,Other,547.0,Refurbished - Seller Grade,Refurbished,Intel,Unknown,Unknown,,,Unknown,Unknown,,,,Unk,,Unk,,Unk,,,Other,0,False,False,False,False
3731,Other/Unbranded_Unknown_Unk_Unk_Unk,Other/Unbranded,Other,5.42,Used,Used,Other,Unknown,Unknown,,,Unknown,Unknown,,,,Unk,,Unk,,Unk,,,Other,0,False,False,False,False
3732,Dell_i5_Unk_256GB_14-16in,Dell,Notebook/Laptop,108.0,Used,Used,Other,Intel,i5,7.0,2.6,Windows,SSD,,256.0,256.0,256GB,,Unk,14.0,14-16in,,,Other,2,False,True,False,False
3733,HP_celeron_4GB_16GB_Sub-12in,HP,Notebook/Laptop,29.0,Used,Used,Intel,Intel,celeron,,1.1,Chrome,EMMC,,16.0,16.0,16GB,4.0,4GB,11.6,Sub-12in,1366.0,768.0,Black,4,False,True,True,False
3734,Lenovo_Unknown_4GB_64GB_Sub-12in,Lenovo,Notebook/Laptop,56.0,Used,Used,Other,Unknown,Unknown,,1.2,Windows,Unknown,,64.0,64.0,64GB,4.0,4GB,11.6,Sub-12in,,,Other,0,False,False,False,False
3735,HP_celeron_Unk_Unk_14-16in,HP,Other,125.0,Used,Used,Other,Intel,celeron,,,Chrome,Unknown,,,,Unk,,Unk,14.0,14-16in,,,Other,0,False,False,False,False
3736,Acer_celeron_2GB_256GB_Sub-12in,Acer,Notebook/Laptop,64.94,Used,Used,Other,Intel,celeron,,1.4,Windows,SSD,128.0,128.0,256.0,256GB,2.0,2GB,11.6,Sub-12in,,,Black,0,False,False,False,False
3737,Lenovo_i7_16GB_512GB_14-16in,Lenovo,Notebook/Laptop,550.0,Used,Used,Intel,Intel,i7,11.0,3.0,Windows,SSD,,512.0,512.0,512GB,16.0,16GB,14.0,14-16in,3840.0,2160.0,Black,7,True,True,False,True
3738,Lenovo_celeron_2GB_64GB_Sub-12in,Lenovo,Notebook/Laptop,90.0,Used,Used,Intel,Intel,celeron,,1.1,Chrome,EMMC,4.0,32.0,36.0,64GB,0.004,2GB,11.6,Sub-12in,1366.0,768.0,Black,6,False,False,True,True
3739,Lenovo_i7_16GB_2TB_14-16in,Lenovo,Notebook/Laptop,600.0,Used,Used,Nvidia,Intel,i7,,2.3,Windows,SSD,512.0,512.0,1024.0,2TB,16.0,16GB,15.0,14-16in,,,Other,3,False,True,True,True
3740,Dell_celeron_4GB_32GB_Sub-12in,Dell,Notebook/Laptop,50.0,Used,Used,Intel,Intel,celeron,,2.16,Linux,SSD,16.0,16.0,32.0,32GB,4.0,4GB,11.6,Sub-12in,1366.0,768.0,Black,4,False,False,True,False
3741,Lenovo_celeron_4GB_32GB_Sub-12in,Lenovo,Notebook/Laptop,46.0,Used,Used,Other,Intel,celeron,,1.6,Linux,SSD,16.0,16.0,32.0,32GB,4.0,4GB,11.6,Sub-12in,1366.0,768.0,Black,0,False,False,False,False
3742,HP_i5_16GB_256GB_14-16in,HP,Notebook/Laptop,120.0,Used,Used,Intel,Intel,i5,4.0,,Windows,SSD,,256.0,256.0,256GB,16.0,16GB,14.0,14-16in,1600.0,900.0,Black,4,False,False,False,True
3743,Lenovo_i7_16GB_256GB_14-16in,Lenovo,Notebook/Laptop,110.0,Used,Used,Intel,Intel,i7,,2.6,Windows,SSD,,256.0,256.0,256GB,16.0,16GB,14.0,14-16in,1920.0,1080.0,Black,5,False,True,True,True
3744,HP_ryzen3_8GB_256GB_14-16in,HP,Notebook/Laptop,193.0,New,New,Amd,AMD,ryzen 3,,2.6,Windows,SSD,128.0,128.0,256.0,256GB,8.0,8GB,14.0,14-16in,1366.0,768.0,Silver,4,False,False,True,True
3745,Microsoft_i5_16GB_512GB_12-14in,Microsoft,Notebook/Laptop,180.0,Used,Used,Intel,Intel,i5,8.0,1.7,Windows,SSD,256.0,256.0,512.0,512GB,16.0,16GB,13.5,12-14in,,,Silver,6,True,True,True,True
3746,HP_i5_8GB_512GB_14-16in,HP,Notebook/Laptop,100.0,Used,Used,Other,Intel,i5,,2.5,Windows,SSD,256.0,256.0,512.0,512GB,8.0,8GB,15.6,14-16in,,,Other,0,False,False,False,False
3747,Microsoft_i7_16GB_2TB_Unk,Microsoft,Notebook/Laptop,188.0,Used,Used,Intel,Intel,i7,,4.2,Unknown,SSD,512.0,512.0,1024.0,2TB,16.0,16GB,,Unk,1920.0,1080.0,Other,5,True,False,True,True
3748,Dell_i5_Unk_Unk_12-14in,Dell,Other,195.0,Used,Used,Other,Intel,i5,10.0,,Unknown,Unknown,,,,Unk,,Unk,12.0,12-14in,,,Other,0,False,False,False,False
3749,Asus_i7_8GB_2TB_14-16in,Asus,Notebook/Laptop,299.0,Unknown,Unknown,Intel,Intel,i7,11.0,2.8,Windows,SSD,512.0,512.0,1024.0,2TB,8.0,8GB,14.0,14-16in,1920.0,1080.0,Green,3,False,True,False,True
3750,Lenovo_i7_16GB_2TB_14-16in,Lenovo,Notebook/Laptop,200.0,Used,Used,Other,Intel,i7,7.0,2.8,Windows,SSD,512.0,512.0,1024.0,2TB,16.0,16GB,14.0,14-16in,1920.0,1080.0,Black,6,True,False,True,True
3751,Lenovo_celeron_4GB_128GB_Sub-12in,Lenovo,Notebook/Laptop,150.0,Unknown,Unknown,Intel,Intel,celeron,,1.1,Windows,EMMC,64.0,64.0,128.0,128GB,4.0,4GB,10.3,Sub-12in,1920.0,1080.0,Gray,9,True,True,True,True
3752,Lenovo_i5_8GB_256GB_14-16in,Lenovo,Notebook/Laptop,404.0,Unknown,Unknown,Other,Intel,i5,8.0,1.6,Windows,SSD,,256.0,256.0,256GB,8.0,8GB,14.0,14-16in,,,Other,0,False,False,False,False
3753,Lenovo_celeron_4GB_32GB_Sub-12in,Lenovo,Other,30.0,Unknown,Unknown,Intel,Intel,celeron,,1.1,Chrome,SSD,,32.0,32.0,32GB,4.0,4GB,11.6,Sub-12in,1366.0,768.0,Black,8,True,False,True,True
3754,Dell_i7_8GB_512GB_12-14in,Dell,Notebook/Laptop,159.0,Used,Used,Other,Intel,i7,8.0,1.9,Windows,SSD,8.0,256.0,264.0,512GB,8.0,8GB,12.5,12-14in,,,Black,6,False,True,True,False
3755,Dell_celeron_4GB_32GB_Sub-12in,Dell,Notebook/Laptop,57.0,Used,Used,Intel,Intel,celeron,,2.16,Linux,SSD,16.0,16.0,32.0,32GB,4.0,4GB,11.6,Sub-12in,1366.0,768.0,Black,4,False,False,True,False
3756,Samsung_i7_16GB_512GB_14-16in,Samsung,Notebook/Laptop,550.0,Unknown,Unknown,Intel,Intel,i7,11.0,2.8,Windows,SSD,256.0,256.0,512.0,512GB,16.0,16GB,15.6,14-16in,1920.0,1080.0,Silver,6,False,True,True,True
3757,Dell_i5_Unk_2TB_14-16in,Dell,Notebook/Laptop,168.0,Used,Used,Intel,Intel,i5,8.0,1.7,Unknown,SSD,,2000.0,2000.0,2TB,,Unk,15.6,14-16in,,,Black,4,False,True,True,True
3758,Other/Unbranded_i5_Unk_Unk_12-14in,Other/Unbranded,Notebook/Laptop,64.0,Used,Used,Other,Intel,i5,4.0,1.9,Unknown,OTHER,,,,Unk,,Unk,13.3,12-14in,,,Other,0,False,False,False,False
3759,Microsoft_pentium_32GB+_128GB_Sub-12in,Microsoft,Notebook/Laptop,124.0,Used,Used,Intel,Intel,pentium,,1.1,Windows,SSD,64.0,64.0,128.0,128GB,64.0,32GB+,10.5,Sub-12in,1920.0,1280.0,Silver,3,True,False,True,True
3760,Dell_i5_16GB_256GB_14-16in,Dell,Notebook/Laptop,130.0,Used,Used,Intel,Intel,i5,7.0,2.6,Windows,SSD,128.0,128.0,256.0,256GB,16.0,16GB,14.0,14-16in,1366.0,768.0,Black,4,True,False,True,True
3761,HP_i3_8GB_512GB_14-16in,HP,Notebook/Laptop,130.0,Used,Used,Other,Intel,i3,6.0,2.3,Unknown,HDD/SSD,320.0,,320.0,512GB,8.0,8GB,14.0,14-16in,1366.0,768.0,Other,1,True,False,False,False
3762,Lenovo_ryzen_Unk_512GB_14-16in,Lenovo,Notebook/Laptop,300.0,Used,Used,Amd,AMD,ryzen,,3.2,Windows,SSD,256.0,256.0,512.0,512GB,,Unk,15.6,14-16in,1920.0,1200.0,Black,0,False,False,False,False
3763,LG_i7_16GB_2TB_16in+,LG,Notebook/Laptop,275.0,For Parts / Not Working,End-of-Life,Nvidia,Intel,i7,11.0,2.0,Windows,SSD,512.0,512.0,1024.0,2TB,16.0,16GB,16.0,16in+,1920.0,1200.0,Gray,2,False,False,True,True
3764,Lenovo_i7_16GB_512GB_14-16in,Lenovo,Notebook/Laptop,225.0,Used,Used,Intel,Intel,i7,8.0,1.9,Windows,SSD,16.0,256.0,272.0,512GB,16.0,16GB,14.0,14-16in,1920.0,1080.0,Black,6,True,False,True,True
3765,Other/Unbranded_Other/Unspecified_Unk_128GB_Unk,Other/Unbranded,Notebook/Laptop,80.0,Used,Used,Other,Intel,Other/Unspecified,,1.8,Windows,HDD/SSD,120.0,,120.0,128GB,,Unk,,Unk,,,Other,1,False,False,False,True
3766,Dell_i5_Unk_512GB_Sub-12in,Dell,Notebook/Laptop,405.8,Used,Used,Intel,Intel,i5,4.0,1.99,Windows,SSD,,480.0,480.0,512GB,,Unk,10.8,Sub-12in,1920.0,1080.0,Other,7,True,False,True,True
3767,Other/Unbranded_Unknown_Unk_Unk_Unk,Other/Unbranded,Other,44.22,Unknown,Unknown,Other,Unknown,Unknown,,,Unknown,Unknown,,,,Unk,,Unk,,Unk,,,Other,0,False,False,False,False
3768,Other/Unbranded_Unknown_Unk_1TB_Unk,Other/Unbranded,Other,40.0,Used,Used,Other,Unknown,Unknown,,,Unknown,HDD/SSD,1000.0,,1000.0,1TB,,Unk,,Unk,,,Other,0,False,False,False,False
3769,Other/Unbranded_Unknown_Unk_Unk_Unk,Other/Unbranded,Other,53.75,New,New,Other,Unknown,Unknown,,,Unknown,Unknown,,,,Unk,,Unk,,Unk,,,Other,0,False,False,False,False
3770,Dell_i5_Unk_1TB_Sub-12in,Dell,Notebook/Laptop,411.0,Used,Used,Intel,Intel,i5,4.0,1.99,Windows,SSD,,960.0,960.0,1TB,,Unk,10.8,Sub-12in,1920.0,1080.0,Other,7,True,False,True,True
3771,Other/Unbranded_Unknown_Unk_Unk_Unk,Other/Unbranded,Other,97.6,Used,Used,Other,Unknown,Unknown,,,Unknown,Unknown,,,,Unk,,Unk,,Unk,,,Other,0,False,False,False,False
3772,HP_i5_8GB_512GB_16in+,HP,Notebook/Laptop,579.0,Unknown,Unknown,Intel,Intel,i5,11.0,2.4,Windows,SSD,256.0,256.0,512.0,512GB,8.0,8GB,17.3,16in+,1600.0,900.0,Silver,4,False,False,True,True
3773,Other/Unbranded_Unknown_Unk_Unk_Unk,Other/Unbranded,Other,192.6,Used,Used,Other,Unknown,Unknown,,,Unknown,Unknown,,,,Unk,,Unk,,Unk,,,Other,0,False,False,False,False
3774,Lenovo_i5_Unk_512GB_14-16in,Lenovo,Notebook/Laptop,390.8,Used,Used,Intel,Intel,i5,6.0,2.8,Windows,Unknown,,480.0,480.0,512GB,,Unk,14.0,14-16in,1920.0,1080.0,Other,5,False,True,True,True
3775,Other/Unbranded_Unknown_Unk_Unk_Unk,Other/Unbranded,Other,20.61,Unknown,Unknown,Other,Unknown,Unknown,,,Unknown,Unknown,,,,Unk,,Unk,,Unk,,,Other,0,False,False,False,False
3776,Other/Unbranded_Unknown_Unk_Unk_Unk,Other/Unbranded,Other,419.2,Refurbished - Very Good,Refurbished,Intel,Unknown,Unknown,,,Unknown,Unknown,,,,Unk,,Unk,,Unk,,,Other,0,False,False,False,False
3777,Dell_i3_4GB_128GB_12-14in,Dell,Notebook/Laptop,95.94,Unknown,Unknown,Other,Intel,i3,4.0,1.7,Windows,SSD,,128.0,128.0,128GB,4.0,4GB,13.3,12-14in,1366.0,768.0,Black,3,False,False,True,False
3778,Acer_Unknown_Unk_Unk_Unk,Acer,Other,97.25,New,New,Other,Unknown,Unknown,,,Unknown,Unknown,,,,Unk,,Unk,,Unk,,,Other,0,False,False,False,False
3779,Dell_i7_16GB_512GB_12-14in,Dell,Notebook/Laptop,286.0,Used,Used,Other,Intel,i7,8.0,1.8,Windows,SSD,256.0,256.0,512.0,512GB,16.0,16GB,13.3,12-14in,1920.0,1080.0,Other,5,True,True,True,False
3780,Other/Unbranded_Unknown_Unk_Unk_Unk,Other/Unbranded,Other,21.7,Used,Used,Other,Unknown,Unknown,,,Unknown,Unknown,,,,Unk,,Unk,,Unk,,,Other,0,False,False,False,False
3781,Other/Unbranded_pentium_Unk_Unk_14-16in,Other/Unbranded,Other,21.8,For Parts / Not Working,End-of-Life,Other,Other,pentium,,,Unknown,Unknown,,,,Unk,,Unk,14.0,14-16in,,,Other,0,False,False,False,False
3782,Other/Unbranded_Unknown_Unk_Unk_Unk,Other/Unbranded,Other,101.8,New,New,Other,Unknown,Unknown,,,Unknown,Unknown,,,,Unk,,Unk,,Unk,,,Other,0,False,False,False,False
3783,Dell_i5_Unk_128GB_12-14in,Dell,Notebook/Laptop,416.8,Used,Used,Intel,Intel,i5,6.0,2.8,Windows,Unknown,,120.0,120.0,128GB,,Unk,12.5,12-14in,1920.0,1080.0,Other,7,True,True,True,True
3784,Dell_i5_Unk_128GB_14-16in,Dell,Notebook/Laptop,280.8,Used,Used,Intel,Intel,i5,4.0,2.6,Windows,Unknown,,120.0,120.0,128GB,,Unk,14.0,14-16in,1280.0,720.0,Other,4,False,False,True,True
3785,HP_i7_8GB_256GB_14-16in,HP,Notebook/Laptop,120.0,Unknown,Unknown,Intel,Intel,i7,6.0,2.6,Windows,SSD,,256.0,256.0,256GB,8.0,8GB,14.0,14-16in,1920.0,1080.0,Silver,6,False,True,True,True
3786,Other/Unbranded_Unknown_Unk_Unk_Unk,Other/Unbranded,Other,150.8,New,New,Other,Unknown,Unknown,,,Unknown,Unknown,,,,Unk,,Unk,,Unk,,,Other,0,False,False,False,False
3787,HP_pentium_4GB_512GB_14-16in,HP,Notebook/Laptop,300.0,Unknown,Unknown,Intel,Intel,pentium,,2.7,Windows,Unknown,500.0,,500.0,512GB,4.0,4GB,15.6,14-16in,1366.0,768.0,Red,3,False,False,True,False
3788,HP_ryzen3_16GB_Unk_14-16in,HP,Notebook/Laptop,130.0,Used,Used,Amd,AMD,ryzen 3,,2.0,Unknown,SSD,,,,Unk,16.0,16GB,14.0,14-16in,1920.0,1080.0,Silver,1,False,False,False,True
3789,Other/Unbranded_Unknown_Unk_Unk_Unk,Other/Unbranded,Other,92.2,New,New,Other,Unknown,Unknown,,,Unknown,Unknown,,,,Unk,,Unk,,Unk,,,Other,0,False,False,False,False
3790,Other/Unbranded_Unknown_Unk_Unk_Unk,Other/Unbranded,Other,10.85,Used,Used,Other,Unknown,Unknown,,,Unknown,Unknown,,,,Unk,,Unk,,Unk,,,Other,0,False,False,False,False
3791,Dell_i5_Unk_256GB_14-16in,Dell,Notebook/Laptop,280.8,Used,Used,Intel,Intel,i5,4.0,2.6,Windows,Unknown,,240.0,240.0,256GB,,Unk,14.0,14-16in,1280.0,720.0,Other,3,False,False,False,True
3792,Other/Unbranded_Unknown_Unk_Unk_Unk,Other/Unbranded,Other,335.8,Refurbished - Seller Grade,Refurbished,Intel,Unknown,Unknown,,,Unknown,Unknown,,,,Unk,,Unk,,Unk,,,Black,0,False,False,False,False
3793,Dell_i5_Unk_256GB_14-16in,Dell,Notebook/Laptop,345.8,Used,Used,Intel,Intel,i5,5.0,2.7,Windows,Unknown,,240.0,240.0,256GB,,Unk,14.0,14-16in,1280.0,720.0,Black,3,False,False,False,True
3794,Other/Unbranded_Unknown_Unk_Unk_Unk,Other/Unbranded,Other,60.75,New,New,Other,Unknown,Unknown,,,Unknown,Unknown,,,,Unk,,Unk,,Unk,,,Other,0,False,False,False,False
3795,Lenovo_Other/Unspecified_4GB_256GB_Sub-12in,Lenovo,Notebook/Laptop,95.0,Open Box,Like-New,Other,Intel,Other/Unspecified,7.0,,Windows,SSD,4.0,128.0,132.0,256GB,4.0,4GB,11.6,Sub-12in,,,Other,0,False,False,False,False
3796,Other/Unbranded_Unknown_Unk_Unk_Unk,Other/Unbranded,Other,370.2,Refurbished - Seller Grade,Refurbished,Intel,Unknown,Unknown,,,Unknown,Unknown,,,,Unk,,Unk,,Unk,,,Black,0,False,False,False,False
3797,Other/Unbranded_Unknown_Unk_Unk_Unk,Other/Unbranded,Other,783.0,Used,Used,Intel,Unknown,Unknown,,,Unknown,Unknown,,,,Unk,,Unk,,Unk,,,Other,0,False,False,False,False
3798,HP_Unknown_Unk_Unk_Unk,HP,Other,90.56,New,New,Other,Unknown,Unknown,,,Unknown,Unknown,,,,Unk,,Unk,,Unk,,,Other,0,False,False,False,False
3799,Other/Unbranded_i3_Unk_256GB_12-14in,Other/Unbranded,Notebook/Laptop,434.5,Refurbished - Seller Grade,Refurbished,Intel,Intel,i3,4.0,3.0,Windows,SSD,,240.0,240.0,256GB,,Unk,13.3,12-14in,1280.0,720.0,Other,4,False,False,True,True
3800,Other/Unbranded_Unknown_Unk_Unk_Unk,Other/Unbranded,Other,1772.0,Refurbished - Seller Grade,Refurbished,Intel,Unknown,Unknown,,,Unknown,Unknown,,,,Unk,,Unk,,Unk,,,Other,0,False,False,False,False
3801,Other/Unbranded_Unknown_Unk_Unk_Unk,Other/Unbranded,Other,110.4,New,New,Other,Unknown,Unknown,,,Unknown,Unknown,,,,Unk,,Unk,,Unk,,,Other,0,False,False,False,False
3802,Dell_i5_Unk_256GB_14-16in,Dell,Notebook/Laptop,370.8,Used,Used,Intel,Intel,i5,5.0,,Windows,Unknown,,240.0,240.0,256GB,,Unk,14.0,14-16in,1280.0,720.0,Other,0,False,False,False,False
3803,Other/Unbranded_i5_Unk_256GB_14-16in,Other/Unbranded,Notebook/Laptop,435.2,Used,Used,Intel,Intel,i5,4.0,3.0,Windows,SSD,,240.0,240.0,256GB,,Unk,15.6,14-16in,1280.0,720.0,Other,4,False,False,True,True
3804,Other/Unbranded_Unknown_Unk_Unk_Unk,Other/Unbranded,Other,59.53,New,New,Other,Unknown,Unknown,,,Unknown,Unknown,,,,Unk,,Unk,,Unk,,,Other,0,False,False,False,False
3805,Other/Unbranded_Unknown_Unk_Unk_Unk,Other/Unbranded,Other,160.2,New,New,Other,Unknown,Unknown,,,Unknown,Unknown,,,,Unk,,Unk,,Unk,,,Other,0,False,False,False,False
3806,Dell_i5_Unk_2TB_12-14in,Dell,Notebook/Laptop,814.5,Used,Used,Intel,Intel,i5,6.0,2.8,Windows,Unknown,,2000.0,2000.0,2TB,,Unk,12.5,12-14in,1920.0,1080.0,Black,7,True,True,True,True
3807,Other/Unbranded_Unknown_Unk_Unk_Unk,Other/Unbranded,Other,522.0,Used,Used,Other,Unknown,Unknown,,,Unknown,Unknown,,,,Unk,,Unk,,Unk,,,Other,0,False,False,False,False
3808,Samsung_Other/Unspecified_4GB_32GB_Sub-12in,Samsung,Other,29.84,Used,Used,Other,Intel,Other/Unspecified,,,Chrome,EMMC,16.0,16.0,32.0,32GB,4.0,4GB,11.6,Sub-12in,,,Other,0,False,False,False,False
3809,Dell_i5_Unk_1TB_14-16in,Dell,Notebook/Laptop,431.2,Used,Used,Intel,Intel,i5,4.0,2.6,Windows,Unknown,,960.0,960.0,1TB,,Unk,14.0,14-16in,1280.0,720.0,Other,3,False,False,False,True
3810,Other/Unbranded_Unknown_Unk_Unk_Unk,Other/Unbranded,Other,65.0,New,New,Other,Unknown,Unknown,,,Unknown,Unknown,,,,Unk,,Unk,,Unk,,,Other,0,False,False,False,False
3811,Other/Unbranded_Unknown_Unk_Unk_Unk,Other/Unbranded,Other,52.72,New,New,Other,Unknown,Unknown,,,Unknown,Unknown,,,,Unk,,Unk,,Unk,,,Other,0,False,False,False,False
3812,Other/Unbranded_Unknown_Unk_Unk_Unk,Other/Unbranded,Other,222.4,Used,Used,Other,Unknown,Unknown,,,Unknown,Unknown,,,,Unk,,Unk,,Unk,,,Other,0,False,False,False,False
3813,Other/Unbranded_Unknown_Unk_Unk_Unk,Other/Unbranded,Other,177.1,Refurbished - Seller Grade,Refurbished,Intel,Unknown,Unknown,,,Unknown,Unknown,,,,Unk,,Unk,,Unk,,,Other,0,False,False,False,False
3814,Lenovo_i5_Unk_1TB_12-14in,Lenovo,Notebook/Laptop,714.0,Refurbished - Seller Grade,Refurbished,Intel,Intel,i5,7.0,3.0,Windows,Unknown,,960.0,960.0,1TB,,Unk,13.3,12-14in,1920.0,1080.0,Other,7,True,True,True,True
3815,Other/Unbranded_Unknown_Unk_Unk_Unk,Other/Unbranded,Other,363.5,Refurbished - Very Good,Refurbished,Other,Unknown,Unknown,,,Unknown,Unknown,,,,Unk,,Unk,,Unk,,,Other,0,False,False,False,False
3816,Dell_i5_Unk_256GB_14-16in,Dell,Notebook/Laptop,383.0,Used,Used,Intel,Intel,i5,4.0,2.6,Windows,Unknown,,240.0,240.0,256GB,,Unk,14.0,14-16in,1280.0,720.0,Other,3,False,False,False,True
3817,Lenovo_i5_Unk_128GB_14-16in,Lenovo,Notebook/Laptop,344.8,Used,Used,Intel,Intel,i5,6.0,2.8,Windows,Unknown,,120.0,120.0,128GB,,Unk,14.0,14-16in,1920.0,1080.0,Other,6,False,True,True,True
3818,Dell_i5_Unk_2TB_14-16in,Dell,Notebook/Laptop,484.0,Used,Used,Intel,Intel,i5,3.0,3.1,Windows,Unknown,,2000.0,2000.0,2TB,,Unk,14.0,14-16in,1280.0,720.0,Other,2,False,False,False,True
3819,AUO_Unknown_Unk_Unk_Unk,AUO,Other,97.1,New,New,Other,Unknown,Unknown,,,Unknown,Unknown,,,,Unk,,Unk,,Unk,,,Other,0,False,False,False,False
3820,Other/Unbranded_Unknown_Unk_Unk_Unk,Other/Unbranded,Other,424.0,Refurbished - Very Good,Refurbished,Intel,Unknown,Unknown,,,Unknown,Unknown,,,,Unk,,Unk,,Unk,,,Other,0,False,False,False,False
3821,Other/Unbranded_i5_Unk_512GB_14-16in,Other/Unbranded,Notebook/Laptop,573.0,Used,Used,Intel,Intel,i5,4.0,3.0,Windows,SSD,,480.0,480.0,512GB,,Unk,15.6,14-16in,1280.0,720.0,Black,4,False,False,True,True
3822,Other/Unbranded_Unknown_Unk_Unk_Unk,Other/Unbranded,Other,26.7,New,New,Other,Unknown,Unknown,,,Unknown,Unknown,,,,Unk,,Unk,,Unk,,,Other,0,False,False,False,False
3823,Samsung_Unknown_Unk_Unk_Unk,Samsung,Other,58.75,New,New,Other,Unknown,Unknown,,,Unknown,Unknown,,,,Unk,,Unk,,Unk,,,Other,0,False,False,False,False
3824,Other/Unbranded_Unknown_Unk_Unk_Unk,Other/Unbranded,Other,9.76,Used,Used,Other,Unknown,Unknown,,,Unknown,Unknown,,,,Unk,,Unk,,Unk,,,Other,0,False,False,False,False
3825,Lenovo_i5_Unk_128GB_12-14in,Lenovo,Notebook/Laptop,487.5,Used,Used,Intel,Intel,i5,4.0,,Windows,Unknown,,120.0,120.0,128GB,,Unk,12.5,12-14in,1280.0,720.0,Other,1,False,False,False,False
3826,Other/Unbranded_Unknown_Unk_Unk_Unk,Other/Unbranded,Other,84.2,Used,Used,Other,Unknown,Unknown,,,Unknown,Unknown,,,,Unk,,Unk,,Unk,,,Other,0,False,False,False,False
3827,Other/Unbranded_Unknown_Unk_Unk_Unk,Other/Unbranded,Other,166.1,New,New,Other,Unknown,Unknown,,,Unknown,Unknown,,,,Unk,,Unk,,Unk,,,Other,0,False,False,False,False
3828,Dell_i5_Unk_128GB_12-14in,Dell,Notebook/Laptop,375.5,Used,Used,Intel,Intel,i5,6.0,2.8,Windows,Unknown,,120.0,120.0,128GB,,Unk,12.5,12-14in,1920.0,1080.0,Other,5,True,False,True,True
3829,Other/Unbranded_i5_Unk_1TB_14-16in,Other/Unbranded,Notebook/Laptop,647.0,Refurbished - Seller Grade,Refurbished,Intel,Intel,i5,4.0,3.0,Windows,SSD,,960.0,960.0,1TB,,Unk,15.6,14-16in,1280.0,720.0,Other,4,False,False,True,True
3830,Other/Unbranded_Unknown_Unk_Unk_Unk,Other/Unbranded,Other,16.27,Used,Used,Other,Unknown,Unknown,,,Unknown,Unknown,,,,Unk,,Unk,,Unk,,,Other,0,False,False,False,False
3831,Other/Unbranded_i5_Unk_256GB_12-14in,Other/Unbranded,Notebook/Laptop,404.0,Used,Used,Intel,Intel,i5,6.0,3.0,Windows,SSD,,240.0,240.0,256GB,,Unk,13.3,12-14in,1280.0,720.0,Other,4,False,False,True,True
3832,Other/Unbranded_Unknown_Unk_Unk_Unk,Other/Unbranded,Other,428.8,Used,Used,Intel,Unknown,Unknown,,,Unknown,Unknown,,,,Unk,,Unk,,Unk,,,Other,0,False,False,False,False
3833,Other/Unbranded_Unknown_Unk_Unk_Unk,Other/Unbranded,Other,106.9,New,New,Other,Unknown,Unknown,,,Unknown,Unknown,,,,Unk,,Unk,,Unk,,,Other,0,False,False,False,False
3835,Other/Unbranded_i3_Unk_1TB_14-16in,Other/Unbranded,Notebook/Laptop,530.0,Used,Used,Intel,Intel,i3,6.0,3.0,Windows,SSD,,960.0,960.0,1TB,,Unk,14.0,14-16in,1280.0,720.0,Black,5,False,False,True,True
3836,Lenovo_celeron_Unk_256GB_14-16in,Lenovo,Notebook/Laptop,675.5,Refurbished - Seller Grade,Refurbished,Intel,Intel,celeron,,,Windows,Unknown,,240.0,240.0,256GB,,Unk,15.6,14-16in,1280.0,720.0,Other,1,False,False,False,False
3837,Other/Unbranded_Unknown_Unk_Unk_Unk,Other/Unbranded,Other,3060.0,New,New,Intel,Unknown,Unknown,,,Unknown,Unknown,,,,Unk,,Unk,,Unk,,,Other,0,False,False,False,False
3838,Lenovo_i3_Unk_1TB_14-16in,Lenovo,Notebook/Laptop,665.5,Used,Used,Intel,Intel,i3,10.0,1.49,Windows,SSD,,960.0,960.0,1TB,,Unk,15.6,14-16in,1920.0,1080.0,Gray,4,False,False,True,True
3839,Other/Unbranded_i5_Unk_512GB_14-16in,Other/Unbranded,Notebook/Laptop,489.5,Used,Used,Intel,Intel,i5,4.0,3.0,Windows,SSD,,480.0,480.0,512GB,,Unk,14.0,14-16in,1280.0,720.0,Other,5,False,False,True,True
3840,Other/Unbranded_Unknown_Unk_Unk_Unk,Other/Unbranded,Other,45.6,New,New,Other,Unknown,Unknown,,,Unknown,Unknown,,,,Unk,,Unk,,Unk,,,Other,0,False,False,False,False
3841,Other/Unbranded_Unknown_Unk_Unk_Unk,Other/Unbranded,Other,317.8,Used,Used,Other,Unknown,Unknown,,,Unknown,Unknown,,,,Unk,,Unk,,Unk,,,Other,0,False,False,False,False
3842,Other/Unbranded_Unknown_Unk_Unk_Unk,Other/Unbranded,Other,10.85,Used,Used,Other,Unknown,Unknown,,,Unknown,Unknown,,,,Unk,,Unk,,Unk,,,Other,0,False,False,False,False
3843,Other/Unbranded_Unknown_Unk_Unk_Unk,Other/Unbranded,Other,33.56,New,New,Other,Unknown,Unknown,,,Unknown,Unknown,,,,Unk,,Unk,,Unk,,,Other,0,False,False,False,False
3844,Other/Unbranded_atom_Unk_Unk_Sub-12in,Other/Unbranded,Other,230.0,New,New,Other,Intel,atom,,,Unknown,Unknown,,,,Unk,,Unk,11.6,Sub-12in,,,Other,0,False,False,False,False
3845,Dell_i5_Unk_128GB_14-16in,Dell,Notebook/Laptop,331.0,Used,Used,Intel,Intel,i5,5.0,2.7,Windows,Unknown,,120.0,120.0,128GB,,Unk,14.0,14-16in,1280.0,720.0,Other,3,False,False,False,True
3846,Other/Unbranded_Unknown_Unk_Unk_Unk,Other/Unbranded,Other,39.1,Unknown,Unknown,Other,Unknown,Unknown,,,Unknown,Unknown,,,,Unk,,Unk,,Unk,,,Other,0,False,False,False,False
3847,Other/Unbranded_Unknown_Unk_Unk_Unk,Other/Unbranded,Other,90.2,New,New,Other,Unknown,Unknown,,,Unknown,Unknown,,,,Unk,,Unk,,Unk,,,Other,0,False,False,False,False
3848,Dell_i5_Unk_128GB_12-14in,Dell,Notebook/Laptop,396.2,Used,Used,Intel,Intel,i5,6.0,2.8,Windows,Unknown,,120.0,120.0,128GB,,Unk,12.5,12-14in,1920.0,1080.0,Other,7,True,True,True,True
3849,Lenovo_i5_Unk_256GB_14-16in,Lenovo,Notebook/Laptop,687.0,New,New,Intel,Intel,i5,12.0,4.0,Unknown,SSD,,256.0,256.0,256GB,,Unk,15.6,14-16in,1920.0,1080.0,Other,3,False,False,True,True
3850,Other/Unbranded_Unknown_Unk_Unk_Unk,Other/Unbranded,Other,754.0,Used,Used,Other,Unknown,Unknown,,,Unknown,Unknown,,,,Unk,,Unk,,Unk,,,Other,0,False,False,False,False
3851,Dell_i5_32GB_512GB_14-16in,Dell,Notebook/Laptop,679.0,Refurbished - Certified,Refurbished,Nvidia,Intel,i5,,2.6,Windows,SSD,,512.0,512.0,512GB,32.0,32GB,15.6,14-16in,1920.0,1080.0,Gray,6,False,True,True,True
3852,Other/Unbranded_Unknown_Unk_Unk_Unk,Other/Unbranded,Other,81.9,Unknown,Unknown,Other,Unknown,Unknown,,,Unknown,Unknown,,,,Unk,,Unk,,Unk,,,Other,0,False,False,False,False
3853,Other/Unbranded_Unknown_Unk_Unk_Unk,Other/Unbranded,Other,379.8,Open Box,Like-New,Other,Unknown,Unknown,,,Unknown,Unknown,,,,Unk,,Unk,,Unk,,,Other,0,False,False,False,False
3854,Other/Unbranded_Unknown_Unk_Unk_Unk,Other/Unbranded,Other,145.2,Used,Used,Intel,Unknown,Unknown,,,Unknown,Unknown,,,,Unk,,Unk,,Unk,,,Other,0,False,False,False,False
3855,Other/Unbranded_Unknown_Unk_Unk_Unk,Other/Unbranded,Other,54.75,Used,Used,Other,Unknown,Unknown,,,Unknown,Unknown,,,,Unk,,Unk,,Unk,,,Other,0,False,False,False,False
3856,Dell_i5_Unk_256GB_14-16in,Dell,Notebook/Laptop,500.5,Used,Used,Amd,Intel,i5,4.0,3.0,Windows,Unknown,,240.0,240.0,256GB,,Unk,15.6,14-16in,1280.0,720.0,Other,4,False,False,True,True
3857,Other/Unbranded_Unknown_Unk_Unk_Unk,Other/Unbranded,Other,389.0,Used,Used,Other,Unknown,Unknown,,,Unknown,Unknown,,,,Unk,,Unk,,Unk,,,Other,0,False,False,False,False
3858,Other/Unbranded_Unknown_Unk_Unk_Unk,Other/Unbranded,Other,483.2,New,New,Other,Unknown,Unknown,,,Unknown,Unknown,,,,Unk,,Unk,,Unk,,,Other,0,False,False,False,False
3859,Other/Unbranded_Unknown_Unk_Unk_Unk,Other/Unbranded,Other,19.53,Used,Used,Other,Unknown,Unknown,,,Unknown,Unknown,,,,Unk,,Unk,,Unk,,,Other,0,False,False,False,False
3860,Other/Unbranded_Unknown_Unk_Unk_Unk,Other/Unbranded,Other,338.2,Refurbished - Seller Grade,Refurbished,Other,Unknown,Unknown,,,Unknown,Unknown,,,,Unk,,Unk,,Unk,,,Black,0,False,False,False,False
3861,Other/Unbranded_Unknown_Unk_Unk_Unk,Other/Unbranded,Other,263.8,Used,Used,Other,Unknown,Unknown,,,Unknown,Unknown,,,,Unk,,Unk,,Unk,,,Other,0,False,False,False,False
3862,Lenovo_i5_Unk_512GB_14-16in,Lenovo,Notebook/Laptop,574.5,Used,Used,Intel,Intel,i5,6.0,3.0,Windows,SSD,,480.0,480.0,512GB,,Unk,14.0,14-16in,,,Other,4,True,False,True,True
3863,Other/Unbranded_Unknown_Unk_Unk_Unk,Other/Unbranded,Other,125.44,New,New,Other,Unknown,Unknown,,,Unknown,Unknown,,,,Unk,,Unk,,Unk,,,Other,0,False,False,False,False
3864,Dell_i5_Unk_128GB_12-14in,Dell,Notebook/Laptop,416.8,Used,Used,Intel,Intel,i5,6.0,2.8,Windows,Unknown,,120.0,120.0,128GB,,Unk,12.5,12-14in,1920.0,1080.0,Other,6,True,True,True,True
3865,Lenovo_i5_Unk_1TB_12-14in,Lenovo,Notebook/Laptop,554.0,Used,Used,Intel,Intel,i5,4.0,1.99,Windows,SSD,,960.0,960.0,1TB,,Unk,12.5,12-14in,1280.0,720.0,Black,5,True,False,True,True
3866,Other/Unbranded_i5_Unk_128GB_14-16in,Other/Unbranded,Notebook/Laptop,466.2,Used,Used,Intel,Intel,i5,4.0,,Windows,Unknown,,120.0,120.0,128GB,,Unk,14.0,14-16in,1280.0,720.0,Other,1,False,False,False,False
3867,Other/Unbranded_Unknown_Unk_Unk_Unk,Other/Unbranded,Other,41.8,New,New,Other,Unknown,Unknown,,,Unknown,Unknown,,,,Unk,,Unk,,Unk,,,Other,0,False,False,False,False
3868,Dell_i5_Unk_256GB_14-16in,Dell,Notebook/Laptop,281.8,Used,Used,Intel,Intel,i5,4.0,2.6,Windows,Unknown,,240.0,240.0,256GB,,Unk,14.0,14-16in,1280.0,720.0,Other,3,False,False,False,True
3869,Other/Unbranded_Unknown_Unk_Unk_Unk,Other/Unbranded,Other,203.8,Unknown,Unknown,Intel,Unknown,Unknown,,,Unknown,Unknown,,,,Unk,,Unk,,Unk,,,Black,0,False,False,False,False
3870,Dell_i5_Unk_128GB_14-16in,Dell,Notebook/Laptop,335.2,Used,Used,Intel,Intel,i5,5.0,2.7,Windows,Unknown,,120.0,120.0,128GB,,Unk,14.0,14-16in,1280.0,720.0,Black,3,False,False,False,True
3871,Other/Unbranded_Unknown_Unk_Unk_Unk,Other/Unbranded,Other,22.34,Used,Used,Other,Unknown,Unknown,,,Unknown,Unknown,,,,Unk,,Unk,,Unk,,,Other,0,False,False,False,False
3872,Other/Unbranded_Unknown_Unk_Unk_Unk,Other/Unbranded,Other,734.0,Refurbished - Very Good,Refurbished,Intel,Unknown,Unknown,,,Unknown,Unknown,,,,Unk,,Unk,,Unk,,,Other,0,False,False,False,False
3873,Lenovo_Unknown_Unk_Unk_Unk,Lenovo,Notebook/Laptop,493.2,Unknown,Unknown,Other,Unknown,Unknown,,,Unknown,Unknown,,,,Unk,,Unk,,Unk,,,Black,0,False,False,False,False
3874,Lenovo_i3_Unk_256GB_14-16in,Lenovo,Notebook/Laptop,471.2,Used,Used,Intel,Intel,i3,7.0,3.0,Windows,SSD,,240.0,240.0,256GB,,Unk,15.6,14-16in,1920.0,1080.0,Black,5,False,False,True,True
3875,LG_Unknown_Unk_Unk_Unk,LG,Other,110.4,New,New,Other,Unknown,Unknown,,,Unknown,Unknown,,,,Unk,,Unk,,Unk,,,Other,0,False,False,False,False
3877,Samsung_Unknown_Unk_Unk_Unk,Samsung,Other,178.9,Unknown,Unknown,Other,Unknown,Unknown,,,Unknown,Unknown,,,,Unk,,Unk,,Unk,,,Other,0,False,False,False,False
3878,LG_Unknown_Unk_Unk_Unk,LG,Other,92.25,New,New,Other,Unknown,Unknown,,,Unknown,Unknown,,,,Unk,,Unk,,Unk,,,Other,0,False,False,False,False
3879,Samsung_Unknown_Unk_Unk_14-16in,Samsung,Other,149.4,Unknown,Unknown,Other,Unknown,Unknown,,,Unknown,Unknown,,,,Unk,,Unk,14.0,14-16in,,,Other,0,False,False,False,False
3880,Other/Unbranded_Unknown_Unk_Unk_Unk,Other/Unbranded,Other,127.44,New,New,Other,Unknown,Unknown,,,Unknown,Unknown,,,,Unk,,Unk,,Unk,,,Other,0,False,False,False,False
3881,AUO_Unknown_Unk_Unk_Unk,AUO,Other,116.3,New,New,Other,Unknown,Unknown,,,Unknown,Unknown,,,,Unk,,Unk,,Unk,,,Other,0,False,False,False,False
3882,Dell_i5_Unk_512GB_14-16in,Dell,Notebook/Laptop,391.5,Used,Used,Intel,Intel,i5,4.0,2.6,Windows,Unknown,,480.0,480.0,512GB,,Unk,14.0,14-16in,1280.0,720.0,Other,4,False,False,True,True
3883,Dell_i5_Unk_1TB_14-16in,Dell,Notebook/Laptop,431.2,Used,Used,Intel,Intel,i5,4.0,2.6,Windows,Unknown,,960.0,960.0,1TB,,Unk,14.0,14-16in,1280.0,720.0,Other,3,False,False,False,True
3884,Other/Unbranded_Unknown_Unk_Unk_Unk,Other/Unbranded,Other,303.8,New,New,Other,Unknown,Unknown,,,Unknown,Unknown,,,,Unk,,Unk,,Unk,,,Other,0,False,False,False,False
3885,LG_Unknown_Unk_Unk_Unk,LG,Other,134.8,New,New,Other,Unknown,Unknown,,,Unknown,Unknown,,,,Unk,,Unk,,Unk,,,Other,0,False,False,False,False
3886,Dell_i5_Unk_128GB_14-16in,Dell,Other,281.0,Used,Used,Intel,Intel,i5,3.0,,Windows,Unknown,,120.0,120.0,128GB,,Unk,14.0,14-16in,1280.0,720.0,Other,0,False,False,False,False
3887,Dell_i5_Unk_128GB_14-16in,Dell,Notebook/Laptop,302.8,Used,Used,Nvidia,Intel,i5,4.0,2.6,Windows,Unknown,,120.0,120.0,128GB,,Unk,14.0,14-16in,1280.0,720.0,Other,3,False,False,False,True
3888,Other/Unbranded_Unknown_Unk_Unk_Unk,Other/Unbranded,Other,432.2,Refurbished - Seller Grade,Refurbished,Intel,Unknown,Unknown,,,Unknown,Unknown,,,,Unk,,Unk,,Unk,,,Black,0,False,False,False,False
3889,Dell_i5_Unk_512GB_14-16in,Dell,Other,182.0,Used,Used,Other,Intel,i5,,,Windows,Unknown,500.0,,500.0,512GB,,Unk,14.0,14-16in,1600.0,900.0,Other,0,False,False,False,False
3890,AUO_Unknown_Unk_Unk_Unk,AUO,Other,91.0,New,New,Other,Unknown,Unknown,,,Unknown,Unknown,,,,Unk,,Unk,,Unk,,,Other,0,False,False,False,False
3891,HP_Unknown_Unk_Unk_Unk,HP,Other,93.4,New,New,Other,Unknown,Unknown,,,Unknown,Unknown,,,,Unk,,Unk,,Unk,,,Other,0,False,False,False,False
3892,LG_Unknown_Unk_Unk_Unk,LG,Other,92.2,New,New,Other,Unknown,Unknown,,,Unknown,Unknown,,,,Unk,,Unk,,Unk,,,Other,0,False,False,False,False
3893,Lenovo_i5_Unk_512GB_14-16in,Lenovo,Notebook/Laptop,387.0,Used,Used,Other,Intel,i5,7.0,3.1,Windows,Unknown,,480.0,480.0,512GB,,Unk,14.0,14-16in,1920.0,1080.0,Other,5,False,True,True,True
3894,Other/Unbranded_Unknown_Unk_Unk_Unk,Other/Unbranded,Other,105.8,Unknown,Unknown,Other,Unknown,Unknown,,,Unknown,Unknown,,,,Unk,,Unk,,Unk,,,Other,0,False,False,False,False
3895,Samsung_Unknown_Unk_Unk_Unk,Samsung,Other,102.75,New,New,Other,Unknown,Unknown,,,Unknown,Unknown,,,,Unk,,Unk,,Unk,,,Other,0,False,False,False,False
3896,Other/Unbranded_Unknown_Unk_Unk_Unk,Other/Unbranded,Other,50.7,New,New,Other,Unknown,Unknown,,,Unknown,Unknown,,,,Unk,,Unk,,Unk,,,Other,0,False,False,False,False
3897,LG_Unknown_Unk_Unk_Unk,LG,Other,116.5,New,New,Other,Unknown,Unknown,,,Unknown,Unknown,,,,Unk,,Unk,,Unk,,,Other,0,False,False,False,False
3898,AUO_Unknown_Unk_Unk_Unk,AUO,Other,59.94,New,New,Other,Unknown,Unknown,,,Unknown,Unknown,,,,Unk,,Unk,,Unk,,,Other,0,False,False,False,False
3899,Other/Unbranded_Unknown_Unk_Unk_Unk,Other/Unbranded,Other,2108.0,Refurbished - Seller Grade,Refurbished,Intel,Unknown,Unknown,,,Unknown,Unknown,,,,Unk,,Unk,,Unk,,,Other,0,False,False,False,False
3900,Samsung_Unknown_Unk_Unk_Unk,Samsung,Other,112.4,New,New,Other,Unknown,Unknown,,,Unknown,Unknown,,,,Unk,,Unk,,Unk,,,Other,0,False,False,False,False
3901,Other/Unbranded_Unknown_Unk_Unk_Unk,Other/Unbranded,Other,45.25,New,New,Other,Unknown,Unknown,,,Unknown,Unknown,,,,Unk,,Unk,,Unk,,,Other,0,False,False,False,False
3902,Other/Unbranded_i3_Unk_128GB_12-14in,Other/Unbranded,Notebook/Laptop,430.0,Used,Used,Intel,Intel,i3,4.0,3.0,Windows,SSD,,120.0,120.0,128GB,,Unk,13.3,12-14in,1280.0,720.0,Other,4,False,False,True,True
3903,Other/Unbranded_i5_4GB_512GB_14-16in,Other/Unbranded,Notebook/Laptop,177.2,Used,Used,Intel,Intel,i5,,2.4,Windows,HDD/SSD,320.0,120.0,440.0,512GB,4.0,4GB,15.6,14-16in,,,Other,4,False,False,False,True
3904,AUO_Unknown_Unk_Unk_Unk,AUO,Other,81.56,New,New,Other,Unknown,Unknown,,,Unknown,Unknown,,,,Unk,,Unk,,Unk,,,Other,0,False,False,False,False
3905,LG_Unknown_Unk_Unk_Unk,LG,Other,89.9,New,New,Other,Unknown,Unknown,,,Unknown,Unknown,,,,Unk,,Unk,,Unk,,,Other,0,False,False,False,False
3906,Dell_i5_Unk_128GB_12-14in,Dell,Notebook/Laptop,413.0,Used,Used,Intel,Intel,i5,6.0,2.3,Windows,SSD,,120.0,120.0,128GB,,Unk,12.5,12-14in,1920.0,1080.0,Other,4,True,False,True,True
3907,Samsung_Unknown_Unk_Unk_Unk,Samsung,Other,171.1,New,New,Other,Unknown,Unknown,,,Unknown,Unknown,,,,Unk,,Unk,,Unk,,,Other,0,False,False,False,False
3908,Samsung_Unknown_Unk_Unk_Unk,Samsung,Other,94.5,New,New,Other,Unknown,Unknown,,,Unknown,Unknown,,,,Unk,,Unk,,Unk,,,Other,0,False,False,False,False
3909,Other/Unbranded_i5_Unk_512GB_14-16in,Other/Unbranded,Notebook/Laptop,658.0,Used,Used,Intel,Intel,i5,7.0,3.0,Windows,Unknown,,480.0,480.0,512GB,,Unk,14.0,14-16in,1920.0,1080.0,Other,7,True,True,True,True
3910,HP_Unknown_Unk_Unk_Unk,HP,Other,60.62,New,New,Other,Unknown,Unknown,,,Unknown,Unknown,,,,Unk,,Unk,,Unk,,,Other,0,False,False,False,False
3911,Dell_i5_Unk_2TB_14-16in,Dell,Notebook/Laptop,549.0,Refurbished - Seller Grade,Refurbished,Intel,Intel,i5,3.0,3.1,Windows,SSD,,2000.0,2000.0,2TB,,Unk,14.0,14-16in,1280.0,720.0,Other,2,False,False,False,True
3912,Lenovo_i5_Unk_128GB_14-16in,Lenovo,Notebook/Laptop,394.0,Used,Used,Intel,Intel,i5,3.0,3.0,Windows,SSD,,120.0,120.0,128GB,,Unk,14.0,14-16in,1280.0,720.0,Other,3,False,False,True,True
3913,Other/Unbranded_i3_Unk_128GB_12-14in,Other/Unbranded,Notebook/Laptop,431.8,Used,Used,Intel,Intel,i3,4.0,3.0,Windows,SSD,,120.0,120.0,128GB,,Unk,13.3,12-14in,1280.0,720.0,Black,4,False,False,True,True
3914,Other/Unbranded_Unknown_Unk_Unk_Unk,Other/Unbranded,Other,341.2,Refurbished - Seller Grade,Refurbished,Intel,Unknown,Unknown,,,Unknown,Unknown,,,,Unk,,Unk,,Unk,,,Black,0,False,False,False,False
3915,Dell_i5_Unk_512GB_14-16in,Dell,Notebook/Laptop,421.0,Used,Used,Intel,Intel,i5,4.0,,Windows,Unknown,,480.0,480.0,512GB,,Unk,14.0,14-16in,1280.0,720.0,Other,0,False,False,False,False
3916,Other/Unbranded_Unknown_Unk_Unk_Unk,Other/Unbranded,Other,238.4,Used,Used,Other,Unknown,Unknown,,,Unknown,Unknown,,,,Unk,,Unk,,Unk,,,Black,0,False,False,False,False
3917,Other/Unbranded_Unknown_Unk_Unk_Unk,Other/Unbranded,Other,444.0,Used,Used,Intel,Unknown,Unknown,,,Unknown,Unknown,,,,Unk,,Unk,,Unk,,,Other,0,False,False,False,False
3918,Dell_i5_Unk_1TB_14-16in,Dell,Notebook/Laptop,462.5,Used,Used,Intel,Intel,i5,4.0,2.6,Windows,Unknown,,960.0,960.0,1TB,,Unk,14.0,14-16in,1280.0,720.0,Black,4,False,False,True,True
3919,Other/Unbranded_i5_Unk_2TB_12-14in,Other/Unbranded,Notebook/Laptop,732.5,Refurbished - Seller Grade,Refurbished,Intel,Intel,i5,6.0,3.0,Windows,SSD,,2000.0,2000.0,2TB,,Unk,13.3,12-14in,1280.0,720.0,Other,4,False,False,True,True
3920,Lenovo_Unknown_Unk_Unk_Unk,Lenovo,Notebook/Laptop,521.5,Unknown,Unknown,Other,Unknown,Unknown,,,Unknown,Unknown,,,,Unk,,Unk,,Unk,,,Black,0,False,False,False,False
3921,Other/Unbranded_Unknown_Unk_Unk_Unk,Other/Unbranded,Other,9.43,Used,Used,Other,Unknown,Unknown,,,Unknown,Unknown,,,,Unk,,Unk,,Unk,,,Other,0,False,False,False,False
3922,Lenovo_i3_Unk_512GB_14-16in,Lenovo,Notebook/Laptop,607.0,Used,Used,Intel,Intel,i3,10.0,1.49,Windows,SSD,,480.0,480.0,512GB,,Unk,15.6,14-16in,1920.0,1080.0,Gray,4,False,False,True,True
3923,Other/Unbranded_Unknown_Unk_Unk_Unk,Other/Unbranded,Other,14.1,Used,Used,Other,Unknown,Unknown,,,Unknown,Unknown,,,,Unk,,Unk,,Unk,,,Other,0,False,False,False,False
3924,LG_Unknown_Unk_Unk_Unk,LG,Other,115.94,New,New,Other,Unknown,Unknown,,,Unknown,Unknown,,,,Unk,,Unk,,Unk,,,Other,0,False,False,False,False
3925,Dell_i5_Unk_128GB_14-16in,Dell,Notebook/Laptop,226.6,Used,Used,Other,Intel,i5,,2.4,Windows,SSD,,128.0,128.0,128GB,,Unk,14.0,14-16in,1920.0,1080.0,Black,4,False,False,True,False
3926,Dell_i5_Unk_2TB+_Sub-12in,Dell,Notebook/Laptop,1363.0,Refurbished - Seller Grade,Refurbished,Intel,Intel,i5,4.0,1.99,Windows,SSD,,4000.0,4000.0,2TB+,,Unk,10.8,Sub-12in,1920.0,1080.0,Other,7,True,False,True,True
3927,Other/Unbranded_Unknown_Unk_Unk_Unk,Other/Unbranded,Other,162.5,New,New,Other,Unknown,Unknown,,,Unknown,Unknown,,,,Unk,,Unk,,Unk,,,Other,0,False,False,False,False
3928,Other/Unbranded_i3_Unk_128GB_14-16in,Other/Unbranded,Notebook/Laptop,387.2,Used,Used,Intel,Intel,i3,6.0,3.0,Windows,SSD,,120.0,120.0,128GB,,Unk,14.0,14-16in,1280.0,720.0,Black,5,False,False,True,True
3929,Other/Unbranded_Other/Unspecified_Unk_Unk_Unk,Other/Unbranded,Other,16.12,Used,Used,Other,Other,Other/Unspecified,,,Unknown,Unknown,,,,Unk,,Unk,,Unk,,,Other,0,False,False,False,False
3930,AUO_Unknown_Unk_Unk_Unk,AUO,Other,50.6,New,New,Other,Unknown,Unknown,,,Unknown,Unknown,,,,Unk,,Unk,,Unk,,,Other,0,False,False,False,False
3931,Other/Unbranded_Unknown_Unk_Unk_Unk,Other/Unbranded,Other,405.5,New,New,Other,Unknown,Unknown,,,Unknown,Unknown,,,,Unk,,Unk,,Unk,,,Other,0,False,False,False,False
3932,Lenovo_i3_Unk_256GB_12-14in,Lenovo,Notebook/Laptop,520.5,Used,Used,Intel,Intel,i3,6.0,3.0,Windows,SSD,,240.0,240.0,256GB,,Unk,12.5,12-14in,1280.0,720.0,Black,5,False,False,True,True
3933,Samsung_Unknown_Unk_Unk_Unk,Samsung,Other,80.7,New,New,Other,Unknown,Unknown,,,Unknown,Unknown,,,,Unk,,Unk,,Unk,,,Other,0,False,False,False,False
3934,Dell_i5_Unk_1TB_14-16in,Dell,Notebook/Laptop,480.5,Used,Used,Intel,Intel,i5,5.0,2.7,Windows,Unknown,,960.0,960.0,1TB,,Unk,14.0,14-16in,1280.0,720.0,Other,3,False,False,False,True
3935,Other/Unbranded_Unknown_Unk_Unk_Unk,Other/Unbranded,Other,306.8,Refurbished - Seller Grade,Refurbished,Other,Unknown,Unknown,,,Unknown,Unknown,,,,Unk,,Unk,,Unk,,,Black,0,False,False,False,False
3936,Dell_i5_Unk_1TB_12-14in,Dell,Notebook/Laptop,650.0,Used,Used,Intel,Intel,i5,6.0,2.8,Windows,Unknown,,960.0,960.0,1TB,,Unk,12.5,12-14in,1920.0,1080.0,Other,7,True,True,True,True
3937,Lenovo_i3_Unk_256GB_14-16in,Lenovo,Notebook/Laptop,565.0,Used,Used,Intel,Intel,i3,10.0,1.49,Windows,SSD,,240.0,240.0,256GB,,Unk,15.6,14-16in,1920.0,1080.0,Gray,4,False,False,True,True
3938,Other/Unbranded_Unknown_Unk_Unk_Unk,Other/Unbranded,Other,40.12,Used,Used,Other,Unknown,Unknown,,,Unknown,Unknown,,,,Unk,,Unk,,Unk,,,Other,0,False,False,False,False
3939,Other/Unbranded_Unknown_Unk_Unk_Unk,Other/Unbranded,Other,1051.0,New,New,Other,Unknown,Unknown,,,Unknown,Unknown,,,,Unk,,Unk,,Unk,,,Other,0,False,False,False,False
3940,Dell_i5_Unk_256GB_12-14in,Dell,Notebook/Laptop,485.8,Used,Used,Intel,Intel,i5,6.0,2.8,Windows,Unknown,,240.0,240.0,256GB,,Unk,12.5,12-14in,1920.0,1080.0,Other,5,True,False,True,True
3941,Other/Unbranded_Unknown_Unk_Unk_Unk,Other/Unbranded,Other,192.6,Used,Used,Intel,Unknown,Unknown,,,Unknown,Unknown,,,,Unk,,Unk,,Unk,,,Black,0,False,False,False,False
3942,Dell_i5_Unk_128GB_14-16in,Dell,Notebook/Laptop,269.8,Used,Used,Intel,Intel,i5,3.0,3.0,Windows,Unknown,,120.0,120.0,128GB,,Unk,14.0,14-16in,1280.0,720.0,Black,2,False,False,False,True
3943,Other/Unbranded_Unknown_Unk_Unk_Unk,Other/Unbranded,Other,2288.0,Refurbished - Seller Grade,Refurbished,Intel,Unknown,Unknown,,,Unknown,Unknown,,,,Unk,,Unk,,Unk,,,Other,0,False,False,False,False
3944,AUO_Unknown_Unk_Unk_Unk,AUO,Other,65.8,New,New,Other,Unknown,Unknown,,,Unknown,Unknown,,,,Unk,,Unk,,Unk,,,Other,0,False,False,False,False
3945,Other/Unbranded_Unknown_Unk_Unk_Unk,Other/Unbranded,Other,301.5,New,New,Other,Unknown,Unknown,,,Unknown,Unknown,,,,Unk,,Unk,,Unk,,,Other,0,False,False,False,False
3946,Lenovo_i5_Unk_1TB_14-16in,Lenovo,Notebook/Laptop,460.0,Used,Used,Intel,Intel,i5,3.0,3.0,Windows,HDD/SSD,500.0,120.0,620.0,1TB,,Unk,14.0,14-16in,1280.0,720.0,Other,4,False,False,True,True
3947,Dell_i5_Unk_128GB_12-14in,Dell,Notebook/Laptop,416.8,Used,Used,Intel,Intel,i5,6.0,2.3,Windows,SSD,,120.0,120.0,128GB,,Unk,12.5,12-14in,1920.0,1080.0,Black,4,True,False,True,True
3948,Lenovo_Unknown_Unk_Unk_Unk,Lenovo,Notebook/Laptop,448.5,Unknown,Unknown,Other,Unknown,Unknown,,,Unknown,Unknown,,,,Unk,,Unk,,Unk,,,Black,0,False,False,False,False
3949,AUO_Unknown_Unk_Unk_Unk,AUO,Other,59.0,New,New,Other,Unknown,Unknown,,,Unknown,Unknown,,,,Unk,,Unk,,Unk,,,Other,0,False,False,False,False
3950,Other/Unbranded_Unknown_Unk_Unk_Unk,Other/Unbranded,Other,831.0,Used,Used,Intel,Unknown,Unknown,,,Unknown,Unknown,,,,Unk,,Unk,,Unk,,,Other,0,False,False,False,False
3951,Lenovo_i5_Unk_256GB_14-16in,Lenovo,Notebook/Laptop,538.5,Refurbished - Seller Grade,Refurbished,Intel,Intel,i5,3.0,3.0,Windows,SSD,,240.0,240.0,256GB,,Unk,14.0,14-16in,1280.0,720.0,Other,4,False,False,True,True
3952,LG_Unknown_Unk_Unk_Unk,LG,Other,97.3,New,New,Other,Unknown,Unknown,,,Unknown,Unknown,,,,Unk,,Unk,,Unk,,,Other,0,False,False,False,False
3953,Other/Unbranded_Unknown_Unk_Unk_Unk,Other/Unbranded,Other,518.0,Refurbished - Seller Grade,Refurbished,Intel,Unknown,Unknown,,,Unknown,Unknown,,,,Unk,,Unk,,Unk,,,Other,0,False,False,False,False
3954,Dell_i5_Unk_512GB_14-16in,Dell,Notebook/Laptop,532.0,Used,Used,Amd,Intel,i5,4.0,3.0,Windows,Unknown,,480.0,480.0,512GB,,Unk,15.6,14-16in,1280.0,720.0,Other,4,False,False,True,True
3955,LG_Unknown_Unk_Unk_Unk,LG,Other,109.5,New,New,Other,Unknown,Unknown,,,Unknown,Unknown,,,,Unk,,Unk,,Unk,,,Other,0,False,False,False,False
3956,LG_Unknown_Unk_Unk_Unk,LG,Other,166.5,New,New,Other,Unknown,Unknown,,,Unknown,Unknown,,,,Unk,,Unk,,Unk,,,Other,0,False,False,False,False
3957,Other/Unbranded_Unknown_Unk_Unk_Unk,Other/Unbranded,Other,443.0,Refurbished - Seller Grade,Refurbished,Intel,Unknown,Unknown,,,Unknown,Unknown,,,,Unk,,Unk,,Unk,,,Other,0,False,False,False,False
3958,Other/Unbranded_Unknown_Unk_Unk_Unk,Other/Unbranded,Other,488.2,Refurbished - Seller Grade,Refurbished,Intel,Unknown,Unknown,,,Unknown,Unknown,,,,Unk,,Unk,,Unk,,,Other,0,False,False,False,False
3959,Lenovo_i5_Unk_256GB_14-16in,Lenovo,Notebook/Laptop,525.5,Refurbished - Seller Grade,Refurbished,Intel,Intel,i5,3.0,3.0,Windows,SSD,,240.0,240.0,256GB,,Unk,14.0,14-16in,1280.0,720.0,Other,4,False,False,True,True
3960,Other/Unbranded_Unknown_Unk_Unk_Unk,Other/Unbranded,Other,488.5,Refurbished - Seller Grade,Refurbished,Intel,Unknown,Unknown,,,Unknown,Unknown,,,,Unk,,Unk,,Unk,,,Black,0,False,False,False,False
3961,Dell_i5_Unk_256GB_14-16in,Dell,Notebook/Laptop,304.0,Used,Used,Nvidia,Intel,i5,4.0,2.6,Windows,Unknown,,240.0,240.0,256GB,,Unk,14.0,14-16in,1280.0,720.0,Other,3,False,False,False,True
3962,Other/Unbranded_i5_4GB_128GB_14-16in,Other/Unbranded,Other,75.0,For Parts / Not Working,End-of-Life,Other,Intel,i5,2.0,1.6,Unknown,SSD,120.0,,120.0,128GB,4.0,4GB,14.0,14-16in,,,Other,0,False,False,False,False
3963,Other/Unbranded_Unknown_Unk_Unk_Unk,Other/Unbranded,Other,81.0,New,New,Other,Unknown,Unknown,,,Unknown,Unknown,,,,Unk,,Unk,,Unk,,,Other,0,False,False,False,False
3964,Other/Unbranded_Unknown_Unk_Unk_Unk,Other/Unbranded,Other,425.0,Refurbished - Seller Grade,Refurbished,Intel,Unknown,Unknown,,,Unknown,Unknown,,,,Unk,,Unk,,Unk,,,Other,0,False,False,False,False
3965,Dell_Other/Unspecified_8GB_256GB_14-16in,Dell,Other,229.8,Used,Used,Intel,Other,Other/Unspecified,,1.6,Windows,Unknown,,240.0,240.0,256GB,8.0,8GB,14.0,14-16in,1366.0,768.0,Black,2,False,False,True,True
3966,Other/Unbranded_Unknown_Unk_Unk_Unk,Other/Unbranded,Other,104.4,New,New,Other,Unknown,Unknown,,,Unknown,Unknown,,,,Unk,,Unk,,Unk,,,Other,0,False,False,False,False
3967,Other/Unbranded_Unknown_Unk_Unk_Unk,Other/Unbranded,Other,278.2,Used,Used,Other,Unknown,Unknown,,,Unknown,Unknown,,,,Unk,,Unk,,Unk,,,Other,0,False,False,False,False
3968,Other/Unbranded_Unknown_Unk_Unk_Unk,Other/Unbranded,Other,120.44,New,New,Other,Unknown,Unknown,,,Unknown,Unknown,,,,Unk,,Unk,,Unk,,,Other,0,False,False,False,False
3969,Other/Unbranded_Unknown_Unk_Unk_Unk,Other/Unbranded,Other,64.44,Unknown,Unknown,Other,Unknown,Unknown,,,Unknown,Unknown,,,,Unk,,Unk,,Unk,,,Other,0,False,False,False,False
3970,Other/Unbranded_Unknown_Unk_Unk_Unk,Other/Unbranded,Other,266.0,Refurbished - Seller Grade,Refurbished,Intel,Unknown,Unknown,,,Unknown,Unknown,,,,Unk,,Unk,,Unk,,,Black,0,False,False,False,False
3971,Other/Unbranded_Unknown_Unk_Unk_Unk,Other/Unbranded,Other,43.4,Used,Used,Other,Unknown,Unknown,,,Unknown,Unknown,,,,Unk,,Unk,,Unk,,,Other,0,False,False,False,False
3972,Other/Unbranded_Unknown_Unk_Unk_Unk,Other/Unbranded,Other,128.1,Unknown,Unknown,Other,Unknown,Unknown,,,Unknown,Unknown,,,,Unk,,Unk,,Unk,,,Other,0,False,False,False,False
3973,Lenovo_Unknown_Unk_Unk_Unk,Lenovo,Other,72.75,New,New,Other,Unknown,Unknown,,,Unknown,Unknown,,,,Unk,,Unk,,Unk,,,Other,0,False,False,False,False
3974,Microsoft_i5_32GB+_512GB_12-14in,Microsoft,Notebook/Laptop,69.6,For Parts / Not Working,End-of-Life,Other,Intel,i5,,,Unknown,SSD,256.0,256.0,512.0,512GB,256.0,32GB+,12.5,12-14in,,,Other,5,False,True,True,False
3975,HP_celeron_4GB_32GB_Sub-12in,HP,Other,70.0,Used,Used,Intel,Intel,celeron,,1.6,Chrome,EMMC,16.0,16.0,32.0,32GB,4.0,4GB,11.6,Sub-12in,1366.0,768.0,Black,6,True,False,True,True
3976,Lenovo_i5_16GB_256GB_12-14in,Lenovo,Notebook/Laptop,218.5,Used,Used,Intel,Intel,i5,8.0,1.6,Windows,SSD,,256.0,256.0,256GB,16.0,16GB,13.3,12-14in,,,Black,4,True,False,False,False
3977,Dell_i5_16GB_1TB_Sub-12in,Dell,Notebook/Laptop,328.0,Refurbished - Good,Refurbished,Intel,Intel,i5,7.0,2.6,Windows,SSD,,1000.0,1000.0,1TB,16.0,16GB,11.6,Sub-12in,1920.0,1080.0,Other,9,True,True,False,True
3978,Lenovo_i7_16GB_512GB_14-16in,Lenovo,Notebook/Laptop,230.0,Refurbished - Good,Refurbished,Intel,Intel,i7,8.0,1.9,Windows,OTHER,256.0,256.0,512.0,512GB,16.0,16GB,14.0,14-16in,1920.0,1080.0,Black,4,False,False,True,True
3979,Other/Unbranded_ryzen7_16GB_2TB_14-16in,Other/Unbranded,Notebook/Laptop,509.5,Unknown,Unknown,Amd,AMD,ryzen 7,,2.0,Windows,SSD,512.0,512.0,1024.0,2TB,16.0,16GB,14.0,14-16in,1920.0,1080.0,Black,6,False,True,True,True
3980,Microsoft_pentium_32GB+_128GB_Sub-12in,Microsoft,Notebook/Laptop,124.0,Used,Used,Intel,Intel,pentium,,1.1,Windows,SSD,64.0,64.0,128.0,128GB,64.0,32GB+,10.5,Sub-12in,1920.0,1280.0,Silver,3,True,False,True,True
3981,Microsoft_i5_8GB_256GB_12-14in,Microsoft,Notebook/Laptop,409.0,Open Box,Like-New,Intel,Intel,i5,11.0,2.4,Windows,SSD,,256.0,256.0,256GB,8.0,8GB,12.3,12-14in,2736.0,1824.0,Silver,4,True,False,True,True
3982,Dell_i5_8GB_256GB_14-16in,Dell,Notebook/Laptop,125.94,Refurbished - Very Good,Refurbished,Intel,Intel,i5,,2.4,Windows,SSD,,240.0,240.0,256GB,8.0,8GB,14.0,14-16in,1366.0,768.0,Black,5,False,True,True,True
3983,Lenovo_i5_8GB_Unk_14-16in,Lenovo,Other,60.0,For Parts / Not Working,End-of-Life,Intel,Intel,i5,6.0,2.4,Unknown,Unknown,,,,Unk,8.0,8GB,14.0,14-16in,1920.0,1080.0,Black,5,False,True,True,True
3984,Other/Unbranded_celeron_4GB_256GB_14-16in,Other/Unbranded,Notebook/Laptop,636.0,New,New,Intel,Intel,celeron,,2.8,Windows,SSD,128.0,128.0,256.0,256GB,4.0,4GB,15.6,14-16in,1366.0,768.0,Silver,8,False,True,True,True
3985,Dell_i5_8GB_256GB_14-16in,Dell,Other,190.0,New,New,Other,Intel,i5,,1.6,Chrome,Unknown,128.0,128.0,256.0,256GB,8.0,8GB,14.0,14-16in,,,Other,0,False,False,False,False
3986,HP_Other/Unspecified_8GB_128GB_Sub-12in,HP,Notebook/Laptop,89.94,Used,Used,Intel,Intel,Other/Unspecified,7.0,1.0,Windows,SSD,,128.0,128.0,128GB,8.0,8GB,11.6,Sub-12in,,,Gray,2,True,False,False,False
3987,Other/Unbranded_i5_16GB_512GB_14-16in,Other/Unbranded,Other,333.2,Used,Used,Other,Intel,i5,,2.6,Windows,SSD,,500.0,500.0,512GB,16.0,16GB,14.0,14-16in,,,Green,8,True,True,True,True
3988,Lenovo_i5_Unk_Unk_14-16in,Lenovo,Notebook/Laptop,89.0,Used,Used,Intel,Intel,i5,4.0,1.9,Unknown,SSD,,,,Unk,,Unk,14.0,14-16in,1366.0,768.0,Black,3,False,False,True,True
3989,Lenovo_i7_16GB_512GB_14-16in,Lenovo,Notebook/Laptop,949.0,Unknown,Unknown,Intel,Intel,i7,13.0,1.7,Windows,SSD,,512.0,512.0,512GB,16.0,16GB,14.0,14-16in,1900.0,1200.0,Gray,2,False,False,True,True
3990,Dell_i7_16GB_2TB_12-14in,Dell,Notebook/Laptop,270.0,Refurbished - Excellent,Refurbished,Other,Intel,i7,8.0,4.8,Windows,SSD,512.0,512.0,1024.0,2TB,16.0,16GB,13.3,12-14in,,,Black,4,False,True,True,False
3991,HP_i5_8GB_256GB_14-16in,HP,Notebook/Laptop,180.0,Used,Used,Other,Intel,i5,7.0,2.5,Windows,SSD,,256.0,256.0,256GB,8.0,8GB,14.0,14-16in,1920.0,1080.0,Silver,4,False,False,False,True
3992,Dell_i5_32GB_2TB_14-16in,Dell,Notebook/Laptop,399.0,Used,Used,Intel,Intel,i5,8.0,1.7,Unknown,SSD,512.0,512.0,1024.0,2TB,32.0,32GB,14.0,14-16in,1920.0,1080.0,Black,6,True,True,True,True
3993,Lenovo_i5_16GB_2TB_14-16in,Lenovo,Notebook/Laptop,649.5,New,New,Nvidia,Intel,i5,13.0,2.1,Windows,SSD,512.0,512.0,1024.0,2TB,16.0,16GB,15.6,14-16in,1920.0,1080.0,Gray,3,False,True,True,False
3994,HP_i7_32GB+_2TB+_16in+,HP,Notebook/Laptop,780.0,New,New,Intel,Intel,i7,13.0,1.7,Windows,HDD/SSD,1000.0,4000.0,5000.0,2TB+,64.0,32GB+,17.3,16in+,1920.0,1080.0,Silver,3,False,False,True,False
3995,Asus_ryzen7_16GB_2TB_16in+,Asus,Notebook/Laptop,609.0,New,New,Amd,AMD,ryzen 7,,,Windows,SSD,1000.0,1000.0,2000.0,2TB,16.0,16GB,16.0,16in+,1920.0,1200.0,Blue,9,False,False,True,True
3996,Lenovo_i7_16GB_1TB_14-16in,Lenovo,Other,255.0,Used,Used,Other,Intel,i7,,,Windows,Unknown,500.0,500.0,1000.0,1TB,16.0,16GB,14.0,14-16in,,,Other,0,False,False,False,False
3997,Microsoft_i7_16GB_2TB_Unk,Microsoft,Notebook/Laptop,188.0,Used,Used,Intel,Intel,i7,,4.2,Unknown,SSD,512.0,512.0,1024.0,2TB,16.0,16GB,,Unk,1920.0,1080.0,Other,5,True,False,True,True
3998,Other/Unbranded_i5_8GB_1TB_14-16in,Other/Unbranded,Notebook/Laptop,320.0,Used,Used,Other,Intel,i5,4.0,2.6,Windows,SSD,750.0,,750.0,1TB,8.0,8GB,15.6,14-16in,1920.0,1080.0,Black,0,False,False,False,False
3999,Other/Unbranded_i5_8GB_512GB_12-14in,Other/Unbranded,Notebook/Laptop,260.0,Used,Used,Other,Intel,i5,8.0,1.6,Windows,SSD,,512.0,512.0,512GB,8.0,8GB,13.3,12-14in,,,Other,0,False,False,False,False
4000,Samsung_i7_16GB_512GB_12-14in,Samsung,Notebook/Laptop,450.0,Unknown,Unknown,Intel,Intel,i7,11.0,2.8,Windows,SSD,,512.0,512.0,512GB,16.0,16GB,13.3,12-14in,1920.0,1080.0,Blue,8,True,True,True,True
4001,Dell_i5_Unk_256GB_12-14in,Dell,Notebook/Laptop,401.5,Used,Used,Intel,Intel,i5,6.0,2.8,Windows,Unknown,,240.0,240.0,256GB,,Unk,12.5,12-14in,1920.0,1080.0,Other,6,True,True,True,True
4002,Dell_i5_Unk_128GB_12-14in,Dell,Notebook/Laptop,396.2,Used,Used,Intel,Intel,i5,6.0,2.8,Windows,Unknown,,120.0,120.0,128GB,,Unk,12.5,12-14in,1920.0,1080.0,Other,6,True,True,True,True
4003,Other/Unbranded_Unknown_Unk_Unk_Unk,Other/Unbranded,Other,921.0,Open Box,Like-New,Other,Unknown,Unknown,,,Unknown,Unknown,,,,Unk,,Unk,,Unk,,,Other,0,False,False,False,False
4004,Lenovo_i5_8GB_256GB_14-16in,Lenovo,Other,156.1,Used,Used,Other,Intel,i5,,2.6,Windows,SSD,,256.0,256.0,256GB,8.0,8GB,14.0,14-16in,1920.0,1080.0,Other,4,False,False,True,False
4005,Dell_i5_Unk_512GB_14-16in,Dell,Notebook/Laptop,414.8,Used,Used,Intel,Intel,i5,4.0,2.6,Windows,Unknown,,480.0,480.0,512GB,,Unk,14.0,14-16in,1280.0,720.0,Other,3,False,False,False,True
4006,Other/Unbranded_Unknown_Unk_Unk_Unk,Other/Unbranded,Other,169.0,Used,Used,Intel,Unknown,Unknown,,,Unknown,Unknown,,,,Unk,,Unk,,Unk,,,Black,0,False,False,False,False
4007,Dell_i5_Unk_512GB_Sub-12in,Dell,Other,363.8,Used,Used,Intel,Intel,i5,4.0,,Windows,Unknown,,480.0,480.0,512GB,,Unk,10.8,Sub-12in,1920.0,1080.0,Other,1,False,False,False,False
4008,HP_i5_32GB_1TB_14-16in,HP,Notebook/Laptop,350.0,Used,Used,Intel,Intel,i5,,1.0,Windows,SSD,,1000.0,1000.0,1TB,32.0,32GB,15.6,14-16in,1920.0,1080.0,Silver,7,True,False,True,True
4009,Other/Unbranded_Unknown_Unk_Unk_Unk,Other/Unbranded,Other,129.9,Used,Used,Other,Unknown,Unknown,,,Unknown,Unknown,,,,Unk,,Unk,,Unk,,,Other,0,False,False,False,False
4010,Dell_Other/Unspecified_Unk_Unk_14-16in,Dell,Other,24.25,Used,Used,Other,Other,Other/Unspecified,,,Unknown,Unknown,,,,Unk,,Unk,15.6,14-16in,,,Other,0,False,False,False,False
4011,Other/Unbranded_i5_16GB_512GB_Unk,Other/Unbranded,Notebook/Laptop,151.9,Refurbished - Good,Refurbished,Intel,Intel,i5,,,Linux,HDD/SSD,250.0,120.0,370.0,512GB,16.0,16GB,,Unk,,,Other,3,False,False,False,True
4012,HP_Unknown_8GB_512GB_12-14in,HP,Notebook/Laptop,758.0,Unknown,Unknown,Other,Unknown,Unknown,,,Windows,SSD,256.0,256.0,512.0,512GB,8.0,8GB,13.0,12-14in,1920.0,1080.0,Other,5,False,True,True,True
4013,Dell_i5_8GB_256GB_12-14in,Dell,Notebook/Laptop,388.0,Unknown,Unknown,Intel,Intel,i5,11.0,1.0,Windows,SSD,,256.0,256.0,256GB,8.0,8GB,13.3,12-14in,1920.0,1080.0,Black,4,True,False,True,False
4014,Other/Unbranded_Unknown_Unk_Unk_Unk,Other/Unbranded,Other,374.2,Refurbished - Seller Grade,Refurbished,Other,Unknown,Unknown,,,Unknown,Unknown,,,,Unk,,Unk,,Unk,,,Black,0,False,False,False,False
4015,Other/Unbranded_Unknown_Unk_Unk_Unk,Other/Unbranded,Other,204.5,Used,Used,Intel,Unknown,Unknown,,,Unknown,Unknown,,,,Unk,,Unk,,Unk,,,Black,0,False,False,False,False
4016,Other/Unbranded_Unknown_Unk_Unk_Unk,Other/Unbranded,Other,435.8,Refurbished - Excellent,Refurbished,Intel,Unknown,Unknown,,,Unknown,Unknown,,,,Unk,,Unk,,Unk,,,Other,0,False,False,False,False
4017,Dell_i5_8GB_512GB_14-16in,Dell,Notebook/Laptop,190.0,Used,Used,Other,Intel,i5,5.0,2.3,Windows,HDD/SSD,500.0,,500.0,512GB,8.0,8GB,14.0,14-16in,1366.0,768.0,Black,2,False,False,False,False
4018,HP_i5_8GB_512GB_14-16in,HP,Notebook/Laptop,390.0,New,New,Intel,Intel,i5,11.0,2.4,Windows,SSD,256.0,256.0,512.0,512GB,8.0,8GB,15.6,14-16in,1920.0,1080.0,Silver,3,False,False,True,False
4019,Other/Unbranded_Unknown_Unk_Unk_Unk,Other/Unbranded,Other,8.68,Used,Used,Other,Unknown,Unknown,,,Unknown,Unknown,,,,Unk,,Unk,,Unk,,,Other,0,False,False,False,False
4020,Other/Unbranded_Unknown_Unk_Unk_Unk,Other/Unbranded,Other,57.3,New,New,Other,Unknown,Unknown,,,Unknown,Unknown,,,,Unk,,Unk,,Unk,,,Other,0,False,False,False,False
4021,Other/Unbranded_Unknown_Unk_Unk_Unk,Other/Unbranded,Other,332.0,Used,Used,Intel,Unknown,Unknown,,,Unknown,Unknown,,,,Unk,,Unk,,Unk,,,Other,0,False,False,False,False
4022,Dell_i5_Unk_256GB_14-16in,Dell,Notebook/Laptop,388.5,Used,Used,Intel,Intel,i5,4.0,,Windows,Unknown,,240.0,240.0,256GB,,Unk,14.0,14-16in,1280.0,720.0,Other,0,False,False,False,False
4023,Dell_i5_8GB_256GB_Unk,Dell,Notebook/Laptop,502.2,Used,Used,Other,Intel,i5,,1.7,Windows,Unknown,256.0,,256.0,256GB,8.0,8GB,,Unk,,,Other,0,False,False,False,False
4025,Lenovo_Unknown_Unk_Unk_Unk,Lenovo,Other,64.25,New,New,Other,Unknown,Unknown,,,Unknown,Unknown,,,,Unk,,Unk,,Unk,,,Other,0,False,False,False,False
4026,Lenovo_i5_16GB_256GB_Unk,Lenovo,Notebook/Laptop,358.5,Used,Used,Other,Intel,i5,,1.6,Unknown,Unknown,256.0,,256.0,256GB,16.0,16GB,,Unk,,,Other,0,False,False,False,False
4027,Acer_Unknown_Unk_Unk_Unk,Acer,Other,49.6,New,New,Other,Unknown,Unknown,,,Unknown,Unknown,,,,Unk,,Unk,,Unk,,,Other,0,False,False,False,False
4028,Dell_i5_8GB_256GB_Unk,Dell,Notebook/Laptop,286.8,Used,Used,Other,Intel,i5,,1.6,Windows,Unknown,256.0,,256.0,256GB,8.0,8GB,,Unk,,,Other,0,False,False,False,False
4029,Other/Unbranded_i7_Unk_2TB_14-16in,Other/Unbranded,Notebook/Laptop,2326.0,Refurbished - Seller Grade,Refurbished,Intel,Intel,i7,,1.99,Windows,SSD,,2000.0,2000.0,2TB,,Unk,14.0,14-16in,1920.0,1080.0,Other,6,False,False,True,True
4030,AUO_Unknown_Unk_Unk_Unk,AUO,Other,50.72,New,New,Other,Unknown,Unknown,,,Unknown,Unknown,,,,Unk,,Unk,,Unk,,,Other,0,False,False,False,False
4031,Other/Unbranded_Unknown_Unk_Unk_Unk,Other/Unbranded,Other,399.0,Refurbished - Seller Grade,Refurbished,Intel,Unknown,Unknown,,,Unknown,Unknown,,,,Unk,,Unk,,Unk,,,Other,0,False,False,False,False
4032,Lenovo_Unknown_Unk_Unk_Unk,Lenovo,Other,60.75,New,New,Other,Unknown,Unknown,,,Unknown,Unknown,,,,Unk,,Unk,,Unk,,,Other,0,False,False,False,False
4033,Other/Unbranded_Unknown_Unk_Unk_Unk,Other/Unbranded,Other,10.51,Used,Used,Amd,Unknown,Unknown,,,Unknown,Unknown,,,,Unk,,Unk,,Unk,,,Other,0,False,False,False,False
4034,Lenovo_i5_Unk_256GB_14-16in,Lenovo,Notebook/Laptop,321.0,Used,Used,Intel,Intel,i5,6.0,,Windows,Unknown,,240.0,240.0,256GB,,Unk,14.0,14-16in,1920.0,1080.0,Other,0,False,False,False,False
4035,Other/Unbranded_Unknown_Unk_Unk_Unk,Other/Unbranded,Other,2128.0,Refurbished - Seller Grade,Refurbished,Intel,Unknown,Unknown,,,Unknown,Unknown,,,,Unk,,Unk,,Unk,,,Other,0,False,False,False,False
4036,Other/Unbranded_i7_Unk_256GB_14-16in,Other/Unbranded,Notebook/Laptop,2144.0,Refurbished - Seller Grade,Refurbished,Intel,Intel,i7,,1.8,Windows,SSD,,240.0,240.0,256GB,,Unk,14.0,14-16in,1920.0,1080.0,Other,6,False,False,True,True
4037,Dell_i5_Unk_1TB_14-16in,Dell,Notebook/Laptop,492.5,Used,Used,Intel,Intel,i5,5.0,2.7,Windows,Unknown,,960.0,960.0,1TB,,Unk,14.0,14-16in,1280.0,720.0,Other,3,False,False,False,True
4038,AUO_Unknown_Unk_Unk_Unk,AUO,Other,70.06,New,New,Other,Unknown,Unknown,,,Unknown,Unknown,,,,Unk,,Unk,,Unk,,,Other,0,False,False,False,False
4039,Other/Unbranded_Unknown_Unk_Unk_Unk,Other/Unbranded,Other,528.5,Refurbished - Seller Grade,Refurbished,Intel,Unknown,Unknown,,,Unknown,Unknown,,,,Unk,,Unk,,Unk,,,Other,0,False,False,False,False
4040,Other/Unbranded_Unknown_Unk_Unk_Unk,Other/Unbranded,Other,2092.0,Refurbished - Seller Grade,Refurbished,Intel,Unknown,Unknown,,,Unknown,Unknown,,,,Unk,,Unk,,Unk,,,Other,0,False,False,False,False
4041,Dell_i5_Unk_128GB_12-14in,Dell,Notebook/Laptop,416.8,Used,Used,Intel,Intel,i5,6.0,2.8,Windows,Unknown,,120.0,120.0,128GB,,Unk,12.5,12-14in,1920.0,1080.0,Other,6,True,True,True,True
4042,Other/Unbranded_Unknown_Unk_Unk_Unk,Other/Unbranded,Other,385.2,New,New,Other,Unknown,Unknown,,,Unknown,Unknown,,,,Unk,,Unk,,Unk,,,Other,0,False,False,False,False
4043,Dell_i5_Unk_128GB_14-16in,Dell,Notebook/Laptop,335.2,Used,Used,Intel,Intel,i5,5.0,2.7,Windows,Unknown,,120.0,120.0,128GB,,Unk,14.0,14-16in,1280.0,720.0,Black,3,False,False,False,True
4044,Other/Unbranded_Unknown_Unk_Unk_Unk,Other/Unbranded,Other,2678.0,Refurbished - Seller Grade,Refurbished,Intel,Unknown,Unknown,,,Unknown,Unknown,,,,Unk,,Unk,,Unk,,,Other,0,False,False,False,False
4045,Other/Unbranded_i7_Unk_256GB_14-16in,Other/Unbranded,Notebook/Laptop,2144.0,Refurbished - Seller Grade,Refurbished,Intel,Intel,i7,,1.99,Windows,SSD,,240.0,240.0,256GB,,Unk,14.0,14-16in,1920.0,1080.0,Other,6,False,False,True,True
4046,Other/Unbranded_Unknown_Unk_Unk_Unk,Other/Unbranded,Other,127.56,New,New,Other,Unknown,Unknown,,,Unknown,Unknown,,,,Unk,,Unk,,Unk,,,Other,0,False,False,False,False
4047,AUO_Unknown_Unk_Unk_Unk,AUO,Other,54.97,New,New,Other,Unknown,Unknown,,,Unknown,Unknown,,,,Unk,,Unk,,Unk,,,Other,0,False,False,False,False
4048,Other/Unbranded_Unknown_Unk_Unk_Unk,Other/Unbranded,Other,301.5,Refurbished - Seller Grade,Refurbished,Intel,Unknown,Unknown,,,Unknown,Unknown,,,,Unk,,Unk,,Unk,,,Other,0,False,False,False,False
4049,Other/Unbranded_Unknown_Unk_Unk_Unk,Other/Unbranded,Other,94.06,New,New,Other,Unknown,Unknown,,,Unknown,Unknown,,,,Unk,,Unk,,Unk,,,Other,0,False,False,False,False
4050,Dell_i5_Unk_256GB_14-16in,Dell,Notebook/Laptop,284.2,Used,Used,Intel,Intel,i5,4.0,,Windows,Unknown,,240.0,240.0,256GB,,Unk,14.0,14-16in,1280.0,720.0,Other,0,False,False,False,False
4051,Dell_i5_Unk_128GB_12-14in,Dell,Notebook/Laptop,375.5,Used,Used,Intel,Intel,i5,6.0,2.8,Windows,Unknown,,120.0,120.0,128GB,,Unk,12.5,12-14in,1920.0,1080.0,Other,7,True,True,True,True
4052,Other/Unbranded_Unknown_Unk_Unk_Unk,Other/Unbranded,Other,374.2,Refurbished - Seller Grade,Refurbished,Intel,Unknown,Unknown,,,Unknown,Unknown,,,,Unk,,Unk,,Unk,,,Black,0,False,False,False,False
4053,Other/Unbranded_Unknown_Unk_Unk_Unk,Other/Unbranded,Other,395.0,Refurbished - Very Good,Refurbished,Intel,Unknown,Unknown,,,Unknown,Unknown,,,,Unk,,Unk,,Unk,,,Other,0,False,False,False,False
4054,Other/Unbranded_Unknown_Unk_Unk_Unk,Other/Unbranded,Other,515.5,Refurbished - Seller Grade,Refurbished,Intel,Unknown,Unknown,,,Unknown,Unknown,,,,Unk,,Unk,,Unk,,,Black,0,False,False,False,False
4055,Other/Unbranded_Unknown_Unk_Unk_Unk,Other/Unbranded,Other,491.0,Used,Used,Intel,Unknown,Unknown,,,Unknown,Unknown,,,,Unk,,Unk,,Unk,,,Other,0,False,False,False,False
4056,Other/Unbranded_Unknown_Unk_Unk_Unk,Other/Unbranded,Other,711.5,Refurbished - Seller Grade,Refurbished,Intel,Unknown,Unknown,,,Unknown,Unknown,,,,Unk,,Unk,,Unk,,,Other,0,False,False,False,False
4057,Other/Unbranded_Unknown_Unk_Unk_Unk,Other/Unbranded,Other,1046.0,Used,Used,Intel,Unknown,Unknown,,,Unknown,Unknown,,,,Unk,,Unk,,Unk,,,Other,0,False,False,False,False
4058,Other/Unbranded_Unknown_Unk_Unk_Unk,Other/Unbranded,Other,270.2,Refurbished - Good,Refurbished,Nvidia,Unknown,Unknown,,,Unknown,Unknown,,,,Unk,,Unk,,Unk,,,Other,0,False,False,False,False
4059,Other/Unbranded_i3_Unk_512GB_14-16in,Other/Unbranded,Notebook/Laptop,477.5,Used,Used,Intel,Intel,i3,6.0,3.0,Windows,SSD,,480.0,480.0,512GB,,Unk,14.0,14-16in,1280.0,720.0,Black,5,False,False,True,True
4060,Dell_i5_Unk_128GB_14-16in,Dell,Notebook/Laptop,292.2,Used,Used,Intel,Intel,i5,4.0,2.6,Windows,Unknown,,120.0,120.0,128GB,,Unk,14.0,14-16in,1280.0,720.0,Other,3,False,False,False,True
4061,Lenovo_i3_Unk_128GB_12-14in,Lenovo,Notebook/Laptop,462.8,Used,Used,Intel,Intel,i3,7.0,2.4,Windows,SSD,,120.0,120.0,128GB,,Unk,13.0,12-14in,1280.0,720.0,Other,3,False,False,True,True
4062,Other/Unbranded_Unknown_Unk_Unk_Unk,Other/Unbranded,Other,313.8,Used,Used,Intel,Unknown,Unknown,,,Unknown,Unknown,,,,Unk,,Unk,,Unk,,,Other,0,False,False,False,False
4063,LG_Unknown_Unk_Unk_Unk,LG,Other,93.7,New,New,Other,Unknown,Unknown,,,Unknown,Unknown,,,,Unk,,Unk,,Unk,,,Other,0,False,False,False,False
4064,Other/Unbranded_i5_Unk_256GB_12-14in,Other/Unbranded,Notebook/Laptop,431.8,Refurbished - Seller Grade,Refurbished,Intel,Intel,i5,6.0,,Windows,Unknown,,240.0,240.0,256GB,,Unk,13.3,12-14in,1280.0,720.0,Other,1,False,False,False,False
4065,Other/Unbranded_pentium_Unk_Unk_14-16in,Other/Unbranded,Other,21.6,For Parts / Not Working,End-of-Life,Other,Intel,pentium,,,Unknown,Unknown,,,,Unk,,Unk,15.0,14-16in,,,Other,0,False,False,False,False
4066,Lenovo_i5_Unk_128GB_14-16in,Lenovo,Notebook/Laptop,502.5,Used,Used,Intel,Intel,i5,6.0,3.0,Windows,SSD,,120.0,120.0,128GB,,Unk,14.0,14-16in,,,Black,4,True,False,True,True
4067,Other/Unbranded_i3_Unk_256GB_12-14in,Other/Unbranded,Notebook/Laptop,434.5,Used,Used,Intel,Intel,i3,4.0,3.0,Windows,SSD,,240.0,240.0,256GB,,Unk,13.3,12-14in,1280.0,720.0,Other,4,False,False,True,True
4068,Lenovo_i5_Unk_1TB_14-16in,Lenovo,Notebook/Laptop,433.8,Used,Used,Intel,Intel,i5,6.0,2.8,Windows,Unknown,,960.0,960.0,1TB,,Unk,14.0,14-16in,1920.0,1080.0,Other,5,False,True,True,True
4069,Other/Unbranded_Unknown_Unk_Unk_Unk,Other/Unbranded,Other,558.0,Refurbished - Seller Grade,Refurbished,Intel,Unknown,Unknown,,,Unknown,Unknown,,,,Unk,,Unk,,Unk,,,Other,0,False,False,False,False
4070,Other/Unbranded_Unknown_Unk_Unk_Unk,Other/Unbranded,Other,474.0,Refurbished - Excellent,Refurbished,Intel,Unknown,Unknown,,,Unknown,Unknown,,,,Unk,,Unk,,Unk,,,Other,0,False,False,False,False
4071,Dell_i7_Unk_128GB_14-16in,Dell,Notebook/Laptop,331.0,Used,Used,Other,Intel,i7,,2.6,Windows,SSD,,128.0,128.0,128GB,,Unk,14.0,14-16in,1920.0,1080.0,Black,4,False,False,True,False
4073,Samsung_Unknown_Unk_Unk_Unk,Samsung,Other,141.4,New,New,Other,Unknown,Unknown,,,Unknown,Unknown,,,,Unk,,Unk,,Unk,,,Other,0,False,False,False,False
4074,Lenovo_Unknown_Unk_Unk_Unk,Lenovo,Notebook/Laptop,626.0,Unknown,Unknown,Other,Unknown,Unknown,,,Unknown,Unknown,,,,Unk,,Unk,,Unk,,,Black,0,False,False,False,False
4075,Other/Unbranded_Unknown_Unk_Unk_Unk,Other/Unbranded,Other,349.8,Refurbished - Seller Grade,Refurbished,Intel,Unknown,Unknown,,,Unknown,Unknown,,,,Unk,,Unk,,Unk,,,Black,0,False,False,False,False
4076,AUO_Unknown_Unk_Unk_16in+,AUO,Notebook/Laptop,93.94,Unknown,Unknown,Other,Unknown,Unknown,,,Unknown,Unknown,,,,Unk,,Unk,17.3,16in+,1600.0,900.0,Other,0,False,False,False,False
4077,Other/Unbranded_Unknown_Unk_Unk_Unk,Other/Unbranded,Other,125.9,New,New,Other,Unknown,Unknown,,,Unknown,Unknown,,,,Unk,,Unk,,Unk,,,Other,0,False,False,False,False
4078,Other/Unbranded_Unknown_Unk_Unk_Unk,Other/Unbranded,Other,14.14,Used,Used,Other,Unknown,Unknown,,,Unknown,Unknown,,,,Unk,,Unk,,Unk,,,Other,0,False,False,False,False
4079,Lenovo_i5_Unk_128GB_14-16in,Lenovo,Notebook/Laptop,346.0,Used,Used,Intel,Intel,i5,6.0,2.8,Windows,Unknown,,120.0,120.0,128GB,,Unk,14.0,14-16in,1920.0,1080.0,Other,6,False,True,True,True
4080,Asus_Unknown_Unk_Unk_Unk,Asus,Other,84.1,New,New,Other,Unknown,Unknown,,,Unknown,Unknown,,,,Unk,,Unk,,Unk,,,Other,0,False,False,False,False
4081,Other/Unbranded_i5_8GB_512GB_12-14in,Other/Unbranded,Notebook/Laptop,316.8,New,New,Other,Intel,i5,11.0,,Windows,SSD,256.0,256.0,512.0,512GB,8.0,8GB,13.3,12-14in,,,Other,0,False,False,False,False
4082,Lenovo_i5_Unk_256GB_14-16in,Lenovo,Notebook/Laptop,322.2,Used,Used,Intel,Intel,i5,6.0,,Windows,Unknown,,240.0,240.0,256GB,,Unk,14.0,14-16in,1920.0,1080.0,Other,0,False,False,False,False
4083,Dell_i5_Unk_256GB_14-16in,Dell,Notebook/Laptop,345.8,Used,Used,Intel,Intel,i5,5.0,2.7,Windows,Unknown,,240.0,240.0,256GB,,Unk,14.0,14-16in,1280.0,720.0,Black,3,False,False,False,True
4084,Other/Unbranded_Unknown_Unk_Unk_Unk,Other/Unbranded,Other,307.0,Refurbished - Seller Grade,Refurbished,Intel,Unknown,Unknown,,,Unknown,Unknown,,,,Unk,,Unk,,Unk,,,Black,0,False,False,False,False
4085,Acer_Unknown_Unk_Unk_Unk,Acer,Other,70.75,New,New,Other,Unknown,Unknown,,,Unknown,Unknown,,,,Unk,,Unk,,Unk,,,Other,0,False,False,False,False
4086,Dell_i5_Unk_256GB_12-14in,Dell,Notebook/Laptop,430.2,Used,Used,Intel,Intel,i5,6.0,2.8,Windows,Unknown,,240.0,240.0,256GB,,Unk,12.5,12-14in,1920.0,1080.0,Black,7,True,True,True,True
4087,Other/Unbranded_Unknown_Unk_Unk_Unk,Other/Unbranded,Other,201.4,Used,Used,Other,Unknown,Unknown,,,Unknown,Unknown,,,,Unk,,Unk,,Unk,,,Other,0,False,False,False,False
4088,Other/Unbranded_Unknown_Unk_Unk_Unk,Other/Unbranded,Other,95.0,Unknown,Unknown,Other,Unknown,Unknown,,,Unknown,Unknown,,,,Unk,,Unk,,Unk,,,Other,0,False,False,False,False
4089,Dell_i5_Unk_256GB_14-16in,Dell,Notebook/Laptop,321.2,Refurbished - Seller Grade,Refurbished,Intel,Intel,i5,3.0,3.0,Windows,Unknown,,240.0,240.0,256GB,,Unk,14.0,14-16in,1280.0,720.0,Other,2,False,False,False,True
4091,Other/Unbranded_Other/Unspecified_Unk_Unk_14-16in,Other/Unbranded,Other,43.5,Used,Used,Other,Other,Other/Unspecified,,,Unknown,Unknown,,,,Unk,,Unk,14.0,14-16in,,,Other,0,False,False,False,False
4092,Dell_Other/Unspecified_16GB_256GB_14-16in,Dell,Other,229.8,Used,Used,Intel,Other,Other/Unspecified,,1.6,Windows,Unknown,,240.0,240.0,256GB,16.0,16GB,14.0,14-16in,1366.0,768.0,Black,2,False,False,True,True
4093,Lenovo_i5_Unk_256GB_12-14in,Lenovo,Notebook/Laptop,500.0,Used,Used,Intel,Intel,i5,4.0,,Windows,Unknown,,240.0,240.0,256GB,,Unk,12.5,12-14in,1280.0,720.0,Other,1,False,False,False,False
4094,Dell_i5_Unk_256GB_14-16in,Dell,Notebook/Laptop,324.8,Used,Used,Intel,Intel,i5,5.0,2.7,Windows,Unknown,,240.0,240.0,256GB,,Unk,14.0,14-16in,1280.0,720.0,Black,3,False,False,False,True
4095,Dell_i5_Unk_256GB_14-16in,Dell,Notebook/Laptop,332.2,Used,Used,Intel,Intel,i5,4.0,2.6,Windows,Unknown,,240.0,240.0,256GB,,Unk,14.0,14-16in,1280.0,720.0,Other,4,False,False,True,True
4096,LG_Unknown_Unk_Unk_Unk,LG,Other,94.7,New,New,Other,Unknown,Unknown,,,Unknown,Unknown,,,,Unk,,Unk,,Unk,,,Other,0,False,False,False,False
4097,Other/Unbranded_pentium_Unk_Unk_14-16in,Other/Unbranded,Other,22.22,For Parts / Not Working,End-of-Life,Other,Other,pentium,,,Unknown,Unknown,,,,Unk,,Unk,14.0,14-16in,,,Other,0,False,False,False,False
4098,Dell_Other/Unspecified_16GB_1TB_14-16in,Dell,Other,294.8,Used,Used,Intel,Other,Other/Unspecified,,1.6,Windows,Unknown,,1000.0,1000.0,1TB,16.0,16GB,14.0,14-16in,1366.0,768.0,Black,2,False,False,True,True
4099,Lenovo_celeron_Unk_256GB_14-16in,Lenovo,Notebook/Laptop,676.0,Refurbished - Seller Grade,Refurbished,Intel,Intel,celeron,,,Windows,Unknown,,240.0,240.0,256GB,,Unk,15.6,14-16in,1280.0,720.0,Other,1,False,False,False,False
4100,Lenovo_i5_Unk_128GB_12-14in,Lenovo,Notebook/Laptop,489.2,Used,Used,Intel,Intel,i5,4.0,,Windows,Unknown,,120.0,120.0,128GB,,Unk,12.5,12-14in,1280.0,720.0,Other,1,False,False,False,False
4101,Other/Unbranded_Unknown_Unk_Unk_Unk,Other/Unbranded,Other,124.56,New,New,Other,Unknown,Unknown,,,Unknown,Unknown,,,,Unk,,Unk,,Unk,,,Other,0,False,False,False,False
4102,Other/Unbranded_i5_Unk_128GB_14-16in,Other/Unbranded,Other,486.5,Used,Used,Intel,Intel,i5,4.0,,Windows,Unknown,,120.0,120.0,128GB,,Unk,15.6,14-16in,1280.0,720.0,Other,0,False,False,False,False
4103,Other/Unbranded_Unknown_Unk_256GB_Unk,Other/Unbranded,Other,446.2,Used,Used,Other,Unknown,Unknown,,0.00226,Unknown,Unknown,160.0,,160.0,256GB,,Unk,,Unk,,,Other,0,False,False,False,False
4104,Dell_i5_8GB_512GB_14-16in,Dell,Notebook/Laptop,100.0,Used,Used,Other,Intel,i5,5.0,2.3,Windows,SSD,256.0,256.0,512.0,512GB,8.0,8GB,14.0,14-16in,1366.0,768.0,Black,4,False,True,True,True
4105,Other/Unbranded_Unknown_Unk_Unk_Unk,Other/Unbranded,Other,371.8,New,New,Other,Unknown,Unknown,,,Unknown,Unknown,,,,Unk,,Unk,,Unk,,,Other,0,False,False,False,False
4106,Other/Unbranded_Unknown_Unk_Unk_Unk,Other/Unbranded,Other,7.6,Used,Used,Other,Unknown,Unknown,,,Unknown,Unknown,,,,Unk,,Unk,,Unk,,,Other,0,False,False,False,False
4107,Other/Unbranded_Unknown_Unk_Unk_Unk,Other/Unbranded,Other,205.9,New,New,Other,Unknown,Unknown,,,Unknown,Unknown,,,,Unk,,Unk,,Unk,,,Other,0,False,False,False,False
4108,Other/Unbranded_Unknown_Unk_Unk_Unk,Other/Unbranded,Other,593.5,Refurbished - Very Good,Refurbished,Intel,Unknown,Unknown,,,Unknown,Unknown,,,,Unk,,Unk,,Unk,,,Other,0,False,False,False,False
4109,AUO_Unknown_Unk_Unk_Unk,AUO,Other,55.03,New,New,Other,Unknown,Unknown,,,Unknown,Unknown,,,,Unk,,Unk,,Unk,,,Other,0,False,False,False,False
4110,AUO_Unknown_Unk_Unk_Unk,AUO,Other,116.5,New,New,Other,Unknown,Unknown,,,Unknown,Unknown,,,,Unk,,Unk,,Unk,,,Other,0,False,False,False,False
4111,Other/Unbranded_Unknown_Unk_Unk_Unk,Other/Unbranded,Other,155.4,Unknown,Unknown,Other,Unknown,Unknown,,,Unknown,Unknown,,,,Unk,,Unk,,Unk,,,Other,0,False,False,False,False
4112,Dell_Other/Unspecified_16GB_2TB_14-16in,Dell,Other,344.8,Used,Used,Intel,Other,Other/Unspecified,,1.6,Windows,Unknown,,2000.0,2000.0,2TB,16.0,16GB,14.0,14-16in,1366.0,768.0,Black,2,False,False,True,True
4113,Dell_i5_Unk_512GB_14-16in,Dell,Other,431.8,Refurbished - Seller Grade,Refurbished,Intel,Intel,i5,3.0,,Windows,Unknown,,480.0,480.0,512GB,,Unk,14.0,14-16in,1280.0,720.0,Other,0,False,False,False,False
4114,Other/Unbranded_Unknown_Unk_Unk_Unk,Other/Unbranded,Other,334.2,Refurbished - Good,Refurbished,Intel,Unknown,Unknown,,,Unknown,Unknown,,,,Unk,,Unk,,Unk,,,Other,0,False,False,False,False
4115,Dell_i5_Unk_128GB_14-16in,Dell,Notebook/Laptop,269.8,Used,Used,Intel,Intel,i5,3.0,3.0,Windows,Unknown,,120.0,120.0,128GB,,Unk,14.0,14-16in,1280.0,720.0,Black,2,False,False,False,True
4116,Dell_i5_Unk_128GB_12-14in,Dell,Notebook/Laptop,396.8,Used,Used,Intel,Intel,i5,6.0,2.8,Windows,Unknown,,120.0,120.0,128GB,,Unk,12.5,12-14in,1920.0,1080.0,Other,7,True,True,True,True
4117,Other/Unbranded_Unknown_Unk_Unk_Unk,Other/Unbranded,Other,294.5,Used,Used,Intel,Unknown,Unknown,,,Unknown,Unknown,,,,Unk,,Unk,,Unk,,,Other,0,False,False,False,False
4118,Dell_i5_Unk_256GB_14-16in,Dell,Notebook/Laptop,384.5,Used,Used,Intel,Intel,i5,4.0,2.6,Windows,Unknown,,240.0,240.0,256GB,,Unk,14.0,14-16in,1280.0,720.0,Other,3,False,False,False,True
4119,Other/Unbranded_Unknown_Unk_Unk_Unk,Other/Unbranded,Other,205.8,Used,Used,Other,Unknown,Unknown,,,Unknown,Unknown,,,,Unk,,Unk,,Unk,,,Other,0,False,False,False,False
4120,Other/Unbranded_Unknown_Unk_Unk_Unk,Other/Unbranded,Other,245.2,Used,Used,Other,Unknown,Unknown,,,Unknown,Unknown,,,,Unk,,Unk,,Unk,,,Other,0,False,False,False,False
4121,Other/Unbranded_Other/Unspecified_Unk_Unk_Unk,Other/Unbranded,Other,218.8,Used,Used,Other,Intel,Other/Unspecified,,,Unknown,Unknown,,,,Unk,,Unk,,Unk,1024.0,768.0,Other,1,False,False,False,False
4122,Other/Unbranded_Unknown_Unk_Unk_Unk,Other/Unbranded,Other,270.5,Refurbished - Good,Refurbished,Nvidia,Unknown,Unknown,,,Unknown,Unknown,,,,Unk,,Unk,,Unk,,,Other,0,False,False,False,False
4123,Samsung_Unknown_Unk_Unk_Unk,Samsung,Other,69.3,New,New,Other,Unknown,Unknown,,,Unknown,Unknown,,,,Unk,,Unk,,Unk,,,Other,0,False,False,False,False
4124,HP_i5_8GB_256GB_12-14in,HP,Notebook/Laptop,147.5,Used,Used,Other,Intel,i5,7.0,,Windows,SSD,,256.0,256.0,256GB,8.0,8GB,13.3,12-14in,1366.0,768.0,Other,4,False,False,True,True
4125,Other/Unbranded_Unknown_Unk_Unk_Unk,Other/Unbranded,Other,109.5,New,New,Other,Unknown,Unknown,,,Unknown,Unknown,,,,Unk,,Unk,,Unk,,,Other,0,False,False,False,False
4126,Other/Unbranded_Unknown_Unk_Unk_Unk,Other/Unbranded,Other,105.5,New,New,Other,Unknown,Unknown,,,Unknown,Unknown,,,,Unk,,Unk,,Unk,,,Other,0,False,False,False,False
4127,Other/Unbranded_Unknown_Unk_Unk_Unk,Other/Unbranded,Other,441.2,Used,Used,Intel,Unknown,Unknown,,,Unknown,Unknown,,,,Unk,,Unk,,Unk,,,Black,0,False,False,False,False
4128,Dell_i5_Unk_128GB_14-16in,Dell,Other,325.0,Used,Used,Intel,Intel,i5,6.0,,Windows,Unknown,,120.0,120.0,128GB,,Unk,14.0,14-16in,1280.0,720.0,Black,1,False,False,False,False
4129,Other/Unbranded_i3_8GB_256GB_14-16in,Other/Unbranded,Notebook/Laptop,152.0,Used,Used,Intel,Intel,i3,6.0,,Windows,SSD,,240.0,240.0,256GB,8.0,8GB,14.0,14-16in,,,Other,3,False,False,False,True
4130,Asus_celeron_4GB_128GB_Sub-12in,Asus,Notebook/Laptop,101.4,Used,Used,Intel,Intel,celeron,,1.1,Windows,EMMC,64.0,64.0,128.0,128GB,4.0,4GB,11.6,Sub-12in,1366.0,768.0,Other,1,False,False,True,False
4131,Other/Unbranded_Unknown_Unk_Unk_Unk,Other/Unbranded,Other,42.12,New,New,Other,Unknown,Unknown,,,Unknown,Unknown,,,,Unk,,Unk,,Unk,,,Other,0,False,False,False,False
4132,Asus_i7_16GB_2TB_16in+,Asus,Notebook/Laptop,840.0,Unknown,Unknown,Nvidia,Intel,i7,12.0,2.3,Windows,SSD,512.0,512.0,1024.0,2TB,16.0,16GB,16.0,16in+,1920.0,1200.0,Black,7,False,True,True,True
4133,Other/Unbranded_pentium_Unk_Unk_14-16in,Other/Unbranded,Other,22.0,For Parts / Not Working,End-of-Life,Other,Intel,pentium,,,Unknown,Unknown,,,,Unk,,Unk,15.4,14-16in,,,Other,0,False,False,False,False
4134,Dell_Other/Unspecified_8GB_512GB_14-16in,Dell,Other,234.8,Used,Used,Intel,Other,Other/Unspecified,,1.6,Windows,Unknown,,500.0,500.0,512GB,8.0,8GB,14.0,14-16in,1366.0,768.0,Black,2,False,False,True,True
4135,Other/Unbranded_Unknown_Unk_Unk_Unk,Other/Unbranded,Other,314.0,Refurbished - Seller Grade,Refurbished,Intel,Unknown,Unknown,,,Unknown,Unknown,,,,Unk,,Unk,,Unk,,,Other,0,False,False,False,False
4136,Other/Unbranded_Unknown_Unk_Unk_Unk,Other/Unbranded,Other,571.0,Refurbished - Good,Refurbished,Intel,Unknown,Unknown,,,Unknown,Unknown,,,,Unk,,Unk,,Unk,,,Other,0,False,False,False,False
4137,Other/Unbranded_Unknown_Unk_Unk_Unk,Other/Unbranded,Other,108.5,Used,Used,Other,Unknown,Unknown,,,Unknown,Unknown,,,,Unk,,Unk,,Unk,,,Other,0,False,False,False,False
4138,Lenovo_Unknown_Unk_Unk_Unk,Lenovo,Other,174.4,Unknown,Unknown,Other,Unknown,Unknown,,,Unknown,Unknown,,,,Unk,,Unk,,Unk,1920.0,1080.0,Other,0,False,False,False,False
4139,Dell_Other/Unspecified_8GB_1TB_14-16in,Dell,Other,269.8,Used,Used,Intel,Other,Other/Unspecified,,1.6,Windows,Unknown,,1000.0,1000.0,1TB,8.0,8GB,14.0,14-16in,1366.0,768.0,Black,2,False,False,True,True
4140,Dell_i5_Unk_512GB_Sub-12in,Dell,Notebook/Laptop,356.2,Used,Used,Intel,Intel,i5,4.0,1.99,Windows,SSD,,480.0,480.0,512GB,,Unk,10.8,Sub-12in,1920.0,1080.0,Other,7,True,False,True,True
4141,Other/Unbranded_Unknown_Unk_Unk_Unk,Other/Unbranded,Other,392.8,Used,Used,Intel,Unknown,Unknown,,,Unknown,Unknown,,,,Unk,,Unk,,Unk,,,Other,0,False,False,False,False
4142,Other/Unbranded_Unknown_Unk_Unk_Unk,Other/Unbranded,Other,312.2,New,New,Other,Unknown,Unknown,,,Unknown,Unknown,,,,Unk,,Unk,,Unk,,,Other,0,False,False,False,False
4143,Other/Unbranded_Unknown_Unk_Unk_Unk,Other/Unbranded,Other,364.8,Refurbished - Seller Grade,Refurbished,Intel,Unknown,Unknown,,,Unknown,Unknown,,,,Unk,,Unk,,Unk,,,Black,0,False,False,False,False
4144,Other/Unbranded_i5_Unk_128GB_14-16in,Other/Unbranded,Other,465.2,Used,Used,Intel,Intel,i5,4.0,,Windows,Unknown,,120.0,120.0,128GB,,Unk,15.6,14-16in,1280.0,720.0,Other,0,False,False,False,False
4145,Other/Unbranded_Unknown_Unk_Unk_Unk,Other/Unbranded,Other,41.75,New,New,Other,Unknown,Unknown,,,Unknown,Unknown,,,,Unk,,Unk,,Unk,,,Other,0,False,False,False,False
4146,Other/Unbranded_Unknown_Unk_Unk_Unk,Other/Unbranded,Other,147.1,New,New,Other,Unknown,Unknown,,,Unknown,Unknown,,,,Unk,,Unk,,Unk,,,Other,0,False,False,False,False
4147,Other/Unbranded_Unknown_Unk_Unk_Unk,Other/Unbranded,Other,50.78,New,New,Other,Unknown,Unknown,,,Unknown,Unknown,,,,Unk,,Unk,,Unk,,,Other,0,False,False,False,False
4148,Other/Unbranded_Unknown_Unk_Unk_Unk,Other/Unbranded,Other,88.5,New,New,Other,Unknown,Unknown,,,Unknown,Unknown,,,,Unk,,Unk,,Unk,,,Other,0,False,False,False,False
4149,Other/Unbranded_Unknown_Unk_Unk_Unk,Other/Unbranded,Other,92.56,New,New,Other,Unknown,Unknown,,,Unknown,Unknown,,,,Unk,,Unk,,Unk,,,Other,0,False,False,False,False
4150,Dell_i5_Unk_256GB_14-16in,Dell,Notebook/Laptop,382.5,Used,Used,Intel,Intel,i5,4.0,2.6,Windows,Unknown,,240.0,240.0,256GB,,Unk,14.0,14-16in,1280.0,720.0,Black,4,False,False,True,True
4151,Dell_i5_Unk_512GB_14-16in,Dell,Notebook/Laptop,394.0,Used,Used,Intel,Intel,i5,4.0,2.6,Windows,Unknown,,480.0,480.0,512GB,,Unk,14.0,14-16in,1280.0,720.0,Other,3,False,False,False,True
4152,Other/Unbranded_i7_Unk_512GB_14-16in,Other/Unbranded,Notebook/Laptop,2182.0,Refurbished - Seller Grade,Refurbished,Intel,Intel,i7,,1.8,Windows,SSD,,480.0,480.0,512GB,,Unk,14.0,14-16in,1920.0,1080.0,Other,6,False,False,True,True
4153,Other/Unbranded_Unknown_Unk_Unk_Unk,Other/Unbranded,Other,1529.0,Refurbished - Seller Grade,Refurbished,Intel,Unknown,Unknown,,,Unknown,Unknown,,,,Unk,,Unk,,Unk,,,Other,0,False,False,False,False
4154,AUO_Unknown_Unk_Unk_Unk,AUO,Other,93.75,New,New,Other,Unknown,Unknown,,,Unknown,Unknown,,,,Unk,,Unk,,Unk,,,Other,0,False,False,False,False
4155,Other/Unbranded_Unknown_Unk_Unk_Unk,Other/Unbranded,Other,300.5,Refurbished - Seller Grade,Refurbished,Intel,Unknown,Unknown,,,Unknown,Unknown,,,,Unk,,Unk,,Unk,,,Black,0,False,False,False,False
4156,Other/Unbranded_Other/Unspecified_2GB_512GB_12-14in,Other/Unbranded,Notebook/Laptop,112.5,Used,Used,Other,Intel,Other/Unspecified,,2.0,Unknown,HDD/SSD,320.0,,320.0,512GB,2.0,2GB,13.3,12-14in,,,White,0,False,False,False,False
4157,Samsung_Unknown_Unk_Unk_Unk,Samsung,Other,90.44,New,New,Other,Unknown,Unknown,,,Unknown,Unknown,,,,Unk,,Unk,,Unk,,,Other,0,False,False,False,False
4158,AUO_Unknown_Unk_Unk_Unk,AUO,Other,55.4,New,New,Other,Unknown,Unknown,,,Unknown,Unknown,,,,Unk,,Unk,,Unk,,,Other,0,False,False,False,False
4159,Other/Unbranded_Unknown_Unk_Unk_Unk,Other/Unbranded,Other,295.5,Used,Used,Other,Unknown,Unknown,,,Unknown,Unknown,,,,Unk,,Unk,,Unk,,,Other,0,False,False,False,False
4160,Other/Unbranded_Unknown_Unk_Unk_Unk,Other/Unbranded,Other,304.2,Used,Used,Intel,Unknown,Unknown,,,Unknown,Unknown,,,,Unk,,Unk,,Unk,,,Other,0,False,False,False,False
4161,Other/Unbranded_Unknown_Unk_Unk_Unk,Other/Unbranded,Other,92.6,Unknown,Unknown,Other,Unknown,Unknown,,,Unknown,Unknown,,,,Unk,,Unk,,Unk,,,Other,0,False,False,False,False
4163,Acer_pentium_Unk_Unk_14-16in,Acer,Other,21.8,For Parts / Not Working,End-of-Life,Other,Intel,pentium,,,Unknown,Unknown,,,,Unk,,Unk,15.0,14-16in,,,Other,0,False,False,False,False
4164,Other/Unbranded_Unknown_Unk_Unk_Unk,Other/Unbranded,Other,27.77,New,New,Other,Unknown,Unknown,,,Unknown,Unknown,,,,Unk,,Unk,,Unk,,,Other,0,False,False,False,False
4165,Other/Unbranded_Unknown_Unk_Unk_Unk,Other/Unbranded,Other,342.2,Refurbished - Seller Grade,Refurbished,Intel,Unknown,Unknown,,,Unknown,Unknown,,,,Unk,,Unk,,Unk,,,Black,0,False,False,False,False
4166,Other/Unbranded_Unknown_Unk_Unk_Unk,Other/Unbranded,Other,89.9,New,New,Other,Unknown,Unknown,,,Unknown,Unknown,,,,Unk,,Unk,,Unk,,,Other,0,False,False,False,False
4167,Other/Unbranded_Unknown_Unk_Unk_Unk,Other/Unbranded,Other,107.44,New,New,Other,Unknown,Unknown,,,Unknown,Unknown,,,,Unk,,Unk,,Unk,,,Other,0,False,False,False,False
4168,Other/Unbranded_Unknown_Unk_Unk_Unk,Other/Unbranded,Other,326.2,Refurbished - Seller Grade,Refurbished,Intel,Unknown,Unknown,,,Unknown,Unknown,,,,Unk,,Unk,,Unk,,,Black,0,False,False,False,False
4169,Other/Unbranded_Unknown_Unk_Unk_Unk,Other/Unbranded,Other,3156.0,New,New,Intel,Unknown,Unknown,,,Unknown,Unknown,,,,Unk,,Unk,,Unk,,,Other,0,False,False,False,False
4170,Other/Unbranded_Unknown_Unk_Unk_Unk,Other/Unbranded,Other,608.0,Refurbished - Seller Grade,Refurbished,Intel,Unknown,Unknown,,,Unknown,Unknown,,,,Unk,,Unk,,Unk,,,Other,0,False,False,False,False
4171,Other/Unbranded_Unknown_Unk_Unk_Unk,Other/Unbranded,Other,268.0,Used,Used,Other,Unknown,Unknown,,,Unknown,Unknown,,,,Unk,,Unk,,Unk,,,Other,0,False,False,False,False
4172,Dell_Other/Unspecified_Unk_512GB_Sub-12in,Dell,Notebook/Laptop,989.5,Used,Used,Intel,Intel,Other/Unspecified,,2.9,Windows,Unknown,,480.0,480.0,512GB,,Unk,11.6,Sub-12in,1280.0,720.0,Black,8,True,False,True,True
4173,Other/Unbranded_Unknown_Unk_Unk_Unk,Other/Unbranded,Other,640.5,Refurbished - Seller Grade,Refurbished,Intel,Unknown,Unknown,,,Unknown,Unknown,,,,Unk,,Unk,,Unk,,,Other,0,False,False,False,False
4174,Other/Unbranded_i7_Unk_512GB_14-16in,Other/Unbranded,Notebook/Laptop,2182.0,Refurbished - Seller Grade,Refurbished,Intel,Intel,i7,,1.99,Windows,SSD,,480.0,480.0,512GB,,Unk,14.0,14-16in,1920.0,1080.0,Other,6,False,False,True,True
4175,LG_Unknown_Unk_Unk_Unk,LG,Other,125.94,New,New,Other,Unknown,Unknown,,,Unknown,Unknown,,,,Unk,,Unk,,Unk,,,Other,0,False,False,False,False
4176,Other/Unbranded_Unknown_Unk_Unk_Unk,Other/Unbranded,Other,319.0,Refurbished - Good,Refurbished,Intel,Unknown,Unknown,,,Unknown,Unknown,,,,Unk,,Unk,,Unk,,,Other,0,False,False,False,False
4177,Dell_i5_Unk_128GB_14-16in,Dell,Notebook/Laptop,270.2,Refurbished - Seller Grade,Refurbished,Intel,Intel,i5,3.0,3.1,Windows,SSD,,120.0,120.0,128GB,,Unk,14.0,14-16in,1280.0,720.0,Other,2,False,False,False,True
4178,Dell_i5_Unk_1TB_14-16in,Dell,Notebook/Laptop,429.0,Used,Used,Intel,Intel,i5,4.0,2.6,Windows,Unknown,,960.0,960.0,1TB,,Unk,14.0,14-16in,1280.0,720.0,Black,3,False,False,False,True
4179,Other/Unbranded_Unknown_Unk_Unk_Unk,Other/Unbranded,Other,162.2,New,New,Other,Unknown,Unknown,,,Unknown,Unknown,,,,Unk,,Unk,,Unk,,,Other,0,False,False,False,False
4180,Acer_Unknown_Unk_Unk_Unk,Acer,Other,93.25,New,New,Other,Unknown,Unknown,,,Unknown,Unknown,,,,Unk,,Unk,,Unk,,,Other,0,False,False,False,False
4181,Dell_i5_Unk_128GB_12-14in,Dell,Notebook/Laptop,424.8,Used,Used,Intel,Intel,i5,6.0,2.8,Windows,Unknown,,120.0,120.0,128GB,,Unk,12.5,12-14in,1920.0,1080.0,Black,6,True,True,True,True
4182,HP_Unknown_Unk_Unk_Unk,HP,Other,90.94,New,New,Other,Unknown,Unknown,,,Unknown,Unknown,,,,Unk,,Unk,,Unk,,,Other,0,False,False,False,False
4183,Lenovo_Unknown_Unk_Unk_Unk,Lenovo,Notebook/Laptop,567.5,Unknown,Unknown,Other,Unknown,Unknown,,,Unknown,Unknown,,,,Unk,,Unk,,Unk,,,Black,0,False,False,False,False
