Brand,Price,Condition,GPU,Processor_Family,Processor_Speed_GHz,Type,OS,Storage_Type,Storage_GB,Screen_Size_in,RAM_GB,Model_Key
other,303.8,New,intel,other,3.8,notebook/laptop,windows,ssd,1024.0,14.0,8.0,other_other_mid
dell,400.0,Refurbished,intel,i7,4.2,notebook/laptop,windows,ssd,2048.0,14.0,,dell_i7_mid
dell,175.0,Used,intel,i5,2.4,notebook/laptop,windows,ssd,500.0,14.0,16.0,dell_i5_mid
hp,85.0,Refurbished,intel,celeron,2.4,notebook/laptop,chrome,emmc,16.0,11.6,4.0,hp_celeron_small
dell,101.25,Refurbished,other,i5,1.4,notebook/laptop,windows,ssd,256.0,12.5,8.0,dell_i5_mid
acer,50.0,Unknown,other,celeron,1.6,notebook/laptop,chrome,ssd,16.0,11.6,4.0,acer_celeron_small
hp,39.6,Unknown,other,celeron,1.6,notebook/laptop,chrome,ssd,16.0,11.6,4.0,hp_celeron_small
acer,35.0,Unknown,other,celeron,1.0,notebook/laptop,chrome,unknown,16.0,11.6,2.0,acer_celeron_small
dell,280.0,Refurbished,other,i7,2.8,notebook/laptop,windows,ssd,500.0,14.0,16.0,dell_i7_mid
hp,125.0,Unknown,intel,i3,2.1,notebook/laptop,chrome,emmc,64.0,14.0,8.0,hp_i3_mid
lenovo,138.0,Used,intel,i5,1.7,notebook/laptop,windows,ssd,128.0,14.0,16.0,lenovo_i5_mid
samsung,430.5,New,other,i5,,other,unknown,unknown,,13.3,,samsung_i5_mid
acer,70.0,Unknown,intel,celeron,1.1,notebook/laptop,chrome,emmc,32.0,11.6,4.0,acer_celeron_small
other,152.0,New,intel,celeron,2.8,notebook/laptop,windows,ssd,256.0,14.1,8.0,other_celeron_standard
other,244.0,New,intel,i5,3.8,notebook/laptop,windows,hdd/ssd,512.0,14.0,8.0,other_i5_mid
dell,170.0,Used,other,i5,,notebook/laptop,windows,ssd,128.0,2.0,8.0,dell_i5_small
dell,218.0,Used,intel,i5,1.6,notebook/laptop,unknown,ssd,512.0,15.6,16.0,dell_i5_standard
dell,130.0,Used,intel,celeron,1.1,notebook/laptop,windows,ssd,128.0,11.0,4.0,dell_celeron_small
acer,40.0,Used,intel,celeron,1.6,notebook/laptop,chrome,ssd,16.0,11.6,4.0,acer_celeron_small
dell,393.0,Refurbished,intel,i7,4.2,notebook/laptop,windows,ssd,2048.0,14.0,,dell_i7_mid
dell,625.0,Open Box,other,i7,4.4,other,windows,ssd,1024.0,16.0,32.0,dell_i7_large
dell,315.0,Unknown,amd,ryzen5,2.3,notebook/laptop,windows,ssd,512.0,14.0,16.0,dell_ryzen5_mid
dell,200.0,Used,intel,i5,2.6,notebook/laptop,windows,ssd,256.0,12.5,8.0,dell_i5_mid
other,227.4,Used,other,other,,other,unknown,unknown,,,,other_other_unknown
hp,300.0,New,intel,i5,1.6,notebook/laptop,unknown,ssd,512.0,13.0,16.0,hp_i5_mid
microsoft,60.0,Used,other,i5,1.9,notebook/laptop,windows,ssd,128.0,12.0,4.0,microsoft_i5_small
lenovo,45.0,Unknown,intel,celeron,1.1,notebook/laptop,chrome,emmc,16.0,11.6,0.00390625,lenovo_celeron_small
hp,439.0,New,intel,i5,4.2,notebook/laptop,windows,ssd,2048.0,15.6,32.0,hp_i5_standard
other,206.6,Used,other,other,,other,unknown,unknown,,,,other_other_unknown
dell,345.0,Refurbished,intel,i5,3.1,notebook/laptop,windows,ssd,512.0,15.6,16.0,dell_i5_standard
other,242.0,New,intel,other,3.4,notebook/laptop,windows,ssd,512.0,15.6,16.0,other_other_standard
hp,420.0,Refurbished,intel,i7,4.2,notebook/laptop,windows,ssd,2048.0,14.0,,hp_i7_mid
lenovo,73.0,Used,other,celeron,1.6,notebook/laptop,windows,ssd,128.0,11.6,,lenovo_celeron_small
hp,209.0,Refurbished,intel,i5,2.5,notebook/laptop,windows,ssd,512.0,15.6,16.0,hp_i5_standard
other,150.0,New,intel,celeron,2.8,notebook/laptop,windows,ssd,256.0,14.1,8.0,other_celeron_standard
lenovo,799.0,Unknown,nvidia,i7,3.5,notebook/laptop,windows,ssd,512.0,16.0,16.0,lenovo_i7_large
lenovo,100.0,Used,intel,i5,1.9,notebook/laptop,unknown,ssd,256.0,14.0,8.0,lenovo_i5_mid
dell,219.0,Used,other,i7,3.9,notebook/laptop,windows,ssd,512.0,15.61,16.0,dell_i7_standard
dell,152.5,Used,intel,i5,1.6,notebook/laptop,windows,ssd,256.0,14.0,8.0,dell_i5_mid
other,269.5,New,intel,celeron,2.8,notebook/laptop,windows,ssd,512.0,13.5,12.0,other_celeron_mid
lenovo,130.0,Used,other,i5,,other,unknown,unknown,256.0,14.0,16.0,lenovo_i5_mid
dell,489.0,New,amd,ryzen5,4.5,notebook/laptop,windows,ssd,512.0,15.6,16.0,dell_ryzen5_standard
dell,120.0,Used,other,i5,2.4,notebook/laptop,unknown,ssd,8.0,14.0,8.0,dell_i5_mid
lg,550.0,Used,other,i7,,notebook/laptop,windows,unknown,512.0,17.3,16.0,lg_i7_large
hp,29.98,Used,other,celeron,2.16,notebook/laptop,chrome,ssd,16.0,14.0,16.0,hp_celeron_mid
hp,145.0,Refurbished,intel,i3,2.3,notebook/laptop,windows,ssd,512.0,15.6,8.0,hp_i3_standard
dell,160.0,Used,other,i5,2.3,other,windows,ssd,256.0,15.6,8.0,dell_i5_standard
hp,85.0,Refurbished,intel,celeron,,notebook/laptop,chrome,emmc,16.0,11.6,4.0,hp_celeron_small
microsoft,69.6,For Parts,other,i5,,notebook/laptop,unknown,ssd,256.0,12.5,,microsoft_i5_mid
hp,70.0,Used,intel,celeron,1.6,other,chrome,emmc,16.0,11.6,4.0,hp_celeron_small
hp,49.0,Used,other,other,1.6,notebook/laptop,chrome,emmc,16.0,11.6,4.0,hp_other_small
dell,130.0,Used,intel,i7,2.6,notebook/laptop,windows,ssd,256.0,12.5,8.0,dell_i7_mid
lenovo,135.0,For Parts,other,other,,other,unknown,unknown,,14.0,,lenovo_other_mid
lenovo,81.0,Unknown,other,i5,2.5,notebook/laptop,windows,hdd/ssd,120.0,12.5,4.0,lenovo_i5_mid
microsoft,103.75,Unknown,other,other,2.6,other,unknown,ssd,512.0,13.5,1.0,microsoft_other_mid
dell,200.0,Used,nvidia,i5,2.5,notebook/laptop,windows,ssd,256.0,15.6,8.0,dell_i5_standard
dell,288.0,Used,intel,i7,2.8,notebook/laptop,windows,ssd,512.0,12.5,,dell_i7_mid
dell,105.0,Used,other,i5,2.6,notebook/laptop,windows,ssd,256.0,14.0,8.0,dell_i5_mid
dell,39.94,Used,other,celeron,1.6,notebook/laptop,chrome,emmc,16.0,13.3,4.0,dell_celeron_mid
lenovo,90.0,Used,other,i3,2.3,other,windows,ssd,128.0,11.6,8.0,lenovo_i3_small
lenovo,599.0,New,intel,i5,4.2,notebook/laptop,windows,ssd,1024.0,15.6,20.0,lenovo_i5_standard
other,800.0,Used,other,i7,1.73,notebook/laptop,windows,hdd/ssd,500.0,18.4,8.0,other_i7_large
dell,170.0,Refurbished,other,i5,2.4,notebook/laptop,unknown,ssd,500.0,14.0,16.0,dell_i5_mid
dell,239.0,Used,other,i7,2.7,notebook/laptop,windows,ssd,512.0,15.6,16.0,dell_i7_standard
dell,169.0,Used,intel,i7,1.8,notebook/laptop,windows,unknown,256.0,13.3,8.0,dell_i7_mid
hp,290.0,Refurbished,intel,i5,2.6,notebook/laptop,windows,ssd,500.0,14.0,32.0,hp_i5_mid
dell,90.0,Used,other,i7,,notebook/laptop,unknown,other,,14.0,8.0,dell_i7_mid
lenovo,105.0,Used,other,i5,2.6,notebook/laptop,unknown,unknown,180.0,12.5,8.0,lenovo_i5_mid
microsoft,409.0,Open Box,intel,i5,2.4,notebook/laptop,windows,ssd,256.0,12.3,8.0,microsoft_i5_mid
dell,200.0,Used,intel,i5,2.4,notebook/laptop,windows,ssd,256.0,14.0,8.0,dell_i5_mid
lenovo,55.0,Unknown,mali,other,2.0,other,chrome,emmc,32.0,10.1,,lenovo_other_small
other,225.0,New,amd,celeron,2.8,notebook/laptop,windows,ssd,512.0,15.6,12.0,other_celeron_standard
hp,659.0,Unknown,nvidia,i5,2.1,notebook/laptop,windows,ssd,512.0,15.6,8.0,hp_i5_standard
dell,229.0,Used,intel,i5,1.7,notebook/laptop,unknown,ssd,512.0,14.0,16.0,dell_i5_mid
hp,210.0,Used,other,i7,,notebook/laptop,unknown,ssd,512.0,15.6,16.0,hp_i7_standard
lenovo,180.0,Used,intel,i7,2.6,notebook/laptop,windows,ssd,512.0,,16.0,lenovo_i7_unknown
other,675.0,Used,other,i5,2.4,other,windows,ssd,,12.0,16.0,other_i5_small
dell,125.94,Refurbished,intel,i5,2.4,notebook/laptop,windows,ssd,240.0,14.0,8.0,dell_i5_mid
lenovo,90.0,Used,intel,celeron,2.2,notebook/laptop,windows,ssd,128.0,13.0,4.0,lenovo_celeron_mid
other,271.8,Refurbished,other,other,,other,unknown,unknown,,,,other_other_unknown
hp,999.0,Used,other,i5,1.6,notebook/laptop,unknown,ssd,256.0,15.6,8.0,hp_i5_standard
lenovo,229.0,Used,other,i5,1.7,notebook/laptop,windows,ssd,256.0,14.0,16.0,lenovo_i5_mid
asus,293.0,Unknown,intel,i3,1.8,notebook/laptop,windows,ssd,256.0,15.6,8.0,asus_i3_standard
dell,185.0,Used,other,i5,1.7,other,unknown,ssd,512.0,14.0,16.0,dell_i5_mid
hp,259.0,Used,intel,i7,2.1,notebook/laptop,windows,ssd,256.0,11.6,8.0,hp_i7_small
other,115.0,Used,other,other,,notebook/laptop,linux,unknown,,7.2,,other_other_small
acer,41.0,Used,intel,celeron,2.48,notebook/laptop,chrome,emmc,32.0,11.6,4.0,acer_celeron_small
dell,75.0,Used,other,celeron,1.1,notebook/laptop,windows,ssd,128.0,11.6,4.0,dell_celeron_small
hp,510.0,Used,other,ryzen3,,notebook/laptop,unknown,unknown,256.0,14.0,16.0,hp_ryzen3_mid
lenovo,170.0,Unknown,intel,celeron,1.1,notebook/laptop,windows,emmc,128.0,14.0,4.0,lenovo_celeron_mid
other,59.8,For Parts,other,other,,other,unknown,unknown,,,,other_other_unknown
hp,44.75,Used,other,celeron,1.1,notebook/laptop,chrome,ssd,32.0,11.6,4.0,hp_celeron_small
dell,209.0,Used,other,i5,,other,unknown,unknown,,14.1,,dell_i5_standard
lenovo,180.0,Used,other,celeron,,other,chrome,ssd,16.0,11.6,4.0,lenovo_celeron_small
dell,220.0,Refurbished,intel,i7,2.6,notebook/laptop,windows,ssd,500.0,12.5,16.0,dell_i7_mid
dell,260.0,Refurbished,other,i7,1.9,notebook/laptop,windows,ssd,512.0,13.3,16.0,dell_i7_mid
other,59.4,New,other,other,,other,unknown,unknown,,,,other_other_unknown
other,306.8,Refurbished,intel,other,,other,unknown,unknown,,,,other_other_unknown
lenovo,73.0,New,other,other,,other,unknown,unknown,,,,lenovo_other_unknown
dell,389.8,Used,intel,i5,,notebook/laptop,windows,unknown,480.0,14.0,,dell_i5_mid
other,107.44,Used,other,other,,other,unknown,unknown,,,,other_other_unknown
other,1179.0,Used,other,other,,other,unknown,unknown,,,,other_other_unknown
dell,300.0,Used,intel,i5,2.0,notebook/laptop,windows,ssd,256.0,14.0,12.0,dell_i5_mid
hp,69.0,Used,intel,other,2.0,notebook/laptop,linux,ssd,240.0,14.0,3.0,hp_other_mid
lenovo,244.8,Used,intel,other,1.6,other,windows,unknown,256.0,14.0,16.0,lenovo_other_mid
other,10.52,Used,other,other,,other,unknown,unknown,,,,other_other_unknown
lenovo,370.0,Unknown,intel,i5,1.6,notebook/laptop,windows,ssd,256.0,13.3,8.0,lenovo_i5_mid
lenovo,270.0,Unknown,intel,i3,1.2,notebook/laptop,windows,ssd,256.0,14.0,8.0,lenovo_i3_mid
other,64.6,New,other,other,,other,unknown,unknown,,,,other_other_unknown
other,65.06,New,other,other,,other,unknown,unknown,,,,other_other_unknown
lenovo,61.6,New,other,other,,other,unknown,unknown,,,,lenovo_other_unknown
other,26.05,Used,other,other,,other,unknown,unknown,,,,other_other_unknown
dell,384.5,Used,intel,i5,2.6,notebook/laptop,windows,unknown,480.0,14.0,,dell_i5_mid
other,13.02,New,other,other,,other,unknown,unknown,,,,other_other_unknown
dell,24.25,Used,other,other,,other,unknown,unknown,,15.6,,dell_other_standard
dell,470.5,Used,intel,i5,2.8,notebook/laptop,windows,unknown,240.0,12.5,,dell_i5_mid
acer,90.0,Used,intel,celeron,1.1,notebook/laptop,windows,ssd,128.0,14.0,4.0,acer_celeron_mid
other,420.0,New,other,celeron,,notebook/laptop,windows,ssd,256.0,14.1,8.0,other_celeron_standard
other,7.26,Used,other,other,,other,unknown,unknown,,,,other_other_unknown
dell,199.0,Used,intel,other,1.2,notebook/laptop,windows,ssd,128.0,11.6,8.0,dell_other_small
microsoft,200.0,Unknown,intel,i7,2.5,notebook/laptop,windows,ssd,256.0,13.5,8.0,microsoft_i7_mid
hp,390.0,New,intel,i5,2.4,notebook/laptop,windows,ssd,256.0,15.6,8.0,hp_i5_standard
other,582.5,Used,other,other,,other,unknown,unknown,,,,other_other_unknown
other,42.3,New,other,other,,other,unknown,unknown,,,,other_other_unknown
other,405.5,Used,intel,i5,3.0,notebook/laptop,windows,ssd,240.0,13.3,,other_i5_mid
other,298.8,Used,intel,other,,other,unknown,unknown,,,,other_other_unknown
other,81.4,Used,other,other,,other,unknown,unknown,,,,other_other_unknown
other,380.0,Used,other,i3,,other,unknown,unknown,,15.6,,other_i3_standard
dell,125.0,Used,other,other,2.0,notebook/laptop,windows,hdd/ssd,160.0,15.4,3.0,dell_other_standard
other,111.5,New,other,other,,other,unknown,unknown,,,,other_other_unknown
other,78.2,Unknown,other,other,,other,unknown,unknown,,,,other_other_unknown
other,32.56,Used,other,other,,other,unknown,unknown,,,,other_other_unknown
lenovo,250.0,Unknown,other,ryzen5,2.1,other,windows,ssd,256.0,15.6,8.0,lenovo_ryzen5_standard
other,344.5,Refurbished,intel,other,,other,unknown,unknown,,,,other_other_unknown
other,405.5,Used,intel,i5,3.0,notebook/laptop,windows,ssd,240.0,13.3,,other_i5_mid
hp,140.0,Unknown,intel,pentium,1.1,notebook/laptop,chrome,ssd,64.0,14.0,4.0,hp_pentium_mid
hp,759.0,Unknown,other,other,,notebook/laptop,windows,ssd,256.0,13.0,8.0,hp_other_mid
lenovo,1197.0,Unknown,intel,i7,1.7,notebook/laptop,windows,ssd,512.0,14.0,16.0,lenovo_i7_mid
dell,400.0,Used,other,other,,notebook/laptop,unknown,unknown,,15.6,,dell_other_standard
other,96.56,New,other,other,,other,unknown,unknown,,,,other_other_unknown
other,26.16,New,other,other,,other,unknown,unknown,,,,other_other_unknown
other,425.5,Used,intel,other,,other,unknown,unknown,,,,other_other_unknown
lenovo,461.8,Used,intel,i5,3.0,notebook/laptop,windows,hdd/ssd,120.0,14.0,,lenovo_i5_mid
other,216.0,Refurbished,intel,other,,other,unknown,unknown,,,,other_other_unknown
dell,487.5,Used,intel,i5,2.8,notebook/laptop,windows,unknown,240.0,12.5,,dell_i5_mid
other,449.2,Refurbished,nvidia,other,,other,unknown,unknown,,,,other_other_unknown
other,487.2,Used,other,other,,other,unknown,unknown,,,,other_other_unknown
other,530.0,Refurbished,intel,other,,other,unknown,unknown,,,,other_other_unknown
other,354.0,Refurbished,intel,other,,other,unknown,unknown,,,,other_other_unknown
other,859.0,Used,intel,other,,other,unknown,unknown,,,,other_other_unknown
other,1724.0,Refurbished,intel,other,,other,unknown,unknown,,,,other_other_unknown
other,812.0,Used,intel,other,,other,unknown,unknown,,,,other_other_unknown
other,70.3,New,other,other,,other,unknown,unknown,,,,other_other_unknown
other,22.34,For Parts,other,other,,other,unknown,unknown,,,,other_other_unknown
other,269.5,Used,other,i5,2.5,notebook/laptop,unknown,unknown,,,4.0,other_i5_unknown
other,92.1,New,other,other,,other,unknown,unknown,,,,other_other_unknown
other,240.2,Refurbished,intel,other,,other,unknown,unknown,,,,other_other_unknown
other,357.0,Refurbished,intel,other,,other,unknown,unknown,,,,other_other_unknown
other,436.0,Used,intel,i3,3.0,notebook/laptop,windows,ssd,240.0,13.3,,other_i3_mid
dell,144.0,Used,intel,i5,2.5,notebook/laptop,unknown,hdd/ssd,240.0,14.0,4.0,dell_i5_mid
dell,430.2,Used,intel,i5,2.8,notebook/laptop,windows,unknown,240.0,12.5,,dell_i5_mid
other,276.5,Refurbished,intel,other,,other,unknown,unknown,,,,other_other_unknown
other,165.0,New,other,other,,other,unknown,unknown,,,,other_other_unknown
dell,323.8,Used,intel,i5,2.6,notebook/laptop,windows,unknown,120.0,14.0,,dell_i5_mid
other,88.7,New,other,other,,other,unknown,unknown,,,,other_other_unknown
other,110.06,New,other,other,,other,unknown,unknown,,,,other_other_unknown
other,475.5,Refurbished,intel,other,,other,unknown,unknown,,,,other_other_unknown
other,48.84,Used,other,other,,other,unknown,unknown,,,,other_other_unknown
other,627.0,Used,intel,other,,other,unknown,unknown,,,,other_other_unknown
dell,443.8,Used,intel,i5,2.3,notebook/laptop,windows,ssd,240.0,12.5,,dell_i5_mid
other,650.5,Refurbished,intel,other,,other,unknown,unknown,,,,other_other_unknown
other,94.1,New,other,other,,other,unknown,unknown,,,,other_other_unknown
other,269.2,Used,intel,other,,other,unknown,unknown,,,,other_other_unknown
other,425.2,Refurbished,intel,other,,other,unknown,unknown,,,,other_other_unknown
other,546.5,Refurbished,intel,other,,other,unknown,unknown,,,,other_other_unknown
other,1752.0,Used,intel,other,,other,unknown,unknown,,,,other_other_unknown
other,2108.0,Refurbished,intel,other,,other,unknown,unknown,,,,other_other_unknown
lg,93.75,New,other,other,,other,unknown,unknown,,,,lg_other_unknown
other,81.9,New,other,other,,other,unknown,unknown,,,,other_other_unknown
other,113.75,New,other,other,,other,unknown,unknown,,,,other_other_unknown
other,358.8,Used,intel,other,,other,unknown,unknown,,,,other_other_unknown
other,301.5,Used,intel,other,,other,unknown,unknown,,,,other_other_unknown
other,103.2,New,other,other,,other,unknown,unknown,,,,other_other_unknown
other,108.06,New,other,other,,other,unknown,unknown,,,,other_other_unknown
other,91.2,New,other,other,,other,unknown,unknown,,,,other_other_unknown
other,106.56,New,other,other,,other,unknown,unknown,,,,other_other_unknown
other,85.75,New,other,other,,other,unknown,unknown,,,,other_other_unknown
lg,93.25,New,other,other,,other,unknown,unknown,,,,lg_other_unknown
other,81.6,New,other,other,,other,unknown,unknown,,,,other_other_unknown
other,41.5,New,other,other,,other,unknown,unknown,,,,other_other_unknown
other,296.8,New,other,other,,other,unknown,unknown,,,,other_other_unknown
other,84.2,New,other,other,,other,unknown,unknown,,,,other_other_unknown
dell,75.0,Used,intel,i5,2.7,notebook/laptop,windows,hdd/ssd,200.0,14.0,4.0,dell_i5_mid
other,166.2,New,other,other,,other,unknown,unknown,,,,other_other_unknown
lenovo,456.8,Refurbished,intel,i3,3.0,notebook/laptop,windows,ssd,120.0,13.3,,lenovo_i3_mid
other,959.0,Refurbished,intel,other,,other,unknown,unknown,,,,other_other_unknown
other,27.12,Used,other,other,,other,unknown,unknown,,,,other_other_unknown
dell,314.5,Used,intel,i5,2.6,notebook/laptop,windows,unknown,240.0,14.0,,dell_i5_mid
dell,400.2,Used,other,i5,2.3,other,windows,unknown,,,8.0,dell_i5_unknown
dell,214.8,Used,intel,other,1.6,other,windows,unknown,240.0,14.0,8.0,dell_other_mid
lenovo,708.0,Refurbished,intel,i5,3.0,notebook/laptop,windows,ssd,480.0,14.0,,lenovo_i5_mid
other,326.2,Refurbished,nvidia,other,,other,unknown,unknown,,,,other_other_unknown
other,329.8,Used,intel,i3,3.0,notebook/laptop,windows,ssd,256.0,13.3,,other_i3_mid
other,110.0,New,other,other,,other,unknown,unknown,,,,other_other_unknown
other,304.5,Used,intel,other,,other,unknown,unknown,,,,other_other_unknown
other,162.8,New,other,other,,other,unknown,unknown,,,,other_other_unknown
acer,67.06,New,other,other,,other,unknown,unknown,,,,acer_other_unknown
other,382.0,Refurbished,intel,other,,other,unknown,unknown,,,,other_other_unknown
other,85.7,Unknown,other,other,,other,unknown,unknown,,,,other_other_unknown
other,651.5,Refurbished,intel,other,,other,unknown,unknown,,,,other_other_unknown
other,104.94,New,other,other,,other,unknown,unknown,,,,other_other_unknown
other,1703.0,Used,intel,other,,other,unknown,unknown,,,,other_other_unknown
other,127.75,Unknown,other,other,,other,unknown,unknown,,,,other_other_unknown
other,1291.0,Refurbished,intel,other,,other,unknown,unknown,,,,other_other_unknown
other,731.5,Refurbished,intel,other,,other,unknown,unknown,,,,other_other_unknown
other,827.0,Used,intel,other,,other,unknown,unknown,,,,other_other_unknown
other,310.8,Used,intel,other,,other,unknown,unknown,,,,other_other_unknown
other,335.8,Used,intel,other,,other,unknown,unknown,,,,other_other_unknown
other,203.0,Used,other,other,,other,unknown,unknown,,,,other_other_unknown
other,101.0,New,other,other,,other,unknown,unknown,,,,other_other_unknown
other,62.94,New,other,other,,other,unknown,unknown,,,,other_other_unknown
other,116.25,Unknown,other,other,,other,unknown,unknown,,,,other_other_unknown
other,20.78,New,other,other,,other,unknown,unknown,,,,other_other_unknown
other,104.44,New,other,other,,other,unknown,unknown,,,,other_other_unknown
other,667.5,Refurbished,intel,i5,,other,windows,unknown,960.0,15.6,,other_i5_standard
other,332.0,Refurbished,intel,other,,other,unknown,unknown,,,,other_other_unknown
other,339.2,Used,intel,other,,other,unknown,unknown,,,,other_other_unknown
other,131.2,New,other,other,,other,unknown,unknown,,,,other_other_unknown
other,29.86,New,other,other,,other,unknown,unknown,,,,other_other_unknown
lenovo,1132.0,Used,intel,i5,,other,windows,unknown,2048.0,14.0,,lenovo_i5_mid
other,60.78,New,other,other,,other,unknown,unknown,,,,other_other_unknown
lenovo,453.8,Used,intel,i3,2.4,notebook/laptop,windows,ssd,240.0,13.3,,lenovo_i3_mid
samsung,70.0,New,other,other,,other,unknown,unknown,,,,samsung_other_unknown
other,354.0,Refurbished,intel,other,,other,unknown,unknown,,,,other_other_unknown
other,571.5,Used,intel,other,,other,unknown,unknown,,,,other_other_unknown
dell,283.2,Used,nvidia,i5,2.6,notebook/laptop,windows,unknown,240.0,14.0,,dell_i5_mid
other,318.2,Refurbished,intel,other,,other,unknown,unknown,,,,other_other_unknown
other,100.1,Used,amd,other,,other,unknown,unknown,,,,other_other_unknown
other,325.8,Used,intel,other,,other,unknown,unknown,,,,other_other_unknown
other,47.0,New,other,other,,other,unknown,unknown,,,,other_other_unknown
other,338.8,Refurbished,nvidia,other,,other,unknown,unknown,,,,other_other_unknown
other,445.8,Refurbished,intel,other,,other,unknown,unknown,,,,other_other_unknown
other,596.5,Used,intel,other,,other,unknown,unknown,,,,other_other_unknown
other,117.06,Unknown,other,other,,other,unknown,unknown,,,,other_other_unknown
other,342.2,Refurbished,other,other,,other,unknown,unknown,,,,other_other_unknown
lenovo,639.0,Used,intel,celeron,,notebook/laptop,windows,unknown,240.0,15.6,,lenovo_celeron_standard
other,89.25,New,other,other,,other,unknown,unknown,,,,other_other_unknown
other,512.0,Refurbished,intel,other,,other,unknown,unknown,,,,other_other_unknown
other,335.8,Used,other,other,,other,unknown,unknown,,,,other_other_unknown
dell,559.5,Used,intel,i5,2.7,notebook/laptop,windows,unknown,2048.0,14.0,,dell_i5_mid
dell,352.5,Used,intel,i5,2.6,notebook/laptop,windows,unknown,240.0,14.0,,dell_i5_mid
other,341.8,Used,other,other,,other,unknown,unknown,,,,other_other_unknown
lenovo,691.5,Used,intel,i3,3.0,notebook/laptop,windows,hdd/ssd,960.0,15.6,,lenovo_i3_standard
other,405.2,Used,nvidia,other,,other,unknown,unknown,,,,other_other_unknown
lg,95.0,New,other,other,,other,unknown,unknown,,,,lg_other_unknown
other,116.56,New,other,other,,other,unknown,unknown,,,,other_other_unknown
other,21.8,For Parts,other,celeron,,other,unknown,unknown,,14.1,,other_celeron_standard
lenovo,626.0,Used,intel,i5,3.0,notebook/laptop,windows,ssd,240.0,14.0,,lenovo_i5_mid
other,481.8,Refurbished,intel,i5,3.0,notebook/laptop,windows,ssd,480.0,13.3,,other_i5_mid
dell,389.8,Used,intel,i5,,notebook/laptop,windows,unknown,240.0,14.0,,dell_i5_mid
other,516.0,Used,intel,other,,other,unknown,unknown,,,,other_other_unknown
other,85.06,New,other,other,,other,unknown,unknown,,,,other_other_unknown
other,500.5,Refurbished,intel,other,,other,unknown,unknown,,,,other_other_unknown
other,462.2,Refurbished,intel,other,,other,unknown,unknown,,,,other_other_unknown
other,28.8,New,other,other,,other,unknown,unknown,,,,other_other_unknown
other,491.0,Refurbished,intel,other,,other,unknown,unknown,,,,other_other_unknown
dell,392.0,Used,intel,i5,2.6,notebook/laptop,windows,unknown,480.0,14.0,,dell_i5_mid
other,383.5,Used,intel,i3,3.0,notebook/laptop,windows,ssd,120.0,13.3,,other_i3_mid
dell,568.5,Used,intel,i5,2.3,notebook/laptop,windows,ssd,960.0,12.5,,dell_i5_mid
other,573.0,Used,intel,i5,3.0,notebook/laptop,windows,ssd,960.0,15.6,,other_i5_standard
other,142.9,New,other,other,,other,unknown,unknown,,,,other_other_unknown
other,10.85,Used,other,other,,other,unknown,unknown,,,,other_other_unknown
other,80.75,New,other,other,,other,unknown,unknown,,,,other_other_unknown
other,23.88,Used,other,other,,other,unknown,unknown,,,,other_other_unknown
other,251.6,Used,other,other,,other,unknown,unknown,,,,other_other_unknown
dell,451.5,Used,nvidia,i5,2.6,notebook/laptop,windows,unknown,960.0,14.0,,dell_i5_mid
other,80.5,New,other,other,,other,unknown,unknown,,,,other_other_unknown
other,478.5,Refurbished,intel,other,,other,unknown,unknown,,,,other_other_unknown
other,766.0,Refurbished,intel,other,,other,unknown,unknown,,,,other_other_unknown
dell,221.2,Unknown,other,other,,notebook/laptop,unknown,hdd/ssd,,15.6,,dell_other_standard
other,399.0,Refurbished,intel,other,,other,unknown,unknown,,,,other_other_unknown
lenovo,45.1,New,other,other,,other,unknown,unknown,,,,lenovo_other_unknown
other,92.5,New,other,other,,other,unknown,unknown,,,,other_other_unknown
dell,1463.0,Used,intel,i5,2.8,notebook/laptop,windows,unknown,4096.0,12.5,,dell_i5_mid
other,373.0,Used,intel,other,,other,unknown,unknown,,,,other_other_unknown
dell,416.2,Used,intel,i5,2.6,notebook/laptop,windows,unknown,480.0,14.0,,dell_i5_mid
other,394.8,Used,intel,other,,other,unknown,unknown,,,,other_other_unknown
other,382.0,New,other,other,,other,unknown,unknown,,,,other_other_unknown
dell,293.2,Used,intel,i5,2.6,notebook/laptop,windows,unknown,120.0,14.0,,dell_i5_mid
other,783.5,Used,intel,other,,other,unknown,unknown,,,,other_other_unknown
other,727.0,Used,intel,other,,other,unknown,unknown,,,,other_other_unknown
hp,699.0,New,nvidia,i5,4.4,notebook/laptop,windows,ssd,2048.0,15.6,64.0,hp_i5_standard
other,391.5,Refurbished,intel,other,,other,unknown,unknown,,,,other_other_unknown
other,411.5,Refurbished,intel,other,,other,unknown,unknown,,,,other_other_unknown
other,229.6,Refurbished,intel,other,,other,unknown,unknown,,,,other_other_unknown
other,199.9,Unknown,other,other,,other,unknown,unknown,,,,other_other_unknown
lenovo,542.5,Unknown,other,other,,notebook/laptop,unknown,unknown,,,,lenovo_other_unknown
other,548.5,Refurbished,intel,other,,other,unknown,unknown,,,,other_other_unknown
other,655.5,New,intel,other,,other,unknown,unknown,,,,other_other_unknown
lenovo,464.5,Used,intel,i3,2.4,notebook/laptop,windows,ssd,120.0,13.0,,lenovo_i3_mid
dell,334.2,Used,intel,i5,2.6,notebook/laptop,windows,unknown,240.0,14.0,,dell_i5_mid
other,112.2,New,other,other,,other,unknown,unknown,,,,other_other_unknown
other,114.5,New,other,other,,other,unknown,unknown,,,,other_other_unknown
other,123.2,New,other,other,,other,unknown,unknown,,,,other_other_unknown
other,457.2,Refurbished,intel,other,,other,unknown,unknown,,,,other_other_unknown
other,89.6,New,other,other,,other,unknown,unknown,,,,other_other_unknown
other,58.56,New,other,other,,other,unknown,unknown,,,,other_other_unknown
other,130.4,New,other,other,,other,unknown,unknown,,,,other_other_unknown
other,318.0,Used,other,pentium,,other,unknown,unknown,,17.3,,other_pentium_large
other,88.25,New,other,other,,other,unknown,unknown,,,,other_other_unknown
lg,103.25,New,other,other,,other,unknown,unknown,,,,lg_other_unknown
other,2506.0,New,intel,other,,other,unknown,unknown,,,,other_other_unknown
other,309.2,New,other,other,,other,unknown,unknown,,,,other_other_unknown
other,526.0,Refurbished,intel,other,,other,unknown,unknown,,,,other_other_unknown
other,543.5,Refurbished,nvidia,other,,other,unknown,unknown,,,,other_other_unknown
other,2288.0,Refurbished,intel,other,,other,unknown,unknown,,,,other_other_unknown
other,377.8,Used,intel,i3,,other,windows,unknown,240.0,14.0,,other_i3_mid
other,382.5,Used,intel,other,,other,unknown,unknown,,,,other_other_unknown
dell,307.2,Used,intel,i5,,notebook/laptop,windows,unknown,120.0,14.0,,dell_i5_mid
lg,86.1,New,other,other,,other,unknown,unknown,,,,lg_other_unknown
other,1077.0,Used,intel,i7,,other,windows,ssd,512.0,13.5,,other_i7_mid
other,58.62,New,other,other,,other,unknown,unknown,,,,other_other_unknown
other,53.16,New,other,other,,other,unknown,unknown,,,,other_other_unknown
other,85.25,Unknown,other,other,,other,unknown,unknown,,,,other_other_unknown
other,363.2,Refurbished,intel,other,,other,unknown,unknown,,,,other_other_unknown
other,91.7,New,other,other,,other,unknown,unknown,,,,other_other_unknown
lenovo,449.8,Used,intel,i5,2.8,notebook/laptop,windows,unknown,960.0,14.0,,lenovo_i5_mid
other,289.0,Used,intel,other,,other,unknown,unknown,,,,other_other_unknown
other,313.2,Refurbished,nvidia,other,,other,unknown,unknown,,,,other_other_unknown
other,22.06,For Parts,other,pentium,,other,unknown,unknown,,15.0,,other_pentium_standard
other,374.5,Refurbished,intel,other,,other,unknown,unknown,,,,other_other_unknown
other,59.22,Unknown,other,other,,other,unknown,unknown,,,,other_other_unknown
dell,272.0,Used,intel,i5,3.0,notebook/laptop,windows,ssd,120.0,14.0,,dell_i5_mid
other,39.12,Unknown,other,other,,other,unknown,unknown,,,,other_other_unknown
other,45.1,New,other,other,,other,unknown,unknown,,,,other_other_unknown
other,27.94,For Parts,other,other,,other,unknown,unknown,,,,other_other_unknown
dell,469.0,Refurbished,intel,i5,3.1,notebook/laptop,windows,unknown,960.0,14.0,,dell_i5_mid
hp,200.0,Used,other,other,,other,unknown,unknown,,14.0,,hp_other_mid
other,107.6,New,other,other,,other,unknown,unknown,,,,other_other_unknown
dell,652.0,Used,intel,i5,2.8,notebook/laptop,windows,unknown,960.0,12.5,,dell_i5_mid
dell,422.5,Used,intel,i5,,notebook/laptop,windows,unknown,480.0,14.0,,dell_i5_mid
other,79.4,New,other,other,,other,unknown,unknown,,,,other_other_unknown
other,27.58,Unknown,other,other,,other,unknown,unknown,,,,other_other_unknown
dell,235.0,Used,other,i5,2.4,other,unknown,ssd,256.0,14.0,,dell_i5_mid
other,571.5,Refurbished,intel,other,,other,unknown,unknown,,,,other_other_unknown
other,526.5,Used,other,other,,other,unknown,unknown,,,,other_other_unknown
dell,214.8,Used,intel,other,1.6,other,windows,unknown,256.0,14.0,8.0,dell_other_mid
other,103.5,New,other,other,,other,unknown,unknown,,,,other_other_unknown
other,485.5,New,other,other,,other,unknown,unknown,,,,other_other_unknown
other,60.06,New,other,other,,other,unknown,unknown,,,,other_other_unknown
acer,93.9,Unknown,other,other,,other,unknown,unknown,,,,acer_other_unknown
samsung,113.25,New,other,other,,other,unknown,unknown,,,,samsung_other_unknown
other,32.44,New,other,other,,other,unknown,unknown,,,,other_other_unknown
other,46.06,New,other,other,,other,unknown,unknown,,,,other_other_unknown
other,336.2,Used,intel,other,,other,unknown,unknown,,,,other_other_unknown
other,426.0,Refurbished,intel,other,,other,unknown,unknown,,,,other_other_unknown
other,303.8,Refurbished,intel,other,,other,unknown,unknown,,,,other_other_unknown
other,63.7,New,other,other,,other,unknown,unknown,,,,other_other_unknown
other,460.0,New,intel,other,,other,unknown,unknown,,,,other_other_unknown
other,380.0,Used,other,other,,notebook/laptop,windows,unknown,,15.6,,other_other_standard
other,394.0,Used,intel,i3,3.0,notebook/laptop,windows,ssd,240.0,13.3,,other_i3_mid
other,75.94,Used,other,other,,other,unknown,unknown,,,,other_other_unknown
other,203.8,New,other,other,,other,unknown,unknown,,,,other_other_unknown
other,81.6,Unknown,other,other,,other,unknown,unknown,,,,other_other_unknown
other,85.25,New,other,other,,other,unknown,unknown,,,,other_other_unknown
lenovo,319.5,Used,other,i5,3.1,notebook/laptop,windows,unknown,240.0,14.0,,lenovo_i5_mid
other,3156.0,New,intel,other,,other,unknown,unknown,,,,other_other_unknown
other,339.5,Used,intel,other,,other,unknown,unknown,,,,other_other_unknown
other,440.2,New,other,other,,other,unknown,unknown,,,,other_other_unknown
dell,381.5,Used,intel,i5,3.0,notebook/laptop,windows,unknown,480.0,14.0,,dell_i5_mid
dell,314.5,Used,intel,i5,2.6,notebook/laptop,windows,unknown,240.0,14.0,,dell_i5_mid
dell,408.2,Used,intel,i5,2.6,notebook/laptop,windows,unknown,480.0,14.0,,dell_i5_mid
lg,91.3,New,other,other,,other,unknown,unknown,,,,lg_other_unknown
other,481.0,Used,intel,other,,other,unknown,unknown,,,,other_other_unknown
other,222.9,Used,other,other,,other,unknown,unknown,,,,other_other_unknown
other,128.5,New,other,other,,other,unknown,unknown,,,,other_other_unknown
other,408.5,Used,intel,other,,other,unknown,unknown,,,,other_other_unknown
other,488.8,Refurbished,intel,other,,other,unknown,unknown,,,,other_other_unknown
other,28.98,New,other,other,,other,unknown,unknown,,,,other_other_unknown
other,94.4,New,other,other,,other,unknown,unknown,,,,other_other_unknown
other,125.94,New,other,other,,other,unknown,unknown,,,,other_other_unknown
other,361.8,Used,intel,other,,other,unknown,unknown,,,,other_other_unknown
other,130.0,New,other,other,,other,unknown,unknown,,,,other_other_unknown
other,2130.0,Refurbished,intel,i7,1.8,notebook/laptop,windows,ssd,120.0,14.0,,other_i7_mid
dell,462.8,Used,intel,i5,2.6,notebook/laptop,windows,unknown,960.0,14.0,,dell_i5_mid
other,105.0,New,other,other,,other,unknown,unknown,,,,other_other_unknown
other,2270.0,Refurbished,intel,other,,other,unknown,unknown,,,,other_other_unknown
other,26.52,New,other,other,,other,unknown,unknown,,,,other_other_unknown
lenovo,1701.0,Used,intel,i5,4.0,notebook/laptop,windows,ssd,4096.0,15.6,,lenovo_i5_standard
dell,477.8,Used,intel,i5,2.7,notebook/laptop,windows,unknown,960.0,14.0,,dell_i5_mid
other,117.44,New,other,other,,other,unknown,unknown,,,,other_other_unknown
samsung,55.12,New,other,other,,other,unknown,unknown,,,,samsung_other_unknown
other,104.7,New,other,other,,other,unknown,unknown,,,,other_other_unknown
other,28.8,Unknown,other,other,,other,unknown,unknown,,,,other_other_unknown
other,50.78,New,other,other,,other,unknown,unknown,,,,other_other_unknown
other,84.9,Used,other,other,,other,unknown,unknown,,,,other_other_unknown
other,721.0,Used,intel,other,,other,unknown,unknown,,,,other_other_unknown
lenovo,607.0,Used,intel,i3,3.4,notebook/laptop,windows,ssd,256.0,15.6,,lenovo_i3_standard
other,416.2,Used,intel,i5,2.3,notebook/laptop,windows,ssd,480.0,13.3,,other_i5_mid
other,737.0,Refurbished,intel,other,,other,unknown,unknown,,,,other_other_unknown
samsung,90.06,Unknown,other,other,,other,unknown,unknown,,14.0,,samsung_other_mid
other,64.0,Unknown,other,other,,other,unknown,unknown,,,,other_other_unknown
other,48.66,Unknown,other,other,,other,unknown,unknown,,,,other_other_unknown
lg,92.1,New,other,other,,other,unknown,unknown,,,,lg_other_unknown
dell,485.8,Used,intel,i5,3.1,notebook/laptop,windows,unknown,2048.0,14.0,,dell_i5_mid
other,462.0,Used,intel,i5,3.0,notebook/laptop,windows,ssd,480.0,15.6,,other_i5_standard
other,377.8,Used,intel,i3,,other,windows,unknown,120.0,14.0,,other_i3_mid
lg,112.25,New,other,other,,other,unknown,unknown,,,,lg_other_unknown
other,92.6,New,other,other,,other,unknown,unknown,,,,other_other_unknown
other,379.0,Refurbished,intel,other,,other,unknown,unknown,,,,other_other_unknown
other,92.1,New,other,other,,other,unknown,unknown,,,,other_other_unknown
other,310.5,New,other,other,,other,unknown,unknown,,,,other_other_unknown
lenovo,72.2,New,other,other,,other,unknown,unknown,,,,lenovo_other_unknown
other,128.1,New,other,other,,other,unknown,unknown,,,,other_other_unknown
other,45.28,New,other,other,,other,unknown,unknown,,,,other_other_unknown
other,124.25,New,other,other,,other,unknown,unknown,,,,other_other_unknown
other,108.75,New,other,other,,other,unknown,unknown,,,,other_other_unknown
other,106.6,New,other,other,,other,unknown,unknown,,,,other_other_unknown
lg,90.75,New,other,other,,other,unknown,unknown,,,,lg_other_unknown
other,234.0,New,other,other,,other,unknown,unknown,,,,other_other_unknown
other,2080.0,Refurbished,intel,other,,other,unknown,unknown,,,,other_other_unknown
other,2146.0,Refurbished,intel,other,,other,unknown,unknown,,,,other_other_unknown
other,82.2,New,other,other,,other,unknown,unknown,,,,other_other_unknown
other,74.3,New,other,other,,other,unknown,unknown,,,,other_other_unknown
other,198.4,New,other,other,,other,unknown,unknown,,,,other_other_unknown
other,431.5,Used,intel,i3,3.0,notebook/laptop,windows,ssd,120.0,13.3,,other_i3_mid
other,570.0,Refurbished,intel,other,,other,unknown,unknown,,,,other_other_unknown
dell,458.8,Used,nvidia,i5,,notebook/laptop,windows,unknown,960.0,14.0,,dell_i5_mid
other,123.06,Unknown,other,other,,other,unknown,unknown,,,,other_other_unknown
other,89.9,New,other,other,,other,unknown,unknown,,,,other_other_unknown
other,114.9,New,other,other,,other,unknown,unknown,,,,other_other_unknown
other,275.8,Unknown,other,other,,other,unknown,unknown,,,,other_other_unknown
other,377.8,Used,intel,i3,,other,windows,unknown,256.0,13.3,,other_i3_mid
other,70.0,New,other,other,,other,unknown,unknown,,,,other_other_unknown
other,52.84,New,other,other,,other,unknown,unknown,,,,other_other_unknown
other,197.2,Refurbished,intel,other,,other,unknown,unknown,,,,other_other_unknown
other,411.5,Refurbished,intel,other,,other,unknown,unknown,,,,other_other_unknown
dell,362.5,Used,intel,i5,2.6,notebook/laptop,windows,unknown,240.0,14.0,,dell_i5_mid
dell,180.0,Used,other,i5,2.4,notebook/laptop,windows,ssd,256.0,14.0,8.0,dell_i5_mid
other,58.62,Unknown,other,other,,other,unknown,unknown,,,,other_other_unknown
other,310.0,Refurbished,intel,other,,other,unknown,unknown,,,,other_other_unknown
other,119.06,New,other,other,,other,unknown,unknown,,,,other_other_unknown
other,126.25,New,other,other,,other,unknown,unknown,,,,other_other_unknown
other,21.7,Used,other,other,,other,unknown,unknown,,,,other_other_unknown
other,100.4,New,other,other,,other,unknown,unknown,,,,other_other_unknown
samsung,142.0,New,other,other,,other,unknown,unknown,,,,samsung_other_unknown
lenovo,567.5,Used,intel,celeron,1.6,notebook/laptop,windows,ssd,240.0,15.6,,lenovo_celeron_standard
other,13.02,Used,other,other,,other,unknown,unknown,,,,other_other_unknown
dell,483.0,Used,intel,i5,,notebook/laptop,windows,unknown,120.0,15.6,,dell_i5_standard
other,431.8,Used,intel,i3,3.0,notebook/laptop,windows,ssd,120.0,13.3,,other_i3_mid
other,489.8,Used,intel,other,,other,unknown,unknown,,,,other_other_unknown
other,8.68,Used,other,other,,other,unknown,unknown,,,,other_other_unknown
other,1144.0,Refurbished,intel,other,,other,unknown,unknown,,,,other_other_unknown
other,8.68,Used,other,other,,other,unknown,unknown,,,,other_other_unknown
other,460.0,Used,intel,other,,other,unknown,unknown,,,,other_other_unknown
other,338.8,Used,intel,other,,other,unknown,unknown,,,,other_other_unknown
other,15.19,Used,other,other,,other,unknown,unknown,,,,other_other_unknown
other,93.44,New,other,other,,other,unknown,unknown,,,,other_other_unknown
other,16.28,Used,other,other,,other,unknown,unknown,,,,other_other_unknown
other,454.8,Used,intel,i5,3.0,notebook/laptop,windows,ssd,480.0,14.0,,other_i5_mid
other,92.0,New,other,other,,other,unknown,unknown,,,,other_other_unknown
other,15.19,Used,other,other,,other,unknown,unknown,,,,other_other_unknown
other,75.75,New,other,other,,other,unknown,unknown,,,,other_other_unknown
other,415.2,Refurbished,intel,other,,other,unknown,unknown,,,,other_other_unknown
other,13.02,Used,other,other,,other,unknown,unknown,,,,other_other_unknown
other,140.0,New,other,other,,other,unknown,unknown,,,,other_other_unknown
other,204.1,Used,other,other,,other,unknown,unknown,,,,other_other_unknown
other,215.1,Used,other,other,,other,unknown,unknown,,,,other_other_unknown
other,105.5,Unknown,other,other,,other,unknown,unknown,,,,other_other_unknown
other,318.5,Used,intel,i3,3.0,notebook/laptop,windows,ssd,256.0,13.3,,other_i3_mid
other,176.6,Unknown,other,other,,other,unknown,unknown,,,,other_other_unknown
other,10.85,New,other,other,,other,unknown,unknown,,,,other_other_unknown
other,326.2,Used,intel,other,,other,unknown,unknown,,,,other_other_unknown
other,195.4,New,other,other,,other,unknown,unknown,,,,other_other_unknown
acer,91.9,New,other,other,,other,unknown,unknown,,,,acer_other_unknown
lg,59.25,New,other,other,,other,unknown,unknown,,,,lg_other_unknown
other,74.56,New,other,other,,other,unknown,unknown,,,,other_other_unknown
other,94.0,New,other,other,,other,unknown,unknown,,,,other_other_unknown
other,82.44,New,other,other,,other,unknown,unknown,,,,other_other_unknown
samsung,130.8,New,other,other,,other,unknown,unknown,,,,samsung_other_unknown
other,311.5,New,other,other,,other,unknown,unknown,,,,other_other_unknown
other,310.0,Refurbished,other,other,,other,unknown,unknown,,,,other_other_unknown
other,2130.0,Refurbished,intel,other,,other,unknown,unknown,,,,other_other_unknown
other,2096.0,Refurbished,intel,other,,other,unknown,unknown,,,,other_other_unknown
other,86.2,New,other,other,,other,unknown,unknown,,,,other_other_unknown
lenovo,192.0,Open Box,intel,i3,1.2,notebook/laptop,windows,ssd,256.0,15.6,8.0,lenovo_i3_standard
acer,390.0,New,amd,ryzen5,2.8,notebook/laptop,windows,ssd,512.0,15.6,8.0,acer_ryzen5_standard
acer,54.0,Used,other,celeron,1.6,notebook/laptop,linux,ssd,16.0,11.6,4.0,acer_celeron_small
dell,370.0,Refurbished,intel,i7,1.9,notebook/laptop,windows,ssd,1024.0,14.0,32.0,dell_i7_mid
lenovo,150.0,Used,other,i5,1.6,notebook/laptop,windows,ssd,256.0,14.0,16.0,lenovo_i5_mid
lenovo,444.5,Open Box,intel,i5,4.4,notebook/laptop,windows,ssd,512.0,15.6,12.0,lenovo_i5_standard
dell,270.0,Used,other,i5,2.4,other,unknown,unknown,256.0,15.6,16.0,dell_i5_standard
acer,349.5,Unknown,intel,other,1.8,notebook/laptop,windows,ssd,128.0,14.0,8.0,acer_other_mid
lenovo,270.0,Unknown,intel,i3,,notebook/laptop,windows,ssd,128.0,14.0,4.0,lenovo_i3_mid
dell,136.0,Used,other,other,,notebook/laptop,windows,unknown,80.0,14.0,4.0,dell_other_mid
lenovo,99.94,Used,other,i5,1.7,notebook/laptop,unknown,unknown,,14.0,8.0,lenovo_i5_mid
microsoft,530.0,Refurbished,other,i5,2.4,other,windows,ssd,256.0,12.3,16.0,microsoft_i5_mid
lg,655.0,Refurbished,other,i7,2.2,notebook/laptop,windows,ssd,512.0,17.0,,lg_i7_large
lenovo,198.0,Used,intel,i5,1.6,other,unknown,ssd,256.0,14.0,16.0,lenovo_i5_mid
hp,88.0,Used,other,i5,1.6,notebook/laptop,windows,ssd,128.0,12.0,4.0,hp_i5_small
lenovo,120.0,Used,other,i5,1.6,other,unknown,ssd,256.0,15.6,,lenovo_i5_standard
lenovo,60.0,For Parts,other,i5,2.3,notebook/laptop,unknown,hdd/ssd,,14.0,,lenovo_i5_mid
asus,163.0,Unknown,other,other,,other,unknown,unknown,,,,asus_other_unknown
microsoft,699.0,New,intel,i7,,notebook/laptop,windows,ssd,256.0,15.0,16.0,microsoft_i7_standard
hp,444.2,Open Box,intel,pentium,3.5,notebook/laptop,windows,ssd,256.0,17.3,12.0,hp_pentium_large
dell,235.0,Used,nvidia,i7,2.7,notebook/laptop,windows,ssd,512.0,15.6,16.0,dell_i7_standard
lenovo,29.98,Used,intel,i3,2.5,other,windows,hdd/ssd,300.0,15.0,4.0,lenovo_i3_standard
other,685.0,Refurbished,other,i5,2.6,other,unknown,ssd,1024.0,12.0,16.0,other_i5_small
other,118.0,Used,other,other,,other,unknown,unknown,,,,other_other_unknown
other,300.0,Used,other,other,1.6,other,windows,emmc,128.0,8.1,8.0,other_other_small
lenovo,450.0,Refurbished,nvidia,other,2.8,notebook/laptop,windows,ssd,512.0,15.6,16.0,lenovo_other_standard
microsoft,259.8,Used,intel,i5,1.5,notebook/laptop,windows,ssd,256.0,13.5,8.0,microsoft_i5_mid
hp,172.0,Used,intel,i7,1.9,notebook/laptop,windows,ssd,256.0,14.0,8.0,hp_i7_mid
dell,422.0,Refurbished,intel,i5,2.6,notebook/laptop,windows,ssd,256.0,11.6,16.0,dell_i5_small
other,220.0,Unknown,other,i5,1.3,other,chrome,ssd,128.0,13.3,8.0,other_i5_mid
lenovo,268.0,Refurbished,nvidia,i7,2.4,notebook/laptop,windows,ssd,512.0,15.6,16.0,lenovo_i7_standard
dell,400.0,Refurbished,other,i7,,notebook/laptop,windows,ssd,1024.0,14.0,32.0,dell_i7_mid
other,300.0,Open Box,other,other,,other,android,other,128.0,10.95,8.0,other_other_small
lenovo,187.8,Used,nvidia,i7,2.9,other,windows,ssd,256.0,14.1,16.0,lenovo_i7_standard
dell,100.0,Used,other,i7,,other,unknown,unknown,,14.0,,dell_i7_mid
asus,289.5,Unknown,intel,i3,3.0,notebook/laptop,windows,ssd,256.0,14.0,8.0,asus_i3_mid
other,178.0,Used,other,i5,,notebook/laptop,windows,ssd,256.0,12.0,8.0,other_i5_small
other,208.8,Used,other,other,,other,android,emmc,16.0,7.0,,other_other_small
microsoft,130.0,Used,other,i5,2.4,other,windows,ssd,256.0,12.3,8.0,microsoft_i5_mid
dell,400.0,Used,other,i5,1.7,notebook/laptop,windows,ssd,512.0,15.6,16.0,dell_i5_standard
other,226.8,Used,other,i5,,notebook/laptop,unknown,unknown,,13.3,,other_i5_mid
hp,725.0,Open Box,other,i5,3.3,notebook/laptop,windows,ssd,256.0,16.0,16.0,hp_i5_large
lenovo,400.0,Refurbished,intel,i7,1.8,other,windows,ssd,1024.0,14.0,24.0,lenovo_i7_mid
lenovo,139.0,Used,other,i5,1.7,notebook/laptop,unknown,unknown,256.0,12.5,8.0,lenovo_i5_mid
hp,450.0,Open Box,amd,ryzen7,2.6,notebook/laptop,windows,ssd,256.0,14.0,16.0,hp_ryzen7_mid
dell,155.0,Used,intel,i7,1.9,notebook/laptop,windows,ssd,256.0,14.0,16.0,dell_i7_mid
other,145.1,New,other,other,,other,unknown,unknown,,,,other_other_unknown
other,358.5,Refurbished,intel,other,,other,unknown,unknown,,,,other_other_unknown
other,111.25,New,other,other,,other,unknown,unknown,,,,other_other_unknown
lenovo,459.0,Unknown,other,other,,notebook/laptop,unknown,unknown,,,,lenovo_other_unknown
other,64.0,New,other,other,,other,unknown,unknown,,,,other_other_unknown
dell,392.0,Used,intel,i5,2.6,notebook/laptop,windows,unknown,480.0,14.0,,dell_i5_mid
other,81.4,New,other,other,,other,unknown,unknown,,,,other_other_unknown
lenovo,603.5,Used,intel,i3,3.0,notebook/laptop,windows,ssd,960.0,15.6,,lenovo_i3_standard
other,283.5,Refurbished,intel,other,,other,unknown,unknown,,,,other_other_unknown
other,545.0,Refurbished,intel,other,,other,unknown,unknown,,,,other_other_unknown
other,43.5,Used,other,other,,other,unknown,unknown,,14.0,,other_other_mid
other,104.94,Unknown,other,other,,other,unknown,unknown,,,,other_other_unknown
other,637.0,Refurbished,intel,other,,other,unknown,unknown,,,,other_other_unknown
other,476.8,Used,intel,other,,other,unknown,unknown,,,,other_other_unknown
other,591.0,Refurbished,intel,other,,other,unknown,unknown,,,,other_other_unknown
other,366.8,Refurbished,intel,other,,other,unknown,unknown,,,,other_other_unknown
other,166.9,Unknown,other,other,,other,unknown,unknown,,,,other_other_unknown
other,88.7,Unknown,other,other,,other,unknown,unknown,,,,other_other_unknown
other,852.0,Used,intel,other,,other,unknown,unknown,,,,other_other_unknown
dell,465.5,Refurbished,intel,i5,,other,windows,ssd,960.0,10.8,,dell_i5_small
other,485.5,Refurbished,intel,other,,other,unknown,unknown,,,,other_other_unknown
lenovo,626.0,Used,intel,i5,3.0,notebook/laptop,windows,ssd,120.0,14.0,,lenovo_i5_mid
other,690.5,Refurbished,intel,other,,other,unknown,unknown,,,,other_other_unknown
dell,465.2,Used,intel,i5,2.3,notebook/laptop,windows,ssd,480.0,12.5,,dell_i5_mid
other,1701.0,Used,intel,i5,2.8,notebook/laptop,windows,ssd,4096.0,12.5,,other_i5_mid
other,59.84,New,other,other,,other,unknown,unknown,,,,other_other_unknown
dell,303.8,Used,intel,i5,2.6,notebook/laptop,windows,unknown,120.0,14.0,,dell_i5_mid
other,317.8,New,other,other,,other,unknown,unknown,,,,other_other_unknown
lg,92.56,New,other,other,,other,unknown,unknown,,,,lg_other_unknown
other,5.43,Used,other,other,,other,unknown,unknown,,,,other_other_unknown
other,105.6,New,other,other,,other,unknown,unknown,,,,other_other_unknown
other,129.1,New,other,other,,other,unknown,unknown,,,,other_other_unknown
other,41.97,New,other,other,,other,unknown,unknown,,,,other_other_unknown
other,91.44,New,other,other,,other,unknown,unknown,,,,other_other_unknown
other,92.06,New,other,other,,other,unknown,unknown,,,,other_other_unknown
other,54.8,New,other,other,,other,unknown,unknown,,,,other_other_unknown
other,70.1,New,other,other,,other,unknown,unknown,,,,other_other_unknown
other,93.44,Unknown,other,other,,other,unknown,unknown,,,,other_other_unknown
acer,93.9,New,other,other,,other,unknown,unknown,,,,acer_other_unknown
dell,279.0,Used,other,i7,2.6,other,windows,ssd,1024.0,14.0,16.0,dell_i7_mid
other,127.75,New,other,other,,other,unknown,unknown,,,,other_other_unknown
other,58.47,New,other,other,,other,unknown,unknown,,,,other_other_unknown
dell,350.2,Used,intel,i5,,notebook/laptop,windows,unknown,240.0,14.0,,dell_i5_mid
other,449.8,Used,other,other,,other,unknown,unknown,,,,other_other_unknown
samsung,95.56,New,other,other,,other,unknown,unknown,,,,samsung_other_unknown
other,94.0,Unknown,other,other,,notebook/laptop,unknown,unknown,,17.3,,other_other_large
microsoft,1909.0,Used,other,other,,other,unknown,unknown,,,,microsoft_other_unknown
other,9.77,Used,other,other,,other,unknown,unknown,,,,other_other_unknown
other,745.5,Refurbished,intel,other,,other,unknown,unknown,,,,other_other_unknown
dell,429.2,Used,intel,i5,2.7,notebook/laptop,windows,unknown,480.0,14.0,,dell_i5_mid
other,149.8,New,other,other,,other,unknown,unknown,,,,other_other_unknown
other,113.75,Unknown,other,other,,other,unknown,unknown,,,,other_other_unknown
other,1882.0,Used,other,other,,other,unknown,unknown,,,,other_other_unknown
other,41.75,Used,other,other,,other,unknown,unknown,,11.6,,other_other_small
other,21.69,For Parts,other,pentium,,other,unknown,unknown,,14.1,,other_pentium_standard
other,419.0,Used,intel,other,,other,unknown,unknown,,,,other_other_unknown
other,303.8,Refurbished,intel,other,,other,unknown,unknown,,,,other_other_unknown
dell,302.8,Used,nvidia,i5,,notebook/laptop,windows,unknown,240.0,14.0,,dell_i5_mid
other,366.8,Used,intel,other,,other,unknown,unknown,,,,other_other_unknown
dell,414.8,Used,intel,i5,2.3,notebook/laptop,windows,ssd,120.0,12.5,,dell_i5_mid
other,471.8,Used,intel,i5,,notebook/laptop,windows,unknown,480.0,13.3,,other_i5_mid
other,348.5,Used,intel,other,,other,unknown,unknown,,,,other_other_unknown
dell,477.8,Used,intel,i5,2.7,notebook/laptop,windows,unknown,960.0,14.0,,dell_i5_mid
other,300.8,New,other,other,,other,unknown,unknown,,,,other_other_unknown
other,58.72,Unknown,other,other,,other,unknown,unknown,,,,other_other_unknown
other,105.75,New,other,other,,other,unknown,unknown,,,,other_other_unknown
other,65.25,New,other,other,,other,unknown,unknown,,,,other_other_unknown
other,57.88,Unknown,other,other,,other,unknown,unknown,,,,other_other_unknown
other,9.77,Used,other,other,,other,unknown,unknown,,,,other_other_unknown
other,94.4,Unknown,other,other,,other,unknown,unknown,,,,other_other_unknown
other,75.94,New,other,other,,other,unknown,unknown,,,,other_other_unknown
other,82.25,New,other,other,,other,unknown,unknown,,,,other_other_unknown
dell,356.2,Used,intel,i5,1.99,notebook/laptop,windows,ssd,480.0,10.8,,dell_i5_small
lenovo,319.5,Used,other,i5,3.1,notebook/laptop,windows,unknown,240.0,14.0,,lenovo_i5_mid
lg,97.5,Unknown,other,other,,other,unknown,unknown,,,,lg_other_unknown
other,75.94,Unknown,other,other,,other,unknown,unknown,,,,other_other_unknown
other,10.85,Used,other,other,,other,unknown,unknown,,,,other_other_unknown
other,115.94,New,other,other,,other,unknown,unknown,,,,other_other_unknown
other,31.44,New,other,other,,other,unknown,unknown,,,,other_other_unknown
other,351.5,Used,intel,other,,other,unknown,unknown,,,,other_other_unknown
lenovo,434.2,Used,intel,i5,2.8,notebook/laptop,windows,unknown,960.0,14.0,,lenovo_i5_mid
lenovo,434.5,Used,intel,i5,4.0,notebook/laptop,windows,ssd,240.0,14.0,,lenovo_i5_mid
other,44.97,New,other,other,,other,unknown,unknown,,,,other_other_unknown
hp,76.9,New,other,other,,other,unknown,unknown,,,,hp_other_unknown
samsung,110.8,New,other,other,,other,unknown,unknown,,,,samsung_other_unknown
other,2724.0,Refurbished,intel,i7,1.8,notebook/laptop,windows,ssd,4096.0,14.0,,other_i7_mid
other,59.22,New,other,other,,other,unknown,unknown,,,,other_other_unknown
other,488.8,Refurbished,intel,other,,other,unknown,unknown,,,,other_other_unknown
samsung,127.56,New,other,other,,other,unknown,unknown,,,,samsung_other_unknown
other,323.2,Used,intel,i5,2.3,notebook/laptop,windows,ssd,120.0,13.3,,other_i5_mid
other,125.0,Used,other,celeron,,other,unknown,unknown,,11.6,,other_celeron_small
other,530.0,Used,intel,i5,2.6,notebook/laptop,windows,ssd,1024.0,14.0,16.0,other_i5_mid
dell,430.5,Used,intel,i5,,other,windows,unknown,360.0,14.0,,dell_i5_mid
other,70.3,New,other,other,,other,unknown,unknown,,,,other_other_unknown
lenovo,60.97,New,other,other,,other,unknown,unknown,,,,lenovo_other_unknown
other,66.3,New,other,other,,other,unknown,unknown,,,,other_other_unknown
dell,942.5,Used,intel,other,2.9,notebook/laptop,windows,unknown,120.0,11.6,,dell_other_small
other,267.0,New,other,other,,other,unknown,unknown,,,,other_other_unknown
other,32.56,For Parts,other,other,,other,unknown,unknown,,,,other_other_unknown
other,272.2,Used,intel,other,,other,unknown,unknown,,,,other_other_unknown
lg,109.2,New,other,other,,other,unknown,unknown,,,,lg_other_unknown
other,39.38,New,other,other,,other,unknown,unknown,,,,other_other_unknown
dell,464.5,Used,intel,i5,2.6,notebook/laptop,windows,unknown,960.0,14.0,,dell_i5_mid
other,102.8,New,other,other,,other,unknown,unknown,,,,other_other_unknown
other,81.06,New,other,other,,other,unknown,unknown,,,,other_other_unknown
other,70.5,New,other,other,,other,unknown,unknown,,,,other_other_unknown
lenovo,91.9,Unknown,other,other,,other,unknown,unknown,,,,lenovo_other_unknown
other,21.8,New,other,other,,other,unknown,unknown,,,,other_other_unknown
other,63.28,New,other,other,,other,unknown,unknown,,,,other_other_unknown
other,715.0,Refurbished,intel,other,,other,unknown,unknown,,,,other_other_unknown
lg,112.44,New,other,other,,other,unknown,unknown,,,,lg_other_unknown
acer,50.47,Used,intel,celeron,,notebook/laptop,chrome,ssd,16.0,11.6,4.0,acer_celeron_small
lg,137.4,New,other,other,,other,unknown,unknown,,,,lg_other_unknown
other,375.8,Refurbished,other,other,,other,unknown,unknown,,,,other_other_unknown
other,430.5,Used,intel,i5,3.0,notebook/laptop,windows,ssd,240.0,15.6,,other_i5_standard
other,91.3,New,other,other,,other,unknown,unknown,,,,other_other_unknown
other,510.8,Used,other,other,,other,unknown,unknown,,,,other_other_unknown
samsung,90.9,Unknown,other,other,,other,unknown,unknown,,,,samsung_other_unknown
other,347.2,Refurbished,intel,other,,other,unknown,unknown,,,,other_other_unknown
other,22.06,For Parts,other,pentium,,notebook/laptop,unknown,unknown,,15.0,,other_pentium_standard
other,16.36,Used,other,other,,other,unknown,unknown,,,,other_other_unknown
other,285.0,Refurbished,intel,other,,other,unknown,unknown,,,,other_other_unknown
other,423.2,Used,amd,other,,other,unknown,unknown,,,,other_other_unknown
other,384.2,Used,intel,i5,2.3,notebook/laptop,windows,ssd,240.0,13.3,,other_i5_mid
lenovo,597.5,Used,intel,celeron,1.6,notebook/laptop,windows,ssd,240.0,15.6,,lenovo_celeron_standard
lenovo,434.2,Used,intel,i5,2.8,notebook/laptop,windows,unknown,960.0,14.0,,lenovo_i5_mid
other,236.5,Used,other,other,,other,unknown,unknown,,,,other_other_unknown
other,48.28,New,other,other,,other,unknown,unknown,,,,other_other_unknown
other,242.2,New,other,other,,other,unknown,unknown,,,,other_other_unknown
other,954.5,Refurbished,intel,other,,other,unknown,unknown,,,,other_other_unknown
other,196.9,New,other,other,,other,unknown,unknown,,,,other_other_unknown
other,2658.0,Refurbished,intel,other,,other,unknown,unknown,,,,other_other_unknown
other,105.44,New,other,other,,other,unknown,unknown,,,,other_other_unknown
other,352.0,Refurbished,nvidia,other,,other,unknown,unknown,,,,other_other_unknown
lenovo,470.2,Used,intel,i5,1.99,notebook/laptop,windows,ssd,240.0,12.5,,lenovo_i5_mid
other,636.5,Used,intel,i5,,notebook/laptop,windows,unknown,960.0,13.3,,other_i5_mid
other,124.3,New,other,other,,other,unknown,unknown,,,,other_other_unknown
other,827.5,Refurbished,intel,other,,other,unknown,unknown,,,,other_other_unknown
other,278.8,Refurbished,intel,other,,other,unknown,unknown,,,,other_other_unknown
other,92.06,New,other,other,,other,unknown,unknown,,,,other_other_unknown
other,95.0,New,other,other,,other,unknown,unknown,,,,other_other_unknown
other,1090.0,Refurbished,intel,other,,other,unknown,unknown,,,,other_other_unknown
dell,532.0,Used,intel,i5,2.6,notebook/laptop,windows,unknown,2048.0,14.0,,dell_i5_mid
dell,283.0,Refurbished,intel,i5,3.1,notebook/laptop,windows,ssd,240.0,14.0,,dell_i5_mid
other,116.25,New,other,other,,other,unknown,unknown,,,,other_other_unknown
dell,293.2,Used,intel,i5,2.6,notebook/laptop,windows,unknown,120.0,14.0,,dell_i5_mid
acer,91.44,New,other,other,,other,unknown,unknown,,,,acer_other_unknown
dell,427.2,Used,intel,i5,3.0,notebook/laptop,windows,ssd,120.0,15.6,,dell_i5_standard
other,10.85,Used,other,other,,other,unknown,unknown,,,,other_other_unknown
other,47.1,Unknown,other,other,,other,unknown,unknown,,,,other_other_unknown
other,58.97,New,other,other,,other,unknown,unknown,,,,other_other_unknown
lg,91.9,New,other,other,,other,unknown,unknown,,,,lg_other_unknown
other,329.2,Refurbished,intel,other,,other,unknown,unknown,,,,other_other_unknown
other,103.06,New,other,other,,other,unknown,unknown,,,,other_other_unknown
samsung,70.5,New,other,other,,other,unknown,unknown,,,,samsung_other_unknown
other,106.94,New,other,other,,other,unknown,unknown,,,,other_other_unknown
other,90.1,New,other,other,,other,unknown,unknown,,,,other_other_unknown
other,361.5,Refurbished,intel,other,,other,unknown,unknown,,,,other_other_unknown
other,120.75,New,other,other,,other,unknown,unknown,,,,other_other_unknown
other,105.9,New,other,other,,other,unknown,unknown,,,,other_other_unknown
other,319.0,New,other,other,,other,unknown,unknown,,,,other_other_unknown
hp,329.5,Refurbished,intel,i7,2.8,notebook/laptop,windows,ssd,256.0,14.0,16.0,hp_i7_mid
lenovo,729.5,New,intel,i5,4.0,notebook/laptop,windows,ssd,256.0,15.6,,lenovo_i5_standard
other,78.25,New,other,other,,other,unknown,unknown,,,,other_other_unknown
other,130.8,New,other,other,,other,unknown,unknown,,,,other_other_unknown
other,2144.0,Refurbished,intel,i7,1.8,notebook/laptop,windows,ssd,240.0,14.0,,other_i7_mid
other,31.27,New,other,other,,other,unknown,unknown,,,,other_other_unknown
asus,417.8,Used,amd,other,,other,unknown,unknown,,,,asus_other_unknown
other,360.8,Used,intel,other,,other,unknown,unknown,,,,other_other_unknown
dell,377.8,Used,intel,i5,,other,windows,unknown,240.0,13.3,,dell_i5_mid
other,19.81,Used,other,other,,other,unknown,unknown,,,,other_other_unknown
other,684.0,Used,intel,i3,3.0,notebook/laptop,windows,ssd,2048.0,14.0,,other_i3_mid
other,294.5,Open Box,other,other,,other,unknown,unknown,,,,other_other_unknown
dell,326.2,Used,intel,i5,2.3,notebook/laptop,windows,unknown,128.0,14.0,,dell_i5_mid
other,87.7,New,other,other,,other,unknown,unknown,,,,other_other_unknown
lenovo,462.8,Used,intel,i3,2.4,notebook/laptop,windows,ssd,480.0,13.3,,lenovo_i3_mid
dell,554.5,Used,intel,i5,,notebook/laptop,windows,unknown,2048.0,14.0,,dell_i5_mid
other,128.0,New,other,other,,other,unknown,unknown,,,,other_other_unknown
other,1028.0,Refurbished,intel,other,,other,unknown,unknown,,,,other_other_unknown
samsung,99.44,New,other,other,,other,unknown,unknown,,,,samsung_other_unknown
dell,532.0,Used,intel,i5,2.6,notebook/laptop,windows,unknown,2048.0,14.0,,dell_i5_mid
lenovo,423.0,Used,intel,i3,2.4,notebook/laptop,windows,ssd,120.0,13.0,,lenovo_i3_mid
lenovo,738.0,Used,intel,i3,2.2,notebook/laptop,windows,ssd,960.0,15.6,,lenovo_i3_standard
other,8.68,Used,other,other,,other,unknown,unknown,,,,other_other_unknown
dell,303.8,Used,intel,i5,2.6,notebook/laptop,windows,unknown,240.0,14.0,,dell_i5_mid
other,26.52,Unknown,other,other,,other,unknown,unknown,,,,other_other_unknown
other,422.8,Refurbished,intel,other,,other,unknown,unknown,,,,other_other_unknown
other,441.2,Used,other,other,2.26,other,unknown,unknown,160.0,,,other_other_unknown
dell,433.0,Used,intel,i5,2.6,notebook/laptop,windows,unknown,960.0,14.0,,dell_i5_mid
other,120.5,New,other,other,,other,unknown,unknown,,,,other_other_unknown
other,13.02,Used,other,other,,other,unknown,unknown,,,,other_other_unknown
other,351.2,Used,intel,other,,other,unknown,unknown,,,,other_other_unknown
other,383.5,Used,intel,i3,3.0,notebook/laptop,windows,ssd,120.0,13.3,,other_i3_mid
other,413.8,Unknown,other,other,,other,unknown,unknown,,,,other_other_unknown
dell,283.0,Refurbished,intel,i5,3.1,notebook/laptop,windows,ssd,240.0,14.0,,dell_i5_mid
dell,270.2,Refurbished,intel,i5,3.1,notebook/laptop,windows,ssd,120.0,14.0,,dell_i5_mid
samsung,50.03,New,other,other,,other,unknown,unknown,,,,samsung_other_unknown
other,289.8,Used,other,other,,other,unknown,unknown,,,,other_other_unknown
other,475.5,Used,intel,other,,other,unknown,unknown,,,,other_other_unknown
lg,90.5,New,other,other,,other,unknown,unknown,,,,lg_other_unknown
other,70.6,Unknown,other,other,,other,unknown,unknown,,,,other_other_unknown
samsung,70.56,New,other,other,,other,unknown,unknown,,,,samsung_other_unknown
dell,387.0,Used,intel,i5,1.99,notebook/laptop,windows,ssd,120.0,10.8,,dell_i5_small
other,368.0,Refurbished,intel,other,,other,unknown,unknown,,,,other_other_unknown
other,656.5,Used,other,other,,other,unknown,unknown,,,,other_other_unknown
other,27.48,For Parts,other,other,,other,unknown,unknown,,15.4,,other_other_standard
other,67.2,New,other,other,,other,unknown,unknown,,,,other_other_unknown
other,108.06,Unknown,other,other,,other,unknown,unknown,,,,other_other_unknown
other,164.0,New,other,other,,other,unknown,unknown,,,,other_other_unknown
lenovo,488.2,Used,intel,i5,,other,windows,unknown,240.0,14.0,,lenovo_i5_mid
other,42.3,Used,other,other,,other,unknown,unknown,,,,other_other_unknown
other,27.58,New,other,other,,other,unknown,unknown,,,,other_other_unknown
other,124.25,New,other,other,,other,unknown,unknown,,,,other_other_unknown
lenovo,449.8,Used,intel,i5,2.8,notebook/laptop,windows,unknown,960.0,14.0,,lenovo_i5_mid
other,76.5,New,other,other,,other,unknown,unknown,,,,other_other_unknown
samsung,109.9,Unknown,other,other,,other,unknown,unknown,,,,samsung_other_unknown
dell,382.5,Used,intel,i5,2.6,notebook/laptop,windows,unknown,240.0,14.0,,dell_i5_mid
other,74.9,New,other,other,,other,unknown,unknown,,,,other_other_unknown
dell,416.2,Used,intel,i5,2.6,notebook/laptop,windows,unknown,480.0,14.0,,dell_i5_mid
hp,116.5,Unknown,other,other,,other,unknown,unknown,,,,hp_other_unknown
dell,321.2,Refurbished,intel,i5,2.6,notebook/laptop,windows,unknown,240.0,14.0,,dell_i5_mid
other,96.56,Unknown,other,other,,other,unknown,unknown,,,,other_other_unknown
lenovo,456.0,Used,intel,i5,,notebook/laptop,windows,unknown,960.0,14.0,,lenovo_i5_mid
other,274.0,New,other,other,,other,unknown,unknown,,,,other_other_unknown
other,683.0,Refurbished,intel,other,,other,unknown,unknown,,,,other_other_unknown
other,647.5,Refurbished,intel,i5,3.0,notebook/laptop,windows,ssd,960.0,15.6,,other_i5_standard
lg,97.3,Unknown,other,other,,other,unknown,unknown,,,,lg_other_unknown
lenovo,550.0,Used,intel,i5,3.0,notebook/laptop,windows,ssd,240.0,14.0,,lenovo_i5_mid
other,134.9,New,other,other,,other,unknown,unknown,,,,other_other_unknown
samsung,196.5,New,other,other,,other,unknown,unknown,,,,samsung_other_unknown
other,478.5,Used,intel,i5,,notebook/laptop,windows,unknown,240.0,14.0,,other_i5_mid
other,74.6,New,other,other,,other,unknown,unknown,,,,other_other_unknown
other,10.85,Used,other,other,,other,unknown,unknown,,,,other_other_unknown
other,314.0,Used,intel,other,,other,unknown,unknown,,,,other_other_unknown
other,283.8,Refurbished,other,other,,other,unknown,unknown,,,,other_other_unknown
other,47.47,New,other,other,,other,unknown,unknown,,,,other_other_unknown
lenovo,510.0,Used,intel,i3,3.0,notebook/laptop,windows,ssd,120.0,12.5,,lenovo_i3_mid
other,406.0,New,other,other,,other,unknown,unknown,,,,other_other_unknown
other,238.4,Used,other,other,,other,unknown,unknown,,,,other_other_unknown
other,355.2,Refurbished,intel,i5,,other,windows,unknown,256.0,13.3,,other_i5_mid
other,163.1,New,other,other,,other,unknown,unknown,,,,other_other_unknown
lenovo,576.5,Used,intel,i5,3.0,notebook/laptop,windows,ssd,480.0,14.0,,lenovo_i5_mid
other,588.0,Refurbished,intel,other,,other,unknown,unknown,,,,other_other_unknown
other,64.6,Unknown,other,other,,other,unknown,unknown,,,,other_other_unknown
asus,141.9,New,other,other,,other,unknown,unknown,,,,asus_other_unknown
dell,493.5,Used,intel,i5,,notebook/laptop,windows,unknown,240.0,15.6,,dell_i5_standard
lg,99.75,New,other,other,,other,unknown,unknown,,,,lg_other_unknown
other,51.06,New,other,other,,other,unknown,unknown,,,,other_other_unknown
other,70.6,New,other,other,,other,unknown,unknown,,,,other_other_unknown
dell,352.5,Used,intel,i5,2.6,notebook/laptop,windows,unknown,240.0,14.0,,dell_i5_mid
other,369.5,Refurbished,intel,other,,other,unknown,unknown,,,,other_other_unknown
dell,290.5,Used,intel,i5,3.0,notebook/laptop,windows,unknown,240.0,14.0,,dell_i5_mid
other,81.44,New,other,other,,other,unknown,unknown,,,,other_other_unknown
dell,488.0,Used,other,i7,,notebook/laptop,unknown,unknown,,14.0,,dell_i7_mid
dell,260.0,Used,other,i7,2.7,notebook/laptop,windows,ssd,256.0,15.6,32.0,dell_i7_standard
hp,40.0,Used,other,celeron,1.6,notebook/laptop,chrome,ssd,16.0,11.6,4.0,hp_celeron_small
hp,200.0,Used,other,i7,1.8,other,chrome,emmc,128.0,14.0,16.0,hp_i7_mid
other,2372.0,New,nvidia,i9,,notebook/laptop,windows,ssd,1024.0,18.0,32.0,other_i9_large
dell,300.0,New,other,i5,1.6,notebook/laptop,windows,ssd,128.0,13.3,4.0,dell_i5_mid
other,2378.0,New,nvidia,i9,,notebook/laptop,windows,ssd,1024.0,18.0,32.0,other_i9_large
lenovo,270.0,Unknown,intel,i3,3.0,notebook/laptop,chrome,ssd,256.0,13.3,8.0,lenovo_i3_mid
lenovo,450.0,Refurbished,nvidia,other,2.8,notebook/laptop,windows,ssd,512.0,15.6,16.0,lenovo_other_standard
dell,190.0,Used,intel,i7,,notebook/laptop,windows,other,500.0,,12.0,dell_i7_unknown
dell,350.0,Refurbished,other,i5,,notebook/laptop,windows,ssd,512.0,15.6,16.0,dell_i5_standard
dell,180.0,Used,intel,i5,2.4,other,windows,ssd,512.0,14.0,8.0,dell_i5_mid
dell,400.0,Used,other,i7,2.6,notebook/laptop,unknown,unknown,,15.6,32.0,dell_i7_standard
hp,87.1,For Parts,other,i5,2.5,notebook/laptop,unknown,hdd/ssd,1024.0,15.6,8.0,hp_i5_standard
hp,45.0,Used,other,celeron,2.16,notebook/laptop,chrome,ssd,16.0,14.0,16.0,hp_celeron_mid
dell,89.0,Used,other,other,2.26,notebook/laptop,windows,other,160.0,14.0,2.0,dell_other_mid
dell,124.0,Refurbished,other,i5,,other,chrome,ssd,64.0,14.0,8.0,dell_i5_mid
dell,599.0,New,intel,i5,2.4,notebook/laptop,windows,ssd,1024.0,15.6,16.0,dell_i5_standard
lenovo,75.0,Used,other,i5,,notebook/laptop,windows,ssd,240.0,14.0,8.0,lenovo_i5_mid
microsoft,599.0,Open Box,other,i5,,notebook/laptop,unknown,ssd,512.0,13.5,16.0,microsoft_i5_mid
other,65.0,Used,other,celeron,1.1,notebook/laptop,windows,ssd,64.0,11.6,4.0,other_celeron_small
asus,70.0,Used,intel,i5,2.5,notebook/laptop,windows,hdd/ssd,750.0,15.6,6.0,asus_i5_standard
samsung,48.0,Unknown,other,celeron,2.0,notebook/laptop,chrome,unknown,16.0,11.6,4.0,samsung_celeron_small
hp,525.0,Used,nvidia,i7,2.6,notebook/laptop,windows,ssd,512.0,17.3,64.0,hp_i7_large
lenovo,44.0,Used,other,celeron,1.1,other,chrome,ssd,32.0,11.6,4.0,lenovo_celeron_small
other,439.0,Refurbished,intel,i5,2.4,notebook/laptop,windows,ssd,512.0,14.0,16.0,other_i5_mid
lg,589.0,Unknown,intel,i7,2.9,notebook/laptop,windows,ssd,512.0,17.0,16.0,lg_i7_large
other,370.0,Unknown,intel,i5,2.4,notebook/laptop,windows,ssd,512.0,14.1,8.0,other_i5_standard
lg,375.0,Used,other,i5,,other,unknown,unknown,,,,lg_i5_unknown
lenovo,139.0,Used,intel,i5,1.6,notebook/laptop,unknown,ssd,,13.3,16.0,lenovo_i5_mid
other,136.0,Used,other,other,,other,unknown,unknown,,,,other_other_unknown
lenovo,350.0,Refurbished,amd,ryzen5,2.1,notebook/laptop,windows,ssd,256.0,13.3,8.0,lenovo_ryzen5_mid
lenovo,51.0,Used,other,celeron,1.6,notebook/laptop,chrome,ssd,16.0,11.6,4.0,lenovo_celeron_small
lenovo,100.0,Used,other,other,,notebook/laptop,unknown,unknown,,15.6,,lenovo_other_standard
hp,1149.0,New,nvidia,i7,2.4,notebook/laptop,windows,ssd,1024.0,16.1,16.0,hp_i7_large
other,384.8,Used,other,celeron,1.5,notebook/laptop,windows,ssd,,7.0,8.0,other_celeron_small
dell,159.8,Used,other,i5,3.0,notebook/laptop,windows,ssd,256.0,14.0,16.0,dell_i5_mid
hp,100.0,Unknown,intel,celeron,1.1,notebook/laptop,chrome,emmc,16.0,11.6,4.0,hp_celeron_small
other,158.0,Used,other,other,,other,unknown,unknown,,,,other_other_unknown
other,402.2,Refurbished,intel,other,,other,unknown,unknown,,,,other_other_unknown
other,195.4,New,intel,other,,other,unknown,unknown,,,,other_other_unknown
samsung,117.0,Unknown,other,other,,other,unknown,unknown,,14.0,,samsung_other_mid
lenovo,527.0,Refurbished,intel,i3,2.4,notebook/laptop,windows,ssd,480.0,13.0,,lenovo_i3_mid
other,577.5,Refurbished,intel,other,,other,unknown,unknown,,,,other_other_unknown
dell,335.5,Used,intel,i5,3.0,notebook/laptop,windows,ssd,480.0,14.0,,dell_i5_mid
other,97.75,Unknown,other,other,,other,unknown,unknown,,,,other_other_unknown
dell,539.0,Used,intel,i5,2.7,notebook/laptop,windows,unknown,2048.0,14.0,,dell_i5_mid
other,41.88,New,other,other,,other,unknown,unknown,,,,other_other_unknown
other,420.5,Used,intel,i5,3.0,notebook/laptop,windows,ssd,240.0,14.0,,other_i5_mid
lenovo,520.5,Used,intel,i5,2.8,notebook/laptop,windows,unknown,960.0,14.0,,lenovo_i5_mid
dell,97.2,For Parts,intel,i5,2.4,notebook/laptop,unknown,hdd/ssd,,14.0,8.0,dell_i5_mid
other,74.75,New,other,other,,other,unknown,unknown,,,,other_other_unknown
other,1090.0,Used,intel,other,,other,unknown,unknown,,,,other_other_unknown
other,111.4,New,other,other,,other,unknown,unknown,,,,other_other_unknown
lenovo,341.0,Refurbished,intel,i5,,other,windows,unknown,240.0,13.3,,lenovo_i5_mid
other,127.75,Unknown,other,other,,other,unknown,unknown,,,,other_other_unknown
other,2146.0,Refurbished,intel,other,,other,unknown,unknown,,,,other_other_unknown
dell,97.2,For Parts,intel,i5,2.3,notebook/laptop,unknown,hdd/ssd,,14.0,4.0,dell_i5_mid
other,128.6,New,other,other,,other,unknown,unknown,,,,other_other_unknown
other,510.2,New,other,other,,other,unknown,unknown,,,,other_other_unknown
samsung,117.0,New,other,other,,other,unknown,unknown,,,,samsung_other_unknown
other,442.2,Used,other,other,2.26,other,unknown,unknown,160.0,,,other_other_unknown
other,463.2,Refurbished,intel,i5,,other,windows,unknown,120.0,15.6,,other_i5_standard
other,131.9,New,other,other,,other,unknown,unknown,,,,other_other_unknown
other,580.0,Used,intel,i5,3.0,notebook/laptop,windows,unknown,120.0,14.0,,other_i5_mid
lenovo,405.0,Used,intel,i3,3.0,notebook/laptop,windows,ssd,128.0,13.3,,lenovo_i3_mid
other,100.3,New,other,other,,other,unknown,unknown,,,,other_other_unknown
other,128.6,Unknown,other,other,,other,unknown,unknown,,,,other_other_unknown
other,80.5,Unknown,other,other,,other,unknown,unknown,,,,other_other_unknown
lenovo,673.5,Used,intel,i3,3.0,notebook/laptop,windows,ssd,960.0,12.5,,lenovo_i3_mid
other,159.2,New,other,other,,other,unknown,unknown,,,,other_other_unknown
lg,92.94,New,other,other,,other,unknown,unknown,,,,lg_other_unknown
other,36.9,New,other,other,,other,unknown,unknown,,,,other_other_unknown
other,508.5,Used,intel,i5,3.0,notebook/laptop,windows,ssd,480.0,15.6,,other_i5_standard
other,316.2,Refurbished,intel,other,,other,unknown,unknown,,,,other_other_unknown
other,10.85,Used,other,other,,other,unknown,unknown,,,,other_other_unknown
other,18.11,Used,other,other,,other,unknown,unknown,,,,other_other_unknown
lenovo,120.3,Refurbished,intel,i5,1.9,notebook/laptop,windows,hdd/ssd,500.0,12.5,8.0,lenovo_i5_mid
dell,422.8,Used,intel,i5,2.3,notebook/laptop,windows,ssd,240.0,12.5,,dell_i5_mid
other,323.2,Used,intel,i5,2.3,notebook/laptop,windows,ssd,120.0,13.3,,other_i5_mid
microsoft,1044.0,Refurbished,intel,i7,3.0,notebook/laptop,windows,ssd,256.0,13.5,,microsoft_i7_mid
other,361.2,New,other,other,,other,unknown,unknown,,,,other_other_unknown
other,808.5,Refurbished,intel,other,,other,unknown,unknown,,,,other_other_unknown
other,91.0,New,other,other,,other,unknown,unknown,,,,other_other_unknown
other,129.0,New,other,other,,other,unknown,unknown,,,,other_other_unknown
other,69.6,New,other,other,,other,unknown,unknown,,,,other_other_unknown
other,319.0,Unknown,other,other,,other,unknown,unknown,,,,other_other_unknown
other,21.7,For Parts,other,other,,other,unknown,unknown,,,,other_other_unknown
other,291.2,Refurbished,intel,other,,other,unknown,unknown,,,,other_other_unknown
samsung,103.44,New,other,other,,other,unknown,unknown,,,,samsung_other_unknown
lg,92.5,New,other,other,,other,unknown,unknown,,,,lg_other_unknown
hp,91.44,New,other,other,,other,unknown,unknown,,,,hp_other_unknown
dell,366.8,Used,intel,i5,2.7,notebook/laptop,windows,unknown,240.0,14.0,,dell_i5_mid
other,395.0,Refurbished,intel,other,,other,unknown,unknown,,,,other_other_unknown
other,134.6,New,other,other,,other,unknown,unknown,,,,other_other_unknown
other,375.8,Refurbished,intel,other,,other,unknown,unknown,,,,other_other_unknown
other,197.2,Refurbished,intel,other,,other,unknown,unknown,,,,other_other_unknown
other,339.0,Refurbished,nvidia,other,,other,unknown,unknown,,,,other_other_unknown
dell,371.0,Used,intel,i5,3.1,notebook/laptop,windows,unknown,480.0,14.0,,dell_i5_mid
other,733.0,Refurbished,intel,i5,3.0,notebook/laptop,windows,ssd,2048.0,13.3,,other_i5_mid
lenovo,565.0,Used,intel,celeron,1.6,notebook/laptop,windows,ssd,480.0,15.6,,lenovo_celeron_standard
other,69.44,New,other,other,,other,unknown,unknown,,,,other_other_unknown
other,92.0,Unknown,other,other,,other,unknown,unknown,,,,other_other_unknown
dell,296.2,Used,intel,i5,,notebook/laptop,windows,unknown,120.0,14.0,,dell_i5_mid
other,109.25,New,other,other,,other,unknown,unknown,,,,other_other_unknown
dell,604.5,Used,amd,i5,,notebook/laptop,windows,unknown,480.0,15.6,,dell_i5_standard
other,3098.0,New,intel,i7,2.4,notebook/laptop,windows,unknown,960.0,13.3,,other_i7_mid
other,116.06,New,other,other,,other,unknown,unknown,,,,other_other_unknown
other,46.53,New,other,other,,other,unknown,unknown,,,,other_other_unknown
other,1128.0,Refurbished,intel,other,,other,unknown,unknown,,,,other_other_unknown
other,2182.0,Refurbished,intel,i7,1.99,notebook/laptop,windows,ssd,480.0,14.0,,other_i7_mid
samsung,94.9,New,other,other,,other,unknown,unknown,,,,samsung_other_unknown
other,111.94,New,other,other,,other,unknown,unknown,,,,other_other_unknown
other,2574.0,New,intel,i7,2.4,notebook/laptop,windows,unknown,960.0,13.3,,other_i7_mid
dell,105.0,New,other,other,,other,unknown,unknown,,,,dell_other_unknown
other,376.2,Used,intel,other,,other,unknown,unknown,,,,other_other_unknown
dell,1121.0,Used,intel,other,,notebook/laptop,windows,unknown,960.0,11.6,,dell_other_small
other,52.75,New,other,other,,other,unknown,unknown,,,,other_other_unknown
other,135.4,New,other,other,,other,unknown,unknown,,,,other_other_unknown
other,510.0,Used,intel,other,,other,unknown,unknown,,,,other_other_unknown
other,133.2,Unknown,other,other,,other,unknown,unknown,,,,other_other_unknown
other,369.5,Used,intel,other,,other,unknown,unknown,,,,other_other_unknown
other,364.0,Used,intel,other,,other,unknown,unknown,,,,other_other_unknown
other,107.8,New,other,other,,other,unknown,unknown,,,,other_other_unknown
other,209.8,Refurbished,intel,other,,other,unknown,unknown,,,,other_other_unknown
other,127.8,New,other,other,,other,unknown,unknown,,,,other_other_unknown
other,129.8,New,other,other,,other,unknown,unknown,,,,other_other_unknown
other,21.88,For Parts,other,pentium,,other,unknown,unknown,,14.0,,other_pentium_mid
other,327.0,Used,intel,other,,other,unknown,unknown,,,,other_other_unknown
other,419.2,Used,intel,other,,other,unknown,unknown,,,,other_other_unknown
other,332.2,Used,intel,i5,2.3,notebook/laptop,windows,ssd,240.0,13.3,,other_i5_mid
other,87.0,New,other,other,,other,unknown,unknown,,,,other_other_unknown
other,37.88,New,other,other,,other,unknown,unknown,,,,other_other_unknown
dell,293.0,Used,intel,i5,2.6,notebook/laptop,windows,unknown,240.0,14.0,,dell_i5_mid
other,285.2,Unknown,other,other,,other,unknown,unknown,,,,other_other_unknown
other,113.0,New,other,other,,other,unknown,unknown,,,,other_other_unknown
samsung,137.9,New,other,other,,other,unknown,unknown,,,,samsung_other_unknown
other,536.5,Refurbished,intel,other,,other,unknown,unknown,,,,other_other_unknown
other,540.5,Refurbished,intel,other,,other,unknown,unknown,,,,other_other_unknown
other,44.8,New,other,other,,other,unknown,unknown,,,,other_other_unknown
asus,107.0,New,other,other,,other,unknown,unknown,,,,asus_other_unknown
hp,60.84,New,other,other,,other,unknown,unknown,,,,hp_other_unknown
other,104.75,New,other,other,,other,unknown,unknown,,,,other_other_unknown
dell,346.5,Refurbished,nvidia,i5,2.6,notebook/laptop,windows,unknown,120.0,14.0,,dell_i5_mid
other,334.8,Refurbished,intel,other,,other,unknown,unknown,,,,other_other_unknown
dell,405.2,Used,nvidia,i5,,notebook/laptop,windows,unknown,480.0,14.0,,dell_i5_mid
samsung,91.56,New,other,other,,other,unknown,unknown,,,,samsung_other_unknown
samsung,113.9,New,other,other,,other,unknown,unknown,,,,samsung_other_unknown
other,112.3,New,other,other,,other,unknown,unknown,,,,other_other_unknown
dell,334.8,Used,intel,i5,2.7,notebook/laptop,windows,unknown,120.0,14.0,,dell_i5_mid
other,340.2,Refurbished,other,other,,other,unknown,unknown,,,,other_other_unknown
other,450.2,Used,intel,other,,other,unknown,unknown,,,,other_other_unknown
other,1737.0,Used,intel,other,,other,unknown,unknown,,,,other_other_unknown
other,263.8,New,other,other,,other,unknown,unknown,,,,other_other_unknown
dell,469.5,Refurbished,intel,i5,3.0,notebook/laptop,windows,ssd,120.0,15.6,,dell_i5_standard
dell,410.8,Used,intel,i5,3.0,notebook/laptop,windows,unknown,960.0,14.0,,dell_i5_mid
other,95.4,New,other,other,,other,unknown,unknown,,,,other_other_unknown
other,411.0,Refurbished,intel,other,,other,unknown,unknown,,,,other_other_unknown
other,322.0,Used,intel,i3,3.0,notebook/laptop,windows,ssd,256.0,13.3,,other_i3_mid
lenovo,420.8,Refurbished,intel,i3,,other,windows,unknown,128.0,15.6,,lenovo_i3_standard
other,92.5,New,other,other,,other,unknown,unknown,,,,other_other_unknown
lenovo,665.0,Used,intel,i5,,other,windows,unknown,240.0,13.3,,lenovo_i5_mid
other,77.06,New,other,other,,other,unknown,unknown,,,,other_other_unknown
other,588.5,Used,intel,i3,,notebook/laptop,windows,unknown,960.0,13.3,,other_i3_mid
other,827.0,Used,intel,other,,other,unknown,unknown,,,,other_other_unknown
dell,1047.0,Used,intel,other,2.9,notebook/laptop,windows,unknown,960.0,11.6,,dell_other_small
other,190.6,New,other,other,,other,unknown,unknown,,,,other_other_unknown
dell,815.0,Used,intel,i5,2.8,notebook/laptop,windows,ssd,2048.0,12.5,,dell_i5_mid
other,134.5,New,other,other,,other,unknown,unknown,,,,other_other_unknown
dell,320.2,Used,nvidia,i5,2.6,notebook/laptop,windows,unknown,240.0,14.0,,dell_i5_mid
other,182.6,Refurbished,intel,other,,other,unknown,unknown,,,,other_other_unknown
other,772.0,Refurbished,intel,other,,other,unknown,unknown,,,,other_other_unknown
other,577.5,Refurbished,intel,other,,other,unknown,unknown,,,,other_other_unknown
other,507.8,Refurbished,intel,other,,other,unknown,unknown,,,,other_other_unknown
other,526.5,Refurbished,intel,other,,other,unknown,unknown,,,,other_other_unknown
lenovo,490.0,Used,intel,i5,,notebook/laptop,windows,unknown,240.0,14.0,,lenovo_i5_mid
other,377.8,Used,intel,i5,,other,windows,unknown,256.0,14.0,,other_i5_mid
other,411.5,Used,intel,other,,other,unknown,unknown,,,,other_other_unknown
other,841.5,Refurbished,intel,i5,3.0,notebook/laptop,windows,unknown,960.0,14.0,,other_i5_mid
other,29.3,Used,other,other,,other,unknown,unknown,,,,other_other_unknown
other,374.8,New,other,other,,other,unknown,unknown,,,,other_other_unknown
lg,92.6,New,other,other,,other,unknown,unknown,,,,lg_other_unknown
other,141.9,Unknown,other,other,,other,unknown,unknown,,,,other_other_unknown
other,646.5,Used,intel,other,,other,unknown,unknown,,,,other_other_unknown
other,472.5,New,other,other,,other,unknown,unknown,,,,other_other_unknown
hp,91.0,New,other,other,,other,unknown,unknown,,,,hp_other_unknown
lg,70.5,New,other,other,,other,unknown,unknown,,,,lg_other_unknown
dell,362.5,Used,intel,i5,2.6,notebook/laptop,windows,unknown,240.0,14.0,,dell_i5_mid
other,103.25,New,other,other,,other,unknown,unknown,,,,other_other_unknown
other,2326.0,Refurbished,intel,i7,1.99,notebook/laptop,windows,ssd,2048.0,14.0,,other_i7_mid
other,160.4,New,other,other,,other,unknown,unknown,,,,other_other_unknown
other,10.9,Used,other,other,,other,unknown,unknown,,15.6,,other_other_standard
lenovo,489.0,Used,intel,i5,2.4,notebook/laptop,windows,ssd,240.0,14.0,,lenovo_i5_mid
other,275.5,Refurbished,intel,other,,other,unknown,unknown,,,,other_other_unknown
dell,432.5,Used,intel,i5,,notebook/laptop,windows,unknown,480.0,14.0,,dell_i5_mid
other,456.2,Used,intel,other,,other,unknown,unknown,,,,other_other_unknown
other,103.56,Unknown,other,other,,other,unknown,unknown,,,,other_other_unknown
dell,335.8,Used,nvidia,i5,2.6,notebook/laptop,windows,unknown,240.0,14.0,,dell_i5_mid
other,164.4,Unknown,other,other,,other,unknown,unknown,,,,other_other_unknown
other,91.9,New,other,other,,other,unknown,unknown,,,,other_other_unknown
other,91.3,New,other,other,,other,unknown,unknown,,,,other_other_unknown
dell,424.8,Used,intel,i5,2.8,notebook/laptop,windows,unknown,120.0,12.5,,dell_i5_mid
other,316.0,New,other,other,,other,unknown,unknown,,,,other_other_unknown
dell,423.5,Used,intel,i5,2.8,notebook/laptop,windows,unknown,240.0,12.5,,dell_i5_mid
other,234.0,Refurbished,intel,other,,other,unknown,unknown,,,,other_other_unknown
other,753.5,Used,intel,other,,other,unknown,unknown,,,,other_other_unknown
other,2096.0,Refurbished,intel,other,,other,unknown,unknown,,,,other_other_unknown
lenovo,377.8,Used,intel,i5,,other,windows,unknown,256.0,14.0,,lenovo_i5_mid
other,419.8,Used,intel,i5,3.0,notebook/laptop,windows,ssd,240.0,14.0,,other_i5_mid
other,401.0,Used,intel,i5,,notebook/laptop,windows,unknown,120.0,13.3,,other_i5_mid
dell,320.2,Used,nvidia,i5,2.6,notebook/laptop,windows,unknown,240.0,14.0,,dell_i5_mid
other,371.0,Used,intel,other,,other,unknown,unknown,,,,other_other_unknown
dell,442.5,Used,intel,i5,2.3,notebook/laptop,windows,ssd,240.0,12.5,,dell_i5_mid
other,365.0,Used,intel,other,,other,unknown,unknown,,,,other_other_unknown
lg,97.06,New,other,other,,other,unknown,unknown,,,,lg_other_unknown
other,101.9,New,other,other,,other,unknown,unknown,,,,other_other_unknown
samsung,112.8,New,other,other,,other,unknown,unknown,,,,samsung_other_unknown
other,95.25,New,other,other,,other,unknown,unknown,,,,other_other_unknown
other,508.5,Used,intel,i5,3.0,notebook/laptop,windows,ssd,480.0,15.6,,other_i5_standard
dell,67.3,For Parts,other,i5,,notebook/laptop,unknown,unknown,,14.0,,dell_i5_mid
other,33.5,For Parts,other,other,,other,unknown,unknown,,,,other_other_unknown
other,78.9,New,other,other,,other,unknown,unknown,,,,other_other_unknown
dell,422.8,Used,intel,i5,2.3,notebook/laptop,windows,ssd,240.0,12.5,,dell_i5_mid
lg,125.06,New,other,other,,other,unknown,unknown,,,,lg_other_unknown
other,232.2,Refurbished,intel,other,,other,unknown,unknown,,,,other_other_unknown
other,215.9,Used,intel,other,,other,unknown,unknown,,,,other_other_unknown
other,457.2,Refurbished,intel,other,,other,unknown,unknown,,,,other_other_unknown
other,128.5,Unknown,other,other,,other,unknown,unknown,,,,other_other_unknown
other,640.5,Used,intel,other,,other,unknown,unknown,,,,other_other_unknown
other,45.28,Unknown,other,other,,other,unknown,unknown,,,,other_other_unknown
other,21.7,Used,other,other,,other,unknown,unknown,,,,other_other_unknown
other,127.94,New,other,other,,other,unknown,unknown,,,,other_other_unknown
other,236.0,For Parts,other,i5,,notebook/laptop,unknown,unknown,,11.6,,other_i5_small
other,511.5,Refurbished,other,other,,other,unknown,unknown,,,,other_other_unknown
dell,510.0,Used,amd,i5,3.0,notebook/laptop,windows,unknown,240.0,15.6,,dell_i5_standard
other,279.0,Used,intel,other,,other,unknown,unknown,,,,other_other_unknown
other,3356.0,New,intel,other,,other,unknown,unknown,,,,other_other_unknown
other,1019.5,Refurbished,intel,other,,other,unknown,unknown,,,,other_other_unknown
acer,81.2,New,other,other,,other,unknown,unknown,,,,acer_other_unknown
lg,110.8,New,other,other,,other,unknown,unknown,,,,lg_other_unknown
other,2680.0,Refurbished,intel,other,,other,unknown,unknown,,,,other_other_unknown
dell,1363.0,Refurbished,intel,i5,1.99,notebook/laptop,windows,ssd,4096.0,10.8,,dell_i5_small
other,2326.0,Refurbished,intel,i7,1.8,notebook/laptop,windows,ssd,960.0,14.0,,other_i7_mid
dell,106.25,Used,other,i5,2.3,notebook/laptop,unknown,hdd/ssd,500.0,14.0,8.0,dell_i5_mid
other,131.0,New,other,other,,other,unknown,unknown,,,,other_other_unknown
other,60.84,New,other,other,,other,unknown,unknown,,,,other_other_unknown
dell,182.6,Used,other,i5,,other,windows,unknown,500.0,14.0,,dell_i5_mid
other,117.3,New,other,other,,other,unknown,unknown,,,,other_other_unknown
other,99.5,New,other,other,,other,unknown,unknown,,,,other_other_unknown
asus,22.22,For Parts,other,pentium,,other,unknown,unknown,,14.0,,asus_pentium_mid
other,302.2,Used,intel,other,,other,unknown,unknown,,,,other_other_unknown
lenovo,340.8,Used,intel,i5,2.8,notebook/laptop,windows,unknown,240.0,14.0,,lenovo_i5_mid
samsung,91.7,New,other,other,,other,unknown,unknown,,,,samsung_other_unknown
other,162.6,New,other,other,,other,unknown,unknown,,,,other_other_unknown
other,59.4,Unknown,other,other,,other,unknown,unknown,,,,other_other_unknown
other,322.0,Refurbished,intel,other,,other,unknown,unknown,,,,other_other_unknown
dell,539.0,Used,intel,i5,2.7,notebook/laptop,windows,unknown,2048.0,14.0,,dell_i5_mid
lg,95.94,New,other,other,,other,unknown,unknown,,,,lg_other_unknown
dell,373.8,Refurbished,intel,i5,,notebook/laptop,windows,unknown,240.0,14.0,,dell_i5_mid
other,124.1,New,other,other,,other,unknown,unknown,,,,other_other_unknown
other,97.5,New,other,other,,other,unknown,unknown,,,,other_other_unknown
other,84.1,New,other,other,,other,unknown,unknown,,,,other_other_unknown
other,67.06,New,other,other,,other,unknown,unknown,,,,other_other_unknown
other,330.5,Used,intel,other,,other,unknown,unknown,,,,other_other_unknown
other,711.0,Used,intel,other,,other,unknown,unknown,,,,other_other_unknown
other,35.2,New,other,other,,other,unknown,unknown,,,,other_other_unknown
other,341.8,Used,intel,other,,other,unknown,unknown,,,,other_other_unknown
lg,90.2,New,other,other,,other,unknown,unknown,,,,lg_other_unknown
other,28.44,New,other,other,,other,unknown,unknown,,,,other_other_unknown
other,92.7,New,other,other,,other,unknown,unknown,,,,other_other_unknown
other,50.75,New,other,other,,other,unknown,unknown,,,,other_other_unknown
dell,470.5,Used,intel,i5,2.8,notebook/laptop,windows,unknown,240.0,12.5,,dell_i5_mid
dell,280.0,Used,intel,i5,3.0,notebook/laptop,windows,unknown,240.0,14.0,,dell_i5_mid
other,262.2,Used,intel,other,,other,unknown,unknown,,,,other_other_unknown
lenovo,650.5,Used,intel,i3,1.49,notebook/laptop,windows,ssd,960.0,15.6,,lenovo_i3_standard
other,568.0,Refurbished,intel,other,,other,unknown,unknown,,,,other_other_unknown
other,99.0,New,other,other,,other,unknown,unknown,,,,other_other_unknown
other,863.5,Used,intel,other,,other,unknown,unknown,,,,other_other_unknown
dell,331.0,Used,intel,i5,2.6,notebook/laptop,windows,unknown,240.0,14.0,,dell_i5_mid
other,232.1,New,other,other,,other,unknown,unknown,,,,other_other_unknown
other,266.2,Refurbished,intel,other,,other,unknown,unknown,,,,other_other_unknown
other,47.1,New,other,other,,other,unknown,unknown,,,,other_other_unknown
other,425.2,Refurbished,intel,other,,other,unknown,unknown,,,,other_other_unknown
other,81.6,New,other,other,,other,unknown,unknown,,,,other_other_unknown
other,932.5,Refurbished,intel,other,,other,unknown,unknown,,,,other_other_unknown
other,135.8,Used,other,other,,other,unknown,unknown,,,,other_other_unknown
other,1002.5,Refurbished,intel,other,,other,unknown,unknown,,,,other_other_unknown
lenovo,533.5,Used,intel,i3,3.0,notebook/laptop,windows,ssd,240.0,12.5,,lenovo_i3_mid
dell,303.8,Used,intel,i5,2.6,notebook/laptop,windows,unknown,240.0,14.0,,dell_i5_mid
other,273.5,Refurbished,intel,other,,other,unknown,unknown,,,,other_other_unknown
other,245.5,Refurbished,intel,other,,other,unknown,unknown,,,,other_other_unknown
lenovo,743.0,Used,intel,i5,,other,windows,unknown,960.0,14.0,,lenovo_i5_mid
other,280.2,Used,other,i5,2.5,notebook/laptop,unknown,unknown,,,4.0,other_i5_unknown
other,724.5,Refurbished,intel,other,,other,unknown,unknown,,,,other_other_unknown
other,151.9,New,other,other,,other,unknown,unknown,,,,other_other_unknown
other,463.5,Refurbished,intel,other,,other,unknown,unknown,,,,other_other_unknown
other,391.5,Used,intel,other,,other,unknown,unknown,,,,other_other_unknown
other,264.2,Refurbished,intel,other,,other,unknown,unknown,,,,other_other_unknown
other,93.0,New,other,other,,other,unknown,unknown,,,,other_other_unknown
lenovo,726.0,Used,intel,i3,,other,windows,unknown,960.0,15.6,,lenovo_i3_standard
other,59.28,New,other,other,,other,unknown,unknown,,,,other_other_unknown
other,90.06,New,other,other,,other,unknown,unknown,,,,other_other_unknown
other,413.2,Used,intel,other,,other,unknown,unknown,,,,other_other_unknown
other,571.5,Refurbished,intel,other,,other,unknown,unknown,,,,other_other_unknown
other,921.0,Refurbished,intel,other,,other,unknown,unknown,,,,other_other_unknown
other,531.0,Refurbished,intel,other,,other,unknown,unknown,,,,other_other_unknown
other,432.2,Refurbished,intel,other,,other,unknown,unknown,,,,other_other_unknown
other,134.5,New,other,other,,other,unknown,unknown,,,,other_other_unknown
dell,442.0,Used,intel,i5,2.7,notebook/laptop,windows,unknown,960.0,14.0,,dell_i5_mid
other,2280.0,New,intel,i5,1.6,notebook/laptop,windows,unknown,,15.6,,other_i5_standard
dell,1014.5,Used,intel,other,,notebook/laptop,windows,unknown,120.0,11.6,,dell_other_small
lenovo,602.0,Used,intel,i5,,notebook/laptop,windows,unknown,240.0,14.0,,lenovo_i5_mid
other,414.8,Refurbished,intel,other,,other,unknown,unknown,,,,other_other_unknown
other,60.84,New,other,other,,other,unknown,unknown,,,,other_other_unknown
other,124.9,New,other,other,,other,unknown,unknown,,,,other_other_unknown
other,372.5,Refurbished,intel,other,,other,unknown,unknown,,,,other_other_unknown
other,315.2,New,other,other,,other,unknown,unknown,,,,other_other_unknown
lenovo,751.0,Used,intel,i5,,notebook/laptop,windows,unknown,240.0,14.0,,lenovo_i5_mid
other,542.0,Refurbished,intel,other,,other,unknown,unknown,,,,other_other_unknown
other,517.0,Refurbished,intel,other,,other,unknown,unknown,,,,other_other_unknown
other,607.0,Refurbished,intel,other,,other,unknown,unknown,,,,other_other_unknown
lenovo,465.5,Used,intel,i5,1.99,notebook/laptop,windows,ssd,240.0,12.5,,lenovo_i5_mid
lenovo,772.5,Used,intel,i5,,notebook/laptop,windows,unknown,480.0,14.0,,lenovo_i5_mid
other,168.1,Unknown,other,other,,other,unknown,unknown,,,,other_other_unknown
dell,462.8,Used,intel,i5,2.6,notebook/laptop,windows,unknown,960.0,14.0,,dell_i5_mid
other,856.5,Used,intel,other,,other,unknown,unknown,,,,other_other_unknown
other,805.5,Used,intel,other,,other,unknown,unknown,,,,other_other_unknown
other,525.0,Unknown,other,other,,other,unknown,unknown,,,,other_other_unknown
dell,401.8,Used,intel,i5,2.8,notebook/laptop,windows,unknown,240.0,12.5,,dell_i5_mid
lenovo,465.5,Used,intel,i5,1.99,notebook/laptop,windows,ssd,240.0,12.5,,lenovo_i5_mid
other,328.8,Refurbished,intel,other,,other,unknown,unknown,,,,other_other_unknown
other,89.8,New,other,other,,other,unknown,unknown,,,,other_other_unknown
other,112.3,New,other,other,,other,unknown,unknown,,,,other_other_unknown
samsung,127.8,New,other,other,,other,unknown,unknown,,,,samsung_other_unknown
other,42.2,New,other,other,,other,unknown,unknown,,,,other_other_unknown
dell,444.5,Used,intel,i5,2.8,notebook/laptop,windows,unknown,240.0,12.5,,dell_i5_mid
other,93.94,New,other,other,,other,unknown,unknown,,,,other_other_unknown
lenovo,656.5,Used,intel,i5,2.8,notebook/laptop,windows,unknown,2048.0,14.0,,lenovo_i5_mid
other,334.0,Used,other,other,,other,unknown,unknown,,,,other_other_unknown
other,205.1,New,other,other,,other,unknown,unknown,,,,other_other_unknown
other,141.5,New,other,other,,other,unknown,unknown,,,,other_other_unknown
other,707.5,Refurbished,intel,i5,2.3,notebook/laptop,windows,ssd,2048.0,13.3,,other_i5_mid
other,336.2,Used,nvidia,other,,other,unknown,unknown,,,,other_other_unknown
dell,129.6,For Parts,intel,i5,2.4,notebook/laptop,unknown,other,256.0,14.0,8.0,dell_i5_mid
other,58.97,Unknown,other,other,,other,unknown,unknown,,,,other_other_unknown
dell,334.5,Refurbished,intel,i5,,notebook/laptop,windows,unknown,120.0,14.0,,dell_i5_mid
lg,94.0,New,other,other,,other,unknown,unknown,,,,lg_other_unknown
lenovo,323.0,Used,intel,i5,,other,windows,unknown,240.0,13.3,,lenovo_i5_mid
dell,280.0,Used,intel,i5,3.0,notebook/laptop,windows,unknown,240.0,14.0,,dell_i5_mid
hp,119.06,New,other,other,,other,unknown,unknown,,,,hp_other_unknown
other,22.0,For Parts,other,pentium,,other,unknown,unknown,,15.0,,other_pentium_standard
lg,90.44,New,other,other,,other,unknown,unknown,,,,lg_other_unknown
dell,499.0,Used,intel,i5,2.6,notebook/laptop,windows,unknown,2048.0,14.0,,dell_i5_mid
other,87.56,New,other,other,,other,unknown,unknown,,,,other_other_unknown
other,49.62,New,other,other,,other,unknown,unknown,,,,other_other_unknown
other,82.2,Unknown,other,other,,other,unknown,unknown,,,,other_other_unknown
other,69.25,New,other,other,,other,unknown,unknown,,,,other_other_unknown
dell,463.2,Used,intel,i5,2.3,notebook/laptop,windows,ssd,480.0,12.5,,dell_i5_mid
lg,95.3,New,other,other,,other,unknown,unknown,,,,lg_other_unknown
lenovo,427.2,Used,intel,i5,1.99,notebook/laptop,windows,ssd,120.0,12.5,,lenovo_i5_mid
other,104.6,New,other,other,,other,unknown,unknown,,,,other_other_unknown
other,264.2,Used,intel,other,,other,unknown,unknown,,,,other_other_unknown
other,75.2,New,other,other,,other,unknown,unknown,,,,other_other_unknown
other,205.2,Unknown,other,other,,other,unknown,unknown,,,,other_other_unknown
other,61.12,New,other,other,,other,unknown,unknown,,,,other_other_unknown
dell,451.5,Used,intel,i5,2.8,notebook/laptop,windows,unknown,240.0,12.5,,dell_i5_mid
dell,339.8,Used,intel,i5,,notebook/laptop,windows,unknown,240.0,14.0,,dell_i5_mid
acer,27.77,For Parts,other,celeron,,other,unknown,unknown,,15.4,,acer_celeron_standard
other,329.8,Used,other,other,,other,unknown,unknown,,,,other_other_unknown
dell,469.0,Refurbished,intel,i5,3.1,notebook/laptop,windows,unknown,960.0,14.0,,dell_i5_mid
other,206.1,Used,other,other,,other,unknown,unknown,,,,other_other_unknown
other,258.2,Refurbished,intel,other,,other,unknown,unknown,,,,other_other_unknown
dell,444.5,Used,intel,i5,2.8,notebook/laptop,windows,unknown,240.0,12.5,,dell_i5_mid
lenovo,636.5,Used,intel,i5,3.0,notebook/laptop,windows,ssd,240.0,14.0,,lenovo_i5_mid
other,226.9,Refurbished,intel,other,,other,unknown,unknown,,,,other_other_unknown
other,628.0,Refurbished,intel,other,,other,unknown,unknown,,,,other_other_unknown
lenovo,584.5,Unknown,other,other,,notebook/laptop,unknown,unknown,,,,lenovo_other_unknown
other,157.2,Used,other,other,,other,unknown,unknown,,,,other_other_unknown
other,105.0,Unknown,other,other,,other,unknown,unknown,,,,other_other_unknown
other,341.5,Refurbished,intel,other,,other,unknown,unknown,,,,other_other_unknown
other,523.5,Refurbished,intel,other,,other,unknown,unknown,,,,other_other_unknown
other,475.8,New,other,other,,other,unknown,unknown,,,,other_other_unknown
other,50.78,Unknown,other,other,,other,unknown,unknown,,,,other_other_unknown
lenovo,462.8,Used,intel,i3,,other,windows,unknown,120.0,13.3,,lenovo_i3_mid
dell,335.8,Used,nvidia,i5,2.6,notebook/laptop,windows,unknown,240.0,14.0,,dell_i5_mid
other,541.0,Refurbished,intel,other,,other,unknown,unknown,,,,other_other_unknown
other,473.8,Used,intel,i3,3.0,notebook/laptop,windows,ssd,480.0,13.3,,other_i3_mid
other,100.0,New,other,other,,other,unknown,unknown,,,,other_other_unknown
lg,69.75,New,other,other,,other,unknown,unknown,,,,lg_other_unknown
other,303.8,Refurbished,nvidia,other,,other,unknown,unknown,,,,other_other_unknown
other,463.5,New,other,other,,other,unknown,unknown,,,,other_other_unknown
other,818.0,Refurbished,intel,other,,other,unknown,unknown,,,,other_other_unknown
lenovo,433.5,Used,intel,i5,1.99,notebook/laptop,windows,ssd,120.0,12.5,,lenovo_i5_mid
dell,437.2,Used,intel,i5,3.0,notebook/laptop,windows,ssd,960.0,14.0,,dell_i5_mid
dell,424.8,Used,intel,i5,2.8,notebook/laptop,windows,unknown,120.0,12.5,,dell_i5_mid
lg,93.44,New,other,other,,other,unknown,unknown,,,,lg_other_unknown
dell,423.5,Used,intel,i5,2.8,notebook/laptop,windows,unknown,240.0,12.5,,dell_i5_mid
other,355.0,Refurbished,intel,other,,other,unknown,unknown,,,,other_other_unknown
lg,132.8,New,other,other,,other,unknown,unknown,,,,lg_other_unknown
other,133.1,New,other,other,,other,unknown,unknown,,,,other_other_unknown
other,74.56,New,other,other,,other,unknown,unknown,,,,other_other_unknown
lenovo,454.0,Used,intel,i3,3.0,notebook/laptop,windows,hdd/ssd,120.0,15.6,,lenovo_i3_standard
other,131.6,New,other,other,,other,unknown,unknown,,,,other_other_unknown
other,109.9,New,other,other,,other,unknown,unknown,,,,other_other_unknown
other,71.25,New,other,other,,other,unknown,unknown,,,,other_other_unknown
dell,427.0,Used,intel,i5,3.0,notebook/laptop,windows,ssd,240.0,15.6,,dell_i5_standard
other,405.2,Used,intel,other,,other,unknown,unknown,,,,other_other_unknown
other,564.5,Used,intel,i5,3.0,notebook/laptop,windows,ssd,960.0,15.6,,other_i5_standard
other,86.3,Unknown,other,other,,other,unknown,unknown,,,,other_other_unknown
other,346.2,Used,intel,other,,other,unknown,unknown,,,,other_other_unknown
other,397.8,Used,intel,i3,3.0,notebook/laptop,windows,ssd,240.0,14.0,,other_i3_mid
other,71.44,New,other,other,,other,unknown,unknown,,,,other_other_unknown
lg,127.8,New,other,other,,other,unknown,unknown,,,,lg_other_unknown
dell,345.2,Used,intel,i5,2.7,notebook/laptop,windows,unknown,240.0,14.0,,dell_i5_mid
dell,422.8,Used,intel,i5,2.8,notebook/laptop,windows,unknown,240.0,12.5,,dell_i5_mid
dell,72.0,New,other,other,,other,unknown,unknown,,,,dell_other_unknown
other,591.0,Refurbished,intel,other,,other,unknown,unknown,,,,other_other_unknown
other,86.75,New,other,other,,other,unknown,unknown,,,,other_other_unknown
other,445.8,Used,intel,other,,other,unknown,unknown,,,,other_other_unknown
other,633.0,Refurbished,intel,other,,other,unknown,unknown,,,,other_other_unknown
other,314.8,New,other,other,,other,unknown,unknown,,,,other_other_unknown
other,278.8,Refurbished,intel,other,,other,unknown,unknown,,,,other_other_unknown
lenovo,519.5,Used,intel,i3,3.0,notebook/laptop,windows,hdd/ssd,240.0,15.6,,lenovo_i3_standard
other,396.0,Refurbished,intel,other,,other,unknown,unknown,,,,other_other_unknown
other,552.5,Refurbished,intel,other,,other,unknown,unknown,,,,other_other_unknown
other,10.85,Used,other,other,,other,unknown,unknown,,,,other_other_unknown
other,412.0,Used,intel,i5,2.3,notebook/laptop,windows,ssd,480.0,13.3,,other_i5_mid
other,458.8,Refurbished,intel,other,,other,unknown,unknown,,,,other_other_unknown
lenovo,497.2,Used,intel,i5,1.99,notebook/laptop,windows,ssd,480.0,12.5,,lenovo_i5_mid
dell,321.2,Refurbished,nvidia,i5,2.6,notebook/laptop,windows,unknown,120.0,14.0,,dell_i5_mid
other,512.5,Refurbished,intel,other,,other,unknown,unknown,,,,other_other_unknown
lenovo,458.0,Used,intel,i5,3.0,notebook/laptop,windows,ssd,240.0,14.0,,lenovo_i5_mid
dell,462.8,Used,intel,i7,2.5,notebook/laptop,windows,unknown,500.0,13.3,,dell_i7_mid
dell,378.5,Used,intel,i5,,other,windows,unknown,256.0,14.0,,dell_i5_mid
other,378.5,New,other,other,,other,unknown,unknown,,,,other_other_unknown
other,466.8,Used,intel,other,,other,unknown,unknown,,,,other_other_unknown
other,204.5,Used,other,other,,other,unknown,unknown,,,,other_other_unknown
dell,379.2,Used,intel,i5,2.6,notebook/laptop,windows,unknown,240.0,14.0,,dell_i5_mid
other,487.2,Used,intel,other,,other,unknown,unknown,,,,other_other_unknown
lenovo,538.5,Used,intel,i3,1.49,notebook/laptop,windows,ssd,120.0,15.6,,lenovo_i3_standard
other,2326.0,Refurbished,intel,i7,1.8,notebook/laptop,windows,ssd,2048.0,14.0,,other_i7_mid
other,571.5,Used,other,other,,other,unknown,unknown,,,,other_other_unknown
other,90.75,New,other,other,,other,unknown,unknown,,,,other_other_unknown
lenovo,453.8,Unknown,intel,i5,2.1,notebook/laptop,windows,ssd,128.0,14.0,8.0,lenovo_i5_mid
other,453.8,Used,intel,other,,other,unknown,unknown,,,,other_other_unknown
lenovo,590.0,Used,intel,i5,3.0,notebook/laptop,windows,ssd,960.0,14.0,,lenovo_i5_mid
dell,110.0,Used,other,i5,2.3,notebook/laptop,windows,ssd,128.0,14.0,4.0,dell_i5_mid
lenovo,458.0,Used,intel,i5,3.0,notebook/laptop,windows,ssd,240.0,14.0,,lenovo_i5_mid
dell,284.8,Used,other,i5,2.4,notebook/laptop,windows,ssd,256.0,14.0,,dell_i5_mid
other,265.8,New,other,other,,other,unknown,unknown,,,,other_other_unknown
other,317.8,New,other,other,,other,unknown,unknown,,,,other_other_unknown
other,110.0,New,other,other,,other,unknown,unknown,,,,other_other_unknown
lenovo,578.0,Used,intel,i5,3.0,notebook/laptop,windows,ssd,120.0,14.0,,lenovo_i5_mid
lenovo,619.0,Used,intel,i5,3.0,notebook/laptop,windows,ssd,480.0,14.0,,lenovo_i5_mid
other,121.6,Unknown,other,other,,other,unknown,unknown,,,,other_other_unknown
other,78.1,New,other,other,,other,unknown,unknown,,,,other_other_unknown
other,282.5,Refurbished,intel,other,,other,unknown,unknown,,,,other_other_unknown
dell,299.8,Used,intel,i5,2.4,other,windows,hdd/ssd,250.0,14.0,8.0,dell_i5_mid
dell,377.2,Used,intel,i5,2.6,notebook/laptop,windows,unknown,240.0,14.0,,dell_i5_mid
dell,414.2,Used,intel,i5,2.6,notebook/laptop,windows,unknown,480.0,14.0,,dell_i5_mid
dell,534.0,Used,amd,i5,3.0,notebook/laptop,windows,unknown,480.0,15.6,,dell_i5_standard
lenovo,200.0,Used,intel,i5,2.4,notebook/laptop,windows,ssd,512.0,14.0,8.0,lenovo_i5_mid
dell,775.5,Used,amd,i5,,notebook/laptop,windows,unknown,2048.0,15.6,,dell_i5_standard
other,11.94,Used,other,other,,other,unknown,unknown,,,,other_other_unknown
other,216.0,Refurbished,intel,other,,other,unknown,unknown,,,,other_other_unknown
other,123.5,New,other,other,,other,unknown,unknown,,,,other_other_unknown
lenovo,442.8,Used,intel,i5,1.99,notebook/laptop,windows,ssd,240.0,12.5,,lenovo_i5_mid
lenovo,519.0,Used,intel,i5,,notebook/laptop,windows,unknown,120.0,14.0,,lenovo_i5_mid
other,112.44,New,other,other,,other,unknown,unknown,,,,other_other_unknown
lg,92.6,Unknown,other,other,,other,unknown,unknown,,15.6,,lg_other_standard
other,304.5,Used,other,other,,other,unknown,unknown,,,,other_other_unknown
dell,282.8,Used,intel,i5,2.6,notebook/laptop,windows,unknown,240.0,14.0,,dell_i5_mid
lg,92.9,New,other,other,,other,unknown,unknown,,,,lg_other_unknown
dell,494.2,Used,intel,i5,2.7,notebook/laptop,windows,unknown,960.0,14.0,,dell_i5_mid
acer,21.88,For Parts,other,pentium,,other,unknown,unknown,,14.0,,acer_pentium_mid
other,140.2,New,other,other,,other,unknown,unknown,,,,other_other_unknown
other,163.5,Unknown,other,other,,other,unknown,unknown,,,,other_other_unknown
lenovo,624.0,Used,intel,i3,,other,windows,unknown,240.0,15.6,,lenovo_i3_standard
other,473.8,Used,intel,other,,other,unknown,unknown,,,,other_other_unknown
other,470.5,Used,intel,other,,other,unknown,unknown,,,,other_other_unknown
other,358.5,Refurbished,intel,i3,,other,windows,unknown,256.0,13.3,,other_i3_mid
dell,281.2,Used,intel,i5,2.6,notebook/laptop,windows,unknown,240.0,14.0,,dell_i5_mid
other,57.88,New,other,other,,other,unknown,unknown,,,,other_other_unknown
other,319.0,Refurbished,intel,other,,other,unknown,unknown,,,,other_other_unknown
acer,64.9,New,other,other,,other,unknown,unknown,,,,acer_other_unknown
lenovo,565.0,Used,intel,i3,1.49,notebook/laptop,windows,ssd,240.0,15.6,,lenovo_i3_standard
other,1717.0,Used,intel,other,,other,unknown,unknown,,,,other_other_unknown
other,960.0,Refurbished,intel,other,,other,unknown,unknown,,,,other_other_unknown
acer,21.64,For Parts,other,pentium,,other,unknown,unknown,,15.0,,acer_pentium_standard
other,996.5,Refurbished,intel,other,,other,unknown,unknown,,,,other_other_unknown
dell,390.0,Used,intel,i5,,notebook/laptop,windows,unknown,240.0,14.0,,dell_i5_mid
other,389.0,Refurbished,other,other,,other,unknown,unknown,,,,other_other_unknown
other,307.0,Used,intel,other,,other,unknown,unknown,,,,other_other_unknown
dell,396.8,Used,intel,i5,2.8,notebook/laptop,windows,unknown,120.0,12.5,,dell_i5_mid
other,95.56,New,other,other,,other,unknown,unknown,,,,other_other_unknown
lenovo,188.8,Used,intel,i5,2.4,notebook/laptop,windows,ssd,256.0,14.0,8.0,lenovo_i5_mid
other,114.5,New,other,other,,other,unknown,unknown,,,,other_other_unknown
other,242.5,Refurbished,intel,other,,other,unknown,unknown,,,,other_other_unknown
other,650.5,Unknown,other,other,,other,unknown,unknown,,,,other_other_unknown
other,324.5,New,other,other,,other,unknown,unknown,,,,other_other_unknown
other,1758.0,Refurbished,intel,other,,other,unknown,unknown,,,,other_other_unknown
other,394.8,Refurbished,intel,other,,other,unknown,unknown,,,,other_other_unknown
other,161.9,New,other,other,,other,unknown,unknown,,,,other_other_unknown
other,461.8,Refurbished,intel,other,,other,unknown,unknown,,,,other_other_unknown
other,506.8,Refurbished,intel,other,,other,unknown,unknown,,,,other_other_unknown
dell,80.0,Used,other,i3,1.9,other,windows,hdd/ssd,500.0,14.0,4.0,dell_i3_mid
acer,60.0,Open Box,other,pentium,,other,chrome,emmc,32.0,15.0,4.0,acer_pentium_standard
samsung,47.0,Used,intel,celeron,2.5,notebook/laptop,chrome,ssd,16.0,11.6,4.0,samsung_celeron_small
microsoft,107.56,Used,other,pentium,,notebook/laptop,unknown,unknown,64.0,10.5,,microsoft_pentium_small
lenovo,100.0,Used,intel,i5,2.5,notebook/laptop,windows,hdd/ssd,500.0,15.6,4.0,lenovo_i5_standard
lenovo,99.94,Used,other,i5,2.4,other,windows,ssd,256.0,,8.0,lenovo_i5_unknown
dell,450.0,Used,other,celeron,1.6,notebook/laptop,chrome,ssd,32.0,11.0,4.0,dell_celeron_small
microsoft,175.0,Used,intel,i5,1.2,notebook/laptop,unknown,ssd,128.0,13.5,8.0,microsoft_i5_mid
other,593.0,Used,other,i7,2.6,notebook/laptop,mac,ssd,512.0,15.4,32.0,other_i7_standard
dell,140.0,Used,intel,i5,1.6,notebook/laptop,windows,hdd/ssd,500.0,14.0,16.0,dell_i5_mid
microsoft,69.6,For Parts,other,i5,,notebook/laptop,unknown,ssd,256.0,12.5,,microsoft_i5_mid
dell,335.0,Refurbished,intel,i7,1.9,notebook/laptop,windows,ssd,512.0,14.0,32.0,dell_i7_mid
dell,79.0,Used,other,i3,2.3,notebook/laptop,windows,hdd/ssd,250.0,14.0,4.0,dell_i3_mid
hp,39.97,For Parts,other,pentium,,notebook/laptop,unknown,unknown,,15.6,,hp_pentium_standard
hp,49.0,Used,intel,celeron,2.4,other,chrome,emmc,16.0,14.0,4.0,hp_celeron_mid
dell,73.0,Used,other,i7,2.1,notebook/laptop,windows,hdd/ssd,500.0,14.0,8.0,dell_i7_mid
dell,149.0,Used,intel,other,2.0,notebook/laptop,windows,ssd,128.0,14.0,4.0,dell_other_mid
other,2378.0,New,nvidia,i9,,notebook/laptop,windows,ssd,1024.0,18.0,32.0,other_i9_large
dell,22.55,For Parts,other,i5,,other,unknown,unknown,,14.0,,dell_i5_mid
lenovo,500.0,New,amd,ryzen5,2.3,notebook/laptop,windows,ssd,256.0,14.0,16.0,lenovo_ryzen5_mid
asus,70.0,Used,intel,i5,2.5,notebook/laptop,windows,hdd/ssd,750.0,15.6,6.0,asus_i5_standard
lg,990.0,Unknown,intel,i7,2.9,notebook/laptop,windows,ssd,1024.0,17.0,16.0,lg_i7_large
acer,230.0,Used,intel,i7,1.8,notebook/laptop,chrome,ssd,128.0,13.5,16.0,acer_i7_mid
acer,118.1,Used,other,i5,2.3,notebook/laptop,windows,ssd,128.0,12.0,4.0,acer_i5_small
lenovo,320.0,Used,intel,i5,1.0,notebook/laptop,windows,ssd,512.0,14.0,16.0,lenovo_i5_mid
dell,75.0,Used,other,other,,notebook/laptop,windows,unknown,500.0,15.6,4.0,dell_other_standard
other,100.0,Used,other,i5,,other,unknown,ssd,128.0,13.0,4.0,other_i5_mid
hp,75.0,Used,other,other,1.6,notebook/laptop,windows,hdd/ssd,320.0,14.0,4.0,hp_other_mid
other,164.5,Refurbished,intel,i5,1.8,notebook/laptop,windows,ssd,120.0,,8.0,other_i5_unknown
dell,350.0,Unknown,intel,i7,1.9,notebook/laptop,windows,ssd,512.0,14.0,16.0,dell_i7_mid
dell,399.0,Used,other,i7,2.7,notebook/laptop,unknown,ssd,512.0,17.3,16.0,dell_i7_large
hp,100.0,Used,intel,i5,2.5,notebook/laptop,windows,hdd/ssd,500.0,15.6,8.0,hp_i5_standard
hp,200.0,Unknown,intel,i5,1.7,notebook/laptop,chrome,ssd,64.0,14.0,8.0,hp_i5_mid
dell,115.0,Used,intel,i5,2.3,notebook/laptop,windows,ssd,256.0,15.6,8.0,dell_i5_standard
dell,399.0,Used,intel,i5,1.7,notebook/laptop,unknown,ssd,512.0,14.0,32.0,dell_i5_mid
microsoft,93.0,Used,other,i5,2.6,notebook/laptop,windows,ssd,128.0,13.5,8.0,microsoft_i5_mid
dell,16.3,For Parts,other,other,,notebook/laptop,unknown,unknown,,14.0,,dell_other_mid
hp,180.0,Used,other,i5,2.4,notebook/laptop,windows,ssd,256.0,14.0,8.0,hp_i5_mid
dell,70.0,For Parts,other,i7,1.6,notebook/laptop,unknown,unknown,,,4.0,dell_i7_unknown
microsoft,725.0,Refurbished,other,i7,1.3,notebook/laptop,windows,ssd,256.0,13.5,16.0,microsoft_i7_mid
dell,29.89,Used,other,celeron,1.6,notebook/laptop,chrome,ssd,16.0,11.6,4.0,dell_celeron_small
acer,38.0,Unknown,intel,celeron,1.6,notebook/laptop,chrome,emmc,16.0,11.6,4.0,acer_celeron_small
hp,184.1,Used,other,i5,2.7,notebook/laptop,windows,ssd,256.0,15.6,8.0,hp_i5_standard
hp,157.8,Used,intel,i5,2.6,notebook/laptop,windows,hdd/ssd,500.0,15.6,16.0,hp_i5_standard
other,396.0,Used,intel,other,,other,unknown,unknown,,,,other_other_unknown
lenovo,74.3,New,other,other,,other,unknown,unknown,,,,lenovo_other_unknown
asus,74.44,New,other,other,,other,unknown,unknown,,,,asus_other_unknown
lg,109.9,New,other,other,,other,unknown,unknown,,,,lg_other_unknown
other,574.5,Refurbished,intel,other,,other,unknown,unknown,,,,other_other_unknown
other,89.8,New,other,other,,other,unknown,unknown,,,,other_other_unknown
samsung,135.5,New,other,other,,other,unknown,unknown,,,,samsung_other_unknown
acer,22.22,For Parts,other,pentium,,other,unknown,unknown,,15.4,,acer_pentium_standard
other,20.44,New,other,other,,other,unknown,unknown,,,,other_other_unknown
other,204.5,Used,intel,other,,other,unknown,unknown,,,,other_other_unknown
lenovo,376.0,Used,intel,i5,2.8,notebook/laptop,windows,unknown,480.0,14.0,,lenovo_i5_mid
other,104.7,Unknown,other,other,,other,unknown,unknown,,,,other_other_unknown
other,93.9,New,other,other,,other,unknown,unknown,,,,other_other_unknown
dell,433.0,Used,intel,i5,2.6,notebook/laptop,windows,unknown,960.0,14.0,,dell_i5_mid
other,254.2,New,other,other,,other,unknown,unknown,,,,other_other_unknown
samsung,59.2,Unknown,other,other,,other,unknown,unknown,,,,samsung_other_unknown
other,184.5,Used,other,other,,other,unknown,unknown,,,,other_other_unknown
other,225.0,New,other,celeron,2.9,notebook/laptop,windows,ssd,256.0,15.6,8.0,other_celeron_standard
lenovo,419.5,Used,intel,i3,3.0,notebook/laptop,windows,ssd,128.0,13.3,,lenovo_i3_mid
dell,334.0,Refurbished,nvidia,i5,2.6,notebook/laptop,windows,unknown,240.0,14.0,,dell_i5_mid
other,56.56,New,other,other,,other,unknown,unknown,,,,other_other_unknown
other,105.44,Unknown,other,other,,other,unknown,unknown,,,,other_other_unknown
samsung,114.5,New,other,other,,other,unknown,unknown,,,,samsung_other_unknown
other,101.94,New,other,other,,other,unknown,unknown,,,,other_other_unknown
other,91.9,New,other,other,,other,unknown,unknown,,,,other_other_unknown
dell,314.5,Used,intel,i5,2.6,notebook/laptop,windows,unknown,240.0,14.0,,dell_i5_mid
other,107.6,Unknown,other,other,,other,unknown,unknown,,,,other_other_unknown
other,2680.0,Refurbished,intel,other,,other,unknown,unknown,,,,other_other_unknown
samsung,89.8,New,other,other,,other,unknown,unknown,,,,samsung_other_unknown
dell,462.8,Used,nvidia,i5,2.6,notebook/laptop,windows,unknown,960.0,14.0,,dell_i5_mid
other,85.4,New,other,other,,other,unknown,unknown,,,,other_other_unknown
dell,414.8,Used,intel,i5,2.3,notebook/laptop,windows,ssd,120.0,12.5,,dell_i5_mid
other,1533.0,Refurbished,intel,other,,other,unknown,unknown,,,,other_other_unknown
other,770.5,Used,intel,i5,2.8,notebook/laptop,windows,ssd,240.0,12.5,,other_i5_mid
dell,580.5,Refurbished,intel,i5,2.8,notebook/laptop,windows,unknown,480.0,12.5,,dell_i5_mid
dell,339.5,Used,intel,i5,,notebook/laptop,windows,unknown,120.0,14.0,,dell_i5_mid
other,82.8,Unknown,other,other,,other,unknown,unknown,,,,other_other_unknown
other,247.4,Refurbished,intel,other,,other,unknown,unknown,,,,other_other_unknown
other,548.5,Used,intel,other,,other,unknown,unknown,,,,other_other_unknown
other,494.8,Refurbished,intel,other,,other,unknown,unknown,,,,other_other_unknown
other,511.2,Refurbished,intel,other,,other,unknown,unknown,,,,other_other_unknown
other,227.8,Refurbished,intel,other,,other,unknown,unknown,,,,other_other_unknown
dell,511.8,Used,intel,i5,2.3,notebook/laptop,windows,ssd,480.0,12.5,,dell_i5_mid
other,113.6,New,other,other,,other,unknown,unknown,,,,other_other_unknown
other,375.8,Refurbished,other,other,,other,unknown,unknown,,,,other_other_unknown
lenovo,483.0,Used,intel,i3,,notebook/laptop,windows,unknown,120.0,13.3,,lenovo_i3_mid
other,43.25,New,other,other,,other,unknown,unknown,,,,other_other_unknown
other,778.5,Refurbished,intel,other,,other,unknown,unknown,,,,other_other_unknown
other,440.2,Unknown,other,other,,other,unknown,unknown,,,,other_other_unknown
other,429.0,Used,intel,other,,other,unknown,unknown,,,,other_other_unknown
dell,444.2,Used,intel,i5,2.6,notebook/laptop,windows,unknown,960.0,14.0,,dell_i5_mid
other,537.5,Used,intel,other,,other,unknown,unknown,,,,other_other_unknown
other,115.7,New,other,other,,other,unknown,unknown,,,,other_other_unknown
lenovo,572.0,Used,intel,i5,3.0,notebook/laptop,windows,ssd,120.0,14.0,,lenovo_i5_mid
lenovo,571.0,Used,intel,i5,3.0,notebook/laptop,windows,ssd,480.0,14.0,,lenovo_i5_mid
other,777.5,Refurbished,intel,other,,other,unknown,unknown,,,,other_other_unknown
dell,377.2,Used,nvidia,i5,2.6,notebook/laptop,windows,unknown,240.0,14.0,,dell_i5_mid
other,589.0,New,intel,other,,other,unknown,unknown,,,,other_other_unknown
other,225.0,New,other,celeron,2.5,notebook/laptop,windows,ssd,512.0,15.6,12.0,other_celeron_standard
other,274.5,Used,intel,other,,other,unknown,unknown,,,,other_other_unknown
other,442.8,Used,intel,i3,,notebook/laptop,windows,unknown,120.0,13.3,,other_i3_mid
other,514.5,Used,intel,other,,other,unknown,unknown,,,,other_other_unknown
other,21.88,For Parts,other,pentium,,other,unknown,unknown,,15.4,,other_pentium_standard
other,536.5,Refurbished,intel,other,,other,unknown,unknown,,,,other_other_unknown
lenovo,829.5,Used,intel,i3,1.49,notebook/laptop,windows,ssd,2048.0,15.6,,lenovo_i3_standard
other,739.5,Refurbished,intel,other,,other,unknown,unknown,,,,other_other_unknown
other,158.6,Used,other,other,,other,unknown,unknown,,,,other_other_unknown
dell,370.5,Used,intel,i5,,other,windows,unknown,120.0,10.8,,dell_i5_small
other,842.5,Refurbished,intel,other,,other,unknown,unknown,,,,other_other_unknown
other,203.0,New,other,other,,other,unknown,unknown,,,,other_other_unknown
other,968.0,Refurbished,intel,other,,other,unknown,unknown,,,,other_other_unknown
other,203.1,New,other,other,,other,unknown,unknown,,,,other_other_unknown
other,1093.0,Refurbished,intel,other,,other,unknown,unknown,,,,other_other_unknown
samsung,114.5,Unknown,other,other,,other,unknown,unknown,,14.0,,samsung_other_mid
dell,545.0,Used,intel,i5,2.7,notebook/laptop,windows,unknown,2048.0,14.0,,dell_i5_mid
other,198.6,Used,other,other,,other,unknown,unknown,,,,other_other_unknown
other,339.0,Refurbished,intel,other,,other,unknown,unknown,,,,other_other_unknown
other,360.5,Used,intel,other,,other,unknown,unknown,,,,other_other_unknown
other,593.0,Refurbished,intel,other,,other,unknown,unknown,,,,other_other_unknown
other,303.8,Refurbished,intel,other,,other,unknown,unknown,,,,other_other_unknown
lenovo,613.5,Used,intel,i5,,other,windows,unknown,240.0,14.0,,lenovo_i5_mid
other,406.0,Used,intel,i5,3.0,notebook/laptop,windows,ssd,120.0,15.6,,other_i5_standard
other,371.8,Used,intel,other,,other,unknown,unknown,,,,other_other_unknown
other,559.0,Refurbished,intel,other,,other,unknown,unknown,,,,other_other_unknown
other,766.5,New,intel,other,,other,unknown,unknown,,,,other_other_unknown
dell,313.8,Used,intel,i5,2.6,notebook/laptop,windows,unknown,240.0,14.0,,dell_i5_mid
dell,451.5,Used,intel,i5,2.8,notebook/laptop,windows,unknown,240.0,12.5,,dell_i5_mid
other,335.8,Refurbished,intel,other,,other,unknown,unknown,,,,other_other_unknown
other,463.5,Refurbished,intel,other,,other,unknown,unknown,,,,other_other_unknown
dell,641.5,Used,amd,i5,3.0,notebook/laptop,windows,unknown,960.0,15.6,,dell_i5_standard
other,436.0,Used,intel,i3,3.0,notebook/laptop,windows,ssd,240.0,13.3,,other_i3_mid
other,633.0,Refurbished,intel,other,,other,unknown,unknown,,,,other_other_unknown
other,117.06,New,other,other,,other,unknown,unknown,,,,other_other_unknown
lenovo,580.5,Used,intel,i3,1.49,notebook/laptop,windows,ssd,480.0,15.6,,lenovo_i3_standard
other,645.5,Refurbished,intel,other,,other,unknown,unknown,,,,other_other_unknown
other,1666.0,Refurbished,nvidia,other,,other,unknown,unknown,,,,other_other_unknown
other,820.5,Used,intel,other,,other,unknown,unknown,,,,other_other_unknown
other,845.5,Used,intel,other,,other,unknown,unknown,,,,other_other_unknown
other,182.2,Used,amd,other,,notebook/laptop,unknown,unknown,,,,other_other_unknown
dell,439.0,Refurbished,intel,i5,2.8,notebook/laptop,windows,unknown,120.0,12.5,,dell_i5_mid
other,341.5,Refurbished,intel,other,,other,unknown,unknown,,,,other_other_unknown
other,896.0,Used,intel,other,,other,unknown,unknown,,,,other_other_unknown
other,98.4,Unknown,other,other,,other,unknown,unknown,,,,other_other_unknown
other,1748.0,Refurbished,nvidia,other,,other,unknown,unknown,,,,other_other_unknown
other,66.56,New,other,other,,other,unknown,unknown,,,,other_other_unknown
dell,380.2,Used,intel,i5,3.0,notebook/laptop,windows,ssd,960.0,14.0,,dell_i5_mid
other,3860.0,New,intel,other,,other,unknown,unknown,,,,other_other_unknown
other,289.0,New,other,celeron,2.8,notebook/laptop,windows,ssd,512.0,17.3,8.0,other_celeron_large
samsung,48.0,Used,other,celeron,2.16,notebook/laptop,chrome,ssd,16.0,11.6,16.0,samsung_celeron_small
microsoft,56.94,Used,other,i5,,notebook/laptop,unknown,ssd,256.0,12.5,,microsoft_i5_mid
dell,93.0,Used,intel,celeron,1.1,notebook/laptop,windows,ssd,64.0,11.6,4.0,dell_celeron_small
microsoft,699.0,New,intel,i7,,notebook/laptop,windows,ssd,256.0,15.0,16.0,microsoft_i7_standard
dell,235.0,Used,nvidia,i7,2.7,notebook/laptop,windows,ssd,512.0,15.6,16.0,dell_i7_standard
dell,188.0,Used,other,i5,2.6,notebook/laptop,unknown,ssd,2048.0,15.6,,dell_i5_standard
lenovo,52.0,Used,other,celeron,1.6,notebook/laptop,linux,ssd,16.0,11.6,4.0,lenovo_celeron_small
other,152.2,Used,other,other,,other,unknown,unknown,,,,other_other_unknown
hp,55.0,Used,other,celeron,,notebook/laptop,unknown,unknown,64.0,14.0,64.0,hp_celeron_mid
lenovo,420.0,Used,amd,ryzen5,2.3,notebook/laptop,windows,ssd,256.0,14.0,16.0,lenovo_ryzen5_mid
samsung,40.47,Used,intel,celeron,2.5,notebook/laptop,chrome,ssd,16.0,11.6,4.0,samsung_celeron_small
dell,89.0,Used,other,i5,2.66,notebook/laptop,windows,hdd/ssd,500.0,14.1,4.0,dell_i5_standard
hp,100.0,Open Box,amd,other,2.4,other,chrome,emmc,32.0,14.0,4.0,hp_other_mid
hp,172.0,Used,intel,i7,1.9,notebook/laptop,windows,ssd,256.0,14.0,8.0,hp_i7_mid
lenovo,268.0,Refurbished,nvidia,i7,2.4,notebook/laptop,windows,ssd,512.0,15.6,16.0,lenovo_i7_standard
microsoft,259.8,Used,intel,i5,1.5,notebook/laptop,windows,ssd,256.0,13.5,8.0,microsoft_i5_mid
dell,879.0,Used,nvidia,other,2.8,notebook/laptop,windows,ssd,1024.0,17.3,64.0,dell_other_large
other,919.0,New,nvidia,i7,2.3,notebook/laptop,windows,ssd,512.0,15.6,8.0,other_i7_standard
hp,450.0,Open Box,amd,ryzen7,2.6,notebook/laptop,windows,ssd,256.0,14.0,16.0,hp_ryzen7_mid
lenovo,60.0,Used,amd,other,1.6,notebook/laptop,chrome,ssd,32.0,14.0,4.0,lenovo_other_mid
dell,885.0,Used,intel,pentium,1.1,notebook/laptop,unknown,ssd,128.0,11.6,4.0,dell_pentium_small
dell,629.0,Open Box,other,other,,other,unknown,unknown,,,,dell_other_unknown
dell,140.0,Used,intel,i5,2.3,notebook/laptop,windows,ssd,500.0,14.0,8.0,dell_i5_mid
lenovo,145.0,Used,other,i5,,notebook/laptop,linux,hdd/ssd,500.0,12.0,16.0,lenovo_i5_small
dell,323.0,Used,intel,i7,2.6,notebook/laptop,windows,ssd,512.0,14.0,16.0,dell_i7_mid
lenovo,210.0,Open Box,amd,ryzen3,2.5,notebook/laptop,windows,ssd,128.0,14.0,8.0,lenovo_ryzen3_mid
hp,120.0,For Parts,other,i5,,notebook/laptop,unknown,hdd/ssd,,15.6,,hp_i5_standard
dell,240.0,Refurbished,intel,i5,1.7,notebook/laptop,windows,ssd,500.0,14.0,32.0,dell_i5_mid
dell,190.8,Used,other,i5,1.7,notebook/laptop,windows,ssd,256.0,15.6,8.0,dell_i5_standard
lenovo,230.0,Used,other,i5,2.5,notebook/laptop,unknown,hdd/ssd,500.0,15.6,4.0,lenovo_i5_standard
lenovo,215.0,Used,intel,i3,1.2,notebook/laptop,windows,hdd/ssd,512.0,15.6,12.0,lenovo_i3_standard
acer,79.1,Used,nvidia,i5,2.3,notebook/laptop,windows,hdd/ssd,720.0,15.6,8.0,acer_i5_standard
dell,599.0,New,intel,i5,2.4,notebook/laptop,windows,ssd,1024.0,15.6,16.0,dell_i5_standard
other,320.0,New,intel,i5,1.2,notebook/laptop,windows,ssd,512.0,14.1,8.0,other_i5_standard
hp,226.5,Used,intel,i7,1.8,notebook/laptop,windows,ssd,500.0,15.6,16.0,hp_i7_standard
dell,599.0,Refurbished,other,i7,,other,windows,unknown,,15.0,,dell_i7_standard
acer,105.06,Used,other,i5,1.6,notebook/laptop,windows,ssd,128.0,14.0,8.0,acer_i5_mid
dell,31.95,For Parts,intel,i5,1.6,notebook/laptop,unknown,ssd,8.0,10.8,8.0,dell_i5_small
dell,75.0,Used,intel,i5,2.67,notebook/laptop,windows,hdd/ssd,250.0,13.3,4.0,dell_i5_mid
lenovo,189.0,Used,intel,i5,1.6,notebook/laptop,windows,ssd,256.0,14.0,16.0,lenovo_i5_mid
dell,180.5,Refurbished,other,i7,,notebook/laptop,windows,ssd,240.0,14.0,16.0,dell_i7_mid
lenovo,198.0,Refurbished,other,i5,2.5,notebook/laptop,windows,ssd,256.0,14.0,16.0,lenovo_i5_mid
hp,686.0,Unknown,nvidia,ryzen5,3.3,notebook/laptop,windows,ssd,512.0,15.6,8.0,hp_ryzen5_standard
lenovo,164.2,Used,other,i7,2.6,notebook/laptop,windows,ssd,512.0,12.5,8.0,lenovo_i7_mid
acer,249.0,Unknown,intel,i3,4.1,notebook/laptop,windows,ssd,128.0,15.6,4.0,acer_i3_standard
hp,50.0,Used,other,celeron,1.1,notebook/laptop,chrome,emmc,32.0,14.0,32.0,hp_celeron_mid
hp,48.0,Used,other,i5,1.9,notebook/laptop,windows,ssd,128.0,,4.0,hp_i5_unknown
acer,190.0,Used,other,ryzen3,,other,windows,ssd,128.0,15.6,8.0,acer_ryzen3_standard
dell,100.0,Used,other,i5,2.2,notebook/laptop,windows,ssd,128.0,13.3,8.0,dell_i5_mid
samsung,150.0,Unknown,intel,celeron,1.1,notebook/laptop,chrome,emmc,32.0,14.0,4.0,samsung_celeron_mid
samsung,20.97,For Parts,other,celeron,,notebook/laptop,chrome,ssd,16.0,11.6,4.0,samsung_celeron_small
lenovo,198.0,Used,intel,i7,,notebook/laptop,windows,ssd,128.0,14.0,8.0,lenovo_i7_mid
dell,1330.0,Refurbished,intel,i7,1.8,notebook/laptop,windows,ssd,256.0,14.0,16.0,dell_i7_mid
dell,1050.0,Refurbished,intel,i3,3.3,other,windows,ssd,256.0,14.0,8.0,dell_i3_mid
lenovo,135.9,Unknown,intel,i5,2.4,notebook/laptop,windows,ssd,256.0,12.1,8.0,lenovo_i5_mid
dell,140.0,Used,intel,celeron,1.1,notebook/laptop,windows,ssd,128.0,11.6,4.0,dell_celeron_small
other,110.0,Used,other,i5,,notebook/laptop,windows,ssd,256.0,14.0,8.0,other_i5_mid
lenovo,144.5,Used,other,i5,2.3,notebook/laptop,windows,ssd,256.0,14.0,8.0,lenovo_i5_mid
hp,329.2,Unknown,other,i5,1.6,other,windows,ssd,256.0,13.3,8.0,hp_i5_mid
hp,153.0,Used,intel,i5,1.6,notebook/laptop,windows,ssd,120.0,14.0,8.0,hp_i5_mid
dell,399.0,Unknown,intel,i5,2.5,notebook/laptop,windows,ssd,256.0,15.6,8.0,dell_i5_standard
dell,899.0,New,other,i7,1.3,notebook/laptop,windows,hdd/ssd,2048.0,17.3,8.0,dell_i7_large
microsoft,510.0,Used,other,other,1.8,notebook/laptop,windows,ssd,256.0,13.0,16.0,microsoft_other_mid
lenovo,420.0,Refurbished,intel,i7,1.8,notebook/laptop,windows,ssd,256.0,13.0,16.0,lenovo_i7_mid
hp,115.6,Used,amd,i5,2.5,notebook/laptop,windows,ssd,256.0,15.6,8.0,hp_i5_standard
dell,97.7,Used,other,i5,2.5,notebook/laptop,windows,hdd/ssd,500.0,14.0,4.0,dell_i5_mid
dell,160.0,Used,intel,i5,2.4,notebook/laptop,windows,ssd,256.0,14.0,8.0,dell_i5_mid
dell,400.0,Unknown,intel,i5,2.6,notebook/laptop,windows,ssd,256.0,15.6,16.0,dell_i5_standard
hp,399.0,Unknown,intel,i5,3.3,notebook/laptop,windows,ssd,512.0,15.6,12.0,hp_i5_standard
acer,629.0,New,nvidia,i5,2.7,notebook/laptop,windows,ssd,512.0,15.6,16.0,acer_i5_standard
hp,839.5,Refurbished,other,i7,,notebook/laptop,windows,ssd,1024.0,17.3,32.0,hp_i7_large
dell,130.0,Used,other,celeron,2.16,other,chrome,ssd,16.0,11.6,,dell_celeron_small
lenovo,550.0,Unknown,intel,i5,1.8,notebook/laptop,windows,ssd,256.0,13.5,16.0,lenovo_i5_mid
dell,350.0,Used,intel,i7,3.0,notebook/laptop,windows,ssd,256.0,14.0,16.0,dell_i7_mid
hp,85.0,Used,other,i5,,notebook/laptop,unknown,ssd,8.0,14.0,8.0,hp_i5_mid
other,139.5,Used,other,other,,other,android,emmc,16.0,7.0,,other_other_small
microsoft,120.0,Used,intel,i5,2.6,other,windows,ssd,256.0,12.3,8.0,microsoft_i5_mid
samsung,29.0,Used,intel,other,1.7,notebook/laptop,chrome,emmc,16.0,11.6,2.0,samsung_other_small
acer,58.0,Used,intel,celeron,1.6,notebook/laptop,chrome,ssd,32.0,11.6,4.0,acer_celeron_small
hp,548.0,Unknown,intel,i5,1.7,notebook/laptop,windows,ssd,256.0,14.0,16.0,hp_i5_mid
hp,525.0,Used,nvidia,i7,2.6,notebook/laptop,windows,ssd,512.0,17.3,64.0,hp_i7_large
lenovo,338.8,New,intel,i3,,notebook/laptop,windows,ssd,256.0,15.6,8.0,lenovo_i3_standard
lenovo,300.0,Used,other,i7,,notebook/laptop,windows,ssd,512.0,14.0,16.0,lenovo_i7_mid
hp,167.8,Used,other,i5,2.3,notebook/laptop,windows,ssd,256.0,15.6,12.0,hp_i5_standard
microsoft,150.0,Used,other,i5,2.4,notebook/laptop,windows,ssd,128.0,13.5,8.0,microsoft_i5_mid
lenovo,190.0,Used,intel,i5,1.7,notebook/laptop,windows,ssd,256.0,14.0,8.0,lenovo_i5_mid
dell,330.0,Refurbished,intel,i5,2.6,notebook/laptop,windows,ssd,512.0,14.0,16.0,dell_i5_mid
other,40.0,Used,other,celeron,2.16,notebook/laptop,chrome,ssd,16.0,13.3,4.0,other_celeron_mid
other,77.0,Used,amd,ryzen7,,notebook/laptop,unknown,unknown,,15.6,8.0,other_ryzen7_standard
acer,37.0,Used,other,celeron,1.4,other,chrome,unknown,4.0,11.6,4.0,acer_celeron_small
dell,650.0,Used,nvidia,i7,2.4,notebook/laptop,windows,ssd,512.0,17.3,32.0,dell_i7_large
hp,88.94,Used,intel,other,1.0,notebook/laptop,windows,ssd,256.0,11.6,8.0,hp_other_small
lenovo,35.0,Used,intel,celeron,1.83,notebook/laptop,chrome,emmc,16.0,11.6,4.0,lenovo_celeron_small
hp,65.94,Used,other,celeron,2.16,other,windows,ssd,500.0,15.6,4.0,hp_celeron_standard
samsung,53.0,Used,intel,i5,1.6,notebook/laptop,windows,ssd,64.0,12.2,4.0,samsung_i5_mid
dell,10.99,Unknown,intel,i5,2.4,notebook/laptop,windows,ssd,128.0,14.0,8.0,dell_i5_mid
hp,37.94,Used,intel,celeron,2.16,other,chrome,ssd,16.0,11.6,4.0,hp_celeron_small
lenovo,125.0,Used,other,ryzen3,2.5,other,windows,hdd/ssd,500.0,14.0,8.0,lenovo_ryzen3_mid
dell,325.0,Open Box,nvidia,i7,3.9,other,windows,other,128.0,15.6,8.0,dell_i7_standard
lenovo,616.5,Open Box,intel,i7,4.7,notebook/laptop,windows,ssd,512.0,16.0,16.0,lenovo_i7_large
dell,95.0,Refurbished,other,i3,,other,chrome,ssd,128.0,14.0,8.0,dell_i3_mid
dell,280.0,Refurbished,intel,i5,1.9,notebook/laptop,windows,ssd,500.0,14.0,32.0,dell_i5_mid
hp,184.1,Unknown,other,i5,3.0,other,windows,unknown,256.0,12.5,8.0,hp_i5_mid
samsung,25.9,Unknown,other,other,2.5,notebook/laptop,windows,unknown,64.0,14.0,64.0,samsung_other_mid
dell,240.0,Refurbished,intel,i7,3.9,other,windows,ssd,2048.0,14.0,64.0,dell_i7_mid
dell,97.0,Used,intel,celeron,2.16,notebook/laptop,chrome,ssd,16.0,11.6,4.0,dell_celeron_small
hp,780.0,New,intel,i7,1.7,notebook/laptop,windows,hdd/ssd,4096.0,17.3,64.0,hp_i7_large
asus,699.0,New,other,other,3.3,notebook/laptop,windows,ssd,512.0,14.0,16.0,asus_other_mid
lenovo,16.0,Unknown,intel,celeron,1.6,notebook/laptop,chrome,ssd,16.0,11.6,4.0,lenovo_celeron_small
dell,119.0,Refurbished,other,i3,,notebook/laptop,windows,hdd/ssd,320.0,15.6,4.0,dell_i3_standard
dell,190.0,Used,other,i5,2.1,notebook/laptop,windows,ssd,1024.0,14.0,16.0,dell_i5_mid
other,80.0,Unknown,other,i5,,other,unknown,unknown,,10.1,,other_i5_small
samsung,350.0,Used,intel,i5,1.6,notebook/laptop,chrome,ssd,256.0,13.3,8.0,samsung_i5_mid
hp,89.0,Used,intel,i3,,notebook/laptop,windows,hdd/ssd,320.0,,2.0,hp_i3_unknown
hp,45.88,Used,other,other,1.6,notebook/laptop,chrome,emmc,16.0,11.6,4.0,hp_other_small
lenovo,109.0,Used,other,i5,2.4,notebook/laptop,chrome,ssd,32.0,13.3,8.0,lenovo_i5_mid
other,216.5,Refurbished,other,other,,other,unknown,unknown,,,,other_other_unknown
dell,170.9,Used,other,i5,,notebook/laptop,windows,ssd,256.0,14.0,8.0,dell_i5_mid
lenovo,190.0,Unknown,amd,other,2.8,notebook/laptop,windows,emmc,64.0,11.6,4.0,lenovo_other_small
lenovo,339.0,Refurbished,nvidia,i7,2.7,notebook/laptop,windows,ssd,1024.0,15.6,16.0,lenovo_i7_standard
acer,629.0,New,nvidia,i5,2.7,notebook/laptop,windows,ssd,512.0,15.6,16.0,acer_i5_standard
dell,300.0,New,other,i3,,notebook/laptop,windows,ssd,256.0,15.6,8.0,dell_i3_standard
asus,130.0,Used,other,i5,,notebook/laptop,windows,unknown,1024.0,14.0,8.0,asus_i5_mid
dell,131.2,Refurbished,other,other,1.1,notebook/laptop,windows,ssd,256.0,10.8,8.0,dell_other_small
other,140.0,Unknown,intel,pentium,1.1,notebook/laptop,chrome,emmc,128.0,15.6,4.0,other_pentium_standard
dell,307.0,Refurbished,intel,i5,3.1,notebook/laptop,windows,ssd,2048.0,15.6,,dell_i5_standard
hp,299.0,Refurbished,intel,i7,2.7,notebook/laptop,windows,ssd,1024.0,15.6,16.0,hp_i7_standard
dell,825.0,New,intel,i7,3.9,notebook/laptop,windows,ssd,512.0,14.0,16.0,dell_i7_mid
dell,449.0,Used,other,i7,3.8,notebook/laptop,windows,ssd,1024.0,17.3,32.0,dell_i7_large
dell,95.0,Used,other,other,,other,windows,unknown,250.0,14.0,,dell_other_mid
hp,198.0,Refurbished,intel,i5,1.7,notebook/laptop,windows,ssd,128.0,14.0,8.0,hp_i5_mid
dell,49.94,For Parts,other,i5,,notebook/laptop,unknown,other,,14.0,,dell_i5_mid
dell,135.0,Refurbished,intel,i5,2.9,notebook/laptop,windows,other,,14.0,8.0,dell_i5_mid
lenovo,299.0,Used,amd,ryzen7,2.3,notebook/laptop,windows,ssd,512.0,14.0,16.0,lenovo_ryzen7_mid
dell,363.0,Used,intel,i7,1.9,notebook/laptop,windows,ssd,512.0,14.0,16.0,dell_i7_mid
dell,200.0,Used,intel,i5,1.7,notebook/laptop,unknown,ssd,,14.0,8.0,dell_i5_mid
dell,140.0,Used,other,i7,,notebook/laptop,windows,unknown,,14.0,,dell_i7_mid
dell,297.0,Refurbished,intel,i5,2.4,notebook/laptop,windows,ssd,512.0,14.0,8.0,dell_i5_mid
lenovo,282.0,Refurbished,nvidia,i7,2.6,notebook/laptop,windows,ssd,512.0,15.6,16.0,lenovo_i7_standard
lenovo,225.0,Refurbished,intel,i5,1.6,notebook/laptop,windows,ssd,512.0,14.0,8.0,lenovo_i5_mid
hp,800.0,New,other,i5,,notebook/laptop,unknown,unknown,,15.6,,hp_i5_standard
dell,245.0,Used,intel,i5,1.7,notebook/laptop,windows,ssd,1024.0,14.0,32.0,dell_i5_mid
lenovo,585.0,Refurbished,nvidia,i7,3.0,notebook/laptop,windows,ssd,512.0,15.6,32.0,lenovo_i7_standard
dell,170.0,Refurbished,other,i5,,notebook/laptop,windows,ssd,240.0,14.0,8.0,dell_i5_mid
hp,494.2,Used,other,i5,2.4,notebook/laptop,windows,ssd,256.0,14.0,16.0,hp_i5_mid
dell,400.0,Used,other,i7,2.6,notebook/laptop,unknown,unknown,,15.6,32.0,dell_i7_standard
hp,439.0,New,other,i5,2.4,other,windows,ssd,256.0,14.0,8.0,hp_i5_mid
dell,479.0,Unknown,intel,i5,2.0,notebook/laptop,windows,ssd,512.0,15.6,16.0,dell_i5_standard
dell,33.94,Used,intel,celeron,1.6,notebook/laptop,chrome,emmc,16.0,11.6,4.0,dell_celeron_small
other,250.0,Used,other,other,1.1,other,windows,ssd,128.0,12.5,8.0,other_other_mid
dell,388.0,Used,nvidia,i7,2.6,notebook/laptop,unknown,ssd,512.0,15.6,32.0,dell_i7_standard
dell,410.0,New,other,other,,other,unknown,unknown,,14.0,,dell_other_mid
other,499.0,Unknown,other,other,1.8,other,unknown,unknown,,13.3,4.0,other_other_mid
other,300.0,New,intel,i5,3.8,notebook/laptop,windows,ssd,1024.0,14.0,8.0,other_i5_mid
hp,85.0,Used,intel,celeron,2.16,notebook/laptop,chrome,emmc,16.0,11.6,4.0,hp_celeron_small
other,461.2,Used,other,i5,1.4,notebook/laptop,mac,ssd,512.0,13.3,16.0,other_i5_mid
hp,110.94,Used,intel,celeron,1.1,notebook/laptop,windows,emmc,64.0,14.0,4.0,hp_celeron_mid
dell,56.0,Used,other,i3,,other,unknown,unknown,,15.6,,dell_i3_standard
hp,135.0,Used,nvidia,i7,2.2,notebook/laptop,windows,ssd,256.0,15.6,8.0,hp_i7_standard
dell,464.5,Used,nvidia,i5,2.6,notebook/laptop,unknown,ssd,512.0,15.6,16.0,dell_i5_standard
other,195.6,Refurbished,other,other,,other,unknown,unknown,,,,other_other_unknown
lenovo,170.0,Used,intel,i5,1.7,notebook/laptop,windows,ssd,256.0,15.6,8.0,lenovo_i5_standard
other,290.0,Used,intel,i7,2.5,other,windows,ssd,256.0,11.6,16.0,other_i7_small
hp,395.0,Used,nvidia,i7,1.8,notebook/laptop,windows,ssd,1024.0,14.0,32.0,hp_i7_mid
hp,49.94,Used,other,celeron,1.1,notebook/laptop,chrome,emmc,32.0,14.0,8.0,hp_celeron_mid
other,84.5,For Parts,other,i3,3.0,notebook/laptop,unknown,hdd/ssd,,15.6,,other_i3_standard
dell,930.0,New,other,pentium,1.9,notebook/laptop,windows,ssd,1024.0,17.3,16.0,dell_pentium_large
dell,171.0,Refurbished,intel,i5,1.7,notebook/laptop,windows,ssd,500.0,14.0,16.0,dell_i5_mid
lenovo,35.0,Used,intel,celeron,1.0,other,chrome,ssd,16.0,11.6,4.0,lenovo_celeron_small
hp,949.5,Refurbished,nvidia,ryzen7,5.1,notebook/laptop,windows,ssd,512.0,16.1,16.0,hp_ryzen7_large
dell,330.0,Refurbished,intel,i7,2.6,notebook/laptop,windows,ssd,512.0,15.6,,dell_i7_standard
microsoft,900.0,Refurbished,other,i7,1.8,notebook/laptop,windows,ssd,512.0,13.5,32.0,microsoft_i7_mid
dell,329.5,Used,nvidia,i7,2.2,notebook/laptop,windows,ssd,512.0,15.6,32.0,dell_i7_standard
samsung,159.0,Unknown,other,other,2.55,notebook/laptop,windows,ssd,64.0,14.0,4.0,samsung_other_mid
other,5.55,New,other,other,,other,unknown,unknown,,,,other_other_unknown
hp,330.0,New,intel,i3,4.1,notebook/laptop,windows,ssd,256.0,15.6,8.0,hp_i3_standard
other,32.53,For Parts,other,other,,other,unknown,unknown,,,,other_other_unknown
dell,225.0,Used,nvidia,i7,2.7,notebook/laptop,windows,ssd,512.0,15.6,16.0,dell_i7_standard
lenovo,200.0,Used,other,i5,1.7,other,windows,ssd,256.0,13.0,8.0,lenovo_i5_mid
lenovo,616.5,Open Box,intel,i7,4.7,notebook/laptop,windows,ssd,512.0,16.0,16.0,lenovo_i7_large
other,324.0,New,intel,other,3.4,notebook/laptop,windows,ssd,512.0,10.5,12.0,other_other_small
other,162.0,Used,other,other,,notebook/laptop,unknown,unknown,,,,other_other_unknown
lenovo,154.0,Used,intel,i5,2.3,notebook/laptop,windows,ssd,512.0,14.0,16.0,lenovo_i5_mid
hp,380.0,Unknown,intel,i5,2.4,notebook/laptop,windows,ssd,256.0,15.6,8.0,hp_i5_standard
dell,80.0,Used,intel,i5,2.5,notebook/laptop,linux,ssd,240.0,15.6,8.0,dell_i5_standard
dell,800.0,Used,nvidia,i5,4.6,notebook/laptop,windows,ssd,256.0,17.0,16.0,dell_i5_large
hp,170.0,Unknown,other,i7,3.0,notebook/laptop,windows,ssd,512.0,14.0,8.0,hp_i7_mid
dell,245.0,Used,other,other,,notebook/laptop,unknown,ssd,,,8.0,dell_other_unknown
lenovo,39.94,Used,other,other,,other,chrome,emmc,16.0,11.6,16.0,lenovo_other_small
hp,58.0,Used,other,other,1.6,notebook/laptop,chrome,emmc,16.0,11.6,4.0,hp_other_small
lenovo,780.0,Unknown,amd,ryzen7,2.7,notebook/laptop,windows,ssd,1024.0,16.0,16.0,lenovo_ryzen7_large
lenovo,400.0,Used,intel,i5,1.6,notebook/laptop,windows,ssd,1024.0,15.6,32.0,lenovo_i5_standard
hp,35.0,Used,other,other,1.6,other,unknown,hdd/ssd,300.0,10.1,2.0,hp_other_small
dell,300.0,Used,intel,i5,3.6,notebook/laptop,windows,ssd,1024.0,14.0,32.0,dell_i5_mid
hp,139.0,Unknown,intel,celeron,1.1,notebook/laptop,chrome,ssd,128.0,14.0,4.0,hp_celeron_mid
dell,400.0,Refurbished,other,i7,,other,unknown,unknown,,14.0,,dell_i7_mid
hp,239.5,Refurbished,other,i5,1.2,notebook/laptop,windows,ssd,256.0,12.5,8.0,hp_i5_mid
other,169.0,Used,other,i5,,notebook/laptop,windows,ssd,256.0,13.3,8.0,other_i5_mid
dell,189.0,Used,intel,i5,2.6,notebook/laptop,windows,other,256.0,14.0,16.0,dell_i5_mid
dell,358.0,Refurbished,intel,i5,3.6,notebook/laptop,windows,ssd,2048.0,15.6,,dell_i5_standard
dell,290.0,Refurbished,intel,i5,3.6,notebook/laptop,windows,ssd,2048.0,14.0,,dell_i5_mid
dell,326.0,Refurbished,intel,i7,3.9,notebook/laptop,windows,ssd,2048.0,14.0,,dell_i7_mid
lenovo,200.0,Refurbished,intel,i5,2.4,notebook/laptop,windows,ssd,512.0,14.0,20.0,lenovo_i5_mid
lenovo,289.0,New,intel,pentium,3.3,notebook/laptop,windows,ssd,1024.0,15.6,36.0,lenovo_pentium_standard
lenovo,280.0,Refurbished,intel,i5,1.7,notebook/laptop,windows,ssd,500.0,14.0,16.0,lenovo_i5_mid
hp,180.0,For Parts,other,i3,2.4,notebook/laptop,unknown,ssd,120.0,13.3,8.0,hp_i3_mid
dell,49.5,Used,intel,celeron,2.16,notebook/laptop,chrome,ssd,16.0,11.6,4.0,dell_celeron_small
dell,325.0,Refurbished,intel,i5,3.4,notebook/laptop,windows,ssd,2048.0,14.0,,dell_i5_mid
microsoft,388.8,Unknown,intel,i7,1.9,notebook/laptop,windows,ssd,512.0,13.3,16.0,microsoft_i7_mid
lenovo,594.5,Open Box,intel,i7,5.0,notebook/laptop,windows,ssd,512.0,16.0,16.0,lenovo_i7_large
dell,325.0,Refurbished,intel,i5,3.1,notebook/laptop,windows,ssd,2048.0,,,dell_i5_unknown
other,160.0,New,intel,celeron,2.7,notebook/laptop,windows,ssd,256.0,14.1,8.0,other_celeron_standard
dell,130.0,Used,other,other,2.8,notebook/laptop,windows,ssd,128.0,11.6,4.0,dell_other_small
dell,185.0,Used,intel,i5,2.4,other,windows,ssd,512.0,14.0,8.0,dell_i5_mid
lenovo,199.0,Used,intel,i5,1.6,notebook/laptop,windows,ssd,256.0,14.0,16.0,lenovo_i5_mid
dell,729.0,Refurbished,other,i7,2.4,notebook/laptop,windows,ssd,1024.0,16.0,32.0,dell_i7_large
lenovo,160.0,Unknown,intel,other,1.7,notebook/laptop,windows,ssd,256.0,12.5,8.0,lenovo_other_mid
microsoft,230.0,Unknown,intel,pentium,1.1,notebook/laptop,windows,ssd,64.0,10.5,4.0,microsoft_pentium_small
lenovo,62.5,Refurbished,intel,other,1.6,notebook/laptop,chrome,emmc,,14.0,4.0,lenovo_other_mid
dell,325.0,Refurbished,intel,i5,3.4,notebook/laptop,windows,ssd,2048.0,,,dell_i5_unknown
lenovo,48.0,Used,intel,i5,2.6,notebook/laptop,windows,ssd,500.0,14.0,8.0,lenovo_i5_mid
hp,550.0,Unknown,nvidia,ryzen5,3.3,notebook/laptop,windows,ssd,512.0,15.6,8.0,hp_ryzen5_standard
lenovo,151.1,Refurbished,other,i5,2.6,notebook/laptop,windows,ssd,256.0,13.3,8.0,lenovo_i5_mid
lenovo,230.0,For Parts,other,i5,1.6,other,unknown,ssd,,13.3,4.0,lenovo_i5_mid
other,151.8,Used,other,i5,2.3,other,unknown,unknown,128.0,10.1,8.0,other_i5_small
hp,150.0,Used,intel,celeron,1.1,notebook/laptop,windows,ssd,128.0,11.6,4.0,hp_celeron_small
dell,225.0,Used,other,i7,1.9,notebook/laptop,windows,ssd,512.0,14.0,16.0,dell_i7_mid
other,202.5,New,intel,celeron,2.6,notebook/laptop,windows,ssd,1024.0,14.1,8.0,other_celeron_standard
hp,62.0,Used,other,i5,1.9,notebook/laptop,windows,hdd/ssd,500.0,,4.0,hp_i5_unknown
dell,700.0,Unknown,intel,i7,3.7,notebook/laptop,windows,ssd,1024.0,16.0,32.0,dell_i7_large
other,230.0,Used,other,i7,1.5,other,chrome,ssd,256.0,12.3,16.0,other_i7_mid
lenovo,900.0,Unknown,nvidia,i7,4.7,notebook/laptop,windows,ssd,512.0,16.0,16.0,lenovo_i7_large
acer,53.0,Unknown,other,other,2.1,notebook/laptop,chrome,emmc,32.0,13.3,4.0,acer_other_mid
other,177.1,Used,other,i5,2.3,other,unknown,unknown,,10.1,8.0,other_i5_small
hp,200.0,For Parts,other,i5,,other,unknown,unknown,,11.6,,hp_i5_small
dell,430.0,Refurbished,intel,i7,4.2,notebook/laptop,windows,ssd,2048.0,14.0,,dell_i7_mid
hp,75.0,Refurbished,intel,celeron,2.16,notebook/laptop,chrome,emmc,16.0,11.6,4.0,hp_celeron_small
microsoft,90.0,Used,other,i5,1.9,notebook/laptop,windows,ssd,128.0,12.3,4.0,microsoft_i5_mid
dell,599.0,Used,other,i7,1.9,other,windows,ssd,512.0,11.6,16.0,dell_i7_small
other,525.0,Unknown,other,i5,,other,unknown,ssd,512.0,14.0,16.0,other_i5_mid
asus,495.0,Unknown,intel,i7,4.7,notebook/laptop,windows,ssd,512.0,15.6,16.0,asus_i7_standard
lenovo,100.0,Used,intel,celeron,1.6,notebook/laptop,windows,ssd,128.0,11.6,4.0,lenovo_celeron_small
acer,650.0,Unknown,nvidia,i5,4.0,notebook/laptop,windows,ssd,512.0,17.3,8.0,acer_i5_large
hp,365.0,Refurbished,intel,i7,1.8,notebook/laptop,windows,ssd,1024.0,15.6,32.0,hp_i7_standard
dell,455.0,Refurbished,intel,i7,4.9,notebook/laptop,windows,ssd,1024.0,14.0,16.0,dell_i7_mid
dell,210.5,Refurbished,other,i5,1.6,notebook/laptop,windows,ssd,256.0,14.0,4.0,dell_i5_mid
microsoft,400.0,Used,intel,i5,1.1,notebook/laptop,unknown,ssd,128.0,12.3,8.0,microsoft_i5_mid
other,362.5,New,intel,i7,4.7,notebook/laptop,windows,ssd,512.0,14.1,8.0,other_i7_standard
dell,36.88,For Parts,other,i7,,notebook/laptop,unknown,hdd/ssd,,14.0,,dell_i7_mid
dell,749.0,Refurbished,intel,i7,4.8,notebook/laptop,windows,ssd,1024.0,13.4,32.0,dell_i7_mid
dell,200.0,Used,intel,i5,1.7,notebook/laptop,unknown,ssd,,14.0,8.0,dell_i5_mid
asus,254.0,Used,other,i3,,other,unknown,unknown,,,,asus_i3_unknown
samsung,90.0,Unknown,other,other,2.0,other,chrome,unknown,32.0,,4.0,samsung_other_unknown
other,169.0,New,other,other,,other,unknown,unknown,,,,other_other_unknown
dell,40.0,Used,other,i5,2.6,notebook/laptop,windows,hdd/ssd,250.0,14.0,4.0,dell_i5_mid
other,151.1,Used,other,other,,notebook/laptop,unknown,unknown,,,,other_other_unknown
lenovo,209.0,Used,intel,celeron,1.6,notebook/laptop,chrome,ssd,16.0,11.6,4.0,lenovo_celeron_small
dell,124.9,Used,amd,pentium,1.73,notebook/laptop,windows,hdd/ssd,120.0,15.4,2.0,dell_pentium_standard
dell,89.9,Refurbished,intel,celeron,2.48,notebook/laptop,chrome,ssd,32.0,11.6,4.0,dell_celeron_small
lenovo,219.0,Used,intel,i5,1.7,notebook/laptop,windows,ssd,256.0,14.0,8.0,lenovo_i5_mid
other,216.4,Unknown,other,other,,other,unknown,unknown,,,,other_other_unknown
lenovo,700.0,Unknown,intel,i5,1.3,notebook/laptop,windows,ssd,512.0,16.0,16.0,lenovo_i5_large
samsung,28.16,Used,other,other,1.7,other,chrome,emmc,16.0,11.6,2.0,samsung_other_small
hp,699.0,New,nvidia,i5,4.4,notebook/laptop,windows,ssd,2048.0,15.6,64.0,hp_i5_standard
other,760.0,Used,other,other,,other,unknown,unknown,,,,other_other_unknown
other,349.0,Used,intel,other,2.6,notebook/laptop,windows,emmc,128.0,7.0,8.0,other_other_small
samsung,264.0,Open Box,other,celeron,1.1,other,chrome,emmc,32.0,14.0,4.0,samsung_celeron_mid
lenovo,335.0,Used,intel,i7,1.9,notebook/laptop,windows,ssd,512.0,14.0,16.0,lenovo_i7_mid
lenovo,379.0,New,amd,other,2.3,notebook/laptop,windows,ssd,512.0,13.3,8.0,lenovo_other_mid
other,170.5,Used,intel,i7,1.07,other,windows,ssd,120.0,10.4,4.0,other_i7_small
hp,135.0,Used,nvidia,i7,2.2,notebook/laptop,windows,ssd,256.0,15.6,8.0,hp_i7_standard
lenovo,65.0,Unknown,mali,other,2.0,other,chrome,emmc,32.0,10.1,,lenovo_other_small
hp,736.0,New,other,i7,1.7,other,windows,ssd,512.0,14.0,16.0,hp_i7_mid
other,685.0,Used,nvidia,other,,other,unknown,unknown,,,,other_other_unknown
other,10.49,For Parts,other,other,1.3,notebook/laptop,android,unknown,,7.0,,other_other_small
other,333.2,Used,other,i5,2.6,other,windows,ssd,500.0,14.0,16.0,other_i5_mid
other,250.0,Used,other,other,1.1,other,windows,ssd,128.0,12.5,8.0,other_other_mid
dell,689.0,Refurbished,other,i7,,other,unknown,unknown,,15.0,,dell_i7_standard
hp,350.0,Open Box,intel,i5,2.6,notebook/laptop,windows,ssd,256.0,14.0,16.0,hp_i5_mid
dell,120.9,Used,other,i5,2.0,other,windows,ssd,256.0,12.5,8.0,dell_i5_mid
lenovo,149.0,Used,intel,i5,2.4,notebook/laptop,windows,ssd,256.0,15.0,16.0,lenovo_i5_standard
hp,39.0,Used,intel,celeron,1.1,notebook/laptop,chrome,ssd,16.0,11.6,4.0,hp_celeron_small
lenovo,98.0,Used,intel,celeron,1.1,notebook/laptop,windows,ssd,128.0,11.6,4.0,lenovo_celeron_small
other,193.0,New,intel,celeron,2.8,notebook/laptop,windows,ssd,256.0,14.1,8.0,other_celeron_standard
other,200.0,Used,other,i5,,other,unknown,unknown,,13.0,,other_i5_mid
hp,645.0,Used,nvidia,i7,2.6,notebook/laptop,windows,ssd,1024.0,17.3,64.0,hp_i7_large
dell,440.0,Used,intel,i5,2.5,notebook/laptop,linux,ssd,500.0,15.6,16.0,dell_i5_standard
microsoft,563.0,Open Box,intel,i5,3.3,notebook/laptop,windows,ssd,256.0,13.5,8.0,microsoft_i5_mid
lenovo,150.0,Used,other,i7,1.8,notebook/laptop,chrome,other,128.0,17.3,16.0,lenovo_i7_large
lenovo,160.0,Refurbished,intel,i3,2.1,notebook/laptop,windows,ssd,240.0,15.6,8.0,lenovo_i3_standard
lenovo,259.0,Unknown,intel,i3,3.0,notebook/laptop,windows,ssd,128.0,14.0,4.0,lenovo_i3_mid
other,695.0,New,intel,i5,,notebook/laptop,unknown,ssd,512.0,15.6,8.0,other_i5_standard
hp,170.0,Used,other,i5,2.4,notebook/laptop,windows,ssd,256.0,15.6,16.0,hp_i5_standard
hp,265.5,Refurbished,amd,i7,1.9,notebook/laptop,windows,ssd,1024.0,15.0,16.0,hp_i7_standard
lenovo,249.0,Used,intel,i3,3.0,notebook/laptop,windows,ssd,128.0,14.0,8.0,lenovo_i3_mid
lenovo,380.0,Refurbished,other,i7,2.8,notebook/laptop,windows,hdd/ssd,2048.0,14.0,32.0,lenovo_i7_mid
other,350.0,Used,intel,i5,2.4,notebook/laptop,windows,ssd,512.0,14.1,16.0,other_i5_standard
hp,908.5,Used,other,i7,,notebook/laptop,windows,unknown,512.0,13.5,16.0,hp_i7_mid
dell,329.0,Unknown,intel,i7,2.9,notebook/laptop,windows,ssd,512.0,15.6,16.0,dell_i7_standard
dell,200.0,Refurbished,intel,i5,,notebook/laptop,windows,ssd,256.0,15.6,16.0,dell_i5_standard
asus,159.0,Open Box,other,other,1.46,notebook/laptop,windows,emmc,64.0,10.1,4.0,asus_other_small
lenovo,220.0,Unknown,intel,pentium,1.1,notebook/laptop,windows,emmc,128.0,15.6,4.0,lenovo_pentium_standard
dell,75.0,Used,intel,i5,2.6,notebook/laptop,windows,ssd,128.0,14.0,8.0,dell_i5_mid
dell,599.0,Unknown,other,i7,3.0,notebook/laptop,windows,ssd,512.0,15.6,16.0,dell_i7_standard
microsoft,529.0,Unknown,intel,i5,2.4,notebook/laptop,windows,ssd,512.0,13.5,8.0,microsoft_i5_mid
asus,275.0,For Parts,nvidia,ryzen5,,notebook/laptop,unknown,unknown,256.0,15.6,8.0,asus_ryzen5_standard
dell,679.0,Refurbished,other,i7,,notebook/laptop,windows,unknown,512.0,15.6,,dell_i7_standard
dell,140.0,Used,other,other,1.66,notebook/laptop,windows,hdd/ssd,80.0,14.0,,dell_other_mid
hp,495.0,Refurbished,intel,i7,4.2,notebook/laptop,windows,ssd,1024.0,14.0,32.0,hp_i7_mid
dell,110.0,Unknown,intel,celeron,2.16,notebook/laptop,chrome,emmc,,11.6,4.0,dell_celeron_small
lenovo,45.0,Unknown,intel,celeron,1.6,notebook/laptop,chrome,ssd,16.0,11.6,4.0,lenovo_celeron_small
hp,389.5,Refurbished,intel,celeron,3.5,notebook/laptop,windows,ssd,512.0,,8.0,hp_celeron_unknown
other,893.0,Used,nvidia,other,3.0,other,windows,other,1024.0,17.3,64.0,other_other_large
microsoft,680.0,Unknown,intel,i5,2.4,notebook/laptop,windows,ssd,256.0,12.3,16.0,microsoft_i5_mid
lenovo,129.0,Open Box,intel,celeron,1.1,other,chrome,emmc,64.0,14.0,4.0,lenovo_celeron_mid
lenovo,234.9,Used,other,i7,2.5,other,windows,ssd,256.0,14.0,8.0,lenovo_i7_mid
dell,99.94,Used,other,i7,,notebook/laptop,windows,ssd,128.0,13.3,8.0,dell_i7_mid
other,100.0,Used,other,other,,other,windows,ssd,256.0,10.1,8.0,other_other_small
dell,265.0,Used,intel,i7,1.9,other,windows,ssd,512.0,14.0,16.0,dell_i7_mid
lenovo,330.0,New,amd,ryzen5,,notebook/laptop,windows,ssd,256.0,14.0,8.0,lenovo_ryzen5_mid
lenovo,164.2,Used,intel,i5,2.6,notebook/laptop,windows,ssd,256.0,14.0,8.0,lenovo_i5_mid
lenovo,79.0,Refurbished,amd,other,1.6,notebook/laptop,chrome,ssd,32.0,14.0,4.0,lenovo_other_mid
lenovo,99.0,Used,intel,i5,1.6,notebook/laptop,unknown,other,,15.6,,lenovo_i5_standard
other,3900.0,New,nvidia,i9,,notebook/laptop,windows,ssd,4.0,18.0,64.0,other_i9_large
lenovo,229.0,Used,other,i5,1.7,notebook/laptop,windows,ssd,256.0,14.0,16.0,lenovo_i5_mid
lenovo,197.2,Refurbished,other,i5,1.7,notebook/laptop,windows,ssd,128.0,12.5,8.0,lenovo_i5_mid
other,263.2,Refurbished,other,i7,2.8,notebook/laptop,windows,ssd,256.0,15.6,8.0,other_i7_standard
other,113.9,Refurbished,intel,i5,1.7,notebook/laptop,windows,hdd/ssd,256.0,12.5,16.0,other_i5_mid
lenovo,160.0,Refurbished,other,i5,,notebook/laptop,windows,ssd,120.0,14.0,8.0,lenovo_i5_mid
other,348.0,Used,intel,other,,other,unknown,unknown,,,,other_other_unknown
other,130.5,Refurbished,intel,other,,other,unknown,unknown,,,,other_other_unknown
other,598.0,Unknown,other,other,,other,unknown,unknown,,,,other_other_unknown
hp,303.8,Used,other,ryzen5,,notebook/laptop,unknown,unknown,,15.6,,hp_ryzen5_standard
other,400.0,New,intel,i7,3.6,notebook/laptop,windows,ssd,256.0,13.0,8.0,other_i7_mid
other,310.0,Unknown,other,other,,other,unknown,unknown,,,,other_other_unknown
other,119.6,Used,intel,other,,other,unknown,unknown,,,,other_other_unknown
other,130.0,Used,other,i5,2.4,other,unknown,unknown,128.0,10.1,4.0,other_i5_small
other,160.2,Used,other,i5,,notebook/laptop,windows,ssd,256.0,14.0,8.0,other_i5_mid
hp,130.0,Used,intel,pentium,1.1,notebook/laptop,windows,ssd,128.0,11.6,4.0,hp_pentium_small
other,170.9,Used,other,i5,1.6,notebook/laptop,windows,ssd,512.0,12.5,16.0,other_i5_mid
other,94.94,Used,other,i3,,notebook/laptop,windows,unknown,500.0,15.6,,other_i3_standard
other,56.94,Used,other,celeron,1.73,notebook/laptop,windows,hdd/ssd,250.0,15.0,2.0,other_celeron_standard
dell,599.0,New,intel,i7,3.0,notebook/laptop,windows,ssd,256.0,14.0,16.0,dell_i7_mid
lenovo,80.0,Used,intel,celeron,1.1,notebook/laptop,windows,emmc,64.0,11.6,4.0,lenovo_celeron_small
hp,1200.0,Used,nvidia,i7,4.7,notebook/laptop,windows,hdd/ssd,2048.0,15.6,64.0,hp_i7_standard
samsung,350.0,Used,intel,i5,1.6,notebook/laptop,chrome,ssd,256.0,13.3,8.0,samsung_i5_mid
dell,339.0,New,other,i3,,notebook/laptop,windows,ssd,512.0,15.6,8.0,dell_i3_standard
microsoft,175.0,Used,intel,i5,1.2,notebook/laptop,unknown,ssd,128.0,13.5,8.0,microsoft_i5_mid
dell,875.0,Unknown,intel,i7,1.7,notebook/laptop,windows,ssd,1024.0,13.4,32.0,dell_i7_mid
dell,360.0,Used,intel,i5,2.4,notebook/laptop,windows,ssd,512.0,14.0,16.0,dell_i5_mid
dell,29.0,For Parts,other,other,,notebook/laptop,unknown,unknown,,14.0,4.0,dell_other_mid
acer,103.3,Used,intel,pentium,2.16,notebook/laptop,windows,hdd/ssd,500.0,11.6,4.0,acer_pentium_small
acer,240.0,New,other,other,,notebook/laptop,chrome,emmc,64.0,14.0,8.0,acer_other_mid
dell,2088.0,New,nvidia,i7,4.7,notebook/laptop,windows,ssd,1024.0,15.6,16.0,dell_i7_standard
dell,139.0,Used,intel,i5,1.7,notebook/laptop,windows,ssd,512.0,13.3,16.0,dell_i5_mid
hp,559.0,New,intel,i5,4.2,notebook/laptop,windows,ssd,2048.0,14.0,64.0,hp_i5_mid
hp,380.0,Refurbished,other,ryzen5,4.0,notebook/laptop,windows,ssd,256.0,15.6,8.0,hp_ryzen5_standard
lenovo,50.0,Used,other,celeron,1.6,notebook/laptop,windows,ssd,32.0,14.0,2.0,lenovo_celeron_mid
acer,105.06,Used,other,i5,1.6,notebook/laptop,windows,ssd,128.0,14.0,8.0,acer_i5_mid
lenovo,175.0,Used,intel,i5,1.6,notebook/laptop,windows,ssd,256.0,15.6,8.0,lenovo_i5_standard
dell,200.0,Used,intel,i5,2.4,notebook/laptop,windows,ssd,512.0,14.0,16.0,dell_i5_mid
other,75.75,Unknown,intel,celeron,1.1,notebook/laptop,windows,emmc,64.0,11.6,4.0,other_celeron_small
hp,285.0,Used,intel,i7,1.9,notebook/laptop,windows,ssd,256.0,14.0,16.0,hp_i7_mid
microsoft,520.0,Used,other,other,1.8,notebook/laptop,windows,ssd,256.0,13.0,16.0,microsoft_other_mid
acer,79.1,Used,nvidia,i5,2.3,notebook/laptop,windows,hdd/ssd,720.0,15.6,8.0,acer_i5_standard
dell,230.2,Refurbished,other,i5,1.6,notebook/laptop,windows,ssd,256.0,14.0,8.0,dell_i5_mid
lenovo,239.0,Used,amd,ryzen5,2.0,notebook/laptop,windows,ssd,512.0,14.0,32.0,lenovo_ryzen5_mid
hp,153.0,Used,intel,i5,1.6,notebook/laptop,windows,ssd,120.0,14.0,8.0,hp_i5_mid
dell,140.0,Used,intel,celeron,1.1,notebook/laptop,windows,ssd,128.0,11.6,4.0,dell_celeron_small
dell,160.0,Used,intel,i5,2.4,notebook/laptop,windows,ssd,256.0,14.0,8.0,dell_i5_mid
lenovo,198.0,Refurbished,other,i5,2.5,notebook/laptop,windows,ssd,256.0,14.0,16.0,lenovo_i5_mid
hp,500.0,Open Box,intel,i3,1.2,other,chrome,ssd,128.0,13.5,8.0,hp_i3_mid
dell,200.0,Used,other,i5,,notebook/laptop,windows,ssd,500.0,15.0,16.0,dell_i5_standard
dell,70.0,For Parts,other,i7,2.6,notebook/laptop,unknown,unknown,,14.0,8.0,dell_i7_mid
hp,599.0,New,other,i5,2.4,notebook/laptop,windows,ssd,1024.0,17.3,32.0,hp_i5_large
dell,200.0,Used,other,other,2.26,notebook/laptop,windows,hdd/ssd,1024.0,,4.0,dell_other_unknown
dell,1800.0,Refurbished,nvidia,i7,3.8,notebook/laptop,windows,ssd,512.0,15.6,32.0,dell_i7_standard
dell,50.0,Used,other,i3,1.7,notebook/laptop,windows,ssd,120.0,15.6,4.0,dell_i3_standard
hp,180.0,Unknown,intel,celeron,1.1,notebook/laptop,chrome,ssd,64.0,14.0,4.0,hp_celeron_mid
other,119.0,New,other,other,,other,unknown,unknown,,,,other_other_unknown
lenovo,199.9,Unknown,intel,celeron,1.9,other,chrome,emmc,64.0,13.3,4.0,lenovo_celeron_mid
other,916.0,Refurbished,other,other,,other,unknown,unknown,,13.3,,other_other_mid
dell,49.0,Used,other,pentium,1.1,notebook/laptop,windows,ssd,64.0,11.6,4.0,dell_pentium_small
lenovo,1010.0,Unknown,intel,i5,,notebook/laptop,windows,ssd,256.0,14.0,16.0,lenovo_i5_mid
microsoft,119.94,Unknown,intel,pentium,1.1,notebook/laptop,windows,ssd,64.0,10.5,4.0,microsoft_pentium_small
other,760.0,Used,intel,i5,2.7,other,windows,unknown,256.0,,,other_i5_unknown
lenovo,169.9,For Parts,intel,i5,3.4,notebook/laptop,unknown,unknown,,,8.0,lenovo_i5_unknown
lenovo,199.0,Refurbished,other,i5,2.9,notebook/laptop,windows,ssd,512.0,15.6,16.0,lenovo_i5_standard
hp,360.0,New,intel,i5,2.4,notebook/laptop,windows,ssd,256.0,15.6,8.0,hp_i5_standard
hp,199.0,Used,other,i3,2.4,notebook/laptop,windows,hdd/ssd,500.0,14.0,4.0,hp_i3_mid
dell,362.0,Refurbished,intel,i5,3.1,notebook/laptop,windows,ssd,256.0,15.6,32.0,dell_i5_standard
other,544.0,Used,nvidia,other,,other,unknown,unknown,,,,other_other_unknown
lenovo,149.0,Used,intel,i5,2.4,notebook/laptop,windows,ssd,256.0,15.0,16.0,lenovo_i5_standard
lenovo,140.0,Unknown,other,i7,2.9,other,windows,ssd,256.0,14.0,8.0,lenovo_i7_mid
asus,380.0,Used,nvidia,i7,2.7,notebook/laptop,windows,ssd,2048.0,15.6,16.0,asus_i7_standard
hp,39.0,Used,intel,celeron,1.1,notebook/laptop,chrome,ssd,16.0,11.6,4.0,hp_celeron_small
dell,205.0,Refurbished,intel,i5,1.7,other,windows,ssd,512.0,14.0,16.0,dell_i5_mid
hp,170.0,Used,other,i5,2.4,notebook/laptop,windows,ssd,256.0,15.6,16.0,hp_i5_standard
dell,825.0,New,intel,i7,3.9,notebook/laptop,windows,ssd,512.0,14.0,16.0,dell_i7_mid
dell,449.0,Used,other,i7,3.8,notebook/laptop,windows,ssd,1024.0,17.3,32.0,dell_i7_large
hp,198.0,Refurbished,intel,i5,1.7,notebook/laptop,windows,ssd,128.0,14.0,8.0,hp_i5_mid
dell,135.0,Refurbished,intel,i5,2.9,notebook/laptop,windows,other,,14.0,8.0,dell_i5_mid
hp,265.5,Refurbished,amd,i7,1.9,notebook/laptop,windows,ssd,1024.0,15.0,16.0,hp_i7_standard
lenovo,299.0,Used,amd,ryzen7,2.3,notebook/laptop,windows,ssd,512.0,14.0,16.0,lenovo_ryzen7_mid
dell,297.0,Refurbished,intel,i5,2.4,notebook/laptop,windows,ssd,512.0,14.0,8.0,dell_i5_mid
dell,363.0,Used,intel,i7,1.9,notebook/laptop,windows,ssd,512.0,14.0,16.0,dell_i7_mid
other,50.0,For Parts,other,pentium,800.0,other,unknown,unknown,,14.0,0.0625,other_pentium_mid
lenovo,585.0,Refurbished,nvidia,i7,3.0,notebook/laptop,windows,ssd,512.0,15.6,32.0,lenovo_i7_standard
dell,150.0,Used,other,i7,1.9,notebook/laptop,unknown,ssd,500.0,14.0,16.0,dell_i7_mid
hp,350.0,Refurbished,intel,i5,3.6,notebook/laptop,unknown,ssd,2048.0,14.0,,hp_i5_mid
hp,199.0,Used,intel,i7,2.6,notebook/laptop,windows,ssd,256.0,14.0,8.0,hp_i7_mid
lenovo,184.5,Refurbished,intel,i5,2.6,notebook/laptop,windows,ssd,128.0,14.0,8.0,lenovo_i5_mid
dell,45.0,Used,other,celeron,1.6,notebook/laptop,chrome,emmc,64.0,11.6,4.0,dell_celeron_small
hp,680.0,Unknown,intel,i7,,notebook/laptop,windows,ssd,512.0,15.6,16.0,hp_i7_standard
other,50.0,Used,other,other,,notebook/laptop,windows,unknown,,10.0,,other_other_small
lenovo,450.0,Unknown,intel,i5,1.3,notebook/laptop,windows,ssd,512.0,14.0,8.0,lenovo_i5_mid
other,326.2,Used,amd,other,,other,unknown,unknown,,,,other_other_unknown
acer,89.94,Used,other,celeron,1.7,notebook/laptop,windows,ssd,256.0,11.6,4.0,acer_celeron_small
dell,137.0,Used,other,celeron,,notebook/laptop,windows,ssd,128.0,14.0,8.0,dell_celeron_mid
lenovo,280.0,Unknown,intel,i3,1.2,notebook/laptop,windows,ssd,256.0,15.6,8.0,lenovo_i3_standard
other,208.8,Used,other,celeron,1.1,other,unknown,ssd,512.0,13.3,,other_celeron_mid
dell,175.0,Used,intel,i7,3.0,notebook/laptop,windows,hdd/ssd,500.0,14.0,8.0,dell_i7_mid
lenovo,42.0,Used,other,celeron,1.6,other,chrome,ssd,16.0,11.6,4.0,lenovo_celeron_small
lenovo,123.0,Used,other,i5,2.7,notebook/laptop,windows,hdd/ssd,500.0,14.1,8.0,lenovo_i5_standard
dell,100.0,Used,other,i5,,notebook/laptop,windows,unknown,256.0,14.0,16.0,dell_i5_mid
dell,135.0,Used,other,i5,1.6,other,unknown,ssd,,15.6,,dell_i5_standard
hp,88.0,Unknown,intel,celeron,1.1,notebook/laptop,windows,emmc,64.0,14.0,4.0,hp_celeron_mid
dell,160.0,New,intel,i3,,notebook/laptop,chrome,other,128.0,13.3,4.0,dell_i3_mid
dell,68.0,Used,other,celeron,2.48,other,chrome,ssd,16.0,11.6,4.0,dell_celeron_small
hp,355.0,Unknown,amd,other,,notebook/laptop,windows,ssd,256.0,17.3,8.0,hp_other_large
dell,999.0,New,other,pentium,1.9,notebook/laptop,windows,ssd,2048.0,17.3,16.0,dell_pentium_large
lenovo,300.0,New,other,other,,other,unknown,unknown,,,,lenovo_other_unknown
dell,29.98,For Parts,other,other,2.8,other,windows,ssd,80.0,14.0,2.0,dell_other_mid
other,380.8,Used,nvidia,other,,other,unknown,unknown,,,,other_other_unknown
other,165.0,Unknown,other,other,,other,unknown,unknown,,,,other_other_unknown
lenovo,535.0,Unknown,intel,i7,1.7,notebook/laptop,windows,ssd,512.0,14.0,16.0,lenovo_i7_mid
lenovo,24.98,Used,other,celeron,,other,chrome,emmc,32.0,11.6,,lenovo_celeron_small
hp,50.0,Used,intel,celeron,1.1,other,chrome,emmc,16.0,11.6,4.0,hp_celeron_small
lenovo,600.0,Used,intel,i7,3.0,notebook/laptop,windows,ssd,512.0,14.0,16.0,lenovo_i7_mid
dell,980.0,Open Box,nvidia,i7,2.3,notebook/laptop,windows,ssd,512.0,16.0,16.0,dell_i7_large
lenovo,180.0,Used,intel,i5,2.6,notebook/laptop,linux,ssd,500.0,14.0,8.0,lenovo_i5_mid
hp,40.0,Used,other,other,2.2,notebook/laptop,unknown,ssd,128.0,14.0,4.0,hp_other_mid
other,199.0,New,other,other,,other,unknown,unknown,,,,other_other_unknown
hp,199.9,Used,intel,i5,2.6,notebook/laptop,windows,ssd,512.0,14.0,16.0,hp_i5_mid
other,350.0,Refurbished,intel,i5,3.4,notebook/laptop,unknown,ssd,256.0,14.0,8.0,other_i5_mid
other,550.0,Unknown,nvidia,i5,2.7,notebook/laptop,windows,ssd,512.0,15.6,16.0,other_i5_standard
lenovo,69.0,Refurbished,other,other,2.1,notebook/laptop,windows,ssd,32.0,11.6,4.0,lenovo_other_small
dell,250.0,Used,other,i7,,notebook/laptop,windows,unknown,320.0,14.0,8.0,dell_i7_mid
dell,169.0,Used,other,i5,,notebook/laptop,windows,ssd,256.0,13.0,8.0,dell_i5_mid
lenovo,100.0,Used,other,celeron,1.1,notebook/laptop,chrome,ssd,64.0,11.6,4.0,lenovo_celeron_small
hp,629.5,Refurbished,intel,i7,4.7,notebook/laptop,windows,ssd,512.0,17.3,16.0,hp_i7_large
dell,200.0,Refurbished,other,i7,2.1,notebook/laptop,windows,ssd,512.0,14.0,,dell_i7_mid
hp,147.0,Used,intel,i5,2.8,notebook/laptop,windows,ssd,512.0,15.6,16.0,hp_i5_standard
lenovo,164.2,Used,other,i5,2.4,notebook/laptop,windows,ssd,256.0,14.0,8.0,lenovo_i5_mid
lenovo,844.0,Used,intel,i7,3.5,notebook/laptop,unknown,ssd,256.0,,16.0,lenovo_i7_unknown
dell,170.0,Used,intel,i7,1.9,notebook/laptop,windows,ssd,256.0,12.5,8.0,dell_i7_mid
other,135.0,Used,other,i5,2.4,notebook/laptop,unknown,unknown,256.0,12.1,8.0,other_i5_mid
hp,580.0,Used,other,other,,notebook/laptop,windows,hdd/ssd,,17.0,,hp_other_large
lenovo,200.0,Refurbished,other,pentium,1.2,other,chrome,emmc,,14.0,,lenovo_pentium_mid
hp,377.5,Open Box,amd,other,3.3,notebook/laptop,windows,ssd,512.0,17.3,8.0,hp_other_large
dell,135.0,Used,other,i5,1.6,other,unknown,ssd,,15.6,,dell_i5_standard
lenovo,260.0,Unknown,intel,i7,1.9,notebook/laptop,windows,ssd,512.0,14.0,8.0,lenovo_i7_mid
dell,237.5,Used,other,other,1.66,notebook/laptop,windows,ssd,256.0,15.0,4.0,dell_other_standard
other,216.4,Used,other,other,,other,unknown,unknown,,,,other_other_unknown
other,221.8,Used,other,other,,notebook/laptop,unknown,other,,,,other_other_unknown
lenovo,176.0,Used,other,i5,1.6,notebook/laptop,windows,ssd,256.0,14.0,16.0,lenovo_i5_mid
other,835.0,New,intel,i5,,notebook/laptop,windows,ssd,512.0,16.0,8.0,other_i5_large
dell,175.0,Used,other,i5,1.6,notebook/laptop,windows,ssd,256.0,13.0,16.0,dell_i5_mid
acer,200.0,Used,other,celeron,1.1,notebook/laptop,windows,ssd,128.0,13.3,4.0,acer_celeron_mid
hp,15.88,Unknown,other,celeron,2.0,notebook/laptop,windows,unknown,32.0,11.6,2.0,hp_celeron_small
dell,263.2,Used,other,i5,1.7,notebook/laptop,windows,ssd,256.0,12.5,16.0,dell_i5_mid
microsoft,478.5,Used,nvidia,other,,notebook/laptop,unknown,unknown,,15.0,,microsoft_other_standard
acer,55.0,Used,intel,celeron,1.1,notebook/laptop,chrome,ssd,32.0,11.6,4.0,acer_celeron_small
acer,230.0,Unknown,other,other,2.1,notebook/laptop,chrome,emmc,64.0,13.3,4.0,acer_other_mid
dell,800.0,Refurbished,intel,i7,1.1,notebook/laptop,windows,ssd,512.0,13.3,16.0,dell_i7_mid
lenovo,176.0,Used,intel,i5,1.7,notebook/laptop,windows,ssd,256.0,14.0,8.0,lenovo_i5_mid
dell,75.0,Unknown,intel,celeron,1.1,notebook/laptop,chrome,emmc,32.0,11.6,4.0,dell_celeron_small
dell,140.0,Used,other,i5,,notebook/laptop,windows,ssd,256.0,15.6,8.0,dell_i5_standard
other,147.6,For Parts,other,other,,notebook/laptop,unknown,other,,,,other_other_unknown
dell,200.0,Used,other,i7,2.6,other,unknown,ssd,256.0,12.5,,dell_i7_mid
hp,398.0,New,other,ryzen3,2.6,notebook/laptop,windows,ssd,512.0,14.0,16.0,hp_ryzen3_mid
other,164.2,Refurbished,other,i5,1.4,notebook/laptop,mac,ssd,128.0,11.6,4.0,other_i5_small
lenovo,50.0,Used,intel,celeron,1.83,notebook/laptop,chrome,ssd,16.0,11.6,4.0,lenovo_celeron_small
lenovo,145.0,Used,other,i5,2.5,notebook/laptop,windows,hdd/ssd,500.0,14.0,8.0,lenovo_i5_mid
asus,172.0,Used,other,celeron,2.16,notebook/laptop,unknown,hdd/ssd,,15.6,,asus_celeron_standard
lenovo,190.0,Used,nvidia,i7,2.6,notebook/laptop,windows,ssd,500.0,15.6,24.0,lenovo_i7_standard
lenovo,66.5,Refurbished,other,celeron,1.6,notebook/laptop,chrome,ssd,16.0,11.6,4.0,lenovo_celeron_small
hp,950.0,Refurbished,intel,i5,3.1,notebook/laptop,windows,ssd,256.0,14.0,,hp_i5_mid
hp,400.0,Used,other,i5,,notebook/laptop,windows,hdd/ssd,1024.0,17.3,12.0,hp_i5_large
lenovo,180.0,Used,intel,i3,3.6,notebook/laptop,windows,ssd,512.0,14.1,12.0,lenovo_i3_standard
dell,130.0,Used,other,other,,notebook/laptop,windows,ssd,250.0,14.0,4.0,dell_other_mid
hp,300.0,Used,intel,i5,1.6,notebook/laptop,windows,hdd/ssd,12.0,17.0,12.0,hp_i5_large
hp,140.0,Used,other,i5,2.5,notebook/laptop,windows,hdd/ssd,500.0,15.0,8.0,hp_i5_standard
samsung,170.0,New,other,celeron,1.1,notebook/laptop,chrome,emmc,64.0,11.6,4.0,samsung_celeron_small
asus,250.0,Used,other,i7,2.0,other,unknown,unknown,,17.0,,asus_i7_large
dell,300.0,Used,other,i5,2.3,other,unknown,ssd,240.0,15.6,8.0,dell_i5_standard
dell,279.0,Refurbished,intel,i3,1.2,notebook/laptop,windows,hdd/ssd,128.0,15.6,16.0,dell_i3_standard
dell,421.0,Used,other,other,,other,unknown,unknown,,,,dell_other_unknown
dell,475.0,Used,other,i5,,notebook/laptop,windows,ssd,512.0,16.0,8.0,dell_i5_large
lenovo,58.0,Used,intel,celeron,1.6,notebook/laptop,chrome,emmc,16.0,11.6,4.0,lenovo_celeron_small
hp,276.5,Refurbished,other,i5,1.7,notebook/laptop,windows,ssd,256.0,13.0,8.0,hp_i5_mid
lenovo,39.94,Used,intel,celeron,1.6,other,chrome,ssd,16.0,11.6,4.0,lenovo_celeron_small
dell,155.0,Used,intel,celeron,1.1,notebook/laptop,windows,ssd,128.0,11.6,4.0,dell_celeron_small
other,411.2,Used,other,i5,2.4,other,windows,ssd,512.0,13.3,8.0,other_i5_mid
microsoft,469.0,Refurbished,other,i5,,notebook/laptop,unknown,ssd,512.0,13.5,8.0,microsoft_i5_mid
hp,650.0,New,intel,i5,2.3,notebook/laptop,windows,ssd,256.0,17.3,8.0,hp_i5_large
other,170.0,Refurbished,other,i5,,other,windows,unknown,256.0,14.0,8.0,other_i5_mid
hp,45.0,Used,intel,celeron,2.16,notebook/laptop,chrome,emmc,16.0,14.0,4.0,hp_celeron_mid
lenovo,360.0,Refurbished,other,i5,1.6,notebook/laptop,windows,ssd,500.0,15.6,32.0,lenovo_i5_standard
hp,250.0,Used,intel,i5,2.6,notebook/laptop,windows,ssd,500.0,14.0,32.0,hp_i5_mid
other,270.0,Unknown,intel,i3,3.0,notebook/laptop,windows,ssd,256.0,15.6,8.0,other_i3_standard
dell,279.0,Used,intel,i7,2.6,notebook/laptop,windows,ssd,256.0,14.0,8.0,dell_i7_mid
other,198.0,New,other,celeron,2.9,notebook/laptop,windows,ssd,256.0,15.6,8.0,other_celeron_standard
asus,200.0,New,other,other,2.6,notebook/laptop,chrome,emmc,64.0,12.0,4.0,asus_other_small
lenovo,51.0,Used,intel,celeron,2.6,notebook/laptop,chrome,ssd,32.0,11.6,4.0,lenovo_celeron_small
dell,1450.0,Refurbished,intel,i5,2.6,notebook/laptop,windows,ssd,256.0,13.3,16.0,dell_i5_mid
dell,280.0,Refurbished,intel,i7,,notebook/laptop,windows,ssd,500.0,12.5,16.0,dell_i7_mid
hp,129.8,Used,other,i3,2.3,notebook/laptop,windows,ssd,128.0,11.6,,hp_i3_small
dell,159.8,Used,other,i5,2.6,notebook/laptop,windows,ssd,256.0,14.0,16.0,dell_i5_mid
hp,330.0,New,intel,i3,1.2,notebook/laptop,windows,ssd,256.0,15.6,8.0,hp_i3_standard
lenovo,580.0,Open Box,other,i7,,other,unknown,ssd,512.0,14.0,16.0,lenovo_i7_mid
dell,168.6,New,other,celeron,,other,unknown,unknown,,14.0,,dell_celeron_mid
dell,319.0,Unknown,intel,i5,1.6,notebook/laptop,windows,ssd,256.0,12.3,8.0,dell_i5_mid
hp,570.0,Refurbished,intel,i7,1.8,notebook/laptop,windows,ssd,256.0,13.3,16.0,hp_i7_mid
dell,41.0,Used,other,celeron,,other,chrome,unknown,16.0,11.6,4.0,dell_celeron_small
dell,141.0,Used,intel,i3,2.2,notebook/laptop,windows,ssd,128.0,13.3,8.0,dell_i3_mid
dell,960.0,New,nvidia,i7,2.7,notebook/laptop,windows,ssd,512.0,15.6,32.0,dell_i7_standard
hp,35.94,Used,intel,celeron,2.16,notebook/laptop,chrome,emmc,16.0,11.6,,hp_celeron_small
dell,180.0,Used,other,i5,2.1,notebook/laptop,windows,ssd,256.0,,8.0,dell_i5_unknown
dell,149.0,Used,other,i5,,other,unknown,unknown,,13.3,,dell_i5_mid
lenovo,114.94,Used,other,i5,,notebook/laptop,windows,hdd/ssd,500.0,14.0,8.0,lenovo_i5_mid
dell,320.0,Used,intel,i7,,notebook/laptop,windows,ssd,500.0,14.0,16.0,dell_i7_mid
dell,252.0,Refurbished,intel,i5,2.6,notebook/laptop,windows,hdd/ssd,1024.0,15.0,32.0,dell_i5_standard
dell,369.0,Used,other,i7,2.4,notebook/laptop,windows,ssd,256.0,14.0,8.0,dell_i7_mid
lenovo,219.0,Used,intel,i5,1.7,notebook/laptop,windows,ssd,256.0,14.0,8.0,lenovo_i5_mid
dell,230.0,For Parts,intel,i3,1.9,notebook/laptop,unknown,other,,15.6,4.0,dell_i3_standard
dell,220.0,Refurbished,intel,i7,1.6,notebook/laptop,windows,ssd,512.0,13.0,16.0,dell_i7_mid
lenovo,370.0,Refurbished,intel,i5,2.6,notebook/laptop,windows,ssd,512.0,15.6,32.0,lenovo_i5_standard
dell,929.0,Unknown,nvidia,i7,2.4,notebook/laptop,windows,ssd,1024.0,16.0,16.0,dell_i7_large
lenovo,419.0,Used,other,ryzen7,1.7,notebook/laptop,windows,ssd,512.0,14.0,32.0,lenovo_ryzen7_mid
dell,450.0,Used,intel,i5,1.7,notebook/laptop,windows,ssd,256.0,15.6,,dell_i5_standard
dell,180.5,Used,intel,other,,notebook/laptop,windows,unknown,,15.4,2.0,dell_other_standard
other,467.8,Used,other,other,,other,unknown,unknown,,,,other_other_unknown
lenovo,200.0,Used,intel,i5,,notebook/laptop,windows,hdd/ssd,1024.0,14.1,16.0,lenovo_i5_standard
lenovo,130.0,Used,intel,i5,,notebook/laptop,unknown,ssd,1024.0,14.0,8.0,lenovo_i5_mid
lenovo,300.0,Unknown,intel,i7,4.6,notebook/laptop,windows,ssd,1024.0,14.0,8.0,lenovo_i7_mid
microsoft,148.0,Used,other,other,,other,unknown,unknown,,13.5,,microsoft_other_mid
hp,70.0,Unknown,other,other,2.0,other,chrome,unknown,16.0,14.0,4.0,hp_other_mid
lenovo,299.0,Refurbished,nvidia,i7,2.9,notebook/laptop,windows,ssd,512.0,15.6,16.0,lenovo_i7_standard
dell,65.0,Unknown,intel,celeron,1.1,other,chrome,emmc,16.0,11.6,4.0,dell_celeron_small
lenovo,87.0,For Parts,intel,other,1.2,notebook/laptop,windows,ssd,256.0,13.0,8.0,lenovo_other_mid
lenovo,82.44,Used,other,i3,3.1,notebook/laptop,windows,ssd,128.0,13.3,4.0,lenovo_i3_mid
other,216.0,Used,other,i5,,notebook/laptop,windows,ssd,256.0,12.1,,other_i5_mid
hp,99.94,Used,other,i5,2.5,notebook/laptop,unknown,hdd/ssd,320.0,14.0,4.0,hp_i5_mid
lenovo,184.5,Refurbished,intel,i5,2.6,notebook/laptop,windows,ssd,128.0,14.0,8.0,lenovo_i5_mid
lenovo,225.0,Used,other,ryzen7,2.2,notebook/laptop,unknown,ssd,512.0,14.0,16.0,lenovo_ryzen7_mid
lenovo,37.0,Unknown,other,celeron,2.0,other,chrome,unknown,,11.6,,lenovo_celeron_small
dell,290.0,Used,intel,i7,2.9,notebook/laptop,windows,ssd,512.0,15.6,32.0,dell_i7_standard
other,438.0,New,other,other,,other,unknown,unknown,,,,other_other_unknown
samsung,400.0,Unknown,intel,i5,1.6,notebook/laptop,chrome,ssd,256.0,13.3,8.0,samsung_i5_mid
dell,170.9,Used,other,i5,,notebook/laptop,windows,ssd,256.0,14.0,8.0,dell_i5_mid
hp,250.0,Used,intel,i7,2.7,notebook/laptop,windows,ssd,256.0,16.0,8.0,hp_i7_large
lenovo,139.0,Used,other,i7,2.1,notebook/laptop,windows,ssd,256.0,15.6,8.0,lenovo_i7_standard
hp,70.0,Used,other,celeron,2.16,notebook/laptop,chrome,ssd,16.0,14.0,4.0,hp_celeron_mid
other,540.0,Unknown,nvidia,i5,2.7,notebook/laptop,windows,ssd,512.0,15.6,16.0,other_i5_standard
hp,170.0,Unknown,intel,pentium,2.4,notebook/laptop,windows,ssd,128.0,15.6,4.0,hp_pentium_standard
lenovo,189.0,Used,other,i5,,other,windows,ssd,120.0,15.5,16.0,lenovo_i5_standard
dell,100.0,Unknown,intel,i5,2.4,notebook/laptop,windows,ssd,512.0,14.0,16.0,dell_i5_mid
lenovo,55.0,Used,intel,celeron,2.6,notebook/laptop,chrome,ssd,32.0,11.6,4.0,lenovo_celeron_small
hp,120.0,Used,intel,i3,2.3,notebook/laptop,windows,ssd,512.0,13.0,16.0,hp_i3_mid
dell,89.0,Used,other,other,2.2,notebook/laptop,windows,hdd/ssd,80.0,14.0,2.0,dell_other_mid
lenovo,204.0,Used,intel,i5,1.6,notebook/laptop,unknown,ssd,256.0,,8.0,lenovo_i5_unknown
other,253.1,Used,other,i5,2.3,other,windows,ssd,128.0,10.1,8.0,other_i5_small
other,200.0,New,intel,other,3.4,notebook/laptop,windows,other,256.0,12.0,8.0,other_other_small
dell,180.0,Used,other,i5,2.3,other,windows,ssd,256.0,14.0,16.0,dell_i5_mid
asus,520.0,Unknown,intel,i7,4.7,notebook/laptop,windows,ssd,512.0,15.6,16.0,asus_i7_standard
acer,60.0,Refurbished,other,celeron,1.6,notebook/laptop,linux,ssd,32.0,11.6,4.0,acer_celeron_small
acer,60.0,Unknown,other,celeron,1.6,notebook/laptop,chrome,ssd,16.0,11.6,4.0,acer_celeron_small
dell,159.0,Unknown,intel,i7,3.4,notebook/laptop,windows,ssd,256.0,14.0,16.0,dell_i7_mid
samsung,89.94,Unknown,other,other,2.55,notebook/laptop,windows,other,128.0,14.0,4.0,samsung_other_mid
dell,118.0,Used,other,i5,2.4,notebook/laptop,unknown,ssd,2048.0,14.0,,dell_i5_mid
hp,180.0,Refurbished,intel,i5,2.4,notebook/laptop,windows,ssd,256.0,14.0,16.0,hp_i5_mid
dell,310.0,Refurbished,intel,i5,3.4,notebook/laptop,windows,ssd,2048.0,14.0,,dell_i5_mid
other,126.0,Used,other,i5,,notebook/laptop,windows,ssd,256.0,14.0,8.0,other_i5_mid
lenovo,727.5,Unknown,other,other,2.7,notebook/laptop,windows,unknown,256.0,15.6,32.0,lenovo_other_standard
other,258.0,Used,other,i5,2.3,notebook/laptop,windows,unknown,128.0,11.6,8.0,other_i5_small
lg,649.0,Unknown,intel,i7,2.9,notebook/laptop,windows,ssd,512.0,17.0,16.0,lg_i7_large
hp,55.0,Used,other,other,1.66,notebook/laptop,windows,hdd/ssd,,10.1,1.0,hp_other_small
lenovo,230.0,Used,amd,ryzen5,2.1,notebook/laptop,windows,ssd,256.0,14.0,16.0,lenovo_ryzen5_mid
lenovo,740.0,Refurbished,amd,ryzen7,3.3,notebook/laptop,windows,ssd,512.0,14.0,16.0,lenovo_ryzen7_mid
dell,599.0,Used,other,i7,1.9,other,windows,ssd,512.0,11.6,16.0,dell_i7_small
lenovo,280.0,Refurbished,intel,i5,1.7,notebook/laptop,windows,ssd,500.0,14.0,16.0,lenovo_i5_mid
lenovo,655.0,Unknown,nvidia,other,3.3,notebook/laptop,windows,ssd,1024.0,14.5,32.0,lenovo_other_standard
other,187.9,New,intel,celeron,2.6,notebook/laptop,windows,ssd,1024.0,14.1,8.0,other_celeron_standard
dell,199.0,Refurbished,other,other,,other,windows,unknown,,13.0,,dell_other_mid
dell,95.0,Refurbished,intel,celeron,2.48,notebook/laptop,chrome,emmc,32.0,11.6,4.0,dell_celeron_small
dell,150.0,Used,other,celeron,2.4,notebook/laptop,windows,ssd,128.0,11.0,4.0,dell_celeron_small
hp,370.0,New,intel,i5,2.4,notebook/laptop,windows,ssd,256.0,15.6,8.0,hp_i5_standard
dell,80.0,Used,intel,i5,2.5,notebook/laptop,windows,hdd/ssd,160.0,14.1,4.0,dell_i5_standard
lenovo,250.2,New,nvidia,i7,,notebook/laptop,windows,unknown,1024.0,15.6,,lenovo_i7_standard
other,177.1,Used,other,i5,2.4,other,unknown,unknown,128.0,10.1,4.0,other_i5_small
acer,399.0,New,intel,celeron,1.1,notebook/laptop,windows,ssd,1024.0,15.6,20.0,acer_celeron_standard
hp,59.94,Used,intel,celeron,2.16,notebook/laptop,chrome,emmc,16.0,11.6,4.0,hp_celeron_small
hp,599.0,Refurbished,intel,i5,2.4,notebook/laptop,unknown,ssd,128.0,14.0,8.0,hp_i5_mid
microsoft,355.0,Unknown,other,i5,1.1,notebook/laptop,windows,ssd,256.0,12.3,8.0,microsoft_i5_mid
dell,150.0,Used,intel,i5,2.4,notebook/laptop,unknown,unknown,,14.0,16.0,dell_i5_mid
dell,199.0,Used,intel,i5,2.3,notebook/laptop,windows,ssd,250.0,14.0,12.0,dell_i5_mid
acer,80.0,Refurbished,other,celeron,1.1,other,chrome,ssd,32.0,11.6,4.0,acer_celeron_small
dell,369.0,Refurbished,intel,i5,3.6,notebook/laptop,windows,ssd,512.0,14.0,16.0,dell_i5_mid
other,495.0,Refurbished,other,i5,2.6,other,unknown,ssd,512.0,12.0,8.0,other_i5_small
hp,56.0,Used,intel,celeron,1.6,notebook/laptop,chrome,ssd,16.0,11.6,4.0,hp_celeron_small
dell,284.0,Used,intel,other,2.0,notebook/laptop,windows,ssd,256.0,15.4,4.0,dell_other_standard
hp,120.0,Used,amd,other,2.0,notebook/laptop,windows,hdd/ssd,1024.0,15.0,8.0,hp_other_standard
dell,280.0,Refurbished,intel,other,3.0,notebook/laptop,windows,ssd,500.0,15.6,32.0,dell_other_standard
lenovo,105.0,Used,intel,i7,2.6,other,windows,ssd,256.0,14.5,8.0,lenovo_i7_standard
other,380.0,Used,intel,i7,1.7,notebook/laptop,windows,ssd,2048.0,13.3,16.0,other_i7_mid
dell,750.0,New,other,other,2.5,notebook/laptop,windows,ssd,512.0,15.6,16.0,dell_other_standard
other,300.0,New,intel,other,3.4,notebook/laptop,windows,ssd,512.0,16.0,16.0,other_other_large
samsung,50.0,Used,other,other,1.1,other,chrome,unknown,4.0,11.0,4.0,samsung_other_small
dell,98.0,Unknown,intel,i5,1.6,notebook/laptop,unknown,ssd,256.0,14.0,8.0,dell_i5_mid
other,100.0,Used,other,other,,other,android,ssd,16.0,15.4,,other_other_standard
lenovo,309.5,Refurbished,other,i7,1.8,notebook/laptop,windows,ssd,256.0,14.0,16.0,lenovo_i7_mid
acer,40.0,Used,intel,celeron,1.6,notebook/laptop,chrome,ssd,32.0,11.6,4.0,acer_celeron_small
hp,65.0,Used,other,celeron,2.16,notebook/laptop,chrome,emmc,16.0,14.0,4.0,hp_celeron_mid
dell,229.0,Used,intel,i5,2.7,notebook/laptop,windows,ssd,1024.0,14.0,16.0,dell_i5_mid
lenovo,42.0,Used,other,celeron,2.0,other,chrome,ssd,16.0,11.6,4.0,lenovo_celeron_small
dell,350.0,Used,intel,i7,2.6,notebook/laptop,windows,ssd,128.0,,8.0,dell_i7_unknown
lenovo,660.0,New,amd,ryzen7,2.0,notebook/laptop,windows,ssd,1024.0,13.0,16.0,lenovo_ryzen7_mid
dell,368.0,Refurbished,amd,i7,1.9,notebook/laptop,windows,ssd,1024.0,15.6,16.0,dell_i7_standard
other,400.0,Used,other,other,,notebook/laptop,chrome,ssd,128.0,12.3,16.0,other_other_mid
hp,79.0,Used,other,i7,2.6,notebook/laptop,unknown,other,,12.5,,hp_i7_mid
hp,50.0,Used,intel,celeron,2.16,notebook/laptop,windows,emmc,32.0,11.6,2.0,hp_celeron_small
other,24.98,Used,other,i3,2.1,other,chrome,emmc,,13.3,4.0,other_i3_mid
hp,200.0,Used,amd,other,1.6,other,chrome,ssd,32.0,14.0,4.0,hp_other_mid
dell,230.0,Unknown,intel,i7,3.9,notebook/laptop,windows,ssd,512.0,14.0,32.0,dell_i7_mid
lenovo,110.0,Open Box,amd,celeron,1.1,notebook/laptop,windows,ssd,64.0,11.5,64.0,lenovo_celeron_small
hp,225.0,Used,other,i7,,notebook/laptop,unknown,ssd,512.0,15.6,32.0,hp_i7_standard
dell,105.0,Used,other,i7,2.6,notebook/laptop,unknown,ssd,256.0,14.0,8.0,dell_i7_mid
other,80.0,Used,other,other,,notebook/laptop,unknown,unknown,,,,other_other_unknown
acer,35.0,Used,amd,other,1.8,other,chrome,emmc,32.0,11.6,4.0,acer_other_small
dell,170.9,Used,other,i7,1.9,notebook/laptop,windows,ssd,256.0,12.5,,dell_i7_mid
hp,48.47,Used,other,other,1.6,notebook/laptop,chrome,unknown,32.0,14.0,,hp_other_mid
lenovo,85.0,Used,intel,i5,2.66,notebook/laptop,windows,hdd/ssd,320.0,15.6,4.0,lenovo_i5_standard
samsung,130.0,Used,intel,i5,1.6,notebook/laptop,windows,ssd,128.0,11.6,4.0,samsung_i5_small
lenovo,382.0,Used,intel,i5,2.4,notebook/laptop,windows,ssd,512.0,13.3,8.0,lenovo_i5_mid
asus,349.0,Unknown,intel,i3,1.5,notebook/laptop,windows,ssd,512.0,17.3,8.0,asus_i3_large
hp,325.0,Used,amd,i7,2.8,notebook/laptop,windows,ssd,512.0,15.6,16.0,hp_i7_standard
lenovo,305.0,Used,other,i7,2.0,other,windows,ssd,256.0,14.0,8.0,lenovo_i7_mid
other,1414.0,Open Box,other,other,,other,unknown,unknown,,,,other_other_unknown
dell,103.4,Used,intel,i3,2.0,notebook/laptop,windows,hdd/ssd,500.0,15.6,4.0,dell_i3_standard
lenovo,299.0,Used,intel,i5,1.7,notebook/laptop,windows,ssd,1024.0,14.0,32.0,lenovo_i5_mid
lenovo,490.0,Used,intel,i7,1.8,notebook/laptop,windows,ssd,1024.0,14.0,16.0,lenovo_i7_mid
dell,234.5,Used,intel,i5,2.5,notebook/laptop,windows,ssd,128.0,14.0,16.0,dell_i5_mid
dell,480.0,Used,other,i7,4.2,notebook/laptop,windows,ssd,2048.0,14.0,64.0,dell_i7_mid
other,1413.0,Unknown,other,other,,other,unknown,unknown,,,,other_other_unknown
lenovo,381.0,Unknown,intel,i5,2.4,notebook/laptop,windows,ssd,256.0,15.6,12.0,lenovo_i5_standard
other,139.5,Used,other,other,,other,android,emmc,16.0,7.0,,other_other_small
acer,72.0,Used,other,celeron,1.6,notebook/laptop,chrome,ssd,16.0,11.6,4.0,acer_celeron_small
dell,307.2,Used,intel,i5,2.6,notebook/laptop,windows,unknown,240.0,14.0,,dell_i5_mid
dell,300.0,Used,intel,i7,1.9,notebook/laptop,windows,ssd,500.0,12.5,16.0,dell_i7_mid
other,150.0,For Parts,other,i5,2.3,notebook/laptop,unknown,unknown,,13.3,8.0,other_i5_mid
lenovo,115.0,Used,other,celeron,2.16,other,chrome,ssd,16.0,11.6,4.0,lenovo_celeron_small
dell,220.0,Used,intel,i5,1.7,other,windows,other,256.0,13.3,8.0,dell_i5_mid
hp,281.0,Unknown,intel,i3,2.9,notebook/laptop,windows,ssd,128.0,14.0,4.0,hp_i3_mid
dell,307.2,Used,intel,i5,2.6,notebook/laptop,windows,unknown,240.0,14.0,,dell_i5_mid
lenovo,51.0,Used,intel,celeron,1.6,notebook/laptop,chrome,ssd,16.0,14.0,4.0,lenovo_celeron_mid
hp,89.0,Used,other,i7,,other,unknown,ssd,256.0,,,hp_i7_unknown
acer,199.0,Used,other,i5,2.3,notebook/laptop,windows,ssd,256.0,12.0,8.0,acer_i5_small
dell,129.0,Used,other,i7,,notebook/laptop,windows,hdd/ssd,1024.0,15.6,8.0,dell_i7_standard
dell,56.0,Used,intel,celeron,1.6,notebook/laptop,chrome,emmc,16.0,11.6,4.0,dell_celeron_small
other,229.0,Used,other,other,,notebook/laptop,windows,ssd,256.0,14.0,16.0,other_other_mid
dell,159.0,Used,intel,i3,1.7,notebook/laptop,windows,ssd,2048.0,13.3,16.0,dell_i3_mid
dell,120.0,Unknown,intel,i5,3.6,notebook/laptop,windows,ssd,256.0,13.3,8.0,dell_i5_mid
dell,300.0,Used,other,other,,other,unknown,unknown,256.0,,,dell_other_unknown
dell,527.0,Refurbished,other,i5,1.7,notebook/laptop,windows,ssd,256.0,14.0,16.0,dell_i5_mid
dell,549.0,Used,intel,celeron,1.1,notebook/laptop,chrome,ssd,32.0,11.6,4.0,dell_celeron_small
hp,170.0,Unknown,intel,i7,2.6,notebook/laptop,windows,ssd,256.0,15.6,8.0,hp_i7_standard
dell,600.0,Unknown,intel,i7,1.7,notebook/laptop,windows,ssd,512.0,15.6,16.0,dell_i7_standard
dell,40.0,Used,other,i5,2.6,notebook/laptop,windows,hdd/ssd,320.0,14.0,4.0,dell_i5_mid
lenovo,400.0,Refurbished,other,i7,2.8,notebook/laptop,windows,ssd,1024.0,14.0,32.0,lenovo_i7_mid
other,276.2,Used,intel,other,,other,unknown,unknown,,,,other_other_unknown
hp,107.56,Used,other,other,1.5,notebook/laptop,windows,ssd,128.0,15.6,8.0,hp_other_standard
other,300.0,Used,other,pentium,,notebook/laptop,windows,hdd/ssd,640.0,15.5,,other_pentium_standard
microsoft,625.0,Refurbished,other,i5,,notebook/laptop,unknown,ssd,512.0,13.5,16.0,microsoft_i5_mid
dell,469.0,Used,nvidia,i7,2.8,notebook/laptop,windows,other,1024.0,15.6,16.0,dell_i7_standard
dell,229.6,Open Box,other,other,2.7,notebook/laptop,windows,ssd,128.0,11.6,4.0,dell_other_small
asus,27.98,Used,other,celeron,1.6,other,chrome,ssd,16.0,11.6,4.0,asus_celeron_small
lenovo,155.0,Used,other,i5,1.6,notebook/laptop,unknown,ssd,256.0,12.5,8.0,lenovo_i5_mid
dell,160.0,Used,other,i5,2.2,notebook/laptop,windows,ssd,256.0,14.0,8.0,dell_i5_mid
dell,80.0,Used,other,i5,,notebook/laptop,windows,ssd,250.0,14.0,,dell_i5_mid
dell,280.0,Used,intel,i7,2.6,other,windows,ssd,512.0,14.0,8.0,dell_i7_mid
dell,260.0,Used,other,i5,2.6,other,unknown,ssd,256.0,14.0,,dell_i5_mid
dell,399.0,Unknown,intel,other,2.6,notebook/laptop,windows,ssd,256.0,14.0,8.0,dell_other_mid
microsoft,799.0,Open Box,other,i5,4.8,notebook/laptop,windows,ssd,256.0,13.0,16.0,microsoft_i5_mid
asus,90.0,Used,intel,i3,2.2,notebook/laptop,windows,hdd/ssd,160.0,15.6,8.0,asus_i3_standard
acer,29.0,Unknown,other,celeron,1.0,notebook/laptop,chrome,ssd,16.0,,4.0,acer_celeron_unknown
hp,170.0,Used,intel,i7,3.4,other,windows,hdd/ssd,1024.0,,16.0,hp_i7_unknown
other,8.85,New,other,other,,other,unknown,unknown,,,,other_other_unknown
hp,389.0,Unknown,nvidia,i7,2.7,notebook/laptop,windows,ssd,512.0,15.6,16.0,hp_i7_standard
hp,506.0,Refurbished,intel,i7,4.0,notebook/laptop,windows,ssd,512.0,15.6,16.0,hp_i7_standard
asus,600.0,Unknown,nvidia,i7,2.6,notebook/laptop,windows,ssd,1024.0,15.6,16.0,asus_i7_standard
lenovo,320.5,Refurbished,amd,ryzen7,,notebook/laptop,windows,ssd,512.0,14.0,16.0,lenovo_ryzen7_mid
other,11.38,New,other,other,,other,unknown,unknown,,,,other_other_unknown
acer,199.0,Used,other,i5,2.3,notebook/laptop,windows,ssd,256.0,12.0,8.0,acer_i5_small
dell,286.8,Used,intel,i5,2.6,notebook/laptop,windows,unknown,120.0,14.0,,dell_i5_mid
lenovo,550.0,Open Box,intel,i7,4.7,notebook/laptop,windows,ssd,512.0,15.6,12.0,lenovo_i7_standard
samsung,99.0,Used,other,celeron,,other,chrome,unknown,,,,samsung_celeron_unknown
dell,125.0,Used,other,i5,,notebook/laptop,unknown,ssd,,13.3,,dell_i5_mid
other,130.5,For Parts,other,other,,other,unknown,unknown,,,,other_other_unknown
lenovo,886.0,Used,other,i5,,notebook/laptop,windows,ssd,512.0,13.3,8.0,lenovo_i5_mid
other,173.0,Used,amd,other,,other,unknown,unknown,,,,other_other_unknown
lg,675.0,Used,other,i7,,notebook/laptop,windows,unknown,1024.0,17.3,32.0,lg_i7_large
dell,90.0,Used,intel,i5,3.9,notebook/laptop,unknown,ssd,512.0,,16.0,dell_i5_unknown
dell,126.5,Refurbished,intel,i3,2.5,notebook/laptop,windows,hdd/ssd,500.0,15.0,8.0,dell_i3_standard
other,75.94,Used,other,i5,2.5,notebook/laptop,windows,ssd,500.0,12.5,8.0,other_i5_mid
acer,430.0,Used,amd,ryzen5,2.1,notebook/laptop,windows,ssd,256.0,15.6,8.0,acer_ryzen5_standard
other,650.0,Used,nvidia,i7,2.3,notebook/laptop,windows,ssd,512.0,15.6,16.0,other_i7_standard
lenovo,126.56,Used,other,i5,,notebook/laptop,windows,ssd,256.0,14.0,8.0,lenovo_i5_mid
hp,283.8,Used,intel,i7,1.8,notebook/laptop,windows,other,256.0,,16.0,hp_i7_unknown
lenovo,362.2,Refurbished,intel,i5,4.2,notebook/laptop,windows,ssd,512.0,13.3,16.0,lenovo_i5_mid
other,50.62,Used,intel,celeron,1.9,notebook/laptop,windows,hdd/ssd,128.0,15.6,4.0,other_celeron_standard
other,739.0,Unknown,other,other,,other,unknown,unknown,,,,other_other_unknown
hp,443.0,Used,amd,i7,1.8,other,windows,ssd,1024.0,14.0,32.0,hp_i7_mid
other,34.8,Used,other,other,,other,unknown,unknown,,,,other_other_unknown
acer,506.2,Used,amd,ryzen5,2.1,notebook/laptop,windows,ssd,256.0,15.6,8.0,acer_ryzen5_standard
other,519.5,Open Box,other,other,,other,unknown,unknown,,,,other_other_unknown
lenovo,400.0,Refurbished,other,i7,2.8,notebook/laptop,windows,ssd,1024.0,14.0,32.0,lenovo_i7_mid
lenovo,151.8,Unknown,intel,celeron,1.1,notebook/laptop,windows,emmc,64.0,10.3,4.0,lenovo_celeron_small
hp,239.1,Used,amd,i5,1.6,notebook/laptop,windows,ssd,256.0,13.3,8.0,hp_i5_mid
other,1115.0,Open Box,other,other,,other,unknown,unknown,,,,other_other_unknown
other,54.38,Used,other,other,,other,unknown,unknown,,,,other_other_unknown
other,129.4,Used,other,other,,other,unknown,unknown,,,,other_other_unknown
other,326.2,New,intel,other,,other,unknown,unknown,,,,other_other_unknown
dell,442.8,Refurbished,intel,i7,4.6,notebook/laptop,windows,ssd,512.0,13.3,16.0,dell_i7_mid
other,872.0,Refurbished,other,other,3.2,other,mac,ssd,,13.0,,other_other_mid
dell,300.2,Used,intel,i5,2.6,notebook/laptop,windows,unknown,120.0,14.0,,dell_i5_mid
lenovo,246.8,Used,intel,i5,3.0,notebook/laptop,windows,ssd,2048.0,14.0,32.0,lenovo_i5_mid
dell,20.0,Used,intel,celeron,,notebook/laptop,unknown,ssd,,11.6,2.0,dell_celeron_small
dell,340.0,Used,intel,i7,1.9,notebook/laptop,windows,ssd,1024.0,15.6,32.0,dell_i7_standard
samsung,49.0,Used,intel,celeron,1.6,notebook/laptop,chrome,ssd,16.0,11.6,2.0,samsung_celeron_small
other,163.1,Used,intel,other,,other,unknown,unknown,,,,other_other_unknown
other,456.8,New,other,other,,other,unknown,unknown,,,,other_other_unknown
other,1035.0,New,intel,i5,,notebook/laptop,windows,ssd,1024.0,16.0,16.0,other_i5_large
dell,300.0,Used,intel,i5,3.0,notebook/laptop,windows,unknown,240.0,14.0,,dell_i5_mid
dell,258.5,Used,intel,i5,3.0,notebook/laptop,windows,unknown,120.0,14.0,,dell_i5_mid
other,151.9,Refurbished,other,other,2.4,notebook/laptop,windows,ssd,1024.0,,16.0,other_other_unknown
acer,54.0,Used,intel,celeron,2.48,notebook/laptop,chrome,emmc,32.0,11.6,4.0,acer_celeron_small
other,223.2,Used,other,i5,2.3,notebook/laptop,windows,ssd,256.0,10.1,8.0,other_i5_small
other,1087.0,New,other,other,,other,unknown,unknown,,,,other_other_unknown
asus,31.0,For Parts,other,other,1.8,notebook/laptop,chrome,unknown,16.0,10.1,4.0,asus_other_small
other,108.75,Used,other,other,,other,unknown,unknown,,,,other_other_unknown
other,159.0,New,intel,celeron,1.1,notebook/laptop,windows,hdd/ssd,128.0,15.6,4.0,other_celeron_standard
hp,355.8,Used,intel,i7,4.6,notebook/laptop,windows,ssd,512.0,13.3,16.0,hp_i7_mid
other,187.2,Used,other,other,,other,unknown,unknown,,,,other_other_unknown
hp,8.99,Used,other,other,,other,unknown,unknown,,,,hp_other_unknown
other,163.1,Unknown,intel,other,,other,unknown,unknown,,,,other_other_unknown
other,40.0,New,other,other,,other,unknown,unknown,,15.6,,other_other_standard
dell,376.0,Used,nvidia,i5,2.6,notebook/laptop,windows,unknown,240.0,14.0,,dell_i5_mid
dell,750.0,Open Box,other,i7,1.7,notebook/laptop,windows,ssd,256.0,14.0,8.0,dell_i7_mid
other,130.5,Used,other,other,,other,unknown,unknown,,,,other_other_unknown
acer,49.5,Used,other,other,,other,chrome,unknown,,10.2,,acer_other_small
other,188.5,Used,other,other,,other,unknown,unknown,,,,other_other_unknown
asus,3668.0,New,nvidia,i9,,notebook/laptop,windows,ssd,2048.0,18.0,32.0,asus_i9_large
other,214.2,Refurbished,other,other,,other,unknown,unknown,,,,other_other_unknown
hp,94.94,Used,amd,other,2.0,notebook/laptop,windows,ssd,120.0,15.6,,hp_other_standard
dell,318.2,Used,nvidia,i5,2.6,notebook/laptop,windows,unknown,120.0,14.0,,dell_i5_mid
other,761.5,Used,other,other,,other,unknown,unknown,,,,other_other_unknown
other,934.0,Open Box,other,other,,other,unknown,unknown,,,,other_other_unknown
hp,593.5,Used,intel,i5,,other,windows,ssd,512.0,15.6,8.0,hp_i5_standard
hp,227.8,For Parts,other,i7,,notebook/laptop,windows,ssd,1024.0,13.0,,hp_i7_mid
acer,63.25,Used,other,celeron,1.4,notebook/laptop,chrome,ssd,16.0,11.6,,acer_celeron_small
other,113.9,Refurbished,intel,i5,1.7,notebook/laptop,windows,hdd/ssd,256.0,12.5,16.0,other_i5_mid
lenovo,170.9,Used,other,i5,1.6,notebook/laptop,windows,ssd,256.0,15.6,8.0,lenovo_i5_standard
other,443.0,Used,other,i7,2.4,notebook/laptop,windows,hdd/ssd,,17.3,16.0,other_i7_large
lenovo,67.5,Used,other,i5,1.9,other,unknown,hdd/ssd,500.0,14.0,,lenovo_i5_mid
dell,110.0,Used,intel,i5,2.6,notebook/laptop,windows,ssd,128.0,12.0,8.0,dell_i5_small
hp,50.0,Used,other,celeron,1.6,notebook/laptop,windows,ssd,32.0,11.6,4.0,hp_celeron_small
dell,109.94,Used,other,i5,,notebook/laptop,windows,hdd/ssd,500.0,14.0,8.0,dell_i5_mid
dell,150.0,Used,other,i5,2.5,other,linux,ssd,256.0,15.6,,dell_i5_standard
hp,114.94,Used,other,celeron,1.1,notebook/laptop,windows,hdd/ssd,500.0,15.6,4.0,hp_celeron_standard
lenovo,139.2,Used,other,i5,2.4,other,windows,ssd,120.0,12.5,,lenovo_i5_mid
lenovo,50.0,Used,other,other,,other,unknown,unknown,,14.0,3.0,lenovo_other_mid
dell,99.0,Used,other,other,1.6,notebook/laptop,unknown,hdd/ssd,,12.1,3.0,dell_other_mid
asus,229.0,Used,other,i3,,other,unknown,unknown,,,,asus_i3_unknown
dell,79.94,Unknown,intel,i7,2.7,notebook/laptop,windows,ssd,256.0,15.6,8.0,dell_i7_standard
lenovo,179.5,Used,intel,i5,2.4,notebook/laptop,windows,ssd,128.0,14.0,8.0,lenovo_i5_mid
dell,44.97,Used,other,other,2.26,notebook/laptop,unknown,unknown,,15.4,4.0,dell_other_standard
lenovo,400.0,Refurbished,other,i7,2.8,notebook/laptop,windows,hdd/ssd,2048.0,14.0,32.0,lenovo_i7_mid
hp,220.0,Open Box,intel,celeron,1.1,notebook/laptop,windows,ssd,128.0,14.0,8.0,hp_celeron_mid
dell,300.2,Used,intel,i5,2.6,notebook/laptop,windows,unknown,120.0,14.0,,dell_i5_mid
hp,300.0,New,other,i3,,notebook/laptop,windows,unknown,4.0,14.0,4.0,hp_i3_mid
lenovo,45.0,For Parts,other,other,,other,unknown,unknown,,11.6,,lenovo_other_small
dell,150.0,Used,other,i3,2.3,notebook/laptop,windows,ssd,512.0,13.3,,dell_i3_mid
acer,280.0,Used,other,ryzen3,,other,windows,ssd,512.0,15.6,20.0,acer_ryzen3_standard
microsoft,599.0,Unknown,other,other,1.8,notebook/laptop,windows,ssd,256.0,13.0,16.0,microsoft_other_mid
dell,269.0,Used,intel,i5,2.4,notebook/laptop,windows,ssd,512.0,14.0,8.0,dell_i5_mid
hp,300.0,Unknown,intel,i5,2.4,notebook/laptop,windows,ssd,256.0,14.0,8.0,hp_i5_mid
lenovo,819.5,New,other,ryzen7,,notebook/laptop,unknown,unknown,512.0,14.0,,lenovo_ryzen7_mid
dell,330.0,Refurbished,other,i7,1.9,notebook/laptop,windows,ssd,512.0,13.3,16.0,dell_i7_mid
hp,210.0,Refurbished,other,i5,2.5,notebook/laptop,windows,ssd,800.0,14.0,16.0,hp_i5_mid
dell,350.0,Used,other,i7,,notebook/laptop,windows,ssd,256.0,15.6,8.0,dell_i7_standard
lenovo,220.0,Used,amd,ryzen7,2.2,notebook/laptop,windows,ssd,,15.6,16.0,lenovo_ryzen7_standard
dell,90.0,Used,intel,i5,2.5,notebook/laptop,windows,hdd/ssd,160.0,14.1,4.0,dell_i5_standard
dell,248.5,Used,intel,i3,1.7,notebook/laptop,windows,ssd,120.0,13.3,8.0,dell_i3_mid
hp,727.0,Used,other,i5,,notebook/laptop,unknown,unknown,256.0,13.5,16.0,hp_i5_mid
hp,210.0,Used,other,i7,2.6,notebook/laptop,windows,ssd,256.0,11.6,8.0,hp_i7_small
asus,806.0,Unknown,nvidia,ryzen7,3.2,notebook/laptop,windows,ssd,1024.0,14.0,16.0,asus_ryzen7_mid
lenovo,699.0,Refurbished,other,i7,3.0,notebook/laptop,windows,ssd,512.0,14.0,16.0,lenovo_i7_mid
hp,99.0,Used,amd,other,2.0,notebook/laptop,windows,hdd/ssd,750.0,15.6,4.0,hp_other_standard
dell,139.0,Refurbished,other,i5,2.5,notebook/laptop,windows,ssd,128.0,14.0,8.0,dell_i5_mid
dell,550.0,Used,other,i5,2.3,notebook/laptop,unknown,other,,12.5,8.0,dell_i5_mid
acer,40.0,Used,other,celeron,1.4,notebook/laptop,chrome,unknown,,11.6,16.0,acer_celeron_small
dell,125.0,For Parts,other,other,2.8,notebook/laptop,unknown,other,,14.0,4.0,dell_other_mid
hp,140.0,Used,intel,celeron,1.1,notebook/laptop,chrome,emmc,32.0,14.0,4.0,hp_celeron_mid
lenovo,45.0,Used,other,celeron,1.6,other,chrome,ssd,16.0,11.6,4.0,lenovo_celeron_small
samsung,119.5,Refurbished,intel,celeron,1.1,notebook/laptop,chrome,emmc,32.0,14.0,4.0,samsung_celeron_mid
dell,237.5,Used,other,other,1.66,notebook/laptop,windows,hdd/ssd,500.0,15.0,4.0,dell_other_standard
dell,290.0,Refurbished,other,i7,1.9,notebook/laptop,windows,ssd,512.0,13.0,16.0,dell_i7_mid
acer,55.0,Used,other,i3,,notebook/laptop,unknown,unknown,,13.7,,acer_i3_mid
dell,140.0,Used,other,i5,1.7,notebook/laptop,windows,ssd,256.0,14.0,16.0,dell_i5_mid
other,2340.0,New,nvidia,i7,3.8,other,linux,ssd,1024.0,15.6,0.0625,other_i7_standard
dell,159.8,Used,other,i5,2.6,notebook/laptop,windows,ssd,256.0,14.0,16.0,dell_i5_mid
acer,249.9,Unknown,intel,i3,4.1,notebook/laptop,windows,ssd,128.0,15.6,4.0,acer_i3_standard
other,221.5,Used,other,other,,other,unknown,unknown,,,,other_other_unknown
hp,199.0,Used,intel,i5,2.2,notebook/laptop,windows,ssd,256.0,15.6,16.0,hp_i5_standard
lenovo,570.0,Open Box,intel,i7,4.7,notebook/laptop,windows,ssd,512.0,15.6,12.0,lenovo_i7_standard
dell,347.8,Used,intel,i5,3.0,notebook/laptop,windows,unknown,240.0,14.0,,dell_i5_mid
dell,167.0,Used,intel,i5,2.6,notebook/laptop,windows,ssd,240.0,12.5,16.0,dell_i5_mid
samsung,38.0,Used,intel,celeron,2.5,notebook/laptop,chrome,ssd,16.0,11.6,4.0,samsung_celeron_small
asus,1617.0,Unknown,intel,i7,2.3,notebook/laptop,windows,ssd,1024.0,16.0,16.0,asus_i7_large
dell,107.94,Used,intel,i5,2.4,notebook/laptop,windows,ssd,256.0,14.0,8.0,dell_i5_mid
hp,54.0,Used,intel,celeron,1.6,notebook/laptop,chrome,ssd,16.0,11.6,4.0,hp_celeron_small
lenovo,94.94,Used,other,other,,notebook/laptop,windows,unknown,,15.0,,lenovo_other_standard
asus,295.0,Used,nvidia,i7,2.4,notebook/laptop,windows,hdd/ssd,500.0,15.0,16.0,asus_i7_standard
other,205.6,New,other,other,,other,unknown,unknown,,,,other_other_unknown
hp,720.0,New,intel,i7,5.0,notebook/laptop,windows,ssd,4096.0,15.6,64.0,hp_i7_standard
other,400.0,Used,other,i7,,notebook/laptop,unknown,unknown,,14.1,,other_i7_standard
dell,190.0,Used,other,i5,2.1,notebook/laptop,windows,ssd,1024.0,14.0,16.0,dell_i5_mid
other,284.0,Used,amd,i7,2.5,other,windows,other,256.0,15.6,16.0,other_i7_standard
other,40.0,Used,other,celeron,1.5,notebook/laptop,unknown,hdd/ssd,,15.0,2.0,other_celeron_standard
lenovo,110.0,New,other,celeron,1.1,other,chrome,emmc,32.0,11.6,32.0,lenovo_celeron_small
lenovo,31.66,Used,other,other,1.83,other,chrome,ssd,16.0,11.6,,lenovo_other_small
other,348.0,Used,other,i5,2.4,other,unknown,ssd,,13.3,,other_i5_mid
microsoft,24.98,Used,intel,i5,2.4,notebook/laptop,windows,ssd,128.0,13.0,,microsoft_i5_mid
hp,650.0,Unknown,intel,i7,1.8,notebook/laptop,windows,ssd,512.0,15.6,16.0,hp_i7_standard
dell,368.8,Used,intel,i5,3.0,notebook/laptop,windows,unknown,480.0,14.0,,dell_i5_mid
dell,90.0,Unknown,intel,celeron,1.1,notebook/laptop,windows,ssd,128.0,11.6,4.0,dell_celeron_small
other,184.9,Used,other,other,,other,unknown,unknown,,,,other_other_unknown
hp,101.25,Used,other,other,,other,unknown,unknown,,,,hp_other_unknown
hp,300.0,Refurbished,amd,ryzen3,2.0,notebook/laptop,windows,ssd,,14.0,16.0,hp_ryzen3_mid
asus,42.0,Used,other,celeron,1.6,other,chrome,ssd,16.0,11.6,4.0,asus_celeron_small
asus,25.0,Unknown,intel,celeron,1.6,notebook/laptop,chrome,emmc,,11.6,4.0,asus_celeron_small
microsoft,739.0,Unknown,amd,ryzen7,2.0,notebook/laptop,windows,ssd,512.0,15.0,8.0,microsoft_ryzen7_standard
hp,380.0,New,other,other,,notebook/laptop,unknown,unknown,,,,hp_other_unknown
lenovo,95.0,Used,intel,i5,2.4,notebook/laptop,windows,ssd,256.0,14.0,8.0,lenovo_i5_mid
other,95.7,For Parts,other,other,,notebook/laptop,unknown,other,,,,other_other_unknown
other,69.6,Used,intel,other,1.44,notebook/laptop,linux,emmc,32.0,11.0,2.0,other_other_small
lenovo,630.0,Refurbished,intel,i7,1.3,notebook/laptop,windows,ssd,512.0,15.6,16.0,lenovo_i7_standard
dell,150.0,Unknown,intel,i5,2.4,notebook/laptop,windows,ssd,512.0,14.0,16.0,dell_i5_mid
dell,85.0,Used,other,i5,2.3,notebook/laptop,windows,ssd,128.0,12.5,8.0,dell_i5_mid
hp,699.5,Refurbished,intel,i7,4.1,notebook/laptop,windows,ssd,512.0,15.6,16.0,hp_i7_standard
dell,87.0,Used,intel,i5,2.4,notebook/laptop,windows,ssd,512.0,14.0,8.0,dell_i5_mid
lenovo,600.0,Unknown,nvidia,ryzen5,3.3,notebook/laptop,windows,ssd,256.0,15.6,8.0,lenovo_ryzen5_standard
lenovo,84.94,Unknown,other,i5,2.6,notebook/laptop,windows,hdd/ssd,500.0,14.0,8.0,lenovo_i5_mid
other,250.0,New,other,other,,notebook/laptop,unknown,ssd,512.0,15.6,16.0,other_other_standard
asus,50.0,Unknown,intel,celeron,,other,windows,unknown,4.0,14.0,4.0,asus_celeron_mid
hp,454.2,Open Box,amd,ryzen7,4.3,notebook/laptop,windows,ssd,512.0,15.6,8.0,hp_ryzen7_standard
dell,489.0,Refurbished,nvidia,i7,1.8,notebook/laptop,windows,hdd/ssd,2048.0,17.3,16.0,dell_i7_large
dell,291.0,Used,nvidia,i5,2.6,notebook/laptop,windows,unknown,120.0,14.0,,dell_i5_mid
dell,370.8,Used,intel,i5,3.1,notebook/laptop,windows,unknown,480.0,14.0,,dell_i5_mid
other,19.95,Unknown,other,other,,notebook/laptop,windows,unknown,,15.6,,other_other_standard
hp,27.98,Used,other,other,1.66,notebook/laptop,unknown,hdd/ssd,1024.0,10.1,1.0,hp_other_small
lenovo,225.0,Used,other,i5,1.7,notebook/laptop,windows,ssd,256.0,15.0,4.0,lenovo_i5_standard
dell,679.0,Refurbished,other,i7,,notebook/laptop,unknown,unknown,512.0,15.6,16.0,dell_i7_standard
lenovo,1012.5,Unknown,nvidia,i5,2.5,notebook/laptop,windows,ssd,512.0,15.6,8.0,lenovo_i5_standard
lenovo,150.0,Used,intel,i5,1.2,notebook/laptop,unknown,ssd,256.0,12.0,8.0,lenovo_i5_small
asus,600.0,For Parts,other,i7,,notebook/laptop,unknown,hdd/ssd,,17.0,,asus_i7_large
asus,60.0,Used,other,other,1.8,notebook/laptop,chrome,emmc,16.0,10.1,4.0,asus_other_small
hp,100.0,Used,other,i5,2.5,notebook/laptop,windows,unknown,,14.0,,hp_i5_mid
dell,144.9,Refurbished,intel,i5,2.6,notebook/laptop,windows,ssd,256.0,14.0,8.0,dell_i5_mid
dell,375.0,Used,intel,i7,1.7,notebook/laptop,windows,ssd,256.0,12.0,8.0,dell_i7_small
dell,120.0,Used,other,i7,2.6,notebook/laptop,windows,hdd/ssd,500.0,15.6,,dell_i7_standard
dell,35.0,Unknown,other,celeron,1.4,other,chrome,ssd,16.0,11.6,4.0,dell_celeron_small
other,147.0,For Parts,nvidia,i7,2.4,notebook/laptop,windows,hdd/ssd,750.0,14.0,8.0,other_i7_mid
lenovo,65.0,Used,other,i5,1.6,notebook/laptop,unknown,unknown,,14.0,4.0,lenovo_i5_mid
dell,99.94,Used,other,i3,,notebook/laptop,windows,hdd/ssd,320.0,14.0,8.0,dell_i3_mid
dell,313.5,Used,intel,i5,2.7,notebook/laptop,windows,unknown,120.0,14.0,,dell_i5_mid
dell,302.8,Used,intel,i5,3.0,notebook/laptop,windows,unknown,240.0,14.0,,dell_i5_mid
dell,375.0,Used,intel,i5,2.6,notebook/laptop,windows,unknown,480.0,14.0,,dell_i5_mid
acer,69.94,Unknown,intel,celeron,1.1,notebook/laptop,chrome,emmc,64.0,14.0,4.0,acer_celeron_mid
asus,75.94,Used,other,other,,other,unknown,unknown,,,,asus_other_unknown
other,400.0,Used,amd,pentium,1.86,notebook/laptop,windows,hdd/ssd,80.0,14.0,1.0,other_pentium_mid
other,345.0,Used,other,i7,1.9,other,windows,ssd,512.0,13.3,16.0,other_i7_mid
dell,422.0,Used,intel,i5,2.8,notebook/laptop,windows,unknown,240.0,12.5,,dell_i5_mid
dell,600.0,Used,intel,i7,2.4,notebook/laptop,windows,hdd/ssd,2048.0,17.3,16.0,dell_i7_large
acer,199.9,Unknown,intel,other,,notebook/laptop,chrome,emmc,64.0,13.0,64.0,acer_other_mid
other,32.75,Open Box,other,other,,other,unknown,unknown,,7.2,,other_other_small
dell,289.8,Used,intel,i5,3.0,notebook/laptop,windows,unknown,120.0,14.0,,dell_i5_mid
other,284.2,Used,other,other,,other,unknown,unknown,,,,other_other_unknown
dell,420.0,Refurbished,intel,i7,1.9,notebook/laptop,windows,ssd,1024.0,15.6,32.0,dell_i7_standard
dell,100.0,Unknown,other,other,,notebook/laptop,unknown,unknown,,,,dell_other_unknown
dell,327.8,Used,intel,i5,2.6,notebook/laptop,windows,unknown,240.0,14.0,,dell_i5_mid
other,38.0,Unknown,other,other,,other,unknown,unknown,,,,other_other_unknown
asus,172.8,Unknown,intel,pentium,1.1,notebook/laptop,windows,emmc,64.0,14.0,4.0,asus_pentium_mid
dell,345.0,Used,intel,i5,2.7,notebook/laptop,windows,unknown,240.0,14.0,,dell_i5_mid
lenovo,188.0,Used,intel,i5,1.6,notebook/laptop,windows,ssd,256.0,14.0,8.0,lenovo_i5_mid
hp,100.0,Used,intel,i5,2.4,notebook/laptop,windows,hdd/ssd,128.0,15.6,8.0,hp_i5_standard
dell,890.0,Used,other,i7,,notebook/laptop,unknown,ssd,512.0,14.0,32.0,dell_i7_mid
dell,230.0,Refurbished,other,other,2.4,other,windows,ssd,1024.0,14.0,16.0,dell_other_mid
dell,100.0,Used,other,i7,2.8,notebook/laptop,windows,ssd,64.0,11.0,16.0,dell_i7_small
lenovo,269.8,Used,intel,other,1.6,other,windows,unknown,256.0,14.0,16.0,lenovo_other_mid
microsoft,225.5,Used,nvidia,other,,other,unknown,unknown,,13.5,,microsoft_other_mid
other,13.8,Used,other,other,,other,unknown,unknown,,,,other_other_unknown
dell,442.8,Used,intel,i5,2.8,notebook/laptop,windows,unknown,240.0,12.5,,dell_i5_mid
lenovo,392.0,Used,intel,i5,2.8,notebook/laptop,windows,unknown,240.0,14.0,,lenovo_i5_mid
other,289.8,Unknown,other,other,1.8,other,windows,unknown,81.0,15.4,1.0,other_other_standard
lenovo,560.0,Open Box,other,i7,2.8,notebook/laptop,windows,ssd,512.0,15.6,16.0,lenovo_i7_standard
dell,88.56,Used,other,other,,other,unknown,unknown,,,,dell_other_unknown
dell,299.0,Refurbished,amd,ryzen5,2.1,notebook/laptop,windows,ssd,256.0,14.0,8.0,dell_ryzen5_mid
dell,749.0,Refurbished,intel,i5,,notebook/laptop,windows,ssd,512.0,13.4,8.0,dell_i5_mid
dell,249.0,Used,intel,i5,1.7,notebook/laptop,windows,ssd,256.0,13.3,8.0,dell_i5_mid
dell,157.5,Used,other,i5,2.4,notebook/laptop,windows,ssd,512.0,12.5,12.0,dell_i5_mid
other,173.0,New,other,other,,other,unknown,unknown,,,,other_other_unknown
other,433.2,Used,intel,i5,3.0,notebook/laptop,windows,ssd,240.0,15.6,,other_i5_standard
other,700.0,Unknown,nvidia,i7,2.6,notebook/laptop,windows,ssd,512.0,15.6,16.0,other_i7_standard
lenovo,911.0,Unknown,intel,i5,1.6,notebook/laptop,windows,ssd,256.0,15.6,8.0,lenovo_i5_standard
dell,799.0,Open Box,intel,i5,,notebook/laptop,windows,ssd,512.0,14.0,16.0,dell_i5_mid
acer,273.0,Open Box,other,ryzen3,3.5,notebook/laptop,windows,ssd,128.0,,4.0,acer_ryzen3_unknown
lenovo,350.0,Used,amd,ryzen7,1.7,notebook/laptop,unknown,ssd,512.0,14.0,16.0,lenovo_ryzen7_mid
lenovo,160.0,Unknown,other,i5,2.6,notebook/laptop,windows,ssd,256.0,14.0,8.0,lenovo_i5_mid
dell,90.0,Used,intel,celeron,1.6,notebook/laptop,windows,hdd/ssd,500.0,15.6,4.0,dell_celeron_standard
samsung,129.5,Open Box,intel,celeron,1.1,notebook/laptop,chrome,emmc,32.0,14.0,4.0,samsung_celeron_mid
dell,250.0,Used,other,i5,2.5,notebook/laptop,windows,ssd,256.0,15.6,,dell_i5_standard
microsoft,177.1,Used,other,i5,,other,windows,ssd,128.0,13.5,128.0,microsoft_i5_mid
lenovo,190.0,Used,intel,i5,2.4,notebook/laptop,windows,ssd,512.0,14.0,16.0,lenovo_i5_mid
dell,180.0,Used,intel,i7,1.9,notebook/laptop,windows,ssd,512.0,14.0,16.0,dell_i7_mid
dell,87.3,Unknown,intel,celeron,1.1,notebook/laptop,windows,ssd,128.0,11.6,4.0,dell_celeron_small
samsung,247.0,Open Box,other,other,,notebook/laptop,windows,ssd,128.0,14.0,8.0,samsung_other_mid
dell,80.0,Used,intel,i3,2.3,other,unknown,ssd,256.0,13.3,8.0,dell_i3_mid
lenovo,90.0,Used,intel,i5,3.3,notebook/laptop,windows,ssd,512.0,14.0,16.0,lenovo_i5_mid
hp,48.0,Used,other,i5,1.9,notebook/laptop,windows,hdd/ssd,500.0,,4.0,hp_i5_unknown
dell,220.0,Refurbished,intel,i5,,notebook/laptop,windows,ssd,512.0,14.0,16.0,dell_i5_mid
hp,80.0,Used,intel,celeron,2.16,notebook/laptop,chrome,emmc,16.0,14.0,4.0,hp_celeron_mid
other,258.0,Used,other,i5,2.3,notebook/laptop,windows,unknown,128.0,11.6,8.0,other_i5_small
dell,32.94,Unknown,intel,celeron,1.6,notebook/laptop,chrome,emmc,16.0,11.6,4.0,dell_celeron_small
lenovo,23.0,Used,other,celeron,2.4,notebook/laptop,chrome,emmc,32.0,,4.0,lenovo_celeron_unknown
hp,29.0,Unknown,intel,celeron,1.1,notebook/laptop,chrome,emmc,16.0,11.6,4.0,hp_celeron_small
hp,370.0,New,intel,i5,2.4,notebook/laptop,windows,ssd,256.0,15.6,8.0,hp_i5_standard
hp,200.0,Refurbished,intel,i7,1.8,notebook/laptop,windows,ssd,256.0,15.6,16.0,hp_i7_standard
lenovo,170.0,Refurbished,intel,i5,2.4,notebook/laptop,windows,ssd,256.0,14.0,12.0,lenovo_i5_mid
lenovo,370.0,Used,amd,ryzen7,1.7,notebook/laptop,windows,ssd,512.0,14.0,32.0,lenovo_ryzen7_mid
hp,300.0,Refurbished,intel,i5,3.6,notebook/laptop,unknown,ssd,2048.0,14.0,,hp_i5_mid
hp,85.0,Refurbished,intel,celeron,2.16,notebook/laptop,chrome,emmc,16.0,14.0,4.0,hp_celeron_mid
lenovo,75.0,Refurbished,intel,celeron,2.4,notebook/laptop,chrome,emmc,32.0,11.6,4.0,lenovo_celeron_small
microsoft,198.0,Used,intel,i5,1.7,notebook/laptop,windows,ssd,256.0,13.5,8.0,microsoft_i5_mid
acer,70.0,Refurbished,other,celeron,1.6,notebook/laptop,linux,ssd,32.0,11.6,4.0,acer_celeron_small
dell,316.0,Used,intel,i5,1.6,notebook/laptop,windows,ssd,256.0,14.0,16.0,dell_i5_mid
dell,140.0,Used,other,i5,,other,unknown,unknown,,14.1,,dell_i5_standard
lg,425.0,Unknown,intel,i7,4.7,notebook/laptop,windows,ssd,512.0,14.0,16.0,lg_i7_mid
acer,50.0,Refurbished,intel,celeron,1.4,notebook/laptop,chrome,ssd,16.0,11.6,4.0,acer_celeron_small
lenovo,150.0,Used,intel,i3,2.1,notebook/laptop,windows,hdd/ssd,128.0,14.0,8.0,lenovo_i3_mid
microsoft,270.0,Used,intel,i7,1.9,notebook/laptop,windows,ssd,512.0,12.3,16.0,microsoft_i7_mid
lg,425.0,Used,other,i7,,notebook/laptop,windows,ssd,512.0,17.0,16.0,lg_i7_large
hp,30.48,Used,other,other,1.6,notebook/laptop,chrome,ssd,16.0,11.6,4.0,hp_other_small
dell,440.0,Used,other,i7,2.6,notebook/laptop,windows,ssd,1024.0,15.6,16.0,dell_i7_standard
lg,619.0,Used,intel,i7,,notebook/laptop,windows,ssd,512.0,17.0,16.0,lg_i7_large
acer,60.0,Used,other,celeron,1.6,other,chrome,unknown,32.0,14.0,4.0,acer_celeron_mid
lenovo,393.2,Used,intel,i5,2.8,notebook/laptop,windows,unknown,480.0,14.0,,lenovo_i5_mid
dell,327.8,Used,intel,i5,2.6,notebook/laptop,windows,unknown,240.0,14.0,,dell_i5_mid
dell,279.5,Used,intel,i5,2.6,notebook/laptop,windows,unknown,240.0,14.0,,dell_i5_mid
lenovo,200.0,Used,other,i7,2.1,other,windows,ssd,256.0,14.0,8.0,lenovo_i7_mid
samsung,130.0,Used,other,other,,other,windows,hdd/ssd,80.0,7.0,1.0,samsung_other_small
dell,265.0,Refurbished,other,i7,4.8,notebook/laptop,windows,ssd,,13.3,16.0,dell_i7_mid
other,148.0,Unknown,intel,pentium,1.1,notebook/laptop,windows,ssd,128.0,15.6,4.0,other_pentium_standard
lenovo,230.0,Used,intel,i7,2.6,notebook/laptop,windows,ssd,512.0,14.0,16.0,lenovo_i7_mid
dell,345.0,Used,intel,i5,2.7,notebook/laptop,windows,unknown,240.0,14.0,,dell_i5_mid
microsoft,255.0,Used,intel,i5,1.1,notebook/laptop,windows,ssd,128.0,12.3,8.0,microsoft_i5_mid
dell,442.8,Used,intel,i5,2.8,notebook/laptop,windows,unknown,240.0,12.5,,dell_i5_mid
other,30.77,New,other,other,,other,unknown,unknown,,,,other_other_unknown
hp,490.0,Used,other,i7,,notebook/laptop,windows,unknown,1024.0,15.6,,hp_i7_standard
asus,780.5,Used,nvidia,i7,2.6,notebook/laptop,unknown,ssd,16.0,15.6,16.0,asus_i7_standard
lenovo,250.0,Refurbished,intel,i5,1.6,notebook/laptop,windows,hdd/ssd,1024.0,15.6,16.0,lenovo_i5_standard
hp,49.0,Used,intel,celeron,1.4,other,chrome,ssd,16.0,14.0,4.0,hp_celeron_mid
other,1295.0,Unknown,intel,other,2.6,other,windows,ssd,256.0,10.1,8.0,other_other_small
dell,312.0,Used,nvidia,i5,2.6,notebook/laptop,windows,unknown,120.0,14.0,,dell_i5_mid
acer,126.56,Used,other,other,,other,unknown,unknown,,,,acer_other_unknown
hp,519.5,Unknown,amd,ryzen7,4.2,notebook/laptop,windows,ssd,512.0,14.0,16.0,hp_ryzen7_mid
dell,349.0,Refurbished,intel,i5,1.2,notebook/laptop,windows,ssd,512.0,15.6,12.0,dell_i5_standard
hp,120.0,Used,amd,other,1.8,notebook/laptop,windows,ssd,512.0,14.0,8.0,hp_other_mid
hp,100.0,Unknown,intel,celeron,1.1,notebook/laptop,chrome,emmc,32.0,14.0,4.0,hp_celeron_mid
lg,499.0,Unknown,intel,i5,3.0,notebook/laptop,windows,ssd,256.0,14.0,8.0,lg_i5_mid
lenovo,56.0,Unknown,other,other,2.1,other,chrome,emmc,32.0,11.6,4.0,lenovo_other_small
asus,196.1,Used,other,other,,other,unknown,unknown,,,,asus_other_unknown
asus,138.0,For Parts,other,i3,,notebook/laptop,unknown,hdd/ssd,,17.3,,asus_i3_large
acer,129.0,Unknown,other,celeron,2.48,notebook/laptop,chrome,hdd/ssd,32.0,11.6,4.0,acer_celeron_small
dell,160.0,Used,intel,i5,,notebook/laptop,windows,ssd,8.0,14.0,8.0,dell_i5_mid
dell,21.95,Used,amd,other,2.0,notebook/laptop,windows,hdd/ssd,180.0,15.4,4.0,dell_other_standard
dell,199.0,Used,other,i5,1.7,notebook/laptop,windows,ssd,512.0,15.6,16.0,dell_i5_standard
hp,190.0,Used,intel,i5,,notebook/laptop,windows,ssd,256.0,15.0,16.0,hp_i5_standard
dell,200.0,Unknown,intel,celeron,,notebook/laptop,windows,hdd/ssd,,11.6,,dell_celeron_small
dell,324.0,Used,intel,i5,2.7,notebook/laptop,windows,unknown,240.0,14.0,,dell_i5_mid
microsoft,75.0,For Parts,other,other,,other,unknown,unknown,,,,microsoft_other_unknown
other,177.1,Used,other,other,,other,unknown,unknown,,,,other_other_unknown
microsoft,570.0,Unknown,other,other,3.0,notebook/laptop,windows,ssd,256.0,13.0,16.0,microsoft_other_mid
dell,154.0,Unknown,intel,celeron,2.8,notebook/laptop,chrome,emmc,16.0,11.6,4.0,dell_celeron_small
hp,189.8,Used,other,other,,other,unknown,unknown,,,,hp_other_unknown
samsung,63.25,Used,other,other,,other,unknown,unknown,,,,samsung_other_unknown
dell,292.2,Used,intel,i5,3.0,notebook/laptop,windows,unknown,120.0,14.0,,dell_i5_mid
other,332.8,Refurbished,intel,other,,other,unknown,unknown,,,,other_other_unknown
lenovo,391.0,Used,intel,i7,3.5,notebook/laptop,windows,unknown,240.0,14.0,,lenovo_i7_mid
lenovo,714.5,New,intel,i5,4.0,notebook/laptop,windows,ssd,256.0,15.6,,lenovo_i5_standard
hp,50.0,Used,other,other,,notebook/laptop,windows,unknown,,15.0,,hp_other_standard
hp,939.5,Refurbished,nvidia,i7,5.0,notebook/laptop,windows,ssd,1024.0,,32.0,hp_i7_unknown
hp,115.0,For Parts,intel,celeron,2.16,notebook/laptop,chrome,ssd,16.0,11.6,4.0,hp_celeron_small
hp,300.0,Used,intel,i5,2.1,other,unknown,ssd,256.0,,16.0,hp_i5_unknown
microsoft,60.0,For Parts,other,i5,,notebook/laptop,windows,ssd,256.0,,8.0,microsoft_i5_unknown
lenovo,115.0,Unknown,intel,celeron,1.1,notebook/laptop,chrome,emmc,32.0,11.6,4.0,lenovo_celeron_small
lenovo,300.0,Used,other,ryzen5,2.1,notebook/laptop,windows,ssd,476.0,14.0,16.0,lenovo_ryzen5_mid
dell,279.5,Used,intel,i5,2.6,notebook/laptop,windows,unknown,240.0,14.0,,dell_i5_mid
other,162.0,Used,other,other,,other,unknown,unknown,,,,other_other_unknown
samsung,46.0,Used,other,celeron,,other,unknown,unknown,16.0,11.6,,samsung_celeron_small
dell,119.0,Used,intel,i5,1.9,notebook/laptop,unknown,hdd/ssd,,14.0,8.0,dell_i5_mid
hp,110.0,Used,intel,i5,2.4,notebook/laptop,windows,hdd/ssd,500.0,15.6,8.0,hp_i5_standard
dell,303.0,Used,intel,i5,,notebook/laptop,windows,unknown,120.0,14.0,,dell_i5_mid
dell,400.0,Unknown,other,other,,notebook/laptop,windows,ssd,512.0,13.0,16.0,dell_other_mid
dell,749.0,Open Box,intel,i5,,notebook/laptop,windows,ssd,256.0,16.0,16.0,dell_i5_large
lenovo,163.2,Used,intel,i5,2.6,other,windows,hdd/ssd,500.0,15.6,8.0,lenovo_i5_standard
dell,240.0,Used,intel,i5,2.4,notebook/laptop,windows,ssd,8.0,14.0,8.0,dell_i5_mid
hp,69.9,Used,other,other,2.4,other,unknown,ssd,256.0,13.9,8.0,hp_other_mid
hp,479.5,Refurbished,intel,i5,4.6,notebook/laptop,windows,ssd,256.0,15.6,8.0,hp_i5_standard
dell,1900.0,Refurbished,intel,i7,1.8,notebook/laptop,windows,ssd,1024.0,14.0,32.0,dell_i7_mid
lenovo,393.2,Used,intel,i5,2.8,notebook/laptop,windows,unknown,480.0,14.0,,lenovo_i5_mid
dell,300.2,Used,nvidia,i5,2.6,notebook/laptop,windows,unknown,120.0,14.0,,dell_i5_mid
lenovo,500.0,Open Box,other,ryzen5,,other,windows,unknown,,,,lenovo_ryzen5_unknown
dell,899.0,Refurbished,nvidia,i7,,notebook/laptop,windows,other,1024.0,16.0,16.0,dell_i7_large
lenovo,200.0,Used,other,other,2.4,notebook/laptop,windows,unknown,160.0,14.1,,lenovo_other_standard
dell,360.0,Refurbished,intel,i5,1.6,notebook/laptop,windows,ssd,512.0,13.3,16.0,dell_i5_mid
hp,259.0,Unknown,intel,pentium,1.8,notebook/laptop,windows,ssd,128.0,15.6,4.0,hp_pentium_standard
hp,179.0,Used,other,i5,2.2,notebook/laptop,windows,hdd/ssd,750.0,15.6,8.0,hp_i5_standard
lenovo,231.0,Used,intel,i5,2.4,notebook/laptop,windows,ssd,256.0,14.0,16.0,lenovo_i5_mid
dell,1050.0,Refurbished,intel,i7,2.8,notebook/laptop,windows,ssd,256.0,15.6,16.0,dell_i7_standard
microsoft,158.1,Unknown,other,i5,,other,windows,unknown,512.0,,,microsoft_i5_unknown
dell,200.0,Used,other,i5,1.6,notebook/laptop,windows,ssd,512.0,13.3,16.0,dell_i5_mid
dell,380.0,Unknown,amd,ryzen5,4.3,notebook/laptop,windows,ssd,512.0,14.0,16.0,dell_ryzen5_mid
hp,79.94,Used,other,celeron,2.16,other,chrome,emmc,16.0,11.6,16.0,hp_celeron_small
other,299.0,Used,other,i5,2.5,notebook/laptop,windows,other,500.0,14.0,8.0,other_i5_mid
hp,325.0,New,intel,i3,4.1,notebook/laptop,windows,ssd,256.0,15.6,8.0,hp_i3_standard
dell,298.8,Used,nvidia,i5,2.6,notebook/laptop,windows,unknown,240.0,14.0,,dell_i5_mid
dell,352.0,Used,intel,i5,,notebook/laptop,windows,unknown,240.0,14.0,,dell_i5_mid
dell,294.0,Used,nvidia,i5,,notebook/laptop,windows,unknown,120.0,14.0,,dell_i5_mid
hp,44.0,Used,intel,celeron,1.6,other,chrome,ssd,32.0,11.6,4.0,hp_celeron_small
acer,550.0,Unknown,other,i7,,notebook/laptop,windows,ssd,512.0,15.6,12.0,acer_i7_standard
hp,300.0,Used,intel,i7,4.3,notebook/laptop,windows,ssd,256.0,15.6,16.0,hp_i7_standard
samsung,175.0,Unknown,intel,other,2.5,notebook/laptop,windows,ssd,128.0,14.0,4.0,samsung_other_mid
lenovo,309.2,Used,intel,other,1.99,notebook/laptop,windows,unknown,960.0,14.1,,lenovo_other_standard
other,13.05,Used,other,other,,other,unknown,unknown,,,,other_other_unknown
dell,334.5,Used,intel,i5,2.7,notebook/laptop,windows,unknown,120.0,14.0,,dell_i5_mid
dell,349.8,Used,intel,i5,,other,windows,unknown,120.0,14.0,,dell_i5_mid
lenovo,340.2,Used,intel,other,1.99,notebook/laptop,windows,unknown,960.0,14.1,,lenovo_other_standard
lenovo,119.0,Used,intel,i5,2.4,notebook/laptop,windows,ssd,128.0,14.0,12.0,lenovo_i5_mid
dell,377.5,Used,intel,i5,3.0,notebook/laptop,windows,ssd,480.0,14.0,,dell_i5_mid
other,521.0,Used,other,other,,other,unknown,unknown,,,,other_other_unknown
dell,260.8,Used,intel,i5,3.0,notebook/laptop,windows,unknown,120.0,14.0,,dell_i5_mid
hp,509.5,Refurbished,amd,ryzen7,4.5,notebook/laptop,windows,ssd,512.0,,16.0,hp_ryzen7_unknown
asus,199.9,Unknown,other,celeron,,notebook/laptop,windows,emmc,128.0,11.6,128.0,asus_celeron_small
dell,179.0,Refurbished,other,i5,2.2,notebook/laptop,windows,hdd/ssd,1024.0,15.6,6.0,dell_i5_standard
hp,415.0,Used,intel,i7,1.9,notebook/laptop,windows,ssd,128.0,13.0,16.0,hp_i7_mid
dell,209.0,Used,nvidia,i7,2.7,other,windows,ssd,256.0,15.6,16.0,dell_i7_standard
dell,750.0,Open Box,other,i5,2.6,notebook/laptop,windows,ssd,256.0,14.0,32.0,dell_i5_mid
dell,140.0,Refurbished,other,i5,2.6,notebook/laptop,windows,hdd/ssd,,14.0,,dell_i5_mid
dell,90.0,Used,intel,celeron,1.6,notebook/laptop,windows,hdd/ssd,500.0,15.6,4.0,dell_celeron_standard
lg,310.0,Used,intel,i5,1.2,notebook/laptop,windows,ssd,256.0,14.0,8.0,lg_i5_mid
other,413.2,Used,other,other,,other,unknown,unknown,,,,other_other_unknown
other,105.0,Used,other,i5,2.8,notebook/laptop,windows,ssd,,14.0,4.0,other_i5_mid
lenovo,899.0,Open Box,intel,i5,4.6,notebook/laptop,windows,ssd,256.0,14.0,,lenovo_i5_mid
dell,45.0,Used,amd,celeron,2.16,notebook/laptop,chrome,ssd,16.0,11.6,4.0,dell_celeron_small
asus,100.0,Unknown,intel,celeron,1.1,notebook/laptop,chrome,emmc,32.0,14.0,4.0,asus_celeron_mid
other,1439.0,New,intel,i9,,notebook/laptop,windows,ssd,1024.0,16.0,16.0,other_i9_large
asus,105.0,Unknown,intel,celeron,1.1,other,chrome,emmc,32.0,11.6,32.0,asus_celeron_small
dell,458.5,Used,nvidia,i5,2.6,notebook/laptop,windows,unknown,960.0,14.0,,dell_i5_mid
other,423.0,Used,intel,i5,3.0,notebook/laptop,windows,ssd,120.0,15.6,,other_i5_standard
hp,319.5,Refurbished,amd,ryzen3,4.1,notebook/laptop,windows,ssd,256.0,17.0,8.0,hp_ryzen3_large
lenovo,150.0,Used,other,i5,2.5,notebook/laptop,windows,ssd,256.0,15.6,16.0,lenovo_i5_standard
other,70.0,New,other,other,,notebook/laptop,windows,unknown,,14.0,,other_other_mid
hp,315.0,New,intel,i3,4.1,notebook/laptop,windows,ssd,256.0,15.6,8.0,hp_i3_standard
other,146.5,Unknown,other,other,,other,unknown,unknown,,,,other_other_unknown
other,172.0,New,intel,celeron,1.1,notebook/laptop,windows,ssd,128.0,14.0,6.0,other_celeron_mid
hp,19.98,Unknown,other,other,,notebook/laptop,windows,hdd/ssd,,,,hp_other_unknown
dell,342.0,Used,intel,i5,,notebook/laptop,windows,unknown,120.0,14.0,,dell_i5_mid
dell,260.8,Used,intel,i5,3.0,notebook/laptop,windows,unknown,120.0,14.0,,dell_i5_mid
hp,650.0,New,intel,i5,2.3,notebook/laptop,windows,ssd,256.0,17.3,8.0,hp_i5_large
dell,298.8,Used,nvidia,i5,2.6,notebook/laptop,windows,unknown,240.0,14.0,,dell_i5_mid
lenovo,680.0,Refurbished,amd,ryzen7,2.0,notebook/laptop,windows,ssd,1024.0,15.6,40.0,lenovo_ryzen7_standard
other,412.2,Used,other,other,,other,unknown,unknown,,,,other_other_unknown
other,238.2,Used,intel,other,,other,unknown,unknown,,,,other_other_unknown
lenovo,340.2,Used,intel,other,1.99,notebook/laptop,windows,unknown,960.0,14.1,,lenovo_other_standard
other,327.8,Used,intel,other,,other,unknown,unknown,,,,other_other_unknown
dell,45.0,Used,other,other,,notebook/laptop,unknown,unknown,80.0,15.4,2.0,dell_other_standard
dell,198.0,Unknown,other,i7,,other,unknown,unknown,,14.0,,dell_i7_mid
dell,350.0,Used,intel,i7,2.8,notebook/laptop,windows,ssd,512.0,14.0,16.0,dell_i7_mid
other,87.0,Used,other,other,,other,unknown,unknown,,,,other_other_unknown
other,333.2,Used,other,i5,2.6,other,windows,ssd,500.0,14.0,16.0,other_i5_mid
dell,399.0,Unknown,other,i5,1.6,notebook/laptop,windows,ssd,512.0,15.6,8.0,dell_i5_standard
other,40.0,Used,other,i3,,other,unknown,unknown,,10.8,,other_i3_small
other,24.98,For Parts,other,celeron,1.86,notebook/laptop,unknown,other,,15.6,4.0,other_celeron_standard
other,346.8,Used,intel,i3,3.0,notebook/laptop,windows,ssd,120.0,14.0,,other_i3_mid
lenovo,56.06,Unknown,intel,i5,2.9,notebook/laptop,windows,ssd,240.0,14.0,12.0,lenovo_i5_mid
hp,22.0,Unknown,amd,other,1.6,other,chrome,emmc,16.0,14.0,4.0,hp_other_mid
hp,330.0,New,intel,i3,1.2,notebook/laptop,windows,ssd,256.0,15.6,8.0,hp_i3_standard
lenovo,699.0,New,amd,ryzen5,4.3,notebook/laptop,windows,ssd,2048.0,15.6,40.0,lenovo_ryzen5_standard
dell,365.8,Used,intel,i5,2.7,notebook/laptop,windows,unknown,240.0,14.0,,dell_i5_mid
other,337.0,Used,nvidia,other,,other,unknown,unknown,,,,other_other_unknown
dell,496.0,Used,other,i7,,notebook/laptop,windows,ssd,1024.0,14.0,16.0,dell_i7_mid
other,289.0,New,other,other,,other,unknown,unknown,,,,other_other_unknown
dell,699.0,Used,other,i7,,other,windows,unknown,1024.0,15.6,32.0,dell_i7_standard
other,500.0,Open Box,other,other,,notebook/laptop,windows,unknown,,11.6,,other_other_small
dell,599.0,New,intel,i7,3.0,notebook/laptop,windows,ssd,256.0,14.0,16.0,dell_i7_mid
dell,291.0,Used,nvidia,i5,2.6,notebook/laptop,windows,unknown,120.0,14.0,,dell_i5_mid
hp,110.0,Used,intel,i5,2.4,notebook/laptop,windows,ssd,256.0,14.0,16.0,hp_i5_mid
dell,600.0,Refurbished,other,i7,3.1,notebook/laptop,unknown,ssd,1024.0,17.3,32.0,dell_i7_large
hp,320.0,Unknown,intel,i3,2.0,notebook/laptop,windows,ssd,256.0,14.0,8.0,hp_i3_mid
hp,490.0,Used,other,i7,,notebook/laptop,windows,unknown,1024.0,15.6,,hp_i7_standard
hp,130.0,Used,other,other,,notebook/laptop,windows,unknown,4.0,15.6,,hp_other_standard
hp,150.0,Used,intel,celeron,1.6,notebook/laptop,chrome,ssd,16.0,11.6,4.0,hp_celeron_small
dell,425.0,Used,intel,i5,2.5,notebook/laptop,windows,ssd,500.0,17.3,16.0,dell_i5_large
dell,318.2,Used,nvidia,i5,2.6,notebook/laptop,windows,unknown,120.0,14.0,,dell_i5_mid
dell,396.0,Used,intel,i5,2.8,notebook/laptop,windows,unknown,120.0,12.5,,dell_i5_mid
dell,53.0,Refurbished,intel,celeron,2.16,notebook/laptop,chrome,ssd,16.0,11.6,4.0,dell_celeron_small
other,225.0,Used,other,i5,2.4,other,windows,ssd,256.0,10.1,8.0,other_i5_small
hp,243.0,Used,intel,other,2.1,notebook/laptop,windows,ssd,256.0,14.0,8.0,hp_other_mid
dell,740.0,Open Box,intel,i5,1.6,notebook/laptop,windows,ssd,512.0,15.6,16.0,dell_i5_standard
hp,749.5,Unknown,intel,i7,1.8,notebook/laptop,windows,ssd,512.0,14.0,16.0,hp_i7_mid
hp,260.0,Refurbished,other,i7,2.4,notebook/laptop,windows,ssd,512.0,14.0,16.0,hp_i7_mid
lenovo,149.0,Used,other,i5,2.6,notebook/laptop,windows,ssd,256.0,13.3,16.0,lenovo_i5_mid
dell,450.0,Refurbished,intel,i5,2.6,notebook/laptop,windows,ssd,1024.0,11.6,16.0,dell_i5_small
other,70.0,Unknown,other,other,,other,unknown,unknown,,11.6,,other_other_small
hp,670.0,Open Box,intel,i7,2.1,notebook/laptop,windows,ssd,1024.0,17.3,16.0,hp_i7_large
dell,140.0,Unknown,intel,i7,3.9,notebook/laptop,windows,ssd,512.0,14.0,32.0,dell_i7_mid
dell,199.0,Refurbished,intel,i7,1.9,notebook/laptop,windows,ssd,256.0,14.0,16.0,dell_i7_mid
other,253.0,New,other,celeron,2.9,notebook/laptop,windows,ssd,512.0,17.3,8.0,other_celeron_large
dell,380.2,Used,intel,i5,3.0,notebook/laptop,windows,ssd,960.0,14.0,,dell_i5_mid
other,477.5,Used,other,other,,other,unknown,unknown,,,,other_other_unknown
other,4.42,New,other,other,,notebook/laptop,windows,unknown,,15.6,,other_other_standard
dell,700.0,Refurbished,intel,i5,2.6,notebook/laptop,windows,ssd,512.0,,16.0,dell_i5_unknown
dell,119.9,Used,other,other,,notebook/laptop,windows,hdd/ssd,,,,dell_other_unknown
lenovo,180.0,Refurbished,other,i5,2.6,notebook/laptop,windows,ssd,512.0,14.0,12.0,lenovo_i5_mid
hp,30.0,Used,other,other,2.1,notebook/laptop,linux,hdd/ssd,250.0,15.4,2.0,hp_other_standard
lenovo,565.0,New,intel,i3,1.49,notebook/laptop,windows,ssd,256.0,15.6,,lenovo_i3_standard
dell,189.0,Refurbished,intel,i5,2.7,notebook/laptop,windows,ssd,512.0,14.0,8.0,dell_i5_mid
hp,50.0,Used,other,i5,2.5,other,unknown,unknown,,15.5,4.0,hp_i5_standard
dell,234.5,Used,intel,i5,2.5,notebook/laptop,windows,ssd,128.0,14.0,16.0,dell_i5_mid
lg,850.0,Unknown,intel,i7,2.2,notebook/laptop,windows,ssd,512.0,15.6,16.0,lg_i7_standard
dell,29.95,For Parts,other,other,,notebook/laptop,unknown,unknown,,15.6,,dell_other_standard
acer,435.0,Used,nvidia,i5,2.6,notebook/laptop,windows,ssd,256.0,15.6,16.0,acer_i5_standard
dell,398.0,Used,nvidia,i5,2.6,notebook/laptop,windows,unknown,480.0,14.0,,dell_i5_mid
dell,328.5,Used,nvidia,i5,2.6,notebook/laptop,windows,unknown,240.0,14.0,,dell_i5_mid
lenovo,325.2,Used,intel,i5,2.8,notebook/laptop,windows,unknown,120.0,14.0,,lenovo_i5_mid
dell,588.5,Used,other,i5,2.5,notebook/laptop,windows,hdd/ssd,320.0,,,dell_i5_unknown
dell,360.5,Used,intel,i5,,other,windows,unknown,240.0,14.0,,dell_i5_mid
lenovo,530.0,Refurbished,intel,i7,3.0,notebook/laptop,windows,ssd,256.0,13.3,16.0,lenovo_i7_mid
dell,575.0,Open Box,other,i5,2.8,notebook/laptop,windows,ssd,1024.0,13.3,8.0,dell_i5_mid
microsoft,219.5,Used,other,i5,,other,windows,unknown,128.0,12.0,128.0,microsoft_i5_small
hp,50.0,Unknown,intel,pentium,2.7,notebook/laptop,chrome,emmc,64.0,14.0,4.0,hp_pentium_mid
dell,420.5,Used,intel,i5,3.0,notebook/laptop,windows,unknown,960.0,14.0,,dell_i5_mid
other,200.0,Used,other,i5,2.4,notebook/laptop,windows,hdd/ssd,160.0,15.4,4.0,other_i5_standard
microsoft,255.0,Used,intel,i5,1.1,notebook/laptop,windows,ssd,128.0,12.3,8.0,microsoft_i5_mid
other,19.58,Used,other,other,,other,unknown,unknown,,,,other_other_unknown
dell,384.0,Used,intel,i5,,notebook/laptop,windows,unknown,480.0,14.0,,dell_i5_mid
dell,21.95,Used,amd,other,2.0,notebook/laptop,windows,hdd/ssd,180.0,15.4,4.0,dell_other_standard
dell,384.0,Used,intel,i5,,notebook/laptop,windows,unknown,240.0,14.0,,dell_i5_mid
dell,19.0,For Parts,other,other,,notebook/laptop,unknown,unknown,,14.0,,dell_other_mid
lenovo,399.8,Used,intel,i5,,notebook/laptop,windows,unknown,480.0,14.0,,lenovo_i5_mid
hp,150.4,Used,intel,celeron,1.1,other,chrome,emmc,32.0,12.0,4.0,hp_celeron_small
acer,399.0,New,intel,i3,3.0,notebook/laptop,windows,ssd,256.0,17.3,8.0,acer_i3_large
hp,230.0,Used,intel,i7,1.8,notebook/laptop,windows,ssd,256.0,14.0,,hp_i7_mid
other,890.0,New,intel,pentium,1.1,notebook/laptop,windows,ssd,128.0,10.0,8.0,other_pentium_small
other,412.2,Used,other,other,,other,unknown,unknown,,,,other_other_unknown
lenovo,800.0,Unknown,amd,ryzen7,2.0,notebook/laptop,windows,ssd,1024.0,13.3,16.0,lenovo_ryzen7_mid
dell,449.8,Used,nvidia,i5,2.6,notebook/laptop,windows,unknown,960.0,14.0,,dell_i5_mid
dell,489.5,Used,other,other,,other,unknown,unknown,,14.1,,dell_other_standard
dell,216.0,Refurbished,nvidia,i7,2.7,notebook/laptop,windows,ssd,512.0,15.6,16.0,dell_i7_standard
lenovo,200.0,Unknown,mali,other,2.0,notebook/laptop,chrome,hdd/ssd,128.0,10.1,4.0,lenovo_other_small
dell,300.0,Used,nvidia,i7,2.8,notebook/laptop,windows,hdd/ssd,256.0,15.0,8.0,dell_i7_standard
other,52.0,Used,other,other,,notebook/laptop,unknown,unknown,,9.5,,other_other_small
hp,120.0,Used,amd,other,1.8,notebook/laptop,windows,ssd,512.0,14.0,8.0,hp_other_mid
dell,358.8,Used,intel,i5,2.7,notebook/laptop,windows,unknown,120.0,14.0,,dell_i5_mid
other,65.25,For Parts,other,other,,other,unknown,unknown,,,,other_other_unknown
microsoft,220.0,Used,other,i7,1.7,other,windows,unknown,512.0,12.3,8.0,microsoft_i7_mid
dell,300.0,Unknown,other,i3,2.1,notebook/laptop,windows,ssd,128.0,13.3,8.0,dell_i3_mid
lenovo,720.0,Unknown,intel,i7,2.1,notebook/laptop,windows,ssd,256.0,13.0,16.0,lenovo_i7_mid
hp,125.0,Used,other,i7,2.6,notebook/laptop,unknown,hdd/ssd,500.0,15.5,16.0,hp_i7_standard
hp,90.0,New,other,other,,notebook/laptop,unknown,unknown,,15.6,,hp_other_standard
dell,313.5,Used,intel,i5,2.7,notebook/laptop,windows,unknown,120.0,14.0,,dell_i5_mid
dell,302.8,Used,intel,i5,3.0,notebook/laptop,windows,unknown,240.0,14.0,,dell_i5_mid
other,433.2,Used,intel,i5,3.0,notebook/laptop,windows,ssd,240.0,15.6,,other_i5_standard
other,194.8,Used,other,other,,other,unknown,unknown,,,,other_other_unknown
dell,103.4,Used,intel,i3,2.0,notebook/laptop,windows,hdd/ssd,500.0,15.6,4.0,dell_i3_standard
dell,80.0,Used,intel,i7,3.0,notebook/laptop,windows,hdd/ssd,500.0,14.0,4.0,dell_i7_mid
other,285.0,Used,other,pentium,,notebook/laptop,windows,hdd/ssd,640.0,15.5,,other_pentium_standard
lenovo,112.5,Used,other,i7,2.9,notebook/laptop,windows,hdd/ssd,500.0,14.0,8.0,lenovo_i7_mid
other,325.0,Used,other,i5,2.6,notebook/laptop,unknown,ssd,256.0,13.0,8.0,other_i5_mid
lenovo,500.0,Used,other,i5,1.6,notebook/laptop,windows,hdd/ssd,128.0,,16.0,lenovo_i5_unknown
dell,400.0,Refurbished,other,i7,2.8,notebook/laptop,windows,ssd,1024.0,15.6,32.0,dell_i7_standard
dell,55.0,For Parts,other,i5,2.3,other,unknown,unknown,,14.0,4.0,dell_i5_mid
microsoft,150.0,Used,other,i5,2.6,other,windows,ssd,256.0,12.1,,microsoft_i5_mid
dell,363.0,Unknown,intel,i7,1.9,notebook/laptop,windows,ssd,256.0,14.0,16.0,dell_i7_mid
samsung,95.0,Unknown,intel,celeron,1.1,notebook/laptop,chrome,emmc,32.0,14.0,4.0,samsung_celeron_mid
other,700.0,Used,nvidia,i7,2.2,notebook/laptop,windows,other,512.0,15.6,16.0,other_i7_standard
samsung,135.0,Unknown,intel,celeron,1.1,notebook/laptop,chrome,emmc,32.0,14.0,4.0,samsung_celeron_mid
dell,100.0,For Parts,intel,i5,2.3,notebook/laptop,unknown,ssd,8.0,14.0,8.0,dell_i5_mid
dell,375.0,Used,nvidia,i5,2.5,notebook/laptop,windows,hdd/ssd,128.0,15.6,128.0,dell_i5_standard
hp,250.0,New,other,celeron,,notebook/laptop,unknown,unknown,64.0,14.0,4.0,hp_celeron_mid
other,390.8,Used,intel,i3,3.0,notebook/laptop,windows,ssd,240.0,13.3,,other_i3_mid
other,208.9,Used,other,other,,other,unknown,unknown,,,,other_other_unknown
hp,88.56,Used,other,other,,other,unknown,unknown,,,,hp_other_unknown
hp,139.2,Used,other,other,,other,unknown,unknown,,,,hp_other_unknown
other,136.0,Used,other,other,,other,unknown,unknown,,,,other_other_unknown
other,12.59,New,other,other,,other,unknown,unknown,,,,other_other_unknown
asus,170.9,Used,other,other,,other,unknown,unknown,,,,asus_other_unknown
other,462.0,Used,intel,i5,2.3,notebook/laptop,windows,ssd,960.0,13.3,,other_i5_mid
other,38.0,Used,other,celeron,2.16,notebook/laptop,chrome,ssd,16.0,13.3,4.0,other_celeron_mid
microsoft,510.0,Open Box,other,other,3.0,notebook/laptop,windows,ssd,128.0,13.0,8.0,microsoft_other_mid
other,113.9,Used,other,other,,other,unknown,unknown,,,,other_other_unknown
hp,220.0,Open Box,intel,celeron,1.1,notebook/laptop,windows,ssd,128.0,14.0,8.0,hp_celeron_mid
lenovo,113.9,Used,other,other,,other,unknown,unknown,,,,lenovo_other_unknown
dell,303.5,Used,intel,i5,,notebook/laptop,windows,unknown,120.0,14.0,,dell_i5_mid
other,260.0,Used,other,other,,other,unknown,unknown,,,,other_other_unknown
hp,100.0,Used,intel,i5,2.6,notebook/laptop,windows,ssd,256.0,15.6,8.0,hp_i5_standard
dell,312.0,Used,nvidia,i5,2.6,notebook/laptop,windows,unknown,120.0,14.0,,dell_i5_mid
other,390.8,Used,intel,i3,3.0,notebook/laptop,windows,ssd,240.0,13.3,,other_i3_mid
dell,455.5,Used,other,i7,1.8,other,windows,unknown,512.0,13.3,16.0,dell_i7_mid
lenovo,391.0,Used,intel,i7,3.5,notebook/laptop,windows,unknown,240.0,14.0,,lenovo_i7_mid
hp,325.0,Unknown,amd,ryzen7,2.0,notebook/laptop,windows,ssd,512.0,15.6,16.0,hp_ryzen7_standard
hp,355.8,Used,intel,i7,4.6,notebook/laptop,windows,ssd,512.0,13.3,16.0,hp_i7_mid
lenovo,391.0,Used,other,i5,3.1,notebook/laptop,windows,unknown,480.0,14.0,,lenovo_i5_mid
other,227.2,Used,other,other,,other,unknown,unknown,,,,other_other_unknown
asus,3668.0,New,nvidia,i9,,notebook/laptop,windows,ssd,2048.0,18.0,32.0,asus_i9_large
microsoft,181.5,Used,other,i5,,notebook/laptop,unknown,ssd,128.0,13.5,8.0,microsoft_i5_mid
hp,227.8,For Parts,other,i7,,notebook/laptop,windows,ssd,1024.0,13.0,,hp_i7_mid
lenovo,170.9,Used,other,i5,1.6,notebook/laptop,windows,ssd,256.0,15.6,8.0,lenovo_i5_standard
hp,619.0,Unknown,intel,i5,1.3,notebook/laptop,windows,ssd,256.0,15.6,8.0,hp_i5_standard
dell,368.5,Used,intel,i5,1.99,notebook/laptop,windows,ssd,360.0,14.0,,dell_i5_mid
lenovo,327.8,Refurbished,other,i7,,notebook/laptop,windows,unknown,256.0,15.6,32.0,lenovo_i7_standard
other,2718.0,New,other,other,,other,unknown,unknown,,,,other_other_unknown
other,434.0,Refurbished,other,other,,other,unknown,unknown,,,,other_other_unknown
lenovo,100.0,Used,amd,other,2.2,notebook/laptop,windows,ssd,32.0,14.0,16.0,lenovo_other_mid
lenovo,445.0,Refurbished,nvidia,other,1.8,notebook/laptop,windows,ssd,512.0,15.6,32.0,lenovo_other_standard
other,227.2,Unknown,other,other,,other,unknown,unknown,,,,other_other_unknown
lenovo,352.8,Used,other,i5,3.1,notebook/laptop,windows,unknown,240.0,14.0,,lenovo_i5_mid
other,330.0,Refurbished,other,other,,other,unknown,unknown,,,,other_other_unknown
microsoft,191.1,Used,other,i5,,other,windows,unknown,128.0,13.5,8.0,microsoft_i5_mid
other,340.0,Used,intel,other,,other,unknown,unknown,,,,other_other_unknown
other,151.9,Used,other,other,,other,unknown,unknown,,,,other_other_unknown
other,85.94,Unknown,other,other,,other,unknown,unknown,,,,other_other_unknown
other,43.28,Open Box,other,other,,other,unknown,unknown,,6.1,,other_other_small
lg,649.0,Unknown,intel,i7,3.4,notebook/laptop,windows,ssd,1024.0,16.0,16.0,lg_i7_large
other,436.8,Refurbished,intel,other,,other,unknown,unknown,,,,other_other_unknown
other,164.5,Used,other,other,,other,unknown,unknown,,,,other_other_unknown
acer,350.0,Unknown,intel,i5,1.1,notebook/laptop,windows,ssd,256.0,13.5,8.0,acer_i5_mid
dell,550.0,Unknown,intel,other,2.4,notebook/laptop,windows,ssd,256.0,14.0,8.0,dell_other_mid
dell,317.0,Used,intel,i5,3.0,notebook/laptop,windows,unknown,240.0,14.0,,dell_i5_mid
lenovo,419.2,Used,intel,i3,2.4,notebook/laptop,windows,ssd,120.0,13.3,,lenovo_i3_mid
other,451.2,Used,intel,other,,other,unknown,unknown,,,,other_other_unknown
acer,1265.0,Used,other,other,,other,unknown,unknown,,15.0,,acer_other_standard
lenovo,413.0,Used,intel,i5,2.8,notebook/laptop,windows,unknown,480.0,14.0,,lenovo_i5_mid
lenovo,200.0,Unknown,intel,celeron,1.1,notebook/laptop,chrome,emmc,64.0,11.6,8.0,lenovo_celeron_small
dell,360.0,Unknown,intel,i5,1.0,notebook/laptop,windows,ssd,256.0,15.6,8.0,dell_i5_standard
dell,199.0,Used,other,i7,2.7,notebook/laptop,windows,hdd/ssd,512.0,15.6,16.0,dell_i7_standard
lenovo,125.94,Refurbished,intel,i5,2.2,notebook/laptop,windows,hdd/ssd,500.0,14.0,4.0,lenovo_i5_mid
dell,119.0,Unknown,other,i7,1.9,notebook/laptop,windows,ssd,256.0,14.0,8.0,dell_i7_mid
acer,75.94,Used,other,other,,other,unknown,unknown,,,,acer_other_unknown
dell,675.0,Open Box,intel,i7,4.7,notebook/laptop,windows,ssd,512.0,15.6,16.0,dell_i7_standard
hp,117.0,Used,intel,i5,,notebook/laptop,windows,ssd,256.0,14.0,16.0,hp_i5_mid
other,599.0,Used,intel,i5,1.2,notebook/laptop,mac,ssd,512.0,12.0,8.0,other_i5_small
lenovo,160.0,For Parts,intel,pentium,1.1,notebook/laptop,windows,ssd,128.0,14.0,4.0,lenovo_pentium_mid
dell,321.2,Used,nvidia,i5,2.6,notebook/laptop,windows,unknown,120.0,14.0,,dell_i5_mid
other,248.0,Refurbished,intel,other,,other,unknown,unknown,,,,other_other_unknown
lenovo,30.0,Unknown,other,celeron,1.1,other,chrome,emmc,32.0,11.6,32.0,lenovo_celeron_small
lenovo,490.0,Unknown,intel,i3,1.2,notebook/laptop,windows,ssd,256.0,15.6,8.0,lenovo_i3_standard
hp,70.0,Used,intel,pentium,3.0,other,windows,hdd/ssd,500.0,,4.0,hp_pentium_unknown
dell,1483.0,New,intel,i5,2.4,notebook/laptop,windows,ssd,512.0,14.0,16.0,dell_i5_mid
other,128.4,New,other,other,,other,unknown,unknown,,,,other_other_unknown
dell,129.0,Used,other,i5,2.4,notebook/laptop,windows,ssd,256.0,15.0,8.0,dell_i5_standard
hp,126.5,Used,other,other,,other,unknown,unknown,,,,hp_other_unknown
other,227.4,Used,intel,other,,other,unknown,unknown,,,,other_other_unknown
dell,351.2,Used,intel,i5,3.0,notebook/laptop,windows,unknown,240.0,14.0,,dell_i5_mid
samsung,40.0,Unknown,intel,other,1.7,notebook/laptop,chrome,emmc,16.0,11.6,2.0,samsung_other_small
other,126.5,Used,other,other,,other,unknown,unknown,,,,other_other_unknown
hp,111.25,Used,other,i5,,other,unknown,unknown,,15.6,,hp_i5_standard
dell,250.0,Used,intel,i7,,notebook/laptop,windows,ssd,1024.0,14.0,16.0,dell_i7_mid
other,1662.0,New,other,i7,,other,unknown,unknown,,16.0,,other_i7_large
hp,99.0,Used,other,celeron,,notebook/laptop,windows,emmc,64.0,14.0,4.0,hp_celeron_mid
hp,145.0,Unknown,intel,celeron,2.6,other,chrome,emmc,,14.0,4.0,hp_celeron_mid
dell,200.0,Used,intel,i7,2.5,notebook/laptop,unknown,hdd/ssd,1024.0,15.6,8.0,dell_i7_standard
dell,420.5,Used,intel,i5,3.0,notebook/laptop,windows,unknown,960.0,14.0,,dell_i5_mid
asus,25.31,Open Box,other,i7,,notebook/laptop,unknown,unknown,1024.0,13.3,,asus_i7_mid
other,1087.0,Used,other,other,,other,unknown,unknown,,,,other_other_unknown
microsoft,118.1,Used,other,pentium,,other,windows,unknown,,10.0,,microsoft_pentium_small
microsoft,100.0,For Parts,intel,i5,1.7,notebook/laptop,windows,ssd,256.0,13.5,8.0,microsoft_i5_mid
dell,750.0,Used,nvidia,i7,2.6,notebook/laptop,windows,other,512.0,15.6,16.0,dell_i7_standard
other,238.2,Used,intel,other,,other,unknown,unknown,,,,other_other_unknown
dell,253.1,Used,other,i5,,notebook/laptop,unknown,unknown,,15.6,,dell_i5_standard
other,165.0,Used,intel,other,1.6,notebook/laptop,windows,ssd,256.0,13.1,2.0,other_other_mid
other,158.1,Used,other,pentium,2.3,notebook/laptop,windows,ssd,240.0,15.6,8.0,other_pentium_standard
hp,260.0,Unknown,intel,i3,2.0,notebook/laptop,windows,ssd,256.0,17.3,8.0,hp_i3_large
other,600.0,Used,intel,i5,2.7,notebook/laptop,windows,ssd,1024.0,14.0,16.0,other_i5_mid
other,129.4,Refurbished,other,other,,other,unknown,unknown,,,,other_other_unknown
hp,62.94,Used,intel,i3,2.3,notebook/laptop,windows,hdd/ssd,1024.0,15.6,6.0,hp_i3_standard
other,92.44,Used,other,other,,other,unknown,unknown,,,,other_other_unknown
hp,184.1,Used,other,i5,,notebook/laptop,windows,ssd,256.0,14.0,8.0,hp_i5_mid
other,815.5,Used,other,other,,other,unknown,unknown,,,,other_other_unknown
other,226.5,Refurbished,intel,i7,3.5,notebook/laptop,windows,ssd,1024.0,13.3,,other_i7_mid
other,159.0,New,other,celeron,2.8,notebook/laptop,chrome,ssd,128.0,15.6,4.0,other_celeron_standard
lenovo,1454.0,Refurbished,other,i7,,notebook/laptop,windows,ssd,1024.0,13.3,16.0,lenovo_i7_mid
other,152.2,Used,other,other,,other,unknown,unknown,,,,other_other_unknown
acer,500.0,Used,nvidia,i5,,notebook/laptop,windows,ssd,512.0,17.3,,acer_i5_large
lenovo,292.2,Used,other,i5,3.1,notebook/laptop,windows,unknown,120.0,14.0,,lenovo_i5_mid
other,65.25,New,other,other,,other,unknown,unknown,,,,other_other_unknown
other,287.0,New,intel,other,1.1,notebook/laptop,windows,ssd,256.0,13.3,8.0,other_other_mid
hp,443.0,Used,amd,i7,1.8,other,windows,ssd,1024.0,14.0,32.0,hp_i7_mid
lenovo,100.0,Used,amd,other,2.2,notebook/laptop,windows,ssd,32.0,14.0,16.0,lenovo_other_mid
dell,550.0,Unknown,nvidia,ryzen5,3.3,notebook/laptop,windows,ssd,512.0,15.6,8.0,dell_ryzen5_standard
lenovo,75.94,Used,other,celeron,,other,chrome,unknown,,14.0,,lenovo_celeron_mid
dell,154.0,Refurbished,intel,celeron,1.1,notebook/laptop,chrome,emmc,32.0,11.6,4.0,dell_celeron_small
lenovo,419.2,Used,intel,i3,2.4,notebook/laptop,windows,ssd,120.0,13.3,,lenovo_i3_mid
hp,130.0,Used,other,i3,2.3,notebook/laptop,unknown,hdd/ssd,320.0,14.0,8.0,hp_i3_mid
other,256.5,New,intel,other,3.4,notebook/laptop,windows,ssd,256.0,15.6,8.0,other_other_standard
hp,84.94,Used,intel,i3,2.3,notebook/laptop,windows,ssd,128.0,11.6,8.0,hp_i3_small
lenovo,220.0,Refurbished,intel,i5,2.4,notebook/laptop,windows,ssd,512.0,14.0,12.0,lenovo_i5_mid
hp,429.0,New,intel,i3,4.1,notebook/laptop,windows,ssd,1024.0,15.6,32.0,hp_i3_standard
dell,110.0,Used,intel,i5,1.7,notebook/laptop,windows,ssd,256.0,12.3,8.0,dell_i5_mid
dell,722.0,Open Box,other,i7,1.1,other,windows,ssd,512.0,13.3,32.0,dell_i7_mid
other,119.0,Used,other,other,2.0,notebook/laptop,windows,hdd/ssd,250.0,14.0,,other_other_mid
dell,45.0,Used,other,celeron,,notebook/laptop,chrome,ssd,16.0,11.6,4.0,dell_celeron_small
hp,164.5,Refurbished,other,i5,1.9,notebook/laptop,windows,ssd,256.0,14.0,8.0,hp_i5_mid
lenovo,100.0,Used,intel,i3,2.4,notebook/laptop,windows,ssd,256.0,15.6,8.0,lenovo_i3_standard
dell,409.8,Unknown,intel,i5,2.5,notebook/laptop,windows,ssd,256.0,15.6,8.0,dell_i5_standard
hp,39.0,Used,other,celeron,2.16,notebook/laptop,windows,hdd/ssd,4.0,15.0,4.0,hp_celeron_standard
dell,235.0,Used,other,i7,1.9,notebook/laptop,windows,ssd,512.0,12.0,16.0,dell_i7_small
hp,240.0,Used,amd,ryzen5,2.3,notebook/laptop,unknown,ssd,512.0,14.0,16.0,hp_ryzen5_mid
lenovo,280.0,Used,intel,i7,1.8,notebook/laptop,windows,ssd,256.0,15.6,16.0,lenovo_i7_standard
hp,37.0,Used,other,celeron,,other,unknown,unknown,,11.6,,hp_celeron_small
dell,320.0,Refurbished,other,i7,1.9,notebook/laptop,windows,ssd,500.0,,16.0,dell_i7_unknown
other,134.0,New,intel,celeron,2.6,notebook/laptop,windows,ssd,1024.0,14.1,8.0,other_celeron_standard
hp,229.9,Open Box,other,pentium,3.7,notebook/laptop,windows,ssd,128.0,15.6,4.0,hp_pentium_standard
other,250.1,Used,other,other,,other,unknown,unknown,,,,other_other_unknown
asus,78.6,Used,other,i3,1.8,notebook/laptop,windows,hdd/ssd,500.0,11.6,4.0,asus_i3_small
other,95.94,Used,other,i5,,notebook/laptop,windows,ssd,256.0,13.3,8.0,other_i5_mid
dell,890.0,Unknown,nvidia,i7,5.0,notebook/laptop,windows,ssd,1024.0,16.0,16.0,dell_i7_large
hp,229.0,Used,other,i5,1.6,notebook/laptop,windows,ssd,512.0,14.0,16.0,hp_i5_mid
acer,39.9,Used,intel,other,,other,chrome,emmc,64.0,,8.0,acer_other_unknown
lenovo,89.0,Used,intel,i5,2.6,notebook/laptop,windows,hdd/ssd,500.0,14.0,8.0,lenovo_i5_mid
lenovo,51.0,For Parts,other,other,,other,unknown,unknown,,14.0,,lenovo_other_mid
lenovo,31.95,Used,other,celeron,,notebook/laptop,chrome,ssd,16.0,11.6,4.0,lenovo_celeron_small
acer,43.0,Refurbished,intel,celeron,1.4,notebook/laptop,chrome,ssd,16.0,11.6,2.0,acer_celeron_small
dell,300.0,Refurbished,intel,i5,1.9,notebook/laptop,windows,ssd,1024.0,14.0,32.0,dell_i5_mid
lenovo,400.0,Used,other,i7,2.08,other,windows,ssd,1024.0,15.6,32.0,lenovo_i7_standard
dell,125.94,Unknown,intel,i5,2.4,notebook/laptop,windows,ssd,256.0,14.0,8.0,dell_i5_mid
dell,140.0,Used,other,i5,2.5,notebook/laptop,unknown,unknown,256.0,15.6,8.0,dell_i5_standard
hp,495.0,New,intel,i5,2.6,notebook/laptop,windows,ssd,256.0,14.0,16.0,hp_i5_mid
dell,130.0,Used,intel,i5,2.6,notebook/laptop,windows,ssd,128.0,14.0,16.0,dell_i5_mid
other,669.0,Refurbished,intel,i5,3.3,notebook/laptop,windows,ssd,256.0,10.1,16.0,other_i5_small
other,109.0,Used,other,i5,,notebook/laptop,mac,hdd/ssd,500.0,13.3,8.0,other_i5_mid
dell,348.2,Used,intel,i5,2.6,notebook/laptop,windows,unknown,240.0,14.0,,dell_i5_mid
other,340.0,Used,other,other,,other,unknown,unknown,,,,other_other_unknown
other,422.0,Used,intel,i3,3.0,notebook/laptop,windows,ssd,480.0,13.3,,other_i3_mid
lenovo,318.2,Used,other,i5,3.1,notebook/laptop,windows,unknown,240.0,14.0,,lenovo_i5_mid
hp,175.0,Used,amd,i7,2.67,notebook/laptop,windows,hdd/ssd,1024.0,17.3,8.0,hp_i7_large
other,9.45,Used,other,other,,other,unknown,unknown,,,,other_other_unknown
dell,710.0,Refurbished,intel,i7,1.8,notebook/laptop,windows,ssd,512.0,15.6,16.0,dell_i7_standard
microsoft,449.0,Used,other,i5,,notebook/laptop,windows,ssd,128.0,12.3,8.0,microsoft_i5_mid
other,7.61,Used,other,other,,other,unknown,unknown,,,,other_other_unknown
lenovo,434.2,Used,intel,i3,,other,windows,unknown,128.0,15.6,,lenovo_i3_standard
hp,799.0,Unknown,intel,i5,1.3,notebook/laptop,chrome,ssd,128.0,13.5,8.0,hp_i5_mid
dell,200.0,Unknown,intel,i5,2.4,notebook/laptop,windows,ssd,512.0,14.0,16.0,dell_i5_mid
dell,426.5,Used,intel,i5,2.6,notebook/laptop,windows,unknown,960.0,14.0,,dell_i5_mid
dell,429.8,Used,intel,i5,3.0,notebook/laptop,windows,ssd,960.0,14.0,,dell_i5_mid
lenovo,393.2,Used,other,i5,3.1,notebook/laptop,windows,unknown,480.0,14.0,,lenovo_i5_mid
lenovo,190.0,Used,intel,i5,1.7,notebook/laptop,windows,hdd/ssd,1024.0,12.1,4.0,lenovo_i5_mid
dell,189.0,Refurbished,intel,i3,2.4,notebook/laptop,windows,hdd/ssd,1024.0,15.6,6.0,dell_i3_standard
hp,816.0,Unknown,intel,i5,4.4,notebook/laptop,windows,ssd,256.0,16.0,16.0,hp_i5_large
dell,135.0,Used,other,i7,2.6,notebook/laptop,windows,ssd,256.0,12.5,,dell_i7_mid
other,91.5,New,other,other,,other,unknown,unknown,,,,other_other_unknown
dell,115.9,Used,other,i3,1.9,notebook/laptop,windows,unknown,1024.0,15.6,4.0,dell_i3_standard
lenovo,299.0,Open Box,intel,i3,1.7,notebook/laptop,windows,ssd,256.0,14.0,8.0,lenovo_i3_mid
acer,499.5,Unknown,amd,ryzen5,2.8,notebook/laptop,windows,ssd,512.0,15.6,16.0,acer_ryzen5_standard
lg,899.0,New,other,other,,other,unknown,unknown,,,,lg_other_unknown
other,10.54,Used,other,other,,other,unknown,unknown,,,,other_other_unknown
dell,260.0,Refurbished,intel,i5,2.4,notebook/laptop,windows,ssd,512.0,14.0,16.0,dell_i5_mid
other,63.84,New,other,other,,other,unknown,unknown,,,,other_other_unknown
dell,381.5,Used,intel,i5,3.0,notebook/laptop,windows,ssd,960.0,14.0,,dell_i5_mid
hp,100.0,Unknown,other,other,2.5,notebook/laptop,chrome,emmc,32.0,14.0,4.0,hp_other_mid
acer,65.0,Unknown,intel,celeron,1.1,other,chrome,emmc,32.0,11.6,4.0,acer_celeron_small
acer,349.0,New,other,pentium,,other,unknown,unknown,,11.6,,acer_pentium_small
samsung,119.0,Unknown,intel,celeron,1.6,notebook/laptop,chrome,emmc,16.0,11.6,2.0,samsung_celeron_small
hp,160.0,Used,intel,i5,2.4,notebook/laptop,windows,ssd,256.0,14.0,16.0,hp_i5_mid
dell,49.0,Used,amd,celeron,1.6,notebook/laptop,chrome,ssd,32.0,11.6,4.0,dell_celeron_small
dell,386.5,Used,other,i5,2.4,notebook/laptop,windows,unknown,256.0,,16.0,dell_i5_unknown
dell,292.2,Used,intel,i5,3.0,notebook/laptop,windows,unknown,240.0,14.0,,dell_i5_mid
other,364.8,Used,intel,other,,other,unknown,unknown,,,,other_other_unknown
acer,100.0,Unknown,intel,celeron,1.1,notebook/laptop,chrome,emmc,64.0,15.6,4.0,acer_celeron_standard
other,22.4,For Parts,other,other,,other,unknown,unknown,,,,other_other_unknown
dell,65.0,Used,other,celeron,1.6,notebook/laptop,windows,emmc,,11.6,2.0,dell_celeron_small
other,223.0,Used,other,other,,other,unknown,unknown,,,,other_other_unknown
other,53.72,New,other,other,,other,unknown,unknown,,,,other_other_unknown
other,13.05,New,other,other,,other,unknown,unknown,,,,other_other_unknown
dell,690.0,New,other,ryzen5,,notebook/laptop,windows,ssd,512.0,2.0,,dell_ryzen5_small
other,10.88,Used,other,other,,other,unknown,unknown,,,,other_other_unknown
lenovo,348.2,Used,intel,i5,2.8,notebook/laptop,windows,unknown,120.0,14.0,,lenovo_i5_mid
other,200.0,Used,amd,i7,2.7,notebook/laptop,windows,ssd,256.0,13.3,8.0,other_i7_mid
dell,284.8,Used,intel,i5,2.3,notebook/laptop,windows,ssd,256.0,13.3,,dell_i5_mid
other,126.5,Refurbished,intel,i5,,notebook/laptop,windows,hdd/ssd,120.0,,4.0,other_i5_unknown
dell,21.52,For Parts,other,i7,,notebook/laptop,unknown,unknown,,15.6,,dell_i7_standard
acer,2348.0,Unknown,nvidia,i9,5.0,notebook/laptop,windows,ssd,1024.0,16.0,32.0,acer_i9_large
other,198.0,Used,intel,i7,1.8,notebook/laptop,windows,ssd,256.0,12.5,8.0,other_i7_mid
other,310.5,Refurbished,intel,other,,other,unknown,unknown,,,,other_other_unknown
dell,40.0,Used,other,i3,2.3,notebook/laptop,windows,hdd/ssd,320.0,14.0,4.0,dell_i3_mid
other,37.94,For Parts,other,pentium,,notebook/laptop,windows,unknown,,12.1,,other_pentium_mid
dell,163.2,Refurbished,intel,i7,3.5,notebook/laptop,windows,ssd,128.0,14.0,,dell_i7_mid
dell,310.8,Used,nvidia,i5,2.6,notebook/laptop,windows,unknown,240.0,14.0,,dell_i5_mid
dell,271.2,Used,intel,i5,3.0,notebook/laptop,windows,unknown,120.0,14.0,,dell_i5_mid
other,132.5,Used,other,other,,other,unknown,unknown,,,,other_other_unknown
dell,411.0,Used,nvidia,i5,2.6,notebook/laptop,windows,unknown,480.0,14.0,,dell_i5_mid
other,217.5,New,other,other,,other,unknown,unknown,,,,other_other_unknown
lenovo,250.0,Used,intel,i7,1.9,notebook/laptop,windows,ssd,256.0,14.0,24.0,lenovo_i7_mid
other,407.8,Used,other,other,,other,unknown,unknown,,,,other_other_unknown
other,146.9,Used,other,other,,other,unknown,unknown,,,,other_other_unknown
dell,500.0,Used,intel,i7,2.8,notebook/laptop,windows,ssd,1024.0,15.6,16.0,dell_i7_standard
other,75.94,Used,other,i5,2.5,notebook/laptop,windows,ssd,500.0,12.5,8.0,other_i5_mid
other,65.25,Used,other,other,,other,unknown,unknown,,,,other_other_unknown
dell,189.8,Used,other,i5,2.2,notebook/laptop,windows,hdd/ssd,256.0,14.0,8.0,dell_i5_mid
dell,296.2,Refurbished,intel,i5,1.6,notebook/laptop,windows,ssd,512.0,14.0,16.0,dell_i5_mid
dell,588.5,Used,other,i5,0.399,notebook/laptop,windows,hdd/ssd,500.0,15.6,4.0,dell_i5_standard
dell,759.0,Refurbished,intel,i7,4.9,notebook/laptop,windows,ssd,512.0,13.3,16.0,dell_i7_mid
hp,1200.0,Used,nvidia,i7,4.7,notebook/laptop,windows,hdd/ssd,2048.0,15.6,64.0,hp_i7_standard
other,238.2,Used,other,other,,other,unknown,unknown,,,,other_other_unknown
lenovo,253.1,Used,intel,i5,3.7,notebook/laptop,windows,ssd,256.0,15.6,8.0,lenovo_i5_standard
other,114.2,Refurbished,other,other,,other,unknown,unknown,,,,other_other_unknown
other,177.1,Used,other,i3,,other,unknown,unknown,256.0,15.6,8.0,other_i3_standard
other,239.2,Used,other,other,,other,unknown,unknown,,,,other_other_unknown
dell,125.25,New,intel,celeron,1.1,notebook/laptop,windows,emmc,64.0,11.6,4.0,dell_celeron_small
other,193.0,Used,other,other,,other,unknown,unknown,,,,other_other_unknown
other,190.4,Refurbished,intel,other,,other,unknown,unknown,,,,other_other_unknown
other,325.2,Used,other,other,,other,unknown,unknown,,,,other_other_unknown
other,620.0,New,other,i5,,notebook/laptop,unknown,unknown,256.0,15.6,,other_i5_standard
dell,150.0,For Parts,other,i7,,notebook/laptop,unknown,unknown,,12.5,4.0,dell_i7_mid
other,147.4,Refurbished,other,other,,other,unknown,unknown,,,,other_other_unknown
dell,396.0,Used,intel,i5,2.8,notebook/laptop,windows,unknown,120.0,12.5,,dell_i5_mid
dell,396.0,Used,intel,i5,2.8,notebook/laptop,windows,unknown,120.0,12.5,,dell_i5_mid
lenovo,348.2,Used,intel,i5,2.8,notebook/laptop,windows,unknown,120.0,14.0,,lenovo_i5_mid
asus,39.0,Unknown,intel,celeron,1.6,notebook/laptop,chrome,emmc,,11.6,4.0,asus_celeron_small
lenovo,49.0,Unknown,intel,other,2.0,notebook/laptop,chrome,emmc,,11.6,4.0,lenovo_other_small
dell,882.0,Refurbished,other,i5,,notebook/laptop,windows,ssd,256.0,15.6,32.0,dell_i5_standard
dell,301.5,Used,nvidia,i5,2.6,notebook/laptop,windows,unknown,240.0,14.0,,dell_i5_mid
dell,424.8,Used,intel,i5,3.0,notebook/laptop,windows,unknown,960.0,14.0,,dell_i5_mid
other,317.0,Refurbished,intel,other,,other,unknown,unknown,,,,other_other_unknown
dell,400.0,Used,nvidia,i7,2.8,notebook/laptop,windows,ssd,512.0,17.0,16.0,dell_i7_large
hp,65.0,Used,intel,i5,2.5,notebook/laptop,windows,hdd/ssd,500.0,14.0,8.0,hp_i5_mid
dell,200.0,Unknown,intel,i5,2.7,notebook/laptop,windows,ssd,1024.0,14.1,8.0,dell_i5_standard
dell,98.7,Used,intel,celeron,1.8,notebook/laptop,windows,ssd,160.0,13.0,8.0,dell_celeron_mid
dell,120.0,Used,other,i7,2.5,other,windows,hdd/ssd,1024.0,15.5,8.0,dell_i7_standard
dell,300.0,Used,other,i7,,notebook/laptop,windows,ssd,128.0,15.6,8.0,dell_i7_standard
other,13.05,Used,other,other,,other,unknown,unknown,,,,other_other_unknown
dell,199.0,Unknown,intel,celeron,2.6,notebook/laptop,windows,emmc,64.0,11.6,4.0,dell_celeron_small
lenovo,230.0,Used,intel,i7,2.6,notebook/laptop,windows,ssd,512.0,14.0,16.0,lenovo_i7_mid
other,1149.0,New,other,other,,other,windows,unknown,,,,other_other_unknown
lenovo,375.0,Unknown,other,other,,notebook/laptop,chrome,emmc,128.0,13.3,8.0,lenovo_other_mid
hp,100.0,Used,other,i5,2.5,notebook/laptop,windows,unknown,,14.0,,hp_i5_mid
dell,140.0,Used,intel,i7,2.7,notebook/laptop,windows,ssd,8.0,14.0,8.0,dell_i7_mid
acer,52.0,Unknown,intel,celeron,2.48,notebook/laptop,chrome,emmc,,11.6,4.0,acer_celeron_small
other,80.0,New,other,other,,other,unknown,unknown,,,,other_other_unknown
dell,99.0,Used,intel,i7,,notebook/laptop,windows,ssd,256.0,14.0,8.0,dell_i7_mid
hp,170.0,Used,amd,i7,2.6,notebook/laptop,windows,ssd,256.0,15.6,8.0,hp_i7_standard
lenovo,313.5,Used,intel,i5,2.8,notebook/laptop,windows,unknown,120.0,14.0,,lenovo_i5_mid
other,435.0,Used,intel,i5,3.0,notebook/laptop,windows,ssd,240.0,15.6,,other_i5_standard
other,1780.0,New,other,i7,,other,unknown,ssd,1024.0,14.2,32.0,other_i7_standard
hp,174.0,Unknown,intel,celeron,1.1,notebook/laptop,windows,emmc,64.0,11.6,4.0,hp_celeron_small
hp,415.0,Used,intel,i7,1.9,notebook/laptop,windows,ssd,128.0,13.0,16.0,hp_i7_mid
dell,426.2,Used,intel,i5,2.8,notebook/laptop,windows,unknown,240.0,12.5,,dell_i5_mid
asus,380.0,Open Box,intel,celeron,2.8,notebook/laptop,linux,emmc,128.0,15.6,4.0,asus_celeron_standard
dell,105.0,Used,other,i5,,notebook/laptop,unknown,unknown,,14.0,8.0,dell_i5_mid
other,75.06,Used,other,other,,other,unknown,unknown,,,,other_other_unknown
other,191.6,Used,other,other,,other,unknown,unknown,,,,other_other_unknown
other,59.97,New,other,other,,other,unknown,unknown,,,,other_other_unknown
dell,125.0,Used,intel,i7,2.6,notebook/laptop,windows,ssd,256.0,12.5,16.0,dell_i7_mid
lenovo,419.0,Unknown,intel,i5,,notebook/laptop,windows,ssd,512.0,15.6,8.0,lenovo_i5_standard
dell,331.8,Used,intel,i5,2.6,notebook/laptop,windows,unknown,240.0,14.0,,dell_i5_mid
acer,40.0,Unknown,intel,celeron,2.16,notebook/laptop,chrome,ssd,16.0,11.6,,acer_celeron_small
dell,100.0,Used,other,other,2.8,notebook/laptop,windows,other,160.0,14.0,3.0,dell_other_mid
other,878.0,New,other,other,,other,windows,unknown,,,,other_other_unknown
dell,670.0,Unknown,other,i7,3.6,notebook/laptop,windows,ssd,512.0,13.3,16.0,dell_i7_mid
hp,164.5,Used,other,other,,other,unknown,unknown,,,,hp_other_unknown
hp,940.0,Refurbished,intel,i7,3.5,notebook/laptop,windows,ssd,2048.0,15.6,64.0,hp_i7_standard
other,333.8,Used,intel,other,,other,unknown,unknown,,,,other_other_unknown
other,429.2,Used,intel,i5,3.0,notebook/laptop,windows,ssd,480.0,13.3,,other_i5_mid
other,50.3,Open Box,other,other,,other,unknown,unknown,,7.0,,other_other_small
lenovo,189.0,Used,other,i5,,other,windows,ssd,120.0,15.6,16.0,lenovo_i5_standard
dell,130.0,Used,intel,i5,2.5,notebook/laptop,windows,ssd,128.0,12.4,8.0,dell_i5_mid
dell,422.0,Used,intel,i5,2.8,notebook/laptop,windows,unknown,240.0,12.5,,dell_i5_mid
other,335.5,Used,intel,other,,other,unknown,unknown,,,,other_other_unknown
hp,479.5,Refurbished,intel,i5,4.6,notebook/laptop,windows,ssd,256.0,15.6,8.0,hp_i5_standard
microsoft,70.0,Used,other,i3,1.5,notebook/laptop,windows,emmc,64.0,12.0,4.0,microsoft_i3_small
other,87.06,Unknown,other,other,,other,unknown,unknown,,,,other_other_unknown
dell,458.8,Unknown,intel,i7,4.7,notebook/laptop,unknown,unknown,512.0,15.6,16.0,dell_i7_standard
dell,347.8,Used,intel,i5,3.0,notebook/laptop,windows,unknown,240.0,14.0,,dell_i5_mid
dell,467.0,Used,intel,i5,1.99,notebook/laptop,windows,ssd,960.0,10.8,,dell_i5_small
dell,382.8,Used,intel,i5,3.0,notebook/laptop,windows,unknown,480.0,14.0,,dell_i5_mid
other,3408.0,New,nvidia,i9,,notebook/laptop,windows,ssd,2048.0,16.0,32.0,other_i9_large
other,43.5,Used,other,other,,other,unknown,unknown,,,,other_other_unknown
microsoft,1047.0,Refurbished,intel,i7,3.0,notebook/laptop,windows,ssd,256.0,13.5,,microsoft_i7_mid
other,22.14,For Parts,other,pentium,,other,unknown,unknown,,15.4,,other_pentium_standard
dell,331.8,Used,intel,i5,2.6,notebook/laptop,windows,unknown,240.0,14.0,,dell_i5_mid
other,263.2,Used,other,other,,other,unknown,unknown,,,,other_other_unknown
other,1030.0,Refurbished,intel,other,,other,unknown,unknown,,,,other_other_unknown
other,116.5,New,other,other,,other,unknown,unknown,,,,other_other_unknown
dell,281.8,Used,intel,i5,3.0,notebook/laptop,windows,unknown,120.0,14.0,,dell_i5_mid
other,322.8,Refurbished,intel,other,,other,unknown,unknown,,,,other_other_unknown
other,478.8,Used,intel,i3,3.0,notebook/laptop,windows,ssd,480.0,14.0,,other_i3_mid
other,82.06,New,other,other,,other,unknown,unknown,,,,other_other_unknown
other,15.01,Used,other,other,,other,unknown,unknown,,,,other_other_unknown
microsoft,1047.0,Refurbished,intel,i7,3.0,notebook/laptop,windows,ssd,256.0,13.5,,microsoft_i7_mid
other,114.0,New,other,other,,other,unknown,unknown,,,,other_other_unknown
other,21.66,For Parts,other,pentium,,other,unknown,unknown,,14.0,,other_pentium_mid
acer,27.1,For Parts,other,pentium,,other,unknown,unknown,,14.0,,acer_pentium_mid
other,2686.0,Refurbished,intel,other,,other,unknown,unknown,,,,other_other_unknown
lenovo,466.0,Used,intel,i3,2.4,notebook/laptop,windows,ssd,480.0,13.0,,lenovo_i3_mid
dell,355.2,Used,intel,i5,2.7,notebook/laptop,windows,unknown,120.0,14.0,,dell_i5_mid
other,200.4,Used,other,other,,other,unknown,unknown,,,,other_other_unknown
dell,226.2,Used,other,i5,2.4,notebook/laptop,windows,ssd,256.0,12.5,,dell_i5_mid
other,21.75,For Parts,other,other,,other,unknown,unknown,,,,other_other_unknown
other,103.44,New,other,other,,other,unknown,unknown,,,,other_other_unknown
other,46.62,New,other,other,,other,unknown,unknown,,,,other_other_unknown
hp,120.0,New,other,other,,notebook/laptop,unknown,unknown,,15.6,,hp_other_standard
other,328.2,Used,other,other,,other,unknown,unknown,,,,other_other_unknown
other,58.7,New,other,other,,other,unknown,unknown,,,,other_other_unknown
other,10.54,Used,amd,other,,other,unknown,unknown,,,,other_other_unknown
hp,90.0,New,other,other,,other,unknown,unknown,,15.6,,hp_other_standard
other,105.25,Unknown,other,other,,other,unknown,unknown,,,,other_other_unknown
other,2102.0,Refurbished,intel,other,,other,unknown,unknown,,,,other_other_unknown
other,45.38,New,other,other,,other,unknown,unknown,,,,other_other_unknown
other,39.47,New,other,other,,other,unknown,unknown,,,,other_other_unknown
dell,355.2,Used,intel,i5,2.7,notebook/laptop,windows,unknown,120.0,14.0,,dell_i5_mid
dell,375.0,Used,intel,i5,2.6,notebook/laptop,windows,unknown,240.0,14.0,,dell_i5_mid
lenovo,419.2,Used,intel,i3,2.4,notebook/laptop,windows,ssd,120.0,13.0,,lenovo_i3_mid
other,87.9,New,other,other,,other,unknown,unknown,,,,other_other_unknown
lg,92.06,New,other,other,,other,unknown,unknown,,,,lg_other_unknown
other,5.44,Used,other,other,,other,unknown,unknown,,,,other_other_unknown
other,371.0,Used,other,other,,other,unknown,unknown,,,,other_other_unknown
other,2664.0,Refurbished,intel,other,,other,unknown,unknown,,,,other_other_unknown
hp,139.0,Used,intel,celeron,2.16,notebook/laptop,chrome,ssd,16.0,14.0,4.0,hp_celeron_mid
other,333.8,Used,other,other,,other,unknown,unknown,,,,other_other_unknown
dell,484.0,Used,nvidia,i5,2.6,notebook/laptop,windows,unknown,2048.0,14.0,,dell_i5_mid
other,428.0,Used,intel,i3,3.0,notebook/laptop,windows,ssd,120.0,13.3,,other_i3_mid
other,385.5,Used,intel,i3,3.0,notebook/laptop,windows,ssd,120.0,14.0,,other_i3_mid
other,2730.0,Refurbished,intel,i7,1.8,notebook/laptop,windows,ssd,4096.0,14.0,,other_i7_mid
asus,1500.0,Unknown,nvidia,i7,2.3,notebook/laptop,windows,ssd,1024.0,15.6,32.0,asus_i7_standard
dell,234.1,Refurbished,intel,i7,2.6,notebook/laptop,windows,ssd,256.0,12.5,8.0,dell_i7_mid
other,728.5,Used,intel,other,,other,unknown,unknown,,,,other_other_unknown
dell,160.0,Used,other,i5,,notebook/laptop,windows,hdd/ssd,8.0,14.0,8.0,dell_i5_mid
other,987.5,Refurbished,intel,other,,other,unknown,unknown,,,,other_other_unknown
other,21.75,Used,other,other,,other,unknown,unknown,,,,other_other_unknown
other,21.75,Used,other,other,,other,unknown,unknown,,,,other_other_unknown
lenovo,297.5,Used,intel,i5,,notebook/laptop,windows,unknown,120.0,14.0,,lenovo_i5_mid
other,59.25,New,other,other,,other,unknown,unknown,,,,other_other_unknown
asus,164.5,Unknown,intel,celeron,1.1,notebook/laptop,chrome,emmc,64.0,14.0,64.0,asus_celeron_mid
hp,90.0,Used,intel,i5,2.5,notebook/laptop,windows,ssd,128.0,12.3,8.0,hp_i5_mid
other,69.94,New,other,other,,other,unknown,unknown,,,,other_other_unknown
other,109.0,New,other,other,,other,unknown,unknown,,,,other_other_unknown
hp,120.0,New,other,other,,other,unknown,unknown,,15.6,,hp_other_standard
other,298.5,Refurbished,intel,other,,other,unknown,unknown,,,,other_other_unknown
other,436.0,Refurbished,intel,other,,other,unknown,unknown,,,,other_other_unknown
other,64.2,New,other,other,,other,unknown,unknown,,,,other_other_unknown
other,6.53,Used,other,other,,other,unknown,unknown,,,,other_other_unknown
other,191.6,Unknown,other,other,,other,unknown,unknown,,,,other_other_unknown
other,39.2,Unknown,other,other,,other,unknown,unknown,,,,other_other_unknown
other,26.22,New,other,other,,other,unknown,unknown,,,,other_other_unknown
other,17.06,Used,other,other,,other,unknown,unknown,,,,other_other_unknown
lenovo,65.0,Used,other,i5,,notebook/laptop,unknown,unknown,8.0,14.0,8.0,lenovo_i5_mid
other,668.0,Refurbished,intel,i5,3.3,notebook/laptop,windows,ssd,256.0,10.1,16.0,other_i5_small
other,266.8,Refurbished,intel,other,,other,unknown,unknown,,,,other_other_unknown
dell,370.2,Used,intel,i5,3.0,notebook/laptop,windows,unknown,480.0,14.0,,dell_i5_mid
other,331.2,Used,other,other,,other,unknown,unknown,,,,other_other_unknown
other,97.9,Used,other,other,,other,unknown,unknown,,,,other_other_unknown
other,19.58,Used,other,other,,other,unknown,unknown,,,,other_other_unknown
dell,312.8,Used,intel,i5,2.7,notebook/laptop,windows,unknown,120.0,14.0,,dell_i5_mid
other,15.98,Used,other,other,,other,unknown,unknown,,,,other_other_unknown
other,112.56,New,other,other,,other,unknown,unknown,,,,other_other_unknown
dell,375.0,Used,intel,i5,2.6,notebook/laptop,windows,unknown,480.0,14.0,,dell_i5_mid
acer,38.0,Used,other,celeron,,other,unknown,unknown,,11.6,,acer_celeron_small
samsung,69.25,New,other,other,,other,unknown,unknown,,,,samsung_other_unknown
other,347.0,Used,nvidia,other,,other,unknown,unknown,,,,other_other_unknown
other,7.28,Used,other,other,,other,unknown,unknown,,,,other_other_unknown
other,70.75,New,other,other,,other,unknown,unknown,,,,other_other_unknown
lenovo,999.5,Used,intel,i5,,notebook/laptop,windows,ssd,,15.6,,lenovo_i5_standard
other,61.03,Unknown,other,other,,other,unknown,unknown,,,,other_other_unknown
other,29.94,New,other,other,,other,unknown,unknown,,,,other_other_unknown
other,20.48,New,other,other,,other,unknown,unknown,,,,other_other_unknown
other,92.06,New,other,other,,other,unknown,unknown,,,,other_other_unknown
other,117.0,New,other,other,,other,unknown,unknown,,,,other_other_unknown
samsung,50.0,Unknown,intel,celeron,1.1,notebook/laptop,chrome,emmc,32.0,14.0,4.0,samsung_celeron_mid
dell,584.5,Used,amd,i5,3.0,notebook/laptop,windows,unknown,480.0,15.6,,dell_i5_standard
dell,297.8,Used,intel,i5,2.6,notebook/laptop,windows,unknown,120.0,14.0,,dell_i5_mid
other,27.66,Unknown,other,other,,other,unknown,unknown,,,,other_other_unknown
other,20.67,New,other,other,,other,unknown,unknown,,,,other_other_unknown
lg,73.44,Unknown,other,other,,other,unknown,unknown,,15.6,,lg_other_standard
dell,165.0,Used,other,other,2.0,notebook/laptop,windows,hdd/ssd,80.0,,3.0,dell_other_unknown
other,1271.0,Refurbished,intel,other,,other,unknown,unknown,,,,other_other_unknown
dell,276.2,Used,intel,i5,2.6,notebook/laptop,windows,unknown,240.0,14.0,,dell_i5_mid
other,59.56,New,other,other,,other,unknown,unknown,,,,other_other_unknown
other,1022.0,Refurbished,intel,other,,other,unknown,unknown,,,,other_other_unknown
other,2332.0,Refurbished,intel,i7,1.8,notebook/laptop,windows,ssd,960.0,14.0,,other_i7_mid
other,2274.0,Refurbished,intel,other,,other,unknown,unknown,,,,other_other_unknown
other,2294.0,Refurbished,intel,other,,other,unknown,unknown,,,,other_other_unknown
other,2114.0,Refurbished,intel,other,,other,unknown,unknown,,,,other_other_unknown
dell,584.5,Used,amd,i5,3.0,notebook/laptop,windows,unknown,480.0,15.6,,dell_i5_standard
other,126.5,Refurbished,intel,i5,,notebook/laptop,windows,hdd/ssd,120.0,,4.0,other_i5_unknown
other,72.1,New,other,other,,other,unknown,unknown,,,,other_other_unknown
other,2084.0,Refurbished,intel,other,,other,unknown,unknown,,,,other_other_unknown
other,2136.0,Refurbished,intel,i7,1.8,notebook/laptop,windows,ssd,120.0,14.0,,other_i7_mid
other,331.2,Used,intel,other,,other,unknown,unknown,,,,other_other_unknown
microsoft,1047.0,Refurbished,intel,i7,3.0,notebook/laptop,windows,ssd,256.0,13.5,,microsoft_i7_mid
dell,254.8,Used,intel,other,1.6,other,windows,unknown,512.0,14.0,16.0,dell_other_mid
other,92.8,New,other,other,,other,unknown,unknown,,,,other_other_unknown
dell,149.0,Used,other,i5,2.4,other,unknown,ssd,256.0,14.0,,dell_i5_mid
other,2148.0,Refurbished,intel,i7,1.99,notebook/laptop,windows,ssd,240.0,14.0,,other_i7_mid
other,13.05,Used,other,other,,other,unknown,unknown,,,,other_other_unknown
lenovo,446.8,Used,intel,i5,1.99,notebook/laptop,windows,ssd,120.0,12.5,,lenovo_i5_mid
lenovo,324.2,Used,intel,i5,,notebook/laptop,windows,unknown,240.0,14.0,,lenovo_i5_mid
other,2686.0,Refurbished,intel,other,,other,unknown,unknown,,,,other_other_unknown
other,10.88,Used,other,other,,other,unknown,unknown,,,,other_other_unknown
other,112.44,New,other,other,,other,unknown,unknown,,,,other_other_unknown
other,64.2,Unknown,other,other,,other,unknown,unknown,,,,other_other_unknown
other,1281.0,Refurbished,intel,other,,other,unknown,unknown,,,,other_other_unknown
other,632.0,Used,other,other,,other,unknown,unknown,,,,other_other_unknown
other,128.8,New,other,other,,other,unknown,unknown,,,,other_other_unknown
other,594.0,New,intel,other,,other,unknown,unknown,,,,other_other_unknown
other,70.4,New,other,other,,other,unknown,unknown,,,,other_other_unknown
other,145.6,Used,intel,other,,other,unknown,unknown,,,,other_other_unknown
other,34.12,New,other,other,,other,unknown,unknown,,,,other_other_unknown
other,23.94,Used,other,other,,other,unknown,unknown,,,,other_other_unknown
microsoft,1302.0,Refurbished,intel,i7,3.0,notebook/laptop,windows,ssd,120.0,13.5,,microsoft_i7_mid
dell,442.8,Used,intel,i5,2.8,notebook/laptop,windows,unknown,240.0,12.5,,dell_i5_mid
lenovo,349.5,Used,other,i5,3.1,notebook/laptop,windows,unknown,240.0,14.0,,lenovo_i5_mid
other,250.1,Used,other,other,,other,unknown,unknown,,,,other_other_unknown
other,422.0,Used,intel,i3,3.0,notebook/laptop,windows,ssd,480.0,13.3,,other_i3_mid
hp,509.5,Refurbished,amd,ryzen7,4.5,notebook/laptop,windows,ssd,512.0,,16.0,hp_ryzen7_unknown
other,11.91,New,other,other,,other,unknown,unknown,,,,other_other_unknown
lenovo,25.5,Used,intel,celeron,1.83,notebook/laptop,chrome,ssd,16.0,11.6,4.0,lenovo_celeron_small
hp,35.0,Unknown,amd,pentium,1.1,notebook/laptop,chrome,ssd,64.0,14.0,4.0,hp_pentium_mid
dell,484.0,Used,nvidia,i5,2.6,notebook/laptop,windows,unknown,2048.0,14.0,,dell_i5_mid
dell,889.0,New,other,i7,5.0,notebook/laptop,windows,ssd,512.0,14.0,16.0,dell_i7_mid
dell,150.0,Used,other,other,2.0,notebook/laptop,windows,hdd/ssd,80.0,,3.0,dell_other_unknown
other,668.0,Refurbished,intel,i5,3.3,notebook/laptop,windows,ssd,256.0,10.1,16.0,other_i5_small
asus,72.8,New,other,other,,other,unknown,unknown,,,,asus_other_unknown
dell,326.2,Used,nvidia,i5,,notebook/laptop,windows,unknown,240.0,14.0,,dell_i5_mid
dell,422.0,Used,intel,i5,2.8,notebook/laptop,windows,unknown,240.0,12.5,,dell_i5_mid
hp,255.0,New,other,celeron,1.1,notebook/laptop,windows,emmc,64.0,14.0,,hp_celeron_mid
asus,113.9,Used,other,other,,other,unknown,unknown,,,,asus_other_unknown
acer,55.0,Used,intel,celeron,1.6,notebook/laptop,chrome,emmc,32.0,14.0,4.0,acer_celeron_mid
dell,35.0,For Parts,other,i5,2.3,notebook/laptop,unknown,ssd,128.0,12.5,8.0,dell_i5_mid
other,385.5,Used,intel,i3,3.0,notebook/laptop,windows,ssd,120.0,14.0,,other_i3_mid
hp,135.0,Used,other,i3,2.1,other,windows,ssd,16.0,14.0,16.0,hp_i3_mid
dell,100.0,Used,other,i7,2.8,notebook/laptop,windows,ssd,64.0,14.0,16.0,dell_i7_mid
samsung,120.0,Unknown,intel,celeron,,notebook/laptop,chrome,other,16.0,11.6,4.0,samsung_celeron_small
dell,570.0,Open Box,other,i5,1.3,notebook/laptop,windows,ssd,512.0,16.0,8.0,dell_i5_large
dell,410.0,Used,intel,i5,1.99,notebook/laptop,windows,ssd,480.0,10.8,,dell_i5_small
dell,340.8,Used,intel,i5,3.0,notebook/laptop,windows,unknown,240.0,14.0,,dell_i5_mid
dell,323.0,Used,intel,i5,2.7,notebook/laptop,windows,unknown,240.0,14.0,,dell_i5_mid
lenovo,458.5,Used,intel,i5,1.99,notebook/laptop,windows,ssd,240.0,12.5,,lenovo_i5_mid
microsoft,1047.0,Refurbished,intel,i7,3.0,notebook/laptop,windows,ssd,256.0,13.5,,microsoft_i7_mid
lg,292.5,Open Box,other,other,,other,unknown,unknown,,,,lg_other_unknown
other,2332.0,Refurbished,intel,i7,1.99,notebook/laptop,windows,ssd,960.0,14.0,,other_i7_mid
other,2148.0,Refurbished,intel,i7,1.99,notebook/laptop,windows,ssd,240.0,14.0,,other_i7_mid
dell,344.0,Used,intel,i5,2.7,notebook/laptop,windows,unknown,240.0,14.0,,dell_i5_mid
dell,379.8,Used,nvidia,i5,2.6,notebook/laptop,windows,unknown,240.0,14.0,,dell_i5_mid
other,358.5,Used,intel,other,,other,unknown,unknown,,,,other_other_unknown
other,94.44,New,other,other,,other,unknown,unknown,,,,other_other_unknown
other,82.6,New,other,other,,other,unknown,unknown,,,,other_other_unknown
other,329.5,Refurbished,intel,other,,other,unknown,unknown,,,,other_other_unknown
other,527.5,Used,other,other,,other,unknown,unknown,,,,other_other_unknown
other,614.5,Refurbished,intel,other,,other,unknown,unknown,,,,other_other_unknown
other,75.06,New,other,other,,other,unknown,unknown,,,,other_other_unknown
other,107.9,New,other,other,,other,unknown,unknown,,,,other_other_unknown
other,1058.0,Used,other,other,,other,unknown,unknown,,,,other_other_unknown
other,106.0,New,other,other,,other,unknown,unknown,,,,other_other_unknown
other,3364.0,New,intel,other,,other,unknown,unknown,,,,other_other_unknown
dell,447.2,Used,intel,i5,2.8,notebook/laptop,windows,unknown,240.0,12.5,,dell_i5_mid
other,109.3,New,other,other,,other,unknown,unknown,,,,other_other_unknown
other,960.5,Used,other,other,,other,unknown,unknown,,,,other_other_unknown
other,1000.0,Refurbished,intel,other,,other,unknown,unknown,,,,other_other_unknown
other,59.56,Unknown,other,other,,other,unknown,unknown,,,,other_other_unknown
other,264.8,Refurbished,intel,other,,other,unknown,unknown,,,,other_other_unknown
other,266.8,Refurbished,intel,other,,other,unknown,unknown,,,,other_other_unknown
lenovo,75.0,Refurbished,intel,celeron,2.4,notebook/laptop,chrome,emmc,32.0,11.6,4.0,lenovo_celeron_small
other,111.75,Used,other,other,2.16,other,windows,ssd,128.0,,4.0,other_other_unknown
acer,50.0,Unknown,intel,celeron,1.4,notebook/laptop,chrome,ssd,16.0,11.6,2.0,acer_celeron_small
acer,63.0,Refurbished,other,other,2.1,notebook/laptop,chrome,ssd,32.0,13.3,4.0,acer_other_mid
other,200.0,Used,other,other,1.6,other,windows,emmc,128.0,8.1,8.0,other_other_small
dell,99.0,Used,intel,celeron,1.1,notebook/laptop,windows,ssd,128.0,11.6,4.0,dell_celeron_small
dell,175.0,Used,other,i5,,notebook/laptop,windows,ssd,256.0,12.3,8.0,dell_i5_mid
hp,539.0,Refurbished,amd,ryzen7,1.9,notebook/laptop,unknown,ssd,1024.0,14.0,16.0,hp_ryzen7_mid
lenovo,119.94,Used,other,i5,,notebook/laptop,linux,hdd/ssd,500.0,14.0,16.0,lenovo_i5_mid
hp,339.0,Used,other,ryzen5,2.1,other,windows,ssd,256.0,15.6,16.0,hp_ryzen5_standard
other,250.0,Used,intel,i7,2.6,notebook/laptop,windows,ssd,128.0,14.1,16.0,other_i7_standard
microsoft,149.0,Used,other,i5,,other,unknown,unknown,,13.5,,microsoft_i5_mid
lenovo,530.0,Unknown,other,other,3.0,notebook/laptop,windows,ssd,512.0,13.3,16.0,lenovo_other_mid
microsoft,150.0,Used,other,i5,2.6,notebook/laptop,unknown,ssd,256.0,13.3,8.0,microsoft_i5_mid
dell,575.0,Unknown,intel,i7,4.7,notebook/laptop,windows,ssd,1024.0,16.0,40.0,dell_i7_large
lenovo,190.0,Used,intel,i5,2.4,notebook/laptop,windows,ssd,512.0,14.0,16.0,lenovo_i5_mid
other,442.8,Used,other,i5,2.4,other,windows,ssd,512.0,13.3,,other_i5_mid
lenovo,220.0,Refurbished,intel,i5,2.4,notebook/laptop,windows,ssd,512.0,14.0,12.0,lenovo_i5_mid
dell,95.0,Used,other,i7,2.7,notebook/laptop,unknown,ssd,8.0,15.6,8.0,dell_i7_standard
hp,99.94,Used,other,other,2.0,other,chrome,emmc,32.0,11.6,4.0,hp_other_small
dell,263.2,Refurbished,intel,i5,1.6,notebook/laptop,windows,ssd,256.0,14.0,16.0,dell_i5_mid
lenovo,100.0,Used,intel,i3,2.4,notebook/laptop,windows,ssd,256.0,15.6,8.0,lenovo_i3_standard
microsoft,355.0,Refurbished,other,i5,1.1,notebook/laptop,windows,ssd,256.0,12.3,8.0,microsoft_i5_mid
asus,29.98,Used,intel,celeron,1.6,notebook/laptop,chrome,emmc,4.0,11.6,4.0,asus_celeron_small
dell,319.0,Used,intel,i5,2.7,notebook/laptop,windows,unknown,120.0,14.0,,dell_i5_mid
dell,324.0,Used,intel,i5,2.6,notebook/laptop,windows,unknown,120.0,14.0,,dell_i5_mid
dell,389.5,Used,intel,i5,3.0,notebook/laptop,windows,ssd,960.0,14.0,,dell_i5_mid
other,372.0,Used,intel,other,,other,unknown,unknown,,,,other_other_unknown
hp,250.0,Used,other,i5,,notebook/laptop,unknown,unknown,,14.1,,hp_i5_standard
dell,320.2,Used,intel,i5,,notebook/laptop,windows,unknown,120.0,14.0,,dell_i5_mid
other,225.2,Used,other,other,,other,unknown,unknown,,,,other_other_unknown
other,3104.0,New,intel,other,,other,unknown,unknown,,,,other_other_unknown
other,72.2,Unknown,other,other,,other,unknown,unknown,,,,other_other_unknown
other,299.0,New,other,celeron,2.4,notebook/laptop,windows,ssd,1024.0,15.6,24.0,other_celeron_standard
dell,588.5,Used,other,other,2.4,notebook/laptop,windows,hdd/ssd,500.0,,,dell_other_unknown
other,589.5,Refurbished,intel,other,,other,unknown,unknown,,,,other_other_unknown
other,254.0,New,other,other,,other,windows,unknown,,,,other_other_unknown
other,156.1,Used,other,other,,other,unknown,unknown,,,,other_other_unknown
other,31.55,New,other,other,,other,unknown,unknown,,,,other_other_unknown
dell,329.8,Used,intel,i5,2.7,notebook/laptop,windows,unknown,240.0,14.0,,dell_i5_mid
other,33.66,New,other,other,,other,unknown,unknown,,,,other_other_unknown
other,16.31,Used,other,other,,other,unknown,unknown,,,,other_other_unknown
other,105.25,New,other,other,,other,unknown,unknown,,,,other_other_unknown
other,547.5,Refurbished,intel,other,,other,unknown,unknown,,,,other_other_unknown
other,488.2,Used,other,other,,other,unknown,unknown,,,,other_other_unknown
lenovo,323.5,Used,other,i5,3.1,notebook/laptop,windows,unknown,120.0,14.0,,lenovo_i5_mid
dell,90.0,For Parts,other,celeron,1.86,notebook/laptop,unknown,hdd/ssd,,11.6,4.0,dell_celeron_small
other,36.97,New,other,other,,other,unknown,unknown,,,,other_other_unknown
dell,325.8,Used,intel,i5,,other,windows,unknown,120.0,14.0,,dell_i5_mid
other,97.9,Used,other,other,,other,unknown,unknown,,,,other_other_unknown
other,201.4,Refurbished,intel,other,,other,unknown,unknown,,,,other_other_unknown
other,91.44,New,other,other,,other,unknown,unknown,,,,other_other_unknown
other,15.23,Used,other,other,,other,unknown,unknown,,,,other_other_unknown
hp,380.0,Used,other,i3,,notebook/laptop,unknown,unknown,,14.0,,hp_i3_mid
dell,150.0,Used,other,i5,2.3,other,unknown,unknown,4.0,14.0,4.0,dell_i5_mid
other,210.2,Refurbished,intel,other,,other,unknown,unknown,,,,other_other_unknown
microsoft,240.0,Used,other,i5,1.7,other,windows,ssd,256.0,12.1,8.0,microsoft_i5_mid
other,180.0,Unknown,other,celeron,1.1,notebook/laptop,windows,emmc,64.0,11.6,4.0,other_celeron_small
other,1235.0,Used,other,i5,,other,unknown,unknown,,13.3,,other_i5_mid
other,700.0,Unknown,nvidia,i5,2.7,notebook/laptop,windows,ssd,512.0,15.6,8.0,other_i5_standard
dell,40.0,Used,other,i3,2.0,notebook/laptop,unknown,hdd/ssd,250.0,15.6,4.0,dell_i3_standard
dell,1450.0,Refurbished,intel,i5,2.4,notebook/laptop,windows,ssd,512.0,14.0,32.0,dell_i5_mid
dell,330.0,Used,other,i5,2.6,other,unknown,ssd,256.0,12.5,,dell_i5_mid
dell,442.8,Used,intel,i5,2.8,notebook/laptop,windows,unknown,240.0,12.5,,dell_i5_mid
microsoft,250.0,Used,other,i5,1.2,notebook/laptop,windows,other,256.0,13.5,8.0,microsoft_i5_mid
hp,820.0,New,intel,i7,1.6,notebook/laptop,windows,ssd,1024.0,13.3,8.0,hp_i7_mid
other,304.0,Used,other,other,,other,unknown,unknown,,,,other_other_unknown
dell,100.0,Used,other,i5,,notebook/laptop,windows,unknown,,15.6,,dell_i5_standard
dell,170.0,Used,intel,i5,2.4,notebook/laptop,windows,hdd/ssd,160.0,,4.0,dell_i5_unknown
other,185.0,Used,other,celeron,,other,unknown,unknown,,11.6,,other_celeron_small
lenovo,199.0,Used,amd,ryzen5,2.0,notebook/laptop,windows,ssd,512.0,14.0,16.0,lenovo_ryzen5_mid
hp,19.98,Used,other,other,,notebook/laptop,unknown,other,,15.6,4.0,hp_other_standard
asus,197.0,Unknown,intel,celeron,1.1,notebook/laptop,windows,emmc,64.0,14.0,4.0,asus_celeron_mid
other,530.0,Refurbished,intel,i5,2.3,notebook/laptop,mac,ssd,512.0,13.3,8.0,other_i5_mid
other,260.0,Used,other,other,2.2,notebook/laptop,windows,ssd,256.0,10.1,8.0,other_other_small
lenovo,448.2,Used,other,i5,3.1,notebook/laptop,windows,unknown,960.0,14.0,,lenovo_i5_mid
other,710.0,For Parts,other,i5,,notebook/laptop,unknown,ssd,,13.0,,other_i5_mid
dell,310.0,Used,other,i7,,other,unknown,unknown,,15.6,,dell_i7_standard
hp,160.0,For Parts,other,i5,2.4,notebook/laptop,unknown,hdd/ssd,8.0,15.6,8.0,hp_i5_standard
lenovo,250.0,Used,other,other,,notebook/laptop,windows,ssd,,14.0,16.0,lenovo_other_mid
other,27.19,Used,other,other,,other,unknown,unknown,,,,other_other_unknown
dell,450.0,Used,intel,i7,3.0,notebook/laptop,unknown,ssd,256.0,14.0,16.0,dell_i7_mid
hp,200.0,Refurbished,other,celeron,1.1,other,chrome,ssd,,14.0,,hp_celeron_mid
lenovo,115.0,Unknown,other,other,2.0,other,chrome,ssd,128.0,10.1,4.0,lenovo_other_small
dell,749.0,Refurbished,intel,i5,,notebook/laptop,windows,ssd,512.0,13.4,8.0,dell_i5_mid
dell,424.2,Used,intel,i5,2.7,notebook/laptop,windows,unknown,480.0,14.0,,dell_i5_mid
asus,83.6,New,other,other,,other,unknown,unknown,,,,asus_other_unknown
dell,344.8,Used,intel,i5,2.7,notebook/laptop,windows,unknown,240.0,14.0,,dell_i5_mid
other,352.0,Used,intel,other,,other,unknown,unknown,,,,other_other_unknown
hp,190.0,Used,intel,i5,1.6,notebook/laptop,windows,ssd,256.0,14.0,16.0,hp_i5_mid
lenovo,50.0,Used,intel,celeron,1.1,notebook/laptop,chrome,emmc,32.0,11.6,4.0,lenovo_celeron_small
lenovo,269.8,Used,intel,other,1.9,other,windows,unknown,256.0,14.0,16.0,lenovo_other_mid
lenovo,500.0,Unknown,nvidia,ryzen5,3.0,notebook/laptop,windows,ssd,256.0,15.6,8.0,lenovo_ryzen5_standard
microsoft,299.0,Unknown,intel,i5,2.6,notebook/laptop,windows,ssd,256.0,12.3,8.0,microsoft_i5_mid
other,369.2,Used,other,other,,other,unknown,unknown,,,,other_other_unknown
other,229.1,Refurbished,intel,other,,other,unknown,unknown,,,,other_other_unknown
dell,375.8,Used,intel,i5,1.99,notebook/laptop,windows,ssd,360.0,14.0,,dell_i5_mid
microsoft,150.0,For Parts,intel,i3,1.2,notebook/laptop,windows,ssd,128.0,12.3,4.0,microsoft_i3_mid
other,215.0,Used,intel,other,,other,unknown,unknown,,,,other_other_unknown
dell,450.0,Used,nvidia,i5,2.5,notebook/laptop,windows,ssd,256.0,15.6,8.0,dell_i5_standard
dell,199.0,Used,other,i7,2.7,notebook/laptop,windows,hdd/ssd,512.0,15.6,16.0,dell_i7_standard
other,398.5,Used,intel,i5,3.0,notebook/laptop,windows,ssd,240.0,13.3,,other_i5_mid
other,379.5,Refurbished,other,other,,other,unknown,unknown,,,,other_other_unknown
lenovo,800.0,Used,other,i5,,notebook/laptop,unknown,ssd,256.0,15.6,16.0,lenovo_i5_standard
dell,860.0,Used,other,i7,,notebook/laptop,unknown,ssd,512.0,14.0,16.0,dell_i7_mid
dell,169.0,Unknown,intel,i7,1.9,notebook/laptop,windows,ssd,512.0,14.0,16.0,dell_i7_mid
acer,375.2,Unknown,intel,celeron,1.1,notebook/laptop,chrome,ssd,32.0,12.0,4.0,acer_celeron_small
dell,467.5,Used,nvidia,i5,2.6,notebook/laptop,windows,unknown,960.0,14.0,,dell_i5_mid
lenovo,1019.0,Unknown,intel,i7,1.7,notebook/laptop,windows,ssd,512.0,14.0,8.0,lenovo_i7_mid
dell,180.0,Used,intel,i7,2.8,notebook/laptop,windows,ssd,256.0,15.6,8.0,dell_i7_standard
acer,40.0,For Parts,other,celeron,,notebook/laptop,chrome,ssd,16.0,11.5,2.0,acer_celeron_small
other,93.2,New,other,other,,other,unknown,unknown,,,,other_other_unknown
other,637.5,New,intel,other,,other,unknown,unknown,,,,other_other_unknown
lenovo,295.0,Used,other,i5,3.1,notebook/laptop,windows,unknown,120.0,14.0,,lenovo_i5_mid
dell,400.0,Unknown,other,other,,notebook/laptop,windows,ssd,512.0,13.0,16.0,dell_other_mid
hp,218.9,Unknown,amd,other,2.4,notebook/laptop,windows,ssd,128.0,14.0,4.0,hp_other_mid
dell,200.0,Used,intel,i7,2.5,notebook/laptop,unknown,hdd/ssd,1024.0,15.6,8.0,dell_i7_standard
hp,200.0,Used,other,i5,2.5,other,unknown,ssd,256.0,15.6,8.0,hp_i5_standard
hp,90.0,Used,amd,other,,other,chrome,emmc,64.0,14.0,4.0,hp_other_mid
lenovo,175.0,Used,other,i7,2.5,notebook/laptop,windows,ssd,256.0,14.0,16.0,lenovo_i7_mid
acer,98.25,New,other,other,,other,unknown,unknown,,,,acer_other_unknown
other,288.2,Refurbished,other,other,,notebook/laptop,unknown,unknown,,,,other_other_unknown
other,130.6,New,other,other,,other,unknown,unknown,,,,other_other_unknown
dell,314.2,Used,intel,i5,2.7,notebook/laptop,windows,unknown,120.0,14.0,,dell_i5_mid
other,10.88,Used,other,other,,other,unknown,unknown,,,,other_other_unknown
other,85.44,New,other,other,,other,unknown,unknown,,,,other_other_unknown
other,112.25,New,other,other,,other,unknown,unknown,,,,other_other_unknown
dell,403.0,Used,nvidia,i5,2.6,notebook/laptop,windows,unknown,480.0,14.0,,dell_i5_mid
dell,234.8,Used,intel,other,1.6,other,windows,unknown,500.0,14.0,8.0,dell_other_mid
other,79.0,New,other,other,,other,unknown,unknown,,,,other_other_unknown
other,426.5,Used,intel,other,,other,unknown,unknown,,,,other_other_unknown
dell,375.8,Used,intel,i5,1.99,notebook/laptop,windows,ssd,360.0,14.0,,dell_i5_mid
dell,57.94,New,other,other,,other,unknown,unknown,,,,dell_other_unknown
other,204.2,Unknown,intel,other,,other,unknown,unknown,,,,other_other_unknown
other,227.8,Refurbished,intel,other,,other,unknown,unknown,,,,other_other_unknown
other,10.95,Used,other,other,2.53,other,unknown,unknown,,,,other_other_unknown
other,76.7,New,other,other,,other,unknown,unknown,,,,other_other_unknown
lenovo,574.5,Used,intel,i3,3.0,notebook/laptop,windows,hdd/ssd,128.0,15.6,,lenovo_i3_standard
lg,93.9,New,other,other,,other,unknown,unknown,,,,lg_other_unknown
other,8.7,Used,other,other,,other,unknown,unknown,,,,other_other_unknown
other,9.79,Used,other,other,,other,unknown,unknown,,,,other_other_unknown
other,103.75,Unknown,other,other,,other,unknown,unknown,,,,other_other_unknown
other,90.4,New,other,other,,other,unknown,unknown,,,,other_other_unknown
other,152.2,New,other,other,,other,unknown,unknown,,,,other_other_unknown
other,127.6,New,other,other,,other,unknown,unknown,,,,other_other_unknown
other,79.56,New,other,other,,other,unknown,unknown,,,,other_other_unknown
dell,334.8,Used,nvidia,i5,2.6,notebook/laptop,windows,unknown,240.0,14.0,,dell_i5_mid
other,337.8,Used,intel,i5,2.3,notebook/laptop,windows,ssd,240.0,13.3,,other_i5_mid
other,92.75,New,other,other,,other,unknown,unknown,,,,other_other_unknown
other,337.5,Used,other,other,,other,unknown,unknown,,,,other_other_unknown
dell,324.0,Used,intel,i5,2.7,notebook/laptop,windows,unknown,240.0,14.0,,dell_i5_mid
other,131.5,New,other,other,,other,unknown,unknown,,,,other_other_unknown
other,121.06,New,other,other,,other,unknown,unknown,,,,other_other_unknown
other,206.4,New,other,other,,other,unknown,unknown,,,,other_other_unknown
other,295.5,Refurbished,intel,other,,other,unknown,unknown,,,,other_other_unknown
other,47.2,New,other,other,,other,unknown,unknown,,,,other_other_unknown
other,81.8,New,other,other,,other,unknown,unknown,,,,other_other_unknown
other,2730.0,Refurbished,intel,i7,1.99,notebook/laptop,windows,ssd,4096.0,14.0,,other_i7_mid
other,292.0,Refurbished,intel,other,,other,unknown,unknown,,,,other_other_unknown
other,342.2,Refurbished,nvidia,other,,other,unknown,unknown,,,,other_other_unknown
other,50.7,New,other,other,,other,unknown,unknown,,,,other_other_unknown
other,476.5,Refurbished,intel,other,,other,unknown,unknown,,,,other_other_unknown
other,372.8,New,other,other,,other,unknown,unknown,,,,other_other_unknown
other,376.8,Refurbished,intel,other,,other,unknown,unknown,,,,other_other_unknown
other,60.9,New,other,other,,other,unknown,unknown,,,,other_other_unknown
lg,93.1,New,other,other,,other,unknown,unknown,,,,lg_other_unknown
other,368.2,Used,intel,other,,other,unknown,unknown,,,,other_other_unknown
other,304.5,Refurbished,intel,other,,other,unknown,unknown,,,,other_other_unknown
other,2148.0,Refurbished,intel,i7,1.8,notebook/laptop,windows,ssd,240.0,14.0,,other_i7_mid
other,2332.0,Refurbished,intel,i7,1.8,notebook/laptop,windows,ssd,2048.0,14.0,,other_i7_mid
dell,400.0,Used,intel,i5,2.8,notebook/laptop,windows,unknown,120.0,12.5,,dell_i5_mid
other,114.6,New,other,other,,other,unknown,unknown,,,,other_other_unknown
other,103.75,New,other,other,,other,unknown,unknown,,,,other_other_unknown
other,117.7,New,other,other,,other,unknown,unknown,,,,other_other_unknown
other,318.5,New,other,other,,other,unknown,unknown,,,,other_other_unknown
other,53.28,New,other,other,,other,unknown,unknown,,,,other_other_unknown
dell,329.0,Unknown,nvidia,i7,2.7,notebook/laptop,windows,ssd,512.0,15.6,16.0,dell_i7_standard
microsoft,250.0,Unknown,nvidia,i7,2.6,notebook/laptop,windows,ssd,512.0,13.5,16.0,microsoft_i7_mid
other,195.8,Used,other,other,,other,unknown,unknown,,,,other_other_unknown
dell,89.0,Used,other,i5,2.4,notebook/laptop,windows,ssd,128.0,12.5,8.0,dell_i5_mid
dell,281.8,Used,intel,i5,2.6,notebook/laptop,windows,unknown,240.0,14.0,,dell_i5_mid
other,80.0,Unknown,intel,celeron,1.1,notebook/laptop,windows,emmc,64.0,11.6,4.0,other_celeron_small
dell,695.0,Refurbished,other,i5,,notebook/laptop,windows,ssd,256.0,,16.0,dell_i5_unknown
dell,350.0,Used,other,i7,2.7,notebook/laptop,windows,other,500.0,15.6,8.0,dell_i7_standard
dell,374.5,Used,intel,i5,,notebook/laptop,windows,unknown,240.0,14.0,,dell_i5_mid
other,380.5,Unknown,intel,other,,other,unknown,unknown,,,,other_other_unknown
dell,125.0,Used,other,other,2.16,notebook/laptop,windows,ssd,128.0,17.0,2.0,dell_other_large
other,260.0,Used,intel,i5,1.9,other,windows,unknown,128.0,,,other_i5_unknown
other,11.88,New,other,other,,other,unknown,unknown,,4.5,,other_other_small
hp,24.98,Unknown,intel,i5,2.3,notebook/laptop,windows,ssd,240.0,14.0,8.0,hp_i5_mid
lenovo,119.0,Used,intel,i5,1.9,notebook/laptop,windows,ssd,256.0,14.0,8.0,lenovo_i5_mid
acer,49.0,Refurbished,intel,celeron,2.16,notebook/laptop,chrome,ssd,16.0,11.6,4.0,acer_celeron_small
other,539.0,Used,nvidia,i7,2.8,notebook/laptop,windows,ssd,512.0,14.0,16.0,other_i7_mid
lenovo,288.2,Unknown,intel,pentium,2.0,notebook/laptop,windows,ssd,256.0,15.6,4.0,lenovo_pentium_standard
other,225.0,Used,other,i5,2.4,other,windows,ssd,128.0,10.1,8.0,other_i5_small
acer,120.0,For Parts,other,other,,notebook/laptop,chrome,unknown,,11.6,,acer_other_small
lenovo,45.0,Unknown,other,other,1.3,other,android,unknown,,7.0,16.0,lenovo_other_small
asus,86.0,Used,other,celeron,,other,chrome,emmc,32.0,11.6,4.0,asus_celeron_small
asus,28.5,For Parts,other,other,,notebook/laptop,unknown,unknown,,11.6,,asus_other_small
acer,89.94,Used,other,i5,1.8,notebook/laptop,unknown,hdd/ssd,500.0,14.0,6.0,acer_i5_mid
dell,1250.0,Refurbished,intel,i5,2.4,notebook/laptop,windows,ssd,256.0,14.0,8.0,dell_i5_mid
dell,313.5,Used,intel,i5,2.6,notebook/laptop,windows,unknown,240.0,14.0,,dell_i5_mid
lenovo,396.0,Used,other,i5,3.1,notebook/laptop,windows,unknown,480.0,14.0,,lenovo_i5_mid
dell,294.8,Used,intel,i5,,other,windows,unknown,240.0,14.0,,dell_i5_mid
lenovo,333.5,Used,intel,i5,2.8,notebook/laptop,windows,unknown,240.0,14.0,,lenovo_i5_mid
dell,314.2,Used,intel,i5,2.7,notebook/laptop,windows,unknown,120.0,14.0,,dell_i5_mid
hp,569.0,Unknown,other,i5,1.6,notebook/laptop,windows,hdd/ssd,1024.0,15.6,4.0,hp_i5_standard
dell,820.0,Refurbished,nvidia,i7,2.3,notebook/laptop,windows,ssd,1024.0,16.0,16.0,dell_i7_large
hp,45.0,For Parts,other,other,,notebook/laptop,windows,ssd,32.0,10.1,2.0,hp_other_small
dell,307.0,Refurbished,intel,i7,1.9,notebook/laptop,windows,ssd,512.0,15.6,16.0,dell_i7_standard
dell,200.0,Used,other,i3,3.3,notebook/laptop,windows,hdd/ssd,500.0,14.1,8.0,dell_i3_standard
other,364.2,Refurbished,intel,other,,other,unknown,unknown,,,,other_other_unknown
hp,834.5,Used,nvidia,i7,2.8,notebook/laptop,windows,hdd/ssd,1024.0,15.6,32.0,hp_i7_standard
hp,450.0,Used,intel,i7,1.9,notebook/laptop,windows,ssd,512.0,,32.0,hp_i7_unknown
other,193.1,Used,intel,other,,other,unknown,unknown,,,,other_other_unknown
dell,490.8,Used,intel,i5,2.8,notebook/laptop,windows,unknown,240.0,12.5,,dell_i5_mid
other,205.6,Used,other,other,,other,unknown,unknown,,,,other_other_unknown
lenovo,171.5,Used,other,i5,2.4,notebook/laptop,windows,ssd,256.0,14.0,8.0,lenovo_i5_mid
lenovo,799.0,Open Box,intel,i5,4.4,notebook/laptop,windows,ssd,256.0,16.0,8.0,lenovo_i5_large
dell,289.2,Used,other,i7,,notebook/laptop,windows,other,256.0,15.6,24.0,dell_i7_standard
acer,400.0,Unknown,intel,i5,2.3,notebook/laptop,windows,ssd,256.0,15.6,8.0,acer_i5_standard
other,316.2,Used,other,i5,2.3,other,windows,ssd,512.0,10.1,8.0,other_i5_small
hp,300.0,Unknown,other,pentium,2.0,notebook/laptop,windows,unknown,500.0,11.6,4.0,hp_pentium_small
hp,230.0,Used,other,other,,other,unknown,unknown,,15.6,,hp_other_standard
dell,500.0,Used,other,i7,2.8,notebook/laptop,windows,ssd,1024.0,15.6,16.0,dell_i7_standard
dell,60.0,For Parts,other,i5,2.0,notebook/laptop,unknown,unknown,,15.6,8.0,dell_i5_standard
hp,593.0,For Parts,nvidia,i7,1.8,notebook/laptop,windows,ssd,512.0,15.6,16.0,hp_i7_standard
other,70.0,Used,other,i5,2.53,notebook/laptop,windows,hdd/ssd,128.0,15.0,8.0,other_i5_standard
dell,169.0,Used,intel,i5,,notebook/laptop,windows,unknown,512.0,14.0,,dell_i5_mid
dell,49.0,Unknown,intel,celeron,1.6,notebook/laptop,chrome,emmc,,11.6,4.0,dell_celeron_small
dell,383.0,Used,intel,i5,2.6,notebook/laptop,windows,unknown,480.0,14.0,,dell_i5_mid
dell,249.0,Refurbished,intel,i5,1.2,notebook/laptop,windows,ssd,256.0,15.6,8.0,dell_i5_standard
lenovo,280.0,Used,intel,i7,1.8,notebook/laptop,windows,ssd,256.0,14.0,8.0,lenovo_i7_mid
dell,130.0,Used,other,other,1.23,notebook/laptop,windows,ssd,256.0,12.5,8.0,dell_other_mid
hp,389.0,Used,intel,i7,2.8,notebook/laptop,windows,ssd,512.0,15.6,16.0,hp_i7_standard
lenovo,490.0,New,intel,i5,,notebook/laptop,windows,ssd,512.0,14.0,8.0,lenovo_i5_mid
dell,40.0,Unknown,other,celeron,1.4,other,chrome,ssd,16.0,11.6,4.0,dell_celeron_small
other,12.5,New,other,other,,other,unknown,unknown,,,,other_other_unknown
hp,96.94,Used,other,i5,2.4,notebook/laptop,unknown,unknown,128.0,14.0,4.0,hp_i5_mid
lenovo,325.8,Used,intel,i5,2.8,notebook/laptop,windows,unknown,120.0,14.0,,lenovo_i5_mid
other,193.1,Used,other,other,,other,unknown,unknown,,,,other_other_unknown
dell,465.0,Used,intel,i5,2.3,notebook/laptop,windows,ssd,480.0,12.5,,dell_i5_mid
other,174.0,Used,other,other,,other,unknown,unknown,,,,other_other_unknown
lenovo,1135.0,Used,intel,i5,,other,windows,unknown,2048.0,14.0,,lenovo_i5_mid
other,279.2,Refurbished,intel,other,,other,unknown,unknown,,,,other_other_unknown
other,28.88,New,other,other,,other,unknown,unknown,,,,other_other_unknown
lenovo,45.38,New,other,other,,other,unknown,unknown,,,,lenovo_other_unknown
lenovo,62.28,New,other,other,,other,unknown,unknown,,,,lenovo_other_unknown
lenovo,394.8,Used,intel,i5,2.8,notebook/laptop,windows,unknown,480.0,14.0,,lenovo_i5_mid
lg,112.5,New,other,other,,other,unknown,unknown,,,,lg_other_unknown
dell,472.2,Used,nvidia,i5,2.6,notebook/laptop,windows,unknown,960.0,14.0,,dell_i5_mid
other,128.4,Unknown,other,other,,other,unknown,unknown,,,,other_other_unknown
dell,410.0,Used,intel,i5,1.99,notebook/laptop,windows,ssd,480.0,10.8,,dell_i5_small
samsung,96.44,New,other,other,,other,unknown,unknown,,,,samsung_other_unknown
other,235.4,Refurbished,intel,other,,other,unknown,unknown,,,,other_other_unknown
dell,421.0,Used,intel,i5,2.8,notebook/laptop,windows,unknown,120.0,12.5,,dell_i5_mid
other,2186.0,Refurbished,intel,i7,1.99,notebook/laptop,windows,ssd,480.0,14.0,,other_i7_mid
other,348.0,Refurbished,intel,other,,other,unknown,unknown,,,,other_other_unknown
other,311.2,New,other,other,,other,unknown,unknown,,,,other_other_unknown
dell,324.0,Used,intel,i5,2.6,notebook/laptop,windows,unknown,120.0,14.0,,dell_i5_mid
lenovo,396.0,Used,intel,i5,2.8,notebook/laptop,windows,unknown,240.0,14.0,,lenovo_i5_mid
samsung,134.5,New,other,other,,other,unknown,unknown,,,,samsung_other_unknown
other,54.94,New,other,other,,other,unknown,unknown,,,,other_other_unknown
other,11.96,Used,other,other,,other,unknown,unknown,,,,other_other_unknown
dell,303.0,Used,intel,i5,2.6,notebook/laptop,windows,unknown,120.0,14.0,,dell_i5_mid
other,55.0,For Parts,other,i5,1.7,other,unknown,other,,13.3,4.0,other_i5_mid
lenovo,400.0,Refurbished,other,i7,1.8,notebook/laptop,windows,ssd,,14.0,,lenovo_i7_mid
samsung,25.0,Unknown,intel,other,1.7,notebook/laptop,chrome,emmc,16.0,11.6,2.0,samsung_other_small
other,549.0,Used,intel,i7,,notebook/laptop,mac,ssd,1024.0,13.3,16.0,other_i7_mid
asus,490.0,New,other,ryzen5,4.3,notebook/laptop,windows,other,512.0,15.6,8.0,asus_ryzen5_standard
dell,303.0,Used,intel,i5,2.6,notebook/laptop,windows,unknown,240.0,14.0,,dell_i5_mid
dell,85.0,Used,nvidia,i7,2.2,notebook/laptop,windows,ssd,128.0,15.6,8.0,dell_i7_standard
acer,50.0,Used,intel,celeron,1.1,notebook/laptop,chrome,emmc,32.0,14.0,4.0,acer_celeron_mid
dell,329.0,Refurbished,intel,i5,2.4,notebook/laptop,windows,ssd,256.0,13.3,8.0,dell_i5_mid
hp,205.0,Used,other,i7,,notebook/laptop,unknown,ssd,512.0,14.0,16.0,hp_i7_mid
hp,360.0,Unknown,other,i3,4.1,notebook/laptop,windows,ssd,256.0,15.6,8.0,hp_i3_standard
other,627.5,New,intel,other,,other,unknown,unknown,,,,other_other_unknown
dell,656.5,Used,intel,i5,2.8,notebook/laptop,windows,unknown,960.0,12.5,,dell_i5_mid
samsung,33.0,Used,intel,celeron,2.5,notebook/laptop,chrome,ssd,16.0,11.6,4.0,samsung_celeron_small
hp,184.2,Used,other,other,2.3,notebook/laptop,windows,hdd/ssd,500.0,15.6,4.0,hp_other_standard
samsung,100.0,Used,other,i5,2.6,notebook/laptop,unknown,hdd/ssd,6.0,15.6,6.0,samsung_i5_standard
asus,1617.0,New,intel,i7,,other,windows,unknown,,16.0,,asus_i7_large
acer,35.0,Unknown,other,celeron,2.0,other,chrome,unknown,16.0,,2.0,acer_celeron_unknown
hp,110.0,For Parts,other,i5,,other,unknown,unknown,,15.6,,hp_i5_standard
dell,140.0,Used,nvidia,pentium,2.66,notebook/laptop,windows,hdd/ssd,20.0,15.0,0.5,dell_pentium_standard
microsoft,899.0,Used,other,i7,4.8,notebook/laptop,windows,ssd,256.0,13.0,16.0,microsoft_i7_mid
dell,115.0,Used,intel,i5,2.3,notebook/laptop,chrome,ssd,32.0,13.3,8.0,dell_i5_mid
other,423.5,Used,intel,i5,3.0,notebook/laptop,windows,ssd,120.0,15.6,,other_i5_standard
dell,442.8,Used,intel,i5,2.8,notebook/laptop,windows,unknown,240.0,12.5,,dell_i5_mid
lenovo,88.0,For Parts,amd,i7,2.4,notebook/laptop,unknown,other,,15.6,8.0,lenovo_i7_standard
dell,165.0,Used,intel,i5,1.7,notebook/laptop,windows,ssd,128.0,14.0,8.0,dell_i5_mid
lenovo,219.0,Used,other,i5,1.7,notebook/laptop,windows,ssd,256.0,14.0,8.0,lenovo_i5_mid
other,152.2,Refurbished,other,other,,other,unknown,unknown,,,,other_other_unknown
dell,100.0,Used,intel,other,2.0,notebook/laptop,windows,hdd/ssd,250.0,15.4,2.0,dell_other_standard
dell,296.8,Used,other,i5,4.2,notebook/laptop,windows,ssd,512.0,15.6,8.0,dell_i5_standard
dell,759.0,Unknown,intel,i5,4.4,notebook/laptop,windows,ssd,512.0,14.0,16.0,dell_i5_mid
other,409.2,Used,intel,other,,other,unknown,unknown,,,,other_other_unknown
other,299.0,New,other,celeron,2.4,notebook/laptop,windows,ssd,1024.0,15.6,24.0,other_celeron_standard
hp,700.0,Open Box,intel,i7,2.3,notebook/laptop,windows,ssd,1024.0,16.0,16.0,hp_i7_large
acer,50.0,Used,intel,celeron,1.6,notebook/laptop,chrome,emmc,32.0,14.0,4.0,acer_celeron_mid
other,264.0,Used,intel,i7,2.6,other,windows,other,256.0,14.0,16.0,other_i7_mid
dell,199.0,Used,other,i5,1.6,other,windows,ssd,256.0,14.0,16.0,dell_i5_mid
dell,249.0,Used,other,i7,1.9,other,windows,other,512.0,13.3,16.0,dell_i7_mid
dell,239.0,Used,other,i7,1.9,other,windows,other,512.0,13.3,16.0,dell_i7_mid
acer,250.0,Unknown,other,i5,2.5,notebook/laptop,windows,hdd/ssd,1024.0,15.6,8.0,acer_i5_standard
dell,329.0,Used,other,i7,1.8,other,windows,other,256.0,14.0,16.0,dell_i7_mid
lenovo,60.0,For Parts,intel,i3,2.3,notebook/laptop,unknown,other,,15.6,12.0,lenovo_i3_standard
other,120.2,For Parts,other,other,,notebook/laptop,unknown,unknown,,,,other_other_unknown
hp,200.0,Used,intel,i7,2.6,notebook/laptop,windows,ssd,512.0,14.0,16.0,hp_i7_mid
hp,313.0,For Parts,other,i5,,other,unknown,ssd,,14.0,,hp_i5_mid
other,16.02,Used,other,other,,other,unknown,unknown,,,,other_other_unknown
lenovo,175.0,Unknown,other,other,2.0,other,chrome,ssd,128.0,10.1,4.0,lenovo_other_small
other,284.0,Used,amd,i7,2.5,other,windows,other,256.0,15.6,16.0,other_i7_standard
hp,444.0,Open Box,amd,ryzen5,2.3,notebook/laptop,windows,ssd,512.0,13.3,16.0,hp_ryzen5_mid
other,434.0,Refurbished,other,other,,other,unknown,unknown,,,,other_other_unknown
acer,55.0,Used,intel,celeron,1.6,notebook/laptop,chrome,emmc,32.0,14.0,4.0,acer_celeron_mid
asus,439.0,Unknown,other,ryzen5,3.0,notebook/laptop,windows,ssd,256.0,15.6,8.0,asus_ryzen5_standard
lenovo,149.0,Used,intel,i5,2.3,notebook/laptop,windows,ssd,500.0,15.6,8.0,lenovo_i5_standard
lenovo,160.0,Used,other,i7,2.3,notebook/laptop,windows,ssd,256.0,12.5,8.0,lenovo_i7_mid
hp,365.0,Refurbished,intel,i7,1.8,notebook/laptop,windows,ssd,1024.0,15.6,32.0,hp_i7_standard
hp,106.94,Used,other,i7,,notebook/laptop,windows,hdd/ssd,500.0,14.0,4.0,hp_i7_mid
asus,529.0,Open Box,intel,i5,2.5,notebook/laptop,windows,ssd,512.0,14.0,8.0,asus_i5_mid
dell,239.0,Unknown,nvidia,i7,2.7,notebook/laptop,windows,ssd,512.0,15.6,16.0,dell_i7_standard
samsung,203.8,Unknown,intel,other,3.2,notebook/laptop,windows,ssd,256.0,14.0,4.0,samsung_other_mid
hp,240.0,Used,amd,ryzen7,2.3,notebook/laptop,windows,ssd,512.0,14.0,32.0,hp_ryzen7_mid
microsoft,380.0,Unknown,other,other,1.8,notebook/laptop,windows,ssd,128.0,13.0,8.0,microsoft_other_mid
microsoft,188.5,Used,other,i5,,other,unknown,unknown,256.0,12.5,8.0,microsoft_i5_mid
dell,44.0,Used,other,celeron,,notebook/laptop,chrome,ssd,16.0,11.6,4.0,dell_celeron_small
dell,288.0,Used,intel,i7,2.8,notebook/laptop,windows,ssd,512.0,12.5,,dell_i7_mid
acer,65.0,Refurbished,other,other,,other,chrome,emmc,32.0,9.7,4.0,acer_other_small
dell,825.0,Used,amd,i7,1.9,notebook/laptop,windows,ssd,1024.0,14.0,16.0,dell_i7_mid
dell,800.0,Used,amd,i7,3.1,notebook/laptop,windows,ssd,1024.0,15.6,16.0,dell_i7_standard
acer,41.0,Unknown,intel,celeron,2.48,notebook/laptop,chrome,emmc,,11.6,4.0,acer_celeron_small
microsoft,150.0,Used,intel,other,1.1,notebook/laptop,windows,ssd,128.0,,8.0,microsoft_other_unknown
dell,130.0,Unknown,intel,i7,2.6,notebook/laptop,windows,ssd,256.0,12.5,8.0,dell_i7_mid
lenovo,350.0,Refurbished,intel,i7,1.8,notebook/laptop,windows,ssd,256.0,13.0,16.0,lenovo_i7_mid
dell,159.0,Used,other,i7,1.9,notebook/laptop,windows,ssd,256.0,12.5,8.0,dell_i7_mid
lenovo,65.0,Used,other,other,1.6,other,windows,ssd,115.0,10.1,4.0,lenovo_other_small
acer,66.0,Used,other,other,,other,windows,unknown,,15.6,,acer_other_standard
hp,155.0,New,intel,pentium,1.2,notebook/laptop,windows,ssd,128.0,12.0,4.0,hp_pentium_small
lenovo,90.0,Used,intel,celeron,1.1,notebook/laptop,chrome,emmc,32.0,11.6,0.00390625,lenovo_celeron_small
dell,90.0,Used,other,i7,2.6,notebook/laptop,windows,ssd,128.0,15.6,8.0,dell_i7_standard
microsoft,180.0,Used,intel,i5,2.4,notebook/laptop,windows,ssd,256.0,12.3,8.0,microsoft_i5_mid
hp,200.0,Refurbished,intel,i7,1.8,notebook/laptop,windows,ssd,256.0,15.6,16.0,hp_i7_standard
lenovo,95.0,Used,other,i5,2.4,notebook/laptop,unknown,ssd,256.0,12.5,8.0,lenovo_i5_mid
lenovo,220.0,Used,intel,i5,1.6,notebook/laptop,windows,ssd,512.0,14.0,16.0,lenovo_i5_mid
lenovo,114.94,Used,other,i5,1.7,notebook/laptop,unknown,unknown,,14.0,8.0,lenovo_i5_mid
dell,82.0,Used,intel,i5,2.4,notebook/laptop,windows,ssd,256.0,14.0,8.0,dell_i5_mid
lenovo,338.8,New,intel,i3,,notebook/laptop,windows,ssd,256.0,15.6,8.0,lenovo_i3_standard
other,205.8,New,other,other,,other,unknown,unknown,,,,other_other_unknown
other,324.5,Used,nvidia,other,,other,unknown,unknown,,,,other_other_unknown
other,88.75,New,other,other,,other,unknown,unknown,,,,other_other_unknown
other,203.5,Used,other,other,,other,unknown,unknown,,,,other_other_unknown
other,38.06,For Parts,other,other,,other,unknown,unknown,,,,other_other_unknown
other,337.5,Used,intel,other,,other,unknown,unknown,,,,other_other_unknown
other,65.06,Unknown,other,other,,other,unknown,unknown,,,,other_other_unknown
lg,97.7,New,other,other,,other,unknown,unknown,,,,lg_other_unknown
lg,112.3,New,other,other,,other,unknown,unknown,,,,lg_other_unknown
dell,410.5,Used,intel,i5,1.99,notebook/laptop,windows,ssd,480.0,10.8,,dell_i5_small
dell,331.0,Used,intel,i5,,notebook/laptop,windows,unknown,240.0,14.0,,dell_i5_mid
dell,348.0,Used,intel,i5,3.0,notebook/laptop,windows,unknown,480.0,14.0,,dell_i5_mid
other,107.2,Unknown,other,other,,other,unknown,unknown,,,,other_other_unknown
other,347.2,Refurbished,intel,other,,other,unknown,unknown,,,,other_other_unknown
other,92.3,New,other,other,,other,unknown,unknown,,,,other_other_unknown
other,91.75,New,other,other,,other,unknown,unknown,,,,other_other_unknown
other,28.52,New,other,other,,other,unknown,unknown,,,,other_other_unknown
other,8.7,Used,other,other,,other,unknown,unknown,,,,other_other_unknown
dell,467.5,Used,intel,i5,2.6,notebook/laptop,windows,unknown,960.0,14.0,,dell_i5_mid
dell,281.8,Used,intel,i5,3.0,notebook/laptop,windows,unknown,,14.0,,dell_i5_mid
other,109.0,New,other,other,,other,unknown,unknown,,,,other_other_unknown
other,102.9,Unknown,other,other,,other,unknown,unknown,,,,other_other_unknown
other,58.75,Unknown,other,other,,other,unknown,unknown,,,,other_other_unknown
other,178.9,Refurbished,intel,other,,other,unknown,unknown,,,,other_other_unknown
other,92.06,Unknown,other,other,,other,unknown,unknown,,,,other_other_unknown
dell,323.8,Used,intel,i5,2.7,notebook/laptop,windows,unknown,240.0,14.0,,dell_i5_mid
other,423.5,Used,intel,i5,3.0,notebook/laptop,windows,ssd,120.0,15.6,,other_i5_standard
other,85.94,New,other,other,,other,unknown,unknown,,,,other_other_unknown
samsung,69.94,New,other,other,,other,unknown,unknown,,,,samsung_other_unknown
other,7.61,Used,other,other,,other,unknown,unknown,,,,other_other_unknown
other,21.94,For Parts,other,pentium,,other,unknown,unknown,,15.0,,other_pentium_standard
other,304.5,Refurbished,intel,other,,other,unknown,unknown,,,,other_other_unknown
other,330.2,Used,intel,other,,other,unknown,unknown,,,,other_other_unknown
dell,334.8,Used,nvidia,i5,2.6,notebook/laptop,windows,unknown,240.0,14.0,,dell_i5_mid
lenovo,68.0,New,other,i7,,notebook/laptop,unknown,unknown,,15.6,,lenovo_i7_standard
lenovo,330.0,Used,other,i7,,other,unknown,ssd,512.0,15.6,16.0,lenovo_i7_standard
hp,300.0,Used,other,other,,other,unknown,unknown,,15.6,,hp_other_standard
other,107.7,Used,other,other,,other,unknown,unknown,,,,other_other_unknown
dell,375.0,Used,other,i7,,other,windows,ssd,,14.0,32.0,dell_i7_mid
dell,175.0,Used,intel,i5,2.6,notebook/laptop,windows,ssd,256.0,12.5,16.0,dell_i5_mid
other,1500.0,New,other,i5,,other,windows,unknown,256.0,14.0,8.0,other_i5_mid
other,198.0,Used,other,i3,4.1,notebook/laptop,windows,ssd,128.0,15.6,4.0,other_i3_standard
dell,160.0,Used,other,other,,notebook/laptop,windows,hdd/ssd,64.0,15.4,,dell_other_standard
dell,599.0,Unknown,intel,i5,2.6,notebook/laptop,windows,ssd,256.0,14.0,16.0,dell_i5_mid
dell,135.0,Used,other,i7,2.6,notebook/laptop,windows,ssd,256.0,12.5,,dell_i7_mid
lenovo,40.0,For Parts,other,i5,2.3,notebook/laptop,unknown,ssd,4.0,14.0,4.0,lenovo_i5_mid
hp,800.0,Unknown,intel,i7,2.8,notebook/laptop,windows,ssd,512.0,15.6,16.0,hp_i7_standard
hp,230.0,Used,other,other,,other,unknown,unknown,,15.6,,hp_other_standard
dell,60.0,Used,other,i5,2.3,notebook/laptop,windows,hdd/ssd,500.0,14.0,8.0,dell_i5_mid
dell,119.0,Used,other,i5,2.4,notebook/laptop,windows,ssd,256.0,14.0,8.0,dell_i5_mid
other,400.8,Used,intel,i3,3.0,notebook/laptop,windows,ssd,240.0,13.3,,other_i3_mid
dell,260.0,Refurbished,intel,i5,2.4,notebook/laptop,windows,ssd,512.0,14.0,16.0,dell_i5_mid
asus,70.1,Unknown,other,other,,other,unknown,unknown,,,,asus_other_unknown
asus,219.0,Used,other,other,1.8,notebook/laptop,chrome,ssd,16.0,10.1,4.0,asus_other_small
lenovo,149.0,Unknown,amd,other,1.6,notebook/laptop,windows,emmc,64.0,14.0,4.0,lenovo_other_mid
lenovo,129.0,Used,intel,i3,2.4,notebook/laptop,windows,ssd,180.0,15.6,4.0,lenovo_i3_standard
other,275.2,Used,intel,other,,other,unknown,unknown,,,,other_other_unknown
dell,320.8,Used,intel,i5,2.6,notebook/laptop,windows,unknown,120.0,14.0,,dell_i5_mid
dell,406.2,Used,intel,i5,1.99,notebook/laptop,windows,ssd,480.0,10.8,,dell_i5_small
dell,462.8,Used,intel,i5,2.6,notebook/laptop,windows,unknown,960.0,14.0,,dell_i5_mid
lenovo,446.2,Used,intel,i5,2.8,notebook/laptop,windows,unknown,960.0,14.0,,lenovo_i5_mid
samsung,66.44,New,other,other,,other,unknown,unknown,,,,samsung_other_unknown
other,82.44,Unknown,other,other,,other,unknown,unknown,,,,other_other_unknown
other,154.5,Used,other,other,,other,unknown,unknown,,,,other_other_unknown
other,326.2,Used,nvidia,other,,other,unknown,unknown,,,,other_other_unknown
lenovo,726.5,New,intel,i5,4.0,notebook/laptop,windows,ssd,256.0,15.6,,lenovo_i5_standard
other,336.8,Used,other,other,,other,unknown,unknown,,,,other_other_unknown
other,2722.0,Refurbished,intel,i7,1.8,notebook/laptop,windows,ssd,4096.0,14.0,,other_i7_mid
other,6.51,Used,other,other,,other,unknown,unknown,,,,other_other_unknown
other,85.2,Unknown,other,other,,other,unknown,unknown,,,,other_other_unknown
other,117.4,New,other,other,,other,unknown,unknown,,,,other_other_unknown
other,21.6,For Parts,other,pentium,,other,unknown,unknown,,14.0,,other_pentium_mid
other,316.5,New,other,i5,,notebook/laptop,windows,ssd,256.0,13.3,8.0,other_i5_mid
other,130.2,New,other,other,,other,unknown,unknown,,,,other_other_unknown
acer,32.4,For Parts,other,other,,other,unknown,unknown,,17.3,,acer_other_large
other,58.5,Unknown,other,other,,other,unknown,unknown,,,,other_other_unknown
other,85.7,New,other,other,,other,unknown,unknown,,,,other_other_unknown
other,419.2,Refurbished,intel,other,,other,unknown,unknown,,,,other_other_unknown
other,359.8,Used,intel,i5,3.0,notebook/laptop,windows,ssd,256.0,14.0,,other_i5_mid
other,92.56,New,other,other,,other,unknown,unknown,,,,other_other_unknown
other,130.4,New,other,other,,other,unknown,unknown,,,,other_other_unknown
lg,90.6,New,other,other,,other,unknown,unknown,,,,lg_other_unknown
hp,37.8,For Parts,other,other,,other,unknown,unknown,,15.4,,hp_other_standard
other,411.5,Refurbished,nvidia,other,,other,unknown,unknown,,,,other_other_unknown
dell,320.8,Used,intel,i5,2.7,notebook/laptop,windows,unknown,240.0,14.0,,dell_i5_mid
other,294.8,Refurbished,intel,other,,other,unknown,unknown,,,,other_other_unknown
hp,120.0,Used,intel,celeron,1.1,notebook/laptop,chrome,emmc,4.0,14.0,4.0,hp_celeron_mid
hp,145.0,Unknown,intel,celeron,1.1,notebook/laptop,chrome,emmc,64.0,14.0,8.0,hp_celeron_mid
dell,425.0,Unknown,intel,i7,4.7,notebook/laptop,windows,ssd,1024.0,16.0,40.0,dell_i7_large
hp,290.0,Refurbished,intel,i7,3.2,notebook/laptop,windows,hdd/ssd,500.0,15.6,8.0,hp_i7_standard
hp,573.0,Unknown,intel,i7,1.3,notebook/laptop,windows,ssd,256.0,15.6,12.0,hp_i7_standard
asus,29.98,For Parts,other,other,,notebook/laptop,unknown,unknown,,,,asus_other_unknown
microsoft,485.0,Used,intel,i7,3.0,notebook/laptop,windows,ssd,512.0,13.5,16.0,microsoft_i7_mid
other,287.5,Refurbished,other,other,,notebook/laptop,unknown,unknown,,,,other_other_unknown
other,99.0,Used,nvidia,i5,2.5,notebook/laptop,windows,hdd/ssd,120.0,,4.0,other_i5_unknown
other,341.2,Refurbished,nvidia,other,,other,unknown,unknown,,,,other_other_unknown
dell,410.0,Used,intel,i7,1.9,notebook/laptop,windows,ssd,,,,dell_i7_unknown
other,59.84,New,other,other,,other,unknown,unknown,,,,other_other_unknown
dell,775.0,Open Box,other,i7,3.6,notebook/laptop,windows,ssd,1024.0,13.3,16.0,dell_i7_mid
asus,70.0,For Parts,other,i5,2.5,notebook/laptop,unknown,unknown,,15.6,,asus_i5_standard
dell,400.0,Used,nvidia,i5,2.5,notebook/laptop,windows,ssd,512.0,15.6,32.0,dell_i5_standard
lenovo,170.9,Unknown,intel,celeron,1.1,other,chrome,emmc,32.0,11.6,4.0,lenovo_celeron_small
dell,167.8,Used,intel,i5,2.4,notebook/laptop,windows,ssd,128.0,,8.0,dell_i5_unknown
dell,980.0,Refurbished,other,i7,5.2,notebook/laptop,windows,ssd,256.0,15.6,16.0,dell_i7_standard
hp,190.0,Used,other,other,,notebook/laptop,unknown,unknown,,,,hp_other_unknown
other,344.5,Refurbished,other,other,,other,unknown,unknown,,,,other_other_unknown
other,69.6,Used,intel,other,1.44,notebook/laptop,linux,emmc,32.0,11.0,2.0,other_other_small
other,789.0,Used,other,i5,2.9,other,windows,ssd,,10.1,8.0,other_i5_small
lenovo,368.0,Used,intel,i5,1.7,notebook/laptop,windows,ssd,512.0,14.0,16.0,lenovo_i5_mid
other,1409.0,Unknown,other,other,,other,unknown,unknown,,,,other_other_unknown
acer,439.0,New,intel,i5,,notebook/laptop,unknown,ssd,512.0,13.5,8.0,acer_i5_mid
hp,195.0,Unknown,intel,celeron,1.1,notebook/laptop,windows,emmc,64.0,14.0,4.0,hp_celeron_mid
other,367.2,Used,intel,other,,other,unknown,unknown,,,,other_other_unknown
hp,49.0,Used,other,other,2.5,notebook/laptop,windows,unknown,320.0,14.0,8.0,hp_other_mid
dell,300.0,Used,intel,i7,2.8,notebook/laptop,windows,ssd,512.0,14.0,16.0,dell_i7_mid
other,94.94,Used,intel,other,1.87,notebook/laptop,windows,hdd/ssd,500.0,15.6,4.0,other_other_standard
dell,360.0,Used,intel,i5,,notebook/laptop,windows,unknown,120.0,14.0,,dell_i5_mid
other,9.76,Used,other,other,,other,unknown,unknown,,,,other_other_unknown
dell,396.2,Used,intel,i5,2.8,notebook/laptop,windows,unknown,120.0,12.5,,dell_i5_mid
lenovo,61.62,New,other,other,,other,unknown,unknown,,,,lenovo_other_unknown
other,41.7,New,other,other,,other,unknown,unknown,,,,other_other_unknown
other,419.2,Used,other,other,,other,unknown,unknown,,,,other_other_unknown
other,2144.0,Refurbished,intel,i7,1.99,notebook/laptop,windows,ssd,240.0,14.0,,other_i7_mid
dell,372.8,Used,intel,i5,,other,windows,unknown,480.0,14.0,,dell_i5_mid
other,632.5,Refurbished,intel,other,,other,unknown,unknown,,,,other_other_unknown
lenovo,522.5,Used,intel,i3,,notebook/laptop,windows,unknown,120.0,15.6,,lenovo_i3_standard
lenovo,573.0,Used,intel,i3,3.0,notebook/laptop,windows,ssd,480.0,12.5,,lenovo_i3_mid
dell,299.8,Used,intel,i5,3.0,notebook/laptop,windows,unknown,240.0,14.0,,dell_i5_mid
other,58.6,New,other,other,,other,unknown,unknown,,,,other_other_unknown
other,92.2,New,other,other,,other,unknown,unknown,,,,other_other_unknown
other,678.5,Refurbished,intel,other,,other,unknown,unknown,,,,other_other_unknown
other,139.9,New,other,other,,other,unknown,unknown,,,,other_other_unknown
other,111.44,New,other,other,,other,unknown,unknown,,,,other_other_unknown
other,127.9,New,other,other,,other,unknown,unknown,,,,other_other_unknown
samsung,135.0,New,other,other,,other,unknown,unknown,,,,samsung_other_unknown
other,303.8,Unknown,other,other,,other,unknown,unknown,,,,other_other_unknown
other,571.5,Unknown,other,other,,other,unknown,unknown,,,,other_other_unknown
dell,485.8,Used,intel,i5,2.8,notebook/laptop,windows,unknown,240.0,12.5,,dell_i5_mid
dell,406.2,Used,intel,i5,1.99,notebook/laptop,windows,ssd,480.0,10.8,,dell_i5_small
lenovo,452.5,Used,intel,i5,1.99,notebook/laptop,windows,ssd,240.0,12.5,,lenovo_i5_mid
other,747.5,Open Box,other,other,,other,unknown,unknown,,,,other_other_unknown
other,51.0,New,other,other,,other,unknown,unknown,,,,other_other_unknown
lenovo,422.0,Used,intel,i5,4.0,notebook/laptop,windows,ssd,240.0,14.0,,lenovo_i5_mid
dell,270.0,Refurbished,intel,i5,3.1,notebook/laptop,windows,ssd,120.0,14.0,,dell_i5_mid
other,41.6,New,other,other,,other,unknown,unknown,,,,other_other_unknown
other,201.4,New,other,other,,other,unknown,unknown,,,,other_other_unknown
lg,95.56,New,other,other,,other,unknown,unknown,,,,lg_other_unknown
other,47.38,New,other,other,,other,unknown,unknown,,,,other_other_unknown
dell,489.5,Used,other,other,,other,unknown,unknown,,14.1,,dell_other_standard
asus,94.5,New,other,other,,other,unknown,unknown,,,,asus_other_unknown
lg,99.7,New,other,other,,other,unknown,unknown,,,,lg_other_unknown
other,408.2,Used,intel,other,,other,unknown,unknown,,,,other_other_unknown
other,21.98,For Parts,other,pentium,,other,unknown,unknown,,15.0,,other_pentium_standard
acer,66.8,New,other,other,,other,unknown,unknown,,,,acer_other_unknown
other,266.8,New,other,other,,other,unknown,unknown,,,,other_other_unknown
lg,124.6,New,other,other,,other,unknown,unknown,,,,lg_other_unknown
other,31.33,New,other,other,,other,unknown,unknown,,,,other_other_unknown
other,58.6,Unknown,other,other,,other,unknown,unknown,,,,other_other_unknown
other,380.5,Used,intel,i3,3.0,notebook/laptop,windows,ssd,120.0,14.0,,other_i3_mid
dell,331.2,Used,intel,i5,2.6,notebook/laptop,windows,unknown,240.0,14.0,,dell_i5_mid
other,5.42,Used,other,other,,other,unknown,unknown,,,,other_other_unknown
other,71.6,New,other,other,,other,unknown,unknown,,,,other_other_unknown
dell,331.2,Used,intel,i5,2.6,notebook/laptop,windows,unknown,240.0,14.0,,dell_i5_mid
lenovo,326.5,Used,other,i5,,notebook/laptop,windows,unknown,120.0,14.0,,lenovo_i5_mid
other,41.6,Used,other,other,,other,unknown,unknown,,11.6,,other_other_small
other,110.5,New,other,other,,other,unknown,unknown,,,,other_other_unknown
acer,46.12,New,other,other,,other,unknown,unknown,,,,acer_other_unknown
lenovo,339.5,Used,intel,i5,2.8,notebook/laptop,windows,unknown,240.0,14.0,,lenovo_i5_mid
other,38.56,Unknown,other,other,,other,unknown,unknown,,,,other_other_unknown
other,81.4,New,other,other,,other,unknown,unknown,,,,other_other_unknown
dell,316.2,Used,nvidia,i5,2.6,notebook/laptop,windows,unknown,240.0,14.0,,dell_i5_mid
other,370.0,Used,intel,other,,other,unknown,unknown,,,,other_other_unknown
acer,91.1,New,other,other,,other,unknown,unknown,,,,acer_other_unknown
other,5.42,Used,other,other,,other,unknown,unknown,,,,other_other_unknown
other,19.19,Used,other,other,,other,unknown,unknown,,,,other_other_unknown
other,78.8,New,other,other,,other,unknown,unknown,,,,other_other_unknown
other,31.45,Used,other,other,,other,unknown,unknown,,,,other_other_unknown
other,764.5,Unknown,other,other,,other,unknown,unknown,,,,other_other_unknown
dell,348.2,Used,intel,i5,3.0,notebook/laptop,windows,unknown,480.0,14.0,,dell_i5_mid
other,404.0,Used,intel,i5,3.0,notebook/laptop,windows,ssd,240.0,13.3,,other_i5_mid
other,101.5,New,other,other,,other,unknown,unknown,,,,other_other_unknown
other,90.8,New,other,other,,other,unknown,unknown,,,,other_other_unknown
other,289.0,Refurbished,intel,other,,other,unknown,unknown,,,,other_other_unknown
other,328.8,Refurbished,nvidia,other,,other,unknown,unknown,,,,other_other_unknown
dell,320.8,Used,intel,i5,2.6,notebook/laptop,windows,unknown,120.0,14.0,,dell_i5_mid
asus,83.1,New,other,other,,other,unknown,unknown,,,,asus_other_unknown
other,15.94,Used,other,other,,other,unknown,unknown,,,,other_other_unknown
other,8.68,Used,other,other,,other,unknown,unknown,,,,other_other_unknown
other,217.0,Used,other,other,,other,unknown,unknown,,,,other_other_unknown
lg,78.25,New,other,other,,other,unknown,unknown,,,,lg_other_unknown
acer,95.1,Unknown,other,other,,other,unknown,unknown,,,,acer_other_unknown
lg,91.56,New,other,other,,other,unknown,unknown,,,,lg_other_unknown
other,125.0,Used,other,other,,other,unknown,unknown,,4.5,,other_other_small
other,228.5,Refurbished,intel,other,,other,unknown,unknown,,,,other_other_unknown
hp,45.0,Used,intel,celeron,2.16,notebook/laptop,chrome,ssd,16.0,11.6,4.0,hp_celeron_small
other,23.88,Used,other,other,,other,unknown,unknown,,,,other_other_unknown
other,150.0,Unknown,other,other,1.5,notebook/laptop,unknown,hdd/ssd,,17.3,6.0,other_other_large
other,636.0,New,intel,other,,other,unknown,unknown,,,,other_other_unknown
other,285.0,Used,other,i3,,notebook/laptop,unknown,unknown,,13.3,,other_i3_mid
other,149.0,New,intel,celeron,1.1,notebook/laptop,windows,hdd/ssd,128.0,15.6,4.0,other_celeron_standard
dell,300.0,Used,intel,i5,2.0,notebook/laptop,windows,ssd,256.0,14.0,12.0,dell_i5_mid
dell,470.0,Used,intel,i5,2.8,notebook/laptop,windows,unknown,240.0,12.5,,dell_i5_mid
dell,695.0,Refurbished,nvidia,i7,2.6,notebook/laptop,windows,ssd,512.0,17.3,16.0,dell_i7_large
other,94.94,Used,intel,other,1.87,notebook/laptop,windows,hdd/ssd,500.0,15.6,4.0,other_other_standard
other,10.51,Used,other,other,,other,unknown,unknown,,,,other_other_unknown
asus,70.0,Used,other,celeron,1.1,notebook/laptop,windows,emmc,64.0,11.6,4.0,asus_celeron_small
other,36.88,Unknown,other,other,,other,unknown,unknown,,,,other_other_unknown
other,550.0,Unknown,other,i5,2.6,notebook/laptop,windows,ssd,500.0,14.0,4.0,other_i5_mid
samsung,99.5,Unknown,intel,celeron,1.1,notebook/laptop,chrome,emmc,32.0,11.6,4.0,samsung_celeron_small
other,2374.0,Used,other,other,,notebook/laptop,unknown,unknown,,11.0,,other_other_small
acer,40.0,For Parts,other,celeron,,notebook/laptop,chrome,ssd,16.0,11.5,2.0,acer_celeron_small
lenovo,318.0,Used,other,i5,3.1,notebook/laptop,windows,unknown,240.0,14.0,,lenovo_i5_mid
lenovo,695.0,Used,nvidia,i7,2.6,notebook/laptop,windows,ssd,512.0,15.6,32.0,lenovo_i7_standard
hp,120.0,Used,intel,i5,2.5,notebook/laptop,windows,ssd,240.0,14.0,8.0,hp_i5_mid
other,650.0,Used,intel,i5,2.4,notebook/laptop,windows,ssd,1024.0,14.0,16.0,other_i5_mid
dell,37.0,For Parts,other,i3,2.4,notebook/laptop,unknown,hdd/ssd,250.0,14.0,2.0,dell_i3_mid
other,354.2,Used,intel,other,,other,unknown,unknown,,,,other_other_unknown
other,9.43,Used,amd,other,,other,unknown,unknown,,,,other_other_unknown
dell,630.0,Refurbished,intel,i5,2.5,notebook/laptop,windows,ssd,256.0,15.6,32.0,dell_i5_standard
lenovo,149.6,Unknown,other,other,2.1,other,chrome,emmc,32.0,11.6,4.0,lenovo_other_small
other,348.5,Used,nvidia,other,,other,unknown,unknown,,,,other_other_unknown
other,353.8,Refurbished,intel,other,,other,unknown,unknown,,,,other_other_unknown
other,376.2,Used,intel,i5,,other,windows,unknown,256.0,13.3,,other_i5_mid
lenovo,44.9,New,other,other,,other,unknown,unknown,,,,lenovo_other_unknown
other,114.44,New,other,other,,other,unknown,unknown,,,,other_other_unknown
dell,239.8,Used,intel,other,1.6,other,windows,unknown,512.0,14.0,8.0,dell_other_mid
samsung,50.25,New,other,other,,other,unknown,unknown,,,,samsung_other_unknown
dell,463.8,Used,intel,i5,2.3,notebook/laptop,windows,ssd,480.0,12.5,,dell_i5_mid
other,7.59,Used,other,other,,other,unknown,unknown,,,,other_other_unknown
other,133.0,New,other,other,,other,unknown,unknown,,,,other_other_unknown
dell,360.0,Used,intel,i5,1.99,notebook/laptop,windows,ssd,960.0,10.8,,dell_i5_small
other,340.0,Refurbished,intel,other,,other,unknown,unknown,,,,other_other_unknown
lenovo,323.2,Used,other,i5,3.1,notebook/laptop,windows,unknown,120.0,14.0,,lenovo_i5_mid
other,336.8,Used,intel,other,,other,unknown,unknown,,,,other_other_unknown
other,461.8,Refurbished,intel,other,,other,unknown,unknown,,,,other_other_unknown
other,134.1,New,other,other,,other,unknown,unknown,,,,other_other_unknown
other,433.8,Used,intel,i5,3.0,notebook/laptop,windows,ssd,240.0,15.6,,other_i5_standard
lenovo,603.5,Used,intel,i3,3.0,notebook/laptop,windows,ssd,960.0,15.6,,lenovo_i3_standard
other,806.5,New,intel,other,,other,unknown,unknown,,,,other_other_unknown
other,108.6,Unknown,other,other,,other,unknown,unknown,,,,other_other_unknown
other,127.75,New,other,other,,other,unknown,unknown,,,,other_other_unknown
other,203.6,Unknown,other,other,,other,unknown,unknown,,,,other_other_unknown
lenovo,551.0,Used,intel,i3,3.0,notebook/laptop,windows,hdd/ssd,480.0,15.6,,lenovo_i3_standard
other,99.44,New,other,other,,other,unknown,unknown,,,,other_other_unknown
other,80.7,New,other,other,,other,unknown,unknown,,,,other_other_unknown
lenovo,460.8,Used,intel,i3,3.0,notebook/laptop,windows,hdd/ssd,120.0,15.6,,lenovo_i3_standard
other,547.0,Refurbished,intel,other,,other,unknown,unknown,,,,other_other_unknown
other,5.42,Used,other,other,,other,unknown,unknown,,,,other_other_unknown
dell,108.0,Used,other,i5,2.6,notebook/laptop,windows,ssd,256.0,14.0,,dell_i5_mid
hp,29.0,Used,intel,celeron,1.1,notebook/laptop,chrome,emmc,16.0,11.6,4.0,hp_celeron_small
lenovo,56.0,Used,other,other,1.2,notebook/laptop,windows,unknown,64.0,11.6,4.0,lenovo_other_small
hp,125.0,Used,other,celeron,,other,chrome,unknown,,14.0,,hp_celeron_mid
acer,64.94,Used,other,celeron,1.4,notebook/laptop,windows,ssd,128.0,11.6,2.0,acer_celeron_small
lenovo,550.0,Used,intel,i7,3.0,notebook/laptop,windows,ssd,512.0,14.0,16.0,lenovo_i7_mid
lenovo,90.0,Used,intel,celeron,1.1,notebook/laptop,chrome,emmc,32.0,11.6,0.00390625,lenovo_celeron_small
lenovo,600.0,Used,nvidia,i7,2.3,notebook/laptop,windows,ssd,512.0,15.0,16.0,lenovo_i7_standard
dell,50.0,Used,intel,celeron,2.16,notebook/laptop,linux,ssd,16.0,11.6,4.0,dell_celeron_small
lenovo,46.0,Used,other,celeron,1.6,notebook/laptop,linux,ssd,16.0,11.6,4.0,lenovo_celeron_small
hp,120.0,Used,intel,i5,,notebook/laptop,windows,ssd,256.0,14.0,16.0,hp_i5_mid
lenovo,110.0,Used,intel,i7,2.6,notebook/laptop,windows,ssd,256.0,14.0,16.0,lenovo_i7_mid
hp,193.0,New,amd,ryzen3,2.6,notebook/laptop,windows,ssd,128.0,14.0,8.0,hp_ryzen3_mid
microsoft,180.0,Used,intel,i5,1.7,notebook/laptop,windows,ssd,256.0,13.5,16.0,microsoft_i5_mid
hp,100.0,Used,other,i5,2.5,notebook/laptop,windows,ssd,256.0,15.6,8.0,hp_i5_standard
microsoft,188.0,Used,intel,i7,4.2,notebook/laptop,unknown,ssd,512.0,,16.0,microsoft_i7_unknown
dell,195.0,Used,other,i5,,other,unknown,unknown,,12.0,,dell_i5_small
asus,299.0,Unknown,intel,i7,2.8,notebook/laptop,windows,ssd,512.0,14.0,8.0,asus_i7_mid
lenovo,200.0,Used,other,i7,2.8,notebook/laptop,windows,ssd,512.0,14.0,16.0,lenovo_i7_mid
lenovo,150.0,Unknown,intel,celeron,1.1,notebook/laptop,windows,emmc,64.0,10.3,4.0,lenovo_celeron_small
lenovo,404.0,Unknown,other,i5,1.6,notebook/laptop,windows,ssd,256.0,14.0,8.0,lenovo_i5_mid
lenovo,30.0,Unknown,intel,celeron,1.1,other,chrome,ssd,32.0,11.6,4.0,lenovo_celeron_small
dell,159.0,Used,other,i7,1.9,notebook/laptop,windows,ssd,256.0,12.5,8.0,dell_i7_mid
dell,57.0,Used,intel,celeron,2.16,notebook/laptop,linux,ssd,16.0,11.6,4.0,dell_celeron_small
samsung,550.0,Unknown,intel,i7,2.8,notebook/laptop,windows,ssd,256.0,15.6,16.0,samsung_i7_standard
dell,168.0,Used,intel,i5,1.7,notebook/laptop,unknown,ssd,2048.0,15.6,,dell_i5_standard
other,64.0,Used,other,i5,1.9,notebook/laptop,unknown,other,,13.3,,other_i5_mid
microsoft,124.0,Used,intel,pentium,1.1,notebook/laptop,windows,ssd,64.0,10.5,64.0,microsoft_pentium_small
dell,130.0,Used,intel,i5,2.6,notebook/laptop,windows,ssd,128.0,14.0,16.0,dell_i5_mid
hp,130.0,Used,other,i3,2.3,notebook/laptop,unknown,hdd/ssd,320.0,14.0,8.0,hp_i3_mid
lenovo,300.0,Used,amd,other,3.2,notebook/laptop,windows,ssd,256.0,15.6,,lenovo_other_standard
lg,275.0,For Parts,nvidia,i7,2.0,notebook/laptop,windows,ssd,512.0,16.0,16.0,lg_i7_large
lenovo,225.0,Used,intel,i7,1.9,notebook/laptop,windows,ssd,256.0,14.0,16.0,lenovo_i7_mid
other,80.0,Used,other,other,1.8,notebook/laptop,windows,hdd/ssd,120.0,,,other_other_unknown
dell,405.8,Used,intel,i5,1.99,notebook/laptop,windows,ssd,480.0,10.8,,dell_i5_small
other,44.22,Unknown,other,other,,other,unknown,unknown,,,,other_other_unknown
other,40.0,Used,other,other,,other,unknown,hdd/ssd,1024.0,,,other_other_unknown
other,53.75,New,other,other,,other,unknown,unknown,,,,other_other_unknown
dell,411.0,Used,intel,i5,1.99,notebook/laptop,windows,ssd,960.0,10.8,,dell_i5_small
other,97.6,Used,other,other,,other,unknown,unknown,,,,other_other_unknown
hp,579.0,Unknown,intel,i5,2.4,notebook/laptop,windows,ssd,256.0,17.3,8.0,hp_i5_large
other,192.6,Used,other,other,,other,unknown,unknown,,,,other_other_unknown
lenovo,390.8,Used,intel,i5,2.8,notebook/laptop,windows,unknown,480.0,14.0,,lenovo_i5_mid
other,20.61,Unknown,other,other,,other,unknown,unknown,,,,other_other_unknown
other,419.2,Refurbished,intel,other,,other,unknown,unknown,,,,other_other_unknown
dell,95.94,Unknown,other,i3,1.7,notebook/laptop,windows,ssd,128.0,13.3,4.0,dell_i3_mid
acer,97.25,New,other,other,,other,unknown,unknown,,,,acer_other_unknown
dell,286.0,Used,other,i7,1.8,notebook/laptop,windows,ssd,256.0,13.3,16.0,dell_i7_mid
other,21.7,Used,other,other,,other,unknown,unknown,,,,other_other_unknown
other,21.8,For Parts,other,pentium,,other,unknown,unknown,,14.0,,other_pentium_mid
other,101.8,New,other,other,,other,unknown,unknown,,,,other_other_unknown
dell,416.8,Used,intel,i5,2.8,notebook/laptop,windows,unknown,120.0,12.5,,dell_i5_mid
dell,280.8,Used,intel,i5,2.6,notebook/laptop,windows,unknown,120.0,14.0,,dell_i5_mid
hp,120.0,Unknown,intel,i7,2.6,notebook/laptop,windows,ssd,256.0,14.0,8.0,hp_i7_mid
other,150.8,New,other,other,,other,unknown,unknown,,,,other_other_unknown
hp,300.0,Unknown,intel,pentium,2.7,notebook/laptop,windows,unknown,500.0,15.6,4.0,hp_pentium_standard
hp,130.0,Used,amd,ryzen3,2.0,notebook/laptop,unknown,ssd,,14.0,16.0,hp_ryzen3_mid
other,92.2,New,other,other,,other,unknown,unknown,,,,other_other_unknown
other,10.85,Used,other,other,,other,unknown,unknown,,,,other_other_unknown
dell,280.8,Used,intel,i5,2.6,notebook/laptop,windows,unknown,240.0,14.0,,dell_i5_mid
other,335.8,Refurbished,intel,other,,other,unknown,unknown,,,,other_other_unknown
dell,345.8,Used,intel,i5,2.7,notebook/laptop,windows,unknown,240.0,14.0,,dell_i5_mid
other,60.75,New,other,other,,other,unknown,unknown,,,,other_other_unknown
lenovo,95.0,Open Box,other,other,,notebook/laptop,windows,ssd,128.0,11.6,4.0,lenovo_other_small
other,370.2,Refurbished,intel,other,,other,unknown,unknown,,,,other_other_unknown
other,783.0,Used,intel,other,,other,unknown,unknown,,,,other_other_unknown
hp,90.56,New,other,other,,other,unknown,unknown,,,,hp_other_unknown
other,434.5,Refurbished,intel,i3,3.0,notebook/laptop,windows,ssd,240.0,13.3,,other_i3_mid
other,1772.0,Refurbished,intel,other,,other,unknown,unknown,,,,other_other_unknown
other,110.4,New,other,other,,other,unknown,unknown,,,,other_other_unknown
dell,370.8,Used,intel,i5,,notebook/laptop,windows,unknown,240.0,14.0,,dell_i5_mid
other,435.2,Used,intel,i5,3.0,notebook/laptop,windows,ssd,240.0,15.6,,other_i5_standard
other,59.53,New,other,other,,other,unknown,unknown,,,,other_other_unknown
other,160.2,New,other,other,,other,unknown,unknown,,,,other_other_unknown
dell,814.5,Used,intel,i5,2.8,notebook/laptop,windows,unknown,2048.0,12.5,,dell_i5_mid
other,522.0,Used,other,other,,other,unknown,unknown,,,,other_other_unknown
samsung,29.84,Used,other,other,,other,chrome,emmc,16.0,11.6,4.0,samsung_other_small
dell,431.2,Used,intel,i5,2.6,notebook/laptop,windows,unknown,960.0,14.0,,dell_i5_mid
other,65.0,New,other,other,,other,unknown,unknown,,,,other_other_unknown
other,52.72,New,other,other,,other,unknown,unknown,,,,other_other_unknown
other,222.4,Used,other,other,,other,unknown,unknown,,,,other_other_unknown
other,177.1,Refurbished,intel,other,,other,unknown,unknown,,,,other_other_unknown
lenovo,714.0,Refurbished,intel,i5,3.0,notebook/laptop,windows,unknown,960.0,13.3,,lenovo_i5_mid
other,363.5,Refurbished,other,other,,other,unknown,unknown,,,,other_other_unknown
dell,383.0,Used,intel,i5,2.6,notebook/laptop,windows,unknown,240.0,14.0,,dell_i5_mid
lenovo,344.8,Used,intel,i5,2.8,notebook/laptop,windows,unknown,120.0,14.0,,lenovo_i5_mid
dell,484.0,Used,intel,i5,3.1,notebook/laptop,windows,unknown,2048.0,14.0,,dell_i5_mid
other,97.1,New,other,other,,other,unknown,unknown,,,,other_other_unknown
other,424.0,Refurbished,intel,other,,other,unknown,unknown,,,,other_other_unknown
other,573.0,Used,intel,i5,3.0,notebook/laptop,windows,ssd,480.0,15.6,,other_i5_standard
other,26.7,New,other,other,,other,unknown,unknown,,,,other_other_unknown
samsung,58.75,New,other,other,,other,unknown,unknown,,,,samsung_other_unknown
other,9.76,Used,other,other,,other,unknown,unknown,,,,other_other_unknown
lenovo,487.5,Used,intel,i5,,notebook/laptop,windows,unknown,120.0,12.5,,lenovo_i5_mid
other,84.2,Used,other,other,,other,unknown,unknown,,,,other_other_unknown
other,166.1,New,other,other,,other,unknown,unknown,,,,other_other_unknown
dell,375.5,Used,intel,i5,2.8,notebook/laptop,windows,unknown,120.0,12.5,,dell_i5_mid
other,647.0,Refurbished,intel,i5,3.0,notebook/laptop,windows,ssd,960.0,15.6,,other_i5_standard
other,16.27,Used,other,other,,other,unknown,unknown,,,,other_other_unknown
other,404.0,Used,intel,i5,3.0,notebook/laptop,windows,ssd,240.0,13.3,,other_i5_mid
other,428.8,Used,intel,other,,other,unknown,unknown,,,,other_other_unknown
other,106.9,New,other,other,,other,unknown,unknown,,,,other_other_unknown
other,74.9,New,other,other,,other,unknown,unknown,,,,other_other_unknown
other,530.0,Used,intel,i3,3.0,notebook/laptop,windows,ssd,960.0,14.0,,other_i3_mid
lenovo,675.5,Refurbished,intel,celeron,,notebook/laptop,windows,unknown,240.0,15.6,,lenovo_celeron_standard
other,3060.0,New,intel,other,,other,unknown,unknown,,,,other_other_unknown
lenovo,665.5,Used,intel,i3,1.49,notebook/laptop,windows,ssd,960.0,15.6,,lenovo_i3_standard
other,489.5,Used,intel,i5,3.0,notebook/laptop,windows,ssd,480.0,14.0,,other_i5_mid
other,45.6,New,other,other,,other,unknown,unknown,,,,other_other_unknown
other,317.8,Used,other,other,,other,unknown,unknown,,,,other_other_unknown
other,10.85,Used,other,other,,other,unknown,unknown,,,,other_other_unknown
other,33.56,New,other,other,,other,unknown,unknown,,,,other_other_unknown
other,230.0,New,other,other,,other,unknown,unknown,,11.6,,other_other_small
dell,331.0,Used,intel,i5,2.7,notebook/laptop,windows,unknown,120.0,14.0,,dell_i5_mid
other,39.1,Unknown,other,other,,other,unknown,unknown,,,,other_other_unknown
other,90.2,New,other,other,,other,unknown,unknown,,,,other_other_unknown
dell,396.2,Used,intel,i5,2.8,notebook/laptop,windows,unknown,120.0,12.5,,dell_i5_mid
lenovo,687.0,New,intel,i5,4.0,notebook/laptop,unknown,ssd,256.0,15.6,,lenovo_i5_standard
other,754.0,Used,other,other,,other,unknown,unknown,,,,other_other_unknown
dell,679.0,Refurbished,nvidia,i5,2.6,notebook/laptop,windows,ssd,512.0,15.6,32.0,dell_i5_standard
other,81.9,Unknown,other,other,,other,unknown,unknown,,,,other_other_unknown
other,379.8,Open Box,other,other,,other,unknown,unknown,,,,other_other_unknown
other,145.2,Used,intel,other,,other,unknown,unknown,,,,other_other_unknown
other,54.75,Used,other,other,,other,unknown,unknown,,,,other_other_unknown
dell,500.5,Used,amd,i5,3.0,notebook/laptop,windows,unknown,240.0,15.6,,dell_i5_standard
other,389.0,Used,other,other,,other,unknown,unknown,,,,other_other_unknown
other,483.2,New,other,other,,other,unknown,unknown,,,,other_other_unknown
other,19.53,Used,other,other,,other,unknown,unknown,,,,other_other_unknown
other,338.2,Refurbished,other,other,,other,unknown,unknown,,,,other_other_unknown
other,263.8,Used,other,other,,other,unknown,unknown,,,,other_other_unknown
lenovo,574.5,Used,intel,i5,3.0,notebook/laptop,windows,ssd,480.0,14.0,,lenovo_i5_mid
other,125.44,New,other,other,,other,unknown,unknown,,,,other_other_unknown
dell,416.8,Used,intel,i5,2.8,notebook/laptop,windows,unknown,120.0,12.5,,dell_i5_mid
lenovo,554.0,Used,intel,i5,1.99,notebook/laptop,windows,ssd,960.0,12.5,,lenovo_i5_mid
other,466.2,Used,intel,i5,,notebook/laptop,windows,unknown,120.0,14.0,,other_i5_mid
other,41.8,New,other,other,,other,unknown,unknown,,,,other_other_unknown
dell,281.8,Used,intel,i5,2.6,notebook/laptop,windows,unknown,240.0,14.0,,dell_i5_mid
other,203.8,Unknown,intel,other,,other,unknown,unknown,,,,other_other_unknown
dell,335.2,Used,intel,i5,2.7,notebook/laptop,windows,unknown,120.0,14.0,,dell_i5_mid
other,22.34,Used,other,other,,other,unknown,unknown,,,,other_other_unknown
other,734.0,Refurbished,intel,other,,other,unknown,unknown,,,,other_other_unknown
lenovo,493.2,Unknown,other,other,,notebook/laptop,unknown,unknown,,,,lenovo_other_unknown
lenovo,471.2,Used,intel,i3,3.0,notebook/laptop,windows,ssd,240.0,15.6,,lenovo_i3_standard
lg,110.4,New,other,other,,other,unknown,unknown,,,,lg_other_unknown
other,165.0,New,other,other,,other,unknown,unknown,,,,other_other_unknown
samsung,178.9,Unknown,other,other,,other,unknown,unknown,,,,samsung_other_unknown
lg,92.25,New,other,other,,other,unknown,unknown,,,,lg_other_unknown
samsung,149.4,Unknown,other,other,,other,unknown,unknown,,14.0,,samsung_other_mid
other,127.44,New,other,other,,other,unknown,unknown,,,,other_other_unknown
other,116.3,New,other,other,,other,unknown,unknown,,,,other_other_unknown
dell,391.5,Used,intel,i5,2.6,notebook/laptop,windows,unknown,480.0,14.0,,dell_i5_mid
dell,431.2,Used,intel,i5,2.6,notebook/laptop,windows,unknown,960.0,14.0,,dell_i5_mid
other,303.8,New,other,other,,other,unknown,unknown,,,,other_other_unknown
lg,134.8,New,other,other,,other,unknown,unknown,,,,lg_other_unknown
dell,281.0,Used,intel,i5,,other,windows,unknown,120.0,14.0,,dell_i5_mid
dell,302.8,Used,nvidia,i5,2.6,notebook/laptop,windows,unknown,120.0,14.0,,dell_i5_mid
other,432.2,Refurbished,intel,other,,other,unknown,unknown,,,,other_other_unknown
dell,182.0,Used,other,i5,,other,windows,unknown,500.0,14.0,,dell_i5_mid
other,91.0,New,other,other,,other,unknown,unknown,,,,other_other_unknown
hp,93.4,New,other,other,,other,unknown,unknown,,,,hp_other_unknown
lg,92.2,New,other,other,,other,unknown,unknown,,,,lg_other_unknown
lenovo,387.0,Used,other,i5,3.1,notebook/laptop,windows,unknown,480.0,14.0,,lenovo_i5_mid
other,105.8,Unknown,other,other,,other,unknown,unknown,,,,other_other_unknown
samsung,102.75,New,other,other,,other,unknown,unknown,,,,samsung_other_unknown
other,50.7,New,other,other,,other,unknown,unknown,,,,other_other_unknown
lg,116.5,New,other,other,,other,unknown,unknown,,,,lg_other_unknown
other,59.94,New,other,other,,other,unknown,unknown,,,,other_other_unknown
other,2108.0,Refurbished,intel,other,,other,unknown,unknown,,,,other_other_unknown
samsung,112.4,New,other,other,,other,unknown,unknown,,,,samsung_other_unknown
other,45.25,New,other,other,,other,unknown,unknown,,,,other_other_unknown
other,430.0,Used,intel,i3,3.0,notebook/laptop,windows,ssd,120.0,13.3,,other_i3_mid
other,177.2,Used,intel,i5,2.4,notebook/laptop,windows,hdd/ssd,120.0,15.6,4.0,other_i5_standard
other,81.56,New,other,other,,other,unknown,unknown,,,,other_other_unknown
lg,89.9,New,other,other,,other,unknown,unknown,,,,lg_other_unknown
dell,413.0,Used,intel,i5,2.3,notebook/laptop,windows,ssd,120.0,12.5,,dell_i5_mid
samsung,171.1,New,other,other,,other,unknown,unknown,,,,samsung_other_unknown
samsung,94.5,New,other,other,,other,unknown,unknown,,,,samsung_other_unknown
other,658.0,Used,intel,i5,3.0,notebook/laptop,windows,unknown,480.0,14.0,,other_i5_mid
hp,60.62,New,other,other,,other,unknown,unknown,,,,hp_other_unknown
dell,549.0,Refurbished,intel,i5,3.1,notebook/laptop,windows,ssd,2048.0,14.0,,dell_i5_mid
lenovo,394.0,Used,intel,i5,3.0,notebook/laptop,windows,ssd,120.0,14.0,,lenovo_i5_mid
other,431.8,Used,intel,i3,3.0,notebook/laptop,windows,ssd,120.0,13.3,,other_i3_mid
other,341.2,Refurbished,intel,other,,other,unknown,unknown,,,,other_other_unknown
dell,421.0,Used,intel,i5,,notebook/laptop,windows,unknown,480.0,14.0,,dell_i5_mid
other,238.4,Used,other,other,,other,unknown,unknown,,,,other_other_unknown
other,444.0,Used,intel,other,,other,unknown,unknown,,,,other_other_unknown
dell,462.5,Used,intel,i5,2.6,notebook/laptop,windows,unknown,960.0,14.0,,dell_i5_mid
other,732.5,Refurbished,intel,i5,3.0,notebook/laptop,windows,ssd,2048.0,13.3,,other_i5_mid
lenovo,521.5,Unknown,other,other,,notebook/laptop,unknown,unknown,,,,lenovo_other_unknown
other,9.43,Used,other,other,,other,unknown,unknown,,,,other_other_unknown
lenovo,607.0,Used,intel,i3,1.49,notebook/laptop,windows,ssd,480.0,15.6,,lenovo_i3_standard
other,14.1,Used,other,other,,other,unknown,unknown,,,,other_other_unknown
lg,115.94,New,other,other,,other,unknown,unknown,,,,lg_other_unknown
dell,226.6,Used,other,i5,2.4,notebook/laptop,windows,ssd,128.0,14.0,,dell_i5_mid
dell,1363.0,Refurbished,intel,i5,1.99,notebook/laptop,windows,ssd,4096.0,10.8,,dell_i5_small
other,162.5,New,other,other,,other,unknown,unknown,,,,other_other_unknown
other,387.2,Used,intel,i3,3.0,notebook/laptop,windows,ssd,120.0,14.0,,other_i3_mid
other,16.12,Used,other,other,,other,unknown,unknown,,,,other_other_unknown
other,50.6,New,other,other,,other,unknown,unknown,,,,other_other_unknown
other,405.5,New,other,other,,other,unknown,unknown,,,,other_other_unknown
lenovo,520.5,Used,intel,i3,3.0,notebook/laptop,windows,ssd,240.0,12.5,,lenovo_i3_mid
samsung,80.7,New,other,other,,other,unknown,unknown,,,,samsung_other_unknown
dell,480.5,Used,intel,i5,2.7,notebook/laptop,windows,unknown,960.0,14.0,,dell_i5_mid
other,306.8,Refurbished,other,other,,other,unknown,unknown,,,,other_other_unknown
dell,650.0,Used,intel,i5,2.8,notebook/laptop,windows,unknown,960.0,12.5,,dell_i5_mid
lenovo,565.0,Used,intel,i3,1.49,notebook/laptop,windows,ssd,240.0,15.6,,lenovo_i3_standard
other,40.12,Used,other,other,,other,unknown,unknown,,,,other_other_unknown
other,1051.0,New,other,other,,other,unknown,unknown,,,,other_other_unknown
dell,485.8,Used,intel,i5,2.8,notebook/laptop,windows,unknown,240.0,12.5,,dell_i5_mid
other,192.6,Used,intel,other,,other,unknown,unknown,,,,other_other_unknown
dell,269.8,Used,intel,i5,3.0,notebook/laptop,windows,unknown,120.0,14.0,,dell_i5_mid
other,2288.0,Refurbished,intel,other,,other,unknown,unknown,,,,other_other_unknown
other,65.8,New,other,other,,other,unknown,unknown,,,,other_other_unknown
other,301.5,New,other,other,,other,unknown,unknown,,,,other_other_unknown
lenovo,460.0,Used,intel,i5,3.0,notebook/laptop,windows,hdd/ssd,120.0,14.0,,lenovo_i5_mid
dell,416.8,Used,intel,i5,2.3,notebook/laptop,windows,ssd,120.0,12.5,,dell_i5_mid
lenovo,448.5,Unknown,other,other,,notebook/laptop,unknown,unknown,,,,lenovo_other_unknown
other,59.0,New,other,other,,other,unknown,unknown,,,,other_other_unknown
other,831.0,Used,intel,other,,other,unknown,unknown,,,,other_other_unknown
lenovo,538.5,Refurbished,intel,i5,3.0,notebook/laptop,windows,ssd,240.0,14.0,,lenovo_i5_mid
lg,97.3,New,other,other,,other,unknown,unknown,,,,lg_other_unknown
other,518.0,Refurbished,intel,other,,other,unknown,unknown,,,,other_other_unknown
dell,532.0,Used,amd,i5,3.0,notebook/laptop,windows,unknown,480.0,15.6,,dell_i5_standard
lg,109.5,New,other,other,,other,unknown,unknown,,,,lg_other_unknown
lg,166.5,New,other,other,,other,unknown,unknown,,,,lg_other_unknown
other,443.0,Refurbished,intel,other,,other,unknown,unknown,,,,other_other_unknown
other,488.2,Refurbished,intel,other,,other,unknown,unknown,,,,other_other_unknown
lenovo,525.5,Refurbished,intel,i5,3.0,notebook/laptop,windows,ssd,240.0,14.0,,lenovo_i5_mid
other,488.5,Refurbished,intel,other,,other,unknown,unknown,,,,other_other_unknown
dell,304.0,Used,nvidia,i5,2.6,notebook/laptop,windows,unknown,240.0,14.0,,dell_i5_mid
other,75.0,For Parts,other,i5,1.6,other,unknown,ssd,120.0,14.0,4.0,other_i5_mid
other,81.0,New,other,other,,other,unknown,unknown,,,,other_other_unknown
other,425.0,Refurbished,intel,other,,other,unknown,unknown,,,,other_other_unknown
dell,229.8,Used,intel,other,1.6,other,windows,unknown,240.0,14.0,8.0,dell_other_mid
other,104.4,New,other,other,,other,unknown,unknown,,,,other_other_unknown
other,278.2,Used,other,other,,other,unknown,unknown,,,,other_other_unknown
other,120.44,New,other,other,,other,unknown,unknown,,,,other_other_unknown
other,64.44,Unknown,other,other,,other,unknown,unknown,,,,other_other_unknown
other,266.0,Refurbished,intel,other,,other,unknown,unknown,,,,other_other_unknown
other,43.4,Used,other,other,,other,unknown,unknown,,,,other_other_unknown
other,128.1,Unknown,other,other,,other,unknown,unknown,,,,other_other_unknown
lenovo,72.75,New,other,other,,other,unknown,unknown,,,,lenovo_other_unknown
microsoft,69.6,For Parts,other,i5,,notebook/laptop,unknown,ssd,256.0,12.5,,microsoft_i5_mid
hp,70.0,Used,intel,celeron,1.6,other,chrome,emmc,16.0,11.6,4.0,hp_celeron_small
lenovo,218.5,Used,intel,i5,1.6,notebook/laptop,windows,ssd,256.0,13.3,16.0,lenovo_i5_mid
dell,328.0,Refurbished,intel,i5,2.6,notebook/laptop,windows,ssd,1024.0,11.6,16.0,dell_i5_small
lenovo,230.0,Refurbished,intel,i7,1.9,notebook/laptop,windows,other,256.0,14.0,16.0,lenovo_i7_mid
other,509.5,Unknown,amd,ryzen7,2.0,notebook/laptop,windows,ssd,512.0,14.0,16.0,other_ryzen7_mid
microsoft,124.0,Used,intel,pentium,1.1,notebook/laptop,windows,ssd,64.0,10.5,64.0,microsoft_pentium_small
microsoft,409.0,Open Box,intel,i5,2.4,notebook/laptop,windows,ssd,256.0,12.3,8.0,microsoft_i5_mid
dell,125.94,Refurbished,intel,i5,2.4,notebook/laptop,windows,ssd,240.0,14.0,8.0,dell_i5_mid
lenovo,60.0,For Parts,intel,i5,2.4,other,unknown,unknown,,14.0,8.0,lenovo_i5_mid
other,636.0,New,intel,celeron,2.8,notebook/laptop,windows,ssd,128.0,15.6,4.0,other_celeron_standard
dell,190.0,New,other,i5,1.6,other,chrome,unknown,128.0,14.0,8.0,dell_i5_mid
hp,89.94,Used,intel,other,1.0,notebook/laptop,windows,ssd,128.0,11.6,8.0,hp_other_small
other,333.2,Used,other,i5,2.6,other,windows,ssd,500.0,14.0,16.0,other_i5_mid
lenovo,89.0,Used,intel,i5,1.9,notebook/laptop,unknown,ssd,,14.0,,lenovo_i5_mid
lenovo,949.0,Unknown,intel,i7,1.7,notebook/laptop,windows,ssd,512.0,14.0,16.0,lenovo_i7_mid
dell,270.0,Refurbished,other,i7,4.8,notebook/laptop,windows,ssd,512.0,13.3,16.0,dell_i7_mid
hp,180.0,Used,other,i5,2.5,notebook/laptop,windows,ssd,256.0,14.0,8.0,hp_i5_mid
dell,399.0,Used,intel,i5,1.7,notebook/laptop,unknown,ssd,512.0,14.0,32.0,dell_i5_mid
lenovo,649.5,New,nvidia,i5,2.1,notebook/laptop,windows,ssd,512.0,15.6,16.0,lenovo_i5_standard
hp,780.0,New,intel,i7,1.7,notebook/laptop,windows,hdd/ssd,4096.0,17.3,64.0,hp_i7_large
asus,609.0,New,amd,ryzen7,4.4,notebook/laptop,windows,ssd,1024.0,16.0,16.0,asus_ryzen7_large
lenovo,255.0,Used,other,i7,,other,windows,unknown,500.0,14.0,16.0,lenovo_i7_mid
microsoft,188.0,Used,intel,i7,4.2,notebook/laptop,unknown,ssd,512.0,,16.0,microsoft_i7_unknown
other,320.0,Used,other,i5,2.6,notebook/laptop,windows,ssd,750.0,15.6,8.0,other_i5_standard
other,260.0,Used,other,i5,1.6,notebook/laptop,windows,ssd,512.0,13.3,8.0,other_i5_mid
samsung,450.0,Unknown,intel,i7,2.8,notebook/laptop,windows,ssd,512.0,13.3,16.0,samsung_i7_mid
dell,401.5,Used,intel,i5,2.8,notebook/laptop,windows,unknown,240.0,12.5,,dell_i5_mid
dell,396.2,Used,intel,i5,2.8,notebook/laptop,windows,unknown,120.0,12.5,,dell_i5_mid
other,921.0,Open Box,other,other,,other,unknown,unknown,,,,other_other_unknown
lenovo,156.1,Used,other,i5,2.6,other,windows,ssd,256.0,14.0,8.0,lenovo_i5_mid
dell,414.8,Used,intel,i5,2.6,notebook/laptop,windows,unknown,480.0,14.0,,dell_i5_mid
other,169.0,Used,intel,other,,other,unknown,unknown,,,,other_other_unknown
dell,363.8,Used,intel,i5,,other,windows,unknown,480.0,10.8,,dell_i5_small
hp,350.0,Used,intel,i5,1.0,notebook/laptop,windows,ssd,1024.0,15.6,32.0,hp_i5_standard
other,129.9,Used,other,other,,other,unknown,unknown,,,,other_other_unknown
dell,24.25,Used,other,other,,other,unknown,unknown,,15.6,,dell_other_standard
other,151.9,Refurbished,intel,i5,,notebook/laptop,linux,hdd/ssd,120.0,,16.0,other_i5_unknown
hp,758.0,Unknown,other,other,,notebook/laptop,windows,ssd,256.0,13.0,8.0,hp_other_mid
dell,388.0,Unknown,intel,i5,1.0,notebook/laptop,windows,ssd,256.0,13.3,8.0,dell_i5_mid
other,374.2,Refurbished,other,other,,other,unknown,unknown,,,,other_other_unknown
other,204.5,Used,intel,other,,other,unknown,unknown,,,,other_other_unknown
other,435.8,Refurbished,intel,other,,other,unknown,unknown,,,,other_other_unknown
dell,190.0,Used,other,i5,2.3,notebook/laptop,windows,hdd/ssd,500.0,14.0,8.0,dell_i5_mid
hp,390.0,New,intel,i5,2.4,notebook/laptop,windows,ssd,256.0,15.6,8.0,hp_i5_standard
other,8.68,Used,other,other,,other,unknown,unknown,,,,other_other_unknown
other,57.3,New,other,other,,other,unknown,unknown,,,,other_other_unknown
other,332.0,Used,intel,other,,other,unknown,unknown,,,,other_other_unknown
dell,388.5,Used,intel,i5,,notebook/laptop,windows,unknown,240.0,14.0,,dell_i5_mid
dell,502.2,Used,other,i5,1.7,notebook/laptop,windows,unknown,256.0,,8.0,dell_i5_unknown
other,315.2,New,other,other,,other,unknown,unknown,,,,other_other_unknown
lenovo,64.25,New,other,other,,other,unknown,unknown,,,,lenovo_other_unknown
lenovo,358.5,Used,other,i5,1.6,notebook/laptop,unknown,unknown,256.0,,16.0,lenovo_i5_unknown
acer,49.6,New,other,other,,other,unknown,unknown,,,,acer_other_unknown
dell,286.8,Used,other,i5,1.6,notebook/laptop,windows,unknown,256.0,,8.0,dell_i5_unknown
other,2326.0,Refurbished,intel,i7,1.99,notebook/laptop,windows,ssd,2048.0,14.0,,other_i7_mid
other,50.72,New,other,other,,other,unknown,unknown,,,,other_other_unknown
other,399.0,Refurbished,intel,other,,other,unknown,unknown,,,,other_other_unknown
lenovo,60.75,New,other,other,,other,unknown,unknown,,,,lenovo_other_unknown
other,10.51,Used,amd,other,,other,unknown,unknown,,,,other_other_unknown
lenovo,321.0,Used,intel,i5,,notebook/laptop,windows,unknown,240.0,14.0,,lenovo_i5_mid
other,2128.0,Refurbished,intel,other,,other,unknown,unknown,,,,other_other_unknown
other,2144.0,Refurbished,intel,i7,1.8,notebook/laptop,windows,ssd,240.0,14.0,,other_i7_mid
dell,492.5,Used,intel,i5,2.7,notebook/laptop,windows,unknown,960.0,14.0,,dell_i5_mid
other,70.06,New,other,other,,other,unknown,unknown,,,,other_other_unknown
other,528.5,Refurbished,intel,other,,other,unknown,unknown,,,,other_other_unknown
other,2092.0,Refurbished,intel,other,,other,unknown,unknown,,,,other_other_unknown
dell,416.8,Used,intel,i5,2.8,notebook/laptop,windows,unknown,120.0,12.5,,dell_i5_mid
other,385.2,New,other,other,,other,unknown,unknown,,,,other_other_unknown
dell,335.2,Used,intel,i5,2.7,notebook/laptop,windows,unknown,120.0,14.0,,dell_i5_mid
other,2678.0,Refurbished,intel,other,,other,unknown,unknown,,,,other_other_unknown
other,2144.0,Refurbished,intel,i7,1.99,notebook/laptop,windows,ssd,240.0,14.0,,other_i7_mid
other,127.56,New,other,other,,other,unknown,unknown,,,,other_other_unknown
other,54.97,New,other,other,,other,unknown,unknown,,,,other_other_unknown
other,301.5,Refurbished,intel,other,,other,unknown,unknown,,,,other_other_unknown
other,94.06,New,other,other,,other,unknown,unknown,,,,other_other_unknown
dell,284.2,Used,intel,i5,,notebook/laptop,windows,unknown,240.0,14.0,,dell_i5_mid
dell,375.5,Used,intel,i5,2.8,notebook/laptop,windows,unknown,120.0,12.5,,dell_i5_mid
other,374.2,Refurbished,intel,other,,other,unknown,unknown,,,,other_other_unknown
other,395.0,Refurbished,intel,other,,other,unknown,unknown,,,,other_other_unknown
other,515.5,Refurbished,intel,other,,other,unknown,unknown,,,,other_other_unknown
other,491.0,Used,intel,other,,other,unknown,unknown,,,,other_other_unknown
other,711.5,Refurbished,intel,other,,other,unknown,unknown,,,,other_other_unknown
other,1046.0,Used,intel,other,,other,unknown,unknown,,,,other_other_unknown
other,270.2,Refurbished,nvidia,other,,other,unknown,unknown,,,,other_other_unknown
other,477.5,Used,intel,i3,3.0,notebook/laptop,windows,ssd,480.0,14.0,,other_i3_mid
dell,292.2,Used,intel,i5,2.6,notebook/laptop,windows,unknown,120.0,14.0,,dell_i5_mid
lenovo,462.8,Used,intel,i3,2.4,notebook/laptop,windows,ssd,120.0,13.0,,lenovo_i3_mid
other,313.8,Used,intel,other,,other,unknown,unknown,,,,other_other_unknown
lg,93.7,New,other,other,,other,unknown,unknown,,,,lg_other_unknown
other,431.8,Refurbished,intel,i5,,notebook/laptop,windows,unknown,240.0,13.3,,other_i5_mid
other,21.6,For Parts,other,pentium,,other,unknown,unknown,,15.0,,other_pentium_standard
lenovo,502.5,Used,intel,i5,3.0,notebook/laptop,windows,ssd,120.0,14.0,,lenovo_i5_mid
other,434.5,Used,intel,i3,3.0,notebook/laptop,windows,ssd,240.0,13.3,,other_i3_mid
lenovo,433.8,Used,intel,i5,2.8,notebook/laptop,windows,unknown,960.0,14.0,,lenovo_i5_mid
other,558.0,Refurbished,intel,other,,other,unknown,unknown,,,,other_other_unknown
other,474.0,Refurbished,intel,other,,other,unknown,unknown,,,,other_other_unknown
dell,331.0,Used,other,i7,2.6,notebook/laptop,windows,ssd,128.0,14.0,,dell_i7_mid
other,59.84,New,other,other,,other,unknown,unknown,,,,other_other_unknown
samsung,141.4,New,other,other,,other,unknown,unknown,,,,samsung_other_unknown
lenovo,626.0,Unknown,other,other,,notebook/laptop,unknown,unknown,,,,lenovo_other_unknown
other,349.8,Refurbished,intel,other,,other,unknown,unknown,,,,other_other_unknown
other,93.94,Unknown,other,other,,notebook/laptop,unknown,unknown,,17.3,,other_other_large
other,125.9,New,other,other,,other,unknown,unknown,,,,other_other_unknown
other,14.14,Used,other,other,,other,unknown,unknown,,,,other_other_unknown
lenovo,346.0,Used,intel,i5,2.8,notebook/laptop,windows,unknown,120.0,14.0,,lenovo_i5_mid
asus,84.1,New,other,other,,other,unknown,unknown,,,,asus_other_unknown
other,316.8,New,other,i5,,notebook/laptop,windows,ssd,256.0,13.3,8.0,other_i5_mid
lenovo,322.2,Used,intel,i5,,notebook/laptop,windows,unknown,240.0,14.0,,lenovo_i5_mid
dell,345.8,Used,intel,i5,2.7,notebook/laptop,windows,unknown,240.0,14.0,,dell_i5_mid
other,307.0,Refurbished,intel,other,,other,unknown,unknown,,,,other_other_unknown
acer,70.75,New,other,other,,other,unknown,unknown,,,,acer_other_unknown
dell,430.2,Used,intel,i5,2.8,notebook/laptop,windows,unknown,240.0,12.5,,dell_i5_mid
other,201.4,Used,other,other,,other,unknown,unknown,,,,other_other_unknown
other,95.0,Unknown,other,other,,other,unknown,unknown,,,,other_other_unknown
dell,321.2,Refurbished,intel,i5,3.0,notebook/laptop,windows,unknown,240.0,14.0,,dell_i5_mid
other,70.0,New,other,other,,other,unknown,unknown,,,,other_other_unknown
other,43.5,Used,other,other,,other,unknown,unknown,,14.0,,other_other_mid
dell,229.8,Used,intel,other,1.6,other,windows,unknown,240.0,14.0,16.0,dell_other_mid
lenovo,500.0,Used,intel,i5,,notebook/laptop,windows,unknown,240.0,12.5,,lenovo_i5_mid
dell,324.8,Used,intel,i5,2.7,notebook/laptop,windows,unknown,240.0,14.0,,dell_i5_mid
dell,332.2,Used,intel,i5,2.6,notebook/laptop,windows,unknown,240.0,14.0,,dell_i5_mid
lg,94.7,New,other,other,,other,unknown,unknown,,,,lg_other_unknown
other,22.22,For Parts,other,pentium,,other,unknown,unknown,,14.0,,other_pentium_mid
dell,294.8,Used,intel,other,1.6,other,windows,unknown,1024.0,14.0,16.0,dell_other_mid
lenovo,676.0,Refurbished,intel,celeron,,notebook/laptop,windows,unknown,240.0,15.6,,lenovo_celeron_standard
lenovo,489.2,Used,intel,i5,,notebook/laptop,windows,unknown,120.0,12.5,,lenovo_i5_mid
other,124.56,New,other,other,,other,unknown,unknown,,,,other_other_unknown
other,486.5,Used,intel,i5,,other,windows,unknown,120.0,15.6,,other_i5_standard
other,446.2,Used,other,other,2.26,other,unknown,unknown,160.0,,,other_other_unknown
dell,100.0,Used,other,i5,2.3,notebook/laptop,windows,ssd,256.0,14.0,8.0,dell_i5_mid
other,371.8,New,other,other,,other,unknown,unknown,,,,other_other_unknown
other,7.6,Used,other,other,,other,unknown,unknown,,,,other_other_unknown
other,205.9,New,other,other,,other,unknown,unknown,,,,other_other_unknown
other,593.5,Refurbished,intel,other,,other,unknown,unknown,,,,other_other_unknown
other,55.03,New,other,other,,other,unknown,unknown,,,,other_other_unknown
other,116.5,New,other,other,,other,unknown,unknown,,,,other_other_unknown
other,155.4,Unknown,other,other,,other,unknown,unknown,,,,other_other_unknown
dell,344.8,Used,intel,other,1.6,other,windows,unknown,2048.0,14.0,16.0,dell_other_mid
dell,431.8,Refurbished,intel,i5,,other,windows,unknown,480.0,14.0,,dell_i5_mid
other,334.2,Refurbished,intel,other,,other,unknown,unknown,,,,other_other_unknown
dell,269.8,Used,intel,i5,3.0,notebook/laptop,windows,unknown,120.0,14.0,,dell_i5_mid
dell,396.8,Used,intel,i5,2.8,notebook/laptop,windows,unknown,120.0,12.5,,dell_i5_mid
other,294.5,Used,intel,other,,other,unknown,unknown,,,,other_other_unknown
dell,384.5,Used,intel,i5,2.6,notebook/laptop,windows,unknown,240.0,14.0,,dell_i5_mid
other,205.8,Used,other,other,,other,unknown,unknown,,,,other_other_unknown
other,245.2,Used,other,other,,other,unknown,unknown,,,,other_other_unknown
other,218.8,Used,other,other,,other,unknown,unknown,,,,other_other_unknown
other,270.5,Refurbished,nvidia,other,,other,unknown,unknown,,,,other_other_unknown
samsung,69.3,New,other,other,,other,unknown,unknown,,,,samsung_other_unknown
hp,147.5,Used,other,i5,,notebook/laptop,windows,ssd,256.0,13.3,8.0,hp_i5_mid
other,109.5,New,other,other,,other,unknown,unknown,,,,other_other_unknown
other,105.5,New,other,other,,other,unknown,unknown,,,,other_other_unknown
other,441.2,Used,intel,other,,other,unknown,unknown,,,,other_other_unknown
dell,325.0,Used,intel,i5,,other,windows,unknown,120.0,14.0,,dell_i5_mid
other,152.0,Used,intel,i3,,notebook/laptop,windows,ssd,240.0,14.0,8.0,other_i3_mid
asus,101.4,Used,intel,celeron,1.1,notebook/laptop,windows,emmc,64.0,11.6,4.0,asus_celeron_small
other,42.12,New,other,other,,other,unknown,unknown,,,,other_other_unknown
asus,840.0,Unknown,nvidia,i7,2.3,notebook/laptop,windows,ssd,512.0,16.0,16.0,asus_i7_large
other,22.0,For Parts,other,pentium,,other,unknown,unknown,,15.4,,other_pentium_standard
dell,234.8,Used,intel,other,1.6,other,windows,unknown,500.0,14.0,8.0,dell_other_mid
other,314.0,Refurbished,intel,other,,other,unknown,unknown,,,,other_other_unknown
other,571.0,Refurbished,intel,other,,other,unknown,unknown,,,,other_other_unknown
other,108.5,Used,other,other,,other,unknown,unknown,,,,other_other_unknown
lenovo,174.4,Unknown,other,other,,other,unknown,unknown,,,,lenovo_other_unknown
dell,269.8,Used,intel,other,1.6,other,windows,unknown,1024.0,14.0,8.0,dell_other_mid
dell,356.2,Used,intel,i5,1.99,notebook/laptop,windows,ssd,480.0,10.8,,dell_i5_small
other,392.8,Used,intel,other,,other,unknown,unknown,,,,other_other_unknown
other,312.2,New,other,other,,other,unknown,unknown,,,,other_other_unknown
other,364.8,Refurbished,intel,other,,other,unknown,unknown,,,,other_other_unknown
other,465.2,Used,intel,i5,,other,windows,unknown,120.0,15.6,,other_i5_standard
other,41.75,New,other,other,,other,unknown,unknown,,,,other_other_unknown
other,147.1,New,other,other,,other,unknown,unknown,,,,other_other_unknown
other,50.78,New,other,other,,other,unknown,unknown,,,,other_other_unknown
other,88.5,New,other,other,,other,unknown,unknown,,,,other_other_unknown
other,92.56,New,other,other,,other,unknown,unknown,,,,other_other_unknown
dell,382.5,Used,intel,i5,2.6,notebook/laptop,windows,unknown,240.0,14.0,,dell_i5_mid
dell,394.0,Used,intel,i5,2.6,notebook/laptop,windows,unknown,480.0,14.0,,dell_i5_mid
other,2182.0,Refurbished,intel,i7,1.8,notebook/laptop,windows,ssd,480.0,14.0,,other_i7_mid
other,1529.0,Refurbished,intel,other,,other,unknown,unknown,,,,other_other_unknown
other,93.75,New,other,other,,other,unknown,unknown,,,,other_other_unknown
other,300.5,Refurbished,intel,other,,other,unknown,unknown,,,,other_other_unknown
other,112.5,Used,other,other,2.0,notebook/laptop,unknown,hdd/ssd,320.0,13.3,2.0,other_other_mid
samsung,90.44,New,other,other,,other,unknown,unknown,,,,samsung_other_unknown
other,55.4,New,other,other,,other,unknown,unknown,,,,other_other_unknown
other,295.5,Used,other,other,,other,unknown,unknown,,,,other_other_unknown
other,304.2,Used,intel,other,,other,unknown,unknown,,,,other_other_unknown
other,92.6,Unknown,other,other,,other,unknown,unknown,,,,other_other_unknown
other,93.2,New,other,other,,other,unknown,unknown,,,,other_other_unknown
acer,21.8,For Parts,other,pentium,,other,unknown,unknown,,15.0,,acer_pentium_standard
other,27.77,New,other,other,,other,unknown,unknown,,,,other_other_unknown
other,342.2,Refurbished,intel,other,,other,unknown,unknown,,,,other_other_unknown
other,89.9,New,other,other,,other,unknown,unknown,,,,other_other_unknown
other,107.44,New,other,other,,other,unknown,unknown,,,,other_other_unknown
other,326.2,Refurbished,intel,other,,other,unknown,unknown,,,,other_other_unknown
other,3156.0,New,intel,other,,other,unknown,unknown,,,,other_other_unknown
other,608.0,Refurbished,intel,other,,other,unknown,unknown,,,,other_other_unknown
other,268.0,Used,other,other,,other,unknown,unknown,,,,other_other_unknown
dell,989.5,Used,intel,other,2.9,notebook/laptop,windows,unknown,480.0,11.6,,dell_other_small
other,640.5,Refurbished,intel,other,,other,unknown,unknown,,,,other_other_unknown
other,2182.0,Refurbished,intel,i7,1.99,notebook/laptop,windows,ssd,480.0,14.0,,other_i7_mid
lg,125.94,New,other,other,,other,unknown,unknown,,,,lg_other_unknown
other,319.0,Refurbished,intel,other,,other,unknown,unknown,,,,other_other_unknown
dell,270.2,Refurbished,intel,i5,3.1,notebook/laptop,windows,ssd,120.0,14.0,,dell_i5_mid
dell,429.0,Used,intel,i5,2.6,notebook/laptop,windows,unknown,960.0,14.0,,dell_i5_mid
other,162.2,New,other,other,,other,unknown,unknown,,,,other_other_unknown
acer,93.25,New,other,other,,other,unknown,unknown,,,,acer_other_unknown
dell,424.8,Used,intel,i5,2.8,notebook/laptop,windows,unknown,120.0,12.5,,dell_i5_mid
hp,90.94,New,other,other,,other,unknown,unknown,,,,hp_other_unknown
lenovo,567.5,Unknown,other,other,,notebook/laptop,unknown,unknown,,,,lenovo_other_unknown
